requested_scheme_code,requested_scheme_name,scheme_code,scheme_name,fund_house,scheme_type,scheme_category,date,nav,fetched_at_utc,source_url
118632,Nippon Large Cap,118632,Nippon India Large Cap Fund - Direct Plan Growth Plan - Growth Option,Nippon India Mutual Fund,Open Ended Schemes,Equity Scheme - Large Cap Fund,2026-06-22,101.3654,2026-06-23T05:29:58.847318+00:00,https://api.mfapi.in/mf/118632
118632,Nippon Large Cap,118632,Nippon India Large Cap Fund - Direct Plan Growth Plan - Growth Option,Nippon India Mutual Fund,Open Ended Schemes,Equity Scheme - Large Cap Fund,2026-06-19,100.7824,2026-06-23T05:29:58.847318+00:00,https://api.mfapi.in/mf/118632
118632,Nippon Large Cap,118632,Nippon India Large Cap Fund - Direct Plan Growth Plan - Growth Option,Nippon India Mutual Fund,Open Ended Schemes,Equity Scheme - Large Cap Fund,2026-06-18,100.9901,2026-06-23T05:29:58.847318+00:00,https://api.mfapi.in/mf/118632
118632,Nippon Large Cap,118632,Nippon India Large Cap Fund - Direct Plan Growth Plan - Growth Option,Nippon India Mutual Fund,Open Ended Schemes,Equity Scheme - Large Cap Fund,2026-06-17,100.604,2026-06-23T05:29:58.847318+00:00,https://api.mfapi.in/mf/118632
118632,Nippon Large Cap,118632,Nippon India Large Cap Fund - Direct Plan Growth Plan - Growth Option,Nippon India Mutual Fund,Open Ended Schemes,Equity Scheme - Large Cap Fund,2026-06-16,100.0048,2026-06-23T05:29:58.847318+00:00,https://api.mfapi.in/mf/118632
118632,Nippon Large Cap,118632,Nippon India Large Cap Fund - Direct Plan Growth Plan - Growth Option,Nippon India Mutual Fund,Open Ended Schemes,Equity Scheme - Large Cap Fund,2026-06-15,99.3506,2026-06-23T05:29:58.847318+00:00,https://api.mfapi.in/mf/118632
118632,Nippon Large Cap,118632,Nippon India Large Cap Fund - Direct Plan Growth Plan - Growth Option,Nippon India Mutual Fund,Open Ended Schemes,Equity Scheme - Large Cap Fund,2026-06-12,98.1776,2026-06-23T05:29:58.847318+00:00,https://api.mfapi.in/mf/118632
118632,Nippon Large Cap,118632,Nippon India Large Cap Fund - Direct Plan Growth Plan - Growth Option,Nippon India Mutual Fund,Open Ended Schemes,Equity Scheme - Large Cap Fund,2026-06-11,96.1712,2026-06-23T05:29:58.847318+00:00,https://api.mfapi.in/mf/118632
118632,Nippon Large Cap,118632,Nippon India Large Cap Fund - Direct Plan Growth Plan - Growth Option,Nippon India Mutual Fund,Open Ended Schemes,Equity Scheme - Large Cap Fund,2026-06-10,96.5862,2026-06-23T05:29:58.847318+00:00,https://api.mfapi.in/mf/118632
118632,Nippon Large Cap,118632,Nippon India Large Cap Fund - Direct Plan Growth Plan - Growth Option,Nippon India Mutual Fund,Open Ended Schemes,Equity Scheme - Large Cap Fund,2026-06-09,96.6849,2026-06-23T05:29:58.847318+00:00,https://api.mfapi.in/mf/118632
118632,Nippon Large Cap,118632,Nippon India Large Cap Fund - Direct Plan Growth Plan - Growth Option,Nippon India Mutual Fund,Open Ended Schemes,Equity Scheme - Large Cap Fund,2026-06-08,95.8952,2026-06-23T05:29:58.847318+00:00,https://api.mfapi.in/mf/118632
118632,Nippon Large Cap,118632,Nippon India Large Cap Fund - Direct Plan Growth Plan - Growth Option,Nippon India Mutual Fund,Open Ended Schemes,Equity Scheme - Large Cap Fund,2026-06-05,97.2456,2026-06-23T05:29:58.847318+00:00,https://api.mfapi.in/mf/118632
118632,Nippon Large Cap,118632,Nippon India Large Cap Fund - Direct Plan Growth Plan - Growth Option,Nippon India Mutual Fund,Open Ended Schemes,Equity Scheme - Large Cap Fund,2026-06-04,97.2621,2026-06-23T05:29:58.847318+00:00,https://api.mfapi.in/mf/118632
118632,Nippon Large Cap,118632,Nippon India Large Cap Fund - Direct Plan Growth Plan - Growth Option,Nippon India Mutual Fund,Open Ended Schemes,Equity Scheme - Large Cap Fund,2026-06-03,97.2167,2026-06-23T05:29:58.847318+00:00,https://api.mfapi.in/mf/118632
118632,Nippon Large Cap,118632,Nippon India Large Cap Fund - Direct Plan Growth Plan - Growth Option,Nippon India Mutual Fund,Open Ended Schemes,Equity Scheme - Large Cap Fund,2026-06-02,97.4783,2026-06-23T05:29:58.847318+00:00,https://api.mfapi.in/mf/118632
118632,Nippon Large Cap,118632,Nippon India Large Cap Fund - Direct Plan Growth Plan - Growth Option,Nippon India Mutual Fund,Open Ended Schemes,Equity Scheme - Large Cap Fund,2026-06-01,97.1944,2026-06-23T05:29:58.847318+00:00,https://api.mfapi.in/mf/118632
118632,Nippon Large Cap,118632,Nippon India Large Cap Fund - Direct Plan Growth Plan - Growth Option,Nippon India Mutual Fund,Open Ended Schemes,Equity Scheme - Large Cap Fund,2026-05-29,98.4656,2026-06-23T05:29:58.847318+00:00,https://api.mfapi.in/mf/118632
118632,Nippon Large Cap,118632,Nippon India Large Cap Fund - Direct Plan Growth Plan - Growth Option,Nippon India Mutual Fund,Open Ended Schemes,Equity Scheme - Large Cap Fund,2026-05-27,99.8092,2026-06-23T05:29:58.847318+00:00,https://api.mfapi.in/mf/118632
118632,Nippon Large Cap,118632,Nippon India Large Cap Fund - Direct Plan Growth Plan - Growth Option,Nippon India Mutual Fund,Open Ended Schemes,Equity Scheme - Large Cap Fund,2026-05-26,99.4356,2026-06-23T05:29:58.847318+00:00,https://api.mfapi.in/mf/118632
118632,Nippon Large Cap,118632,Nippon India Large Cap Fund - Direct Plan Growth Plan - Growth Option,Nippon India Mutual Fund,Open Ended Schemes,Equity Scheme - Large Cap Fund,2026-05-25,99.8047,2026-06-23T05:29:58.847318+00:00,https://api.mfapi.in/mf/118632
118632,Nippon Large Cap,118632,Nippon India Large Cap Fund - Direct Plan Growth Plan - Growth Option,Nippon India Mutual Fund,Open Ended Schemes,Equity Scheme - Large Cap Fund,2026-05-22,98.7497,2026-06-23T05:29:58.847318+00:00,https://api.mfapi.in/mf/118632
118632,Nippon Large Cap,118632,Nippon India Large Cap Fund - Direct Plan Growth Plan - Growth Option,Nippon India Mutual Fund,Open Ended Schemes,Equity Scheme - Large Cap Fund,2026-05-21,98.3781,2026-06-23T05:29:58.847318+00:00,https://api.mfapi.in/mf/118632
118632,Nippon Large Cap,118632,Nippon India Large Cap Fund - Direct Plan Growth Plan - Growth Option,Nippon India Mutual Fund,Open Ended Schemes,Equity Scheme - Large Cap Fund,2026-05-20,98.3933,2026-06-23T05:29:58.847318+00:00,https://api.mfapi.in/mf/118632
118632,Nippon Large Cap,118632,Nippon India Large Cap Fund - Direct Plan Growth Plan - Growth Option,Nippon India Mutual Fund,Open Ended Schemes,Equity Scheme - Large Cap Fund,2026-05-19,98.1289,2026-06-23T05:29:58.847318+00:00,https://api.mfapi.in/mf/118632
118632,Nippon Large Cap,118632,Nippon India Large Cap Fund - Direct Plan Growth Plan - Growth Option,Nippon India Mutual Fund,Open Ended Schemes,Equity Scheme - Large Cap Fund,2026-05-18,97.9372,2026-06-23T05:29:58.847318+00:00,https://api.mfapi.in/mf/118632
118632,Nippon Large Cap,118632,Nippon India Large Cap Fund - Direct Plan Growth Plan - Growth Option,Nippon India Mutual Fund,Open Ended Schemes,Equity Scheme - Large Cap Fund,2026-05-15,98.0059,2026-06-23T05:29:58.847318+00:00,https://api.mfapi.in/mf/118632
118632,Nippon Large Cap,118632,Nippon India Large Cap Fund - Direct Plan Growth Plan - Growth Option,Nippon India Mutual Fund,Open Ended Schemes,Equity Scheme - Large Cap Fund,2026-05-14,98.0606,2026-06-23T05:29:58.847318+00:00,https://api.mfapi.in/mf/118632
118632,Nippon Large Cap,118632,Nippon India Large Cap Fund - Direct Plan Growth Plan - Growth Option,Nippon India Mutual Fund,Open Ended Schemes,Equity Scheme - Large Cap Fund,2026-05-13,97.169,2026-06-23T05:29:58.847318+00:00,https://api.mfapi.in/mf/118632
118632,Nippon Large Cap,118632,Nippon India Large Cap Fund - Direct Plan Growth Plan - Growth Option,Nippon India Mutual Fund,Open Ended Schemes,Equity Scheme - Large Cap Fund,2026-05-12,97.1846,2026-06-23T05:29:58.847318+00:00,https://api.mfapi.in/mf/118632
118632,Nippon Large Cap,118632,Nippon India Large Cap Fund - Direct Plan Growth Plan - Growth Option,Nippon India Mutual Fund,Open Ended Schemes,Equity Scheme - Large Cap Fund,2026-05-11,99.2007,2026-06-23T05:29:58.847318+00:00,https://api.mfapi.in/mf/118632
118632,Nippon Large Cap,118632,Nippon India Large Cap Fund - Direct Plan Growth Plan - Growth Option,Nippon India Mutual Fund,Open Ended Schemes,Equity Scheme - Large Cap Fund,2026-05-08,100.4981,2026-06-23T05:29:58.847318+00:00,https://api.mfapi.in/mf/118632
118632,Nippon Large Cap,118632,Nippon India Large Cap Fund - Direct Plan Growth Plan - Growth Option,Nippon India Mutual Fund,Open Ended Schemes,Equity Scheme - Large Cap Fund,2026-05-07,101.2917,2026-06-23T05:29:58.847318+00:00,https://api.mfapi.in/mf/118632
118632,Nippon Large Cap,118632,Nippon India Large Cap Fund - Direct Plan Growth Plan - Growth Option,Nippon India Mutual Fund,Open Ended Schemes,Equity Scheme - Large Cap Fund,2026-05-06,101.1725,2026-06-23T05:29:58.847318+00:00,https://api.mfapi.in/mf/118632
118632,Nippon Large Cap,118632,Nippon India Large Cap Fund - Direct Plan Growth Plan - Growth Option,Nippon India Mutual Fund,Open Ended Schemes,Equity Scheme - Large Cap Fund,2026-05-05,99.9072,2026-06-23T05:29:58.847318+00:00,https://api.mfapi.in/mf/118632
118632,Nippon Large Cap,118632,Nippon India Large Cap Fund - Direct Plan Growth Plan - Growth Option,Nippon India Mutual Fund,Open Ended Schemes,Equity Scheme - Large Cap Fund,2026-05-04,100.0932,2026-06-23T05:29:58.847318+00:00,https://api.mfapi.in/mf/118632
118632,Nippon Large Cap,118632,Nippon India Large Cap Fund - Direct Plan Growth Plan - Growth Option,Nippon India Mutual Fund,Open Ended Schemes,Equity Scheme - Large Cap Fund,2026-04-30,99.5502,2026-06-23T05:29:58.847318+00:00,https://api.mfapi.in/mf/118632
118632,Nippon Large Cap,118632,Nippon India Large Cap Fund - Direct Plan Growth Plan - Growth Option,Nippon India Mutual Fund,Open Ended Schemes,Equity Scheme - Large Cap Fund,2026-04-29,100.3928,2026-06-23T05:29:58.847318+00:00,https://api.mfapi.in/mf/118632
118632,Nippon Large Cap,118632,Nippon India Large Cap Fund - Direct Plan Growth Plan - Growth Option,Nippon India Mutual Fund,Open Ended Schemes,Equity Scheme - Large Cap Fund,2026-04-28,99.9782,2026-06-23T05:29:58.847318+00:00,https://api.mfapi.in/mf/118632
118632,Nippon Large Cap,118632,Nippon India Large Cap Fund - Direct Plan Growth Plan - Growth Option,Nippon India Mutual Fund,Open Ended Schemes,Equity Scheme - Large Cap Fund,2026-04-27,100.6093,2026-06-23T05:29:58.847318+00:00,https://api.mfapi.in/mf/118632
118632,Nippon Large Cap,118632,Nippon India Large Cap Fund - Direct Plan Growth Plan - Growth Option,Nippon India Mutual Fund,Open Ended Schemes,Equity Scheme - Large Cap Fund,2026-04-24,99.76,2026-06-23T05:29:58.847318+00:00,https://api.mfapi.in/mf/118632
118632,Nippon Large Cap,118632,Nippon India Large Cap Fund - Direct Plan Growth Plan - Growth Option,Nippon India Mutual Fund,Open Ended Schemes,Equity Scheme - Large Cap Fund,2026-04-23,100.8016,2026-06-23T05:29:58.847318+00:00,https://api.mfapi.in/mf/118632
118632,Nippon Large Cap,118632,Nippon India Large Cap Fund - Direct Plan Growth Plan - Growth Option,Nippon India Mutual Fund,Open Ended Schemes,Equity Scheme - Large Cap Fund,2026-04-22,101.5803,2026-06-23T05:29:58.847318+00:00,https://api.mfapi.in/mf/118632
118632,Nippon Large Cap,118632,Nippon India Large Cap Fund - Direct Plan Growth Plan - Growth Option,Nippon India Mutual Fund,Open Ended Schemes,Equity Scheme - Large Cap Fund,2026-04-21,101.9645,2026-06-23T05:29:58.847318+00:00,https://api.mfapi.in/mf/118632
118632,Nippon Large Cap,118632,Nippon India Large Cap Fund - Direct Plan Growth Plan - Growth Option,Nippon India Mutual Fund,Open Ended Schemes,Equity Scheme - Large Cap Fund,2026-04-20,100.9566,2026-06-23T05:29:58.847318+00:00,https://api.mfapi.in/mf/118632
118632,Nippon Large Cap,118632,Nippon India Large Cap Fund - Direct Plan Growth Plan - Growth Option,Nippon India Mutual Fund,Open Ended Schemes,Equity Scheme - Large Cap Fund,2026-04-17,100.7903,2026-06-23T05:29:58.847318+00:00,https://api.mfapi.in/mf/118632
118632,Nippon Large Cap,118632,Nippon India Large Cap Fund - Direct Plan Growth Plan - Growth Option,Nippon India Mutual Fund,Open Ended Schemes,Equity Scheme - Large Cap Fund,2026-04-16,99.9263,2026-06-23T05:29:58.847318+00:00,https://api.mfapi.in/mf/118632
118632,Nippon Large Cap,118632,Nippon India Large Cap Fund - Direct Plan Growth Plan - Growth Option,Nippon India Mutual Fund,Open Ended Schemes,Equity Scheme - Large Cap Fund,2026-04-15,99.8843,2026-06-23T05:29:58.847318+00:00,https://api.mfapi.in/mf/118632
118632,Nippon Large Cap,118632,Nippon India Large Cap Fund - Direct Plan Growth Plan - Growth Option,Nippon India Mutual Fund,Open Ended Schemes,Equity Scheme - Large Cap Fund,2026-04-13,98.1851,2026-06-23T05:29:58.847318+00:00,https://api.mfapi.in/mf/118632
118632,Nippon Large Cap,118632,Nippon India Large Cap Fund - Direct Plan Growth Plan - Growth Option,Nippon India Mutual Fund,Open Ended Schemes,Equity Scheme - Large Cap Fund,2026-04-10,98.8886,2026-06-23T05:29:58.847318+00:00,https://api.mfapi.in/mf/118632
118632,Nippon Large Cap,118632,Nippon India Large Cap Fund - Direct Plan Growth Plan - Growth Option,Nippon India Mutual Fund,Open Ended Schemes,Equity Scheme - Large Cap Fund,2026-04-09,97.4948,2026-06-23T05:29:58.847318+00:00,https://api.mfapi.in/mf/118632
118632,Nippon Large Cap,118632,Nippon India Large Cap Fund - Direct Plan Growth Plan - Growth Option,Nippon India Mutual Fund,Open Ended Schemes,Equity Scheme - Large Cap Fund,2026-04-08,98.1861,2026-06-23T05:29:58.847318+00:00,https://api.mfapi.in/mf/118632
118632,Nippon Large Cap,118632,Nippon India Large Cap Fund - Direct Plan Growth Plan - Growth Option,Nippon India Mutual Fund,Open Ended Schemes,Equity Scheme - Large Cap Fund,2026-04-07,94.7584,2026-06-23T05:29:58.847318+00:00,https://api.mfapi.in/mf/118632
118632,Nippon Large Cap,118632,Nippon India Large Cap Fund - Direct Plan Growth Plan - Growth Option,Nippon India Mutual Fund,Open Ended Schemes,Equity Scheme - Large Cap Fund,2026-04-06,94.353,2026-06-23T05:29:58.847318+00:00,https://api.mfapi.in/mf/118632
118632,Nippon Large Cap,118632,Nippon India Large Cap Fund - Direct Plan Growth Plan - Growth Option,Nippon India Mutual Fund,Open Ended Schemes,Equity Scheme - Large Cap Fund,2026-04-02,93.2361,2026-06-23T05:29:58.847318+00:00,https://api.mfapi.in/mf/118632
118632,Nippon Large Cap,118632,Nippon India Large Cap Fund - Direct Plan Growth Plan - Growth Option,Nippon India Mutual Fund,Open Ended Schemes,Equity Scheme - Large Cap Fund,2026-04-01,92.9211,2026-06-23T05:29:58.847318+00:00,https://api.mfapi.in/mf/118632
118632,Nippon Large Cap,118632,Nippon India Large Cap Fund - Direct Plan Growth Plan - Growth Option,Nippon India Mutual Fund,Open Ended Schemes,Equity Scheme - Large Cap Fund,2026-03-31,91.4539,2026-06-23T05:29:58.847318+00:00,https://api.mfapi.in/mf/118632
118632,Nippon Large Cap,118632,Nippon India Large Cap Fund - Direct Plan Growth Plan - Growth Option,Nippon India Mutual Fund,Open Ended Schemes,Equity Scheme - Large Cap Fund,2026-03-30,91.455,2026-06-23T05:29:58.847318+00:00,https://api.mfapi.in/mf/118632
118632,Nippon Large Cap,118632,Nippon India Large Cap Fund - Direct Plan Growth Plan - Growth Option,Nippon India Mutual Fund,Open Ended Schemes,Equity Scheme - Large Cap Fund,2026-03-27,93.579,2026-06-23T05:29:58.847318+00:00,https://api.mfapi.in/mf/118632
118632,Nippon Large Cap,118632,Nippon India Large Cap Fund - Direct Plan Growth Plan - Growth Option,Nippon India Mutual Fund,Open Ended Schemes,Equity Scheme - Large Cap Fund,2026-03-25,95.6217,2026-06-23T05:29:58.847318+00:00,https://api.mfapi.in/mf/118632
118632,Nippon Large Cap,118632,Nippon India Large Cap Fund - Direct Plan Growth Plan - Growth Option,Nippon India Mutual Fund,Open Ended Schemes,Equity Scheme - Large Cap Fund,2026-03-24,93.8354,2026-06-23T05:29:58.847318+00:00,https://api.mfapi.in/mf/118632
118632,Nippon Large Cap,118632,Nippon India Large Cap Fund - Direct Plan Growth Plan - Growth Option,Nippon India Mutual Fund,Open Ended Schemes,Equity Scheme - Large Cap Fund,2026-03-23,92.1523,2026-06-23T05:29:58.847318+00:00,https://api.mfapi.in/mf/118632
118632,Nippon Large Cap,118632,Nippon India Large Cap Fund - Direct Plan Growth Plan - Growth Option,Nippon India Mutual Fund,Open Ended Schemes,Equity Scheme - Large Cap Fund,2026-03-20,94.8276,2026-06-23T05:29:58.847318+00:00,https://api.mfapi.in/mf/118632
118632,Nippon Large Cap,118632,Nippon India Large Cap Fund - Direct Plan Growth Plan - Growth Option,Nippon India Mutual Fund,Open Ended Schemes,Equity Scheme - Large Cap Fund,2026-03-19,94.5458,2026-06-23T05:29:58.847318+00:00,https://api.mfapi.in/mf/118632
118632,Nippon Large Cap,118632,Nippon India Large Cap Fund - Direct Plan Growth Plan - Growth Option,Nippon India Mutual Fund,Open Ended Schemes,Equity Scheme - Large Cap Fund,2026-03-18,97.5488,2026-06-23T05:29:58.847318+00:00,https://api.mfapi.in/mf/118632
118632,Nippon Large Cap,118632,Nippon India Large Cap Fund - Direct Plan Growth Plan - Growth Option,Nippon India Mutual Fund,Open Ended Schemes,Equity Scheme - Large Cap Fund,2026-03-17,96.6146,2026-06-23T05:29:58.847318+00:00,https://api.mfapi.in/mf/118632
118632,Nippon Large Cap,118632,Nippon India Large Cap Fund - Direct Plan Growth Plan - Growth Option,Nippon India Mutual Fund,Open Ended Schemes,Equity Scheme - Large Cap Fund,2026-03-16,95.9441,2026-06-23T05:29:58.847318+00:00,https://api.mfapi.in/mf/118632
118632,Nippon Large Cap,118632,Nippon India Large Cap Fund - Direct Plan Growth Plan - Growth Option,Nippon India Mutual Fund,Open Ended Schemes,Equity Scheme - Large Cap Fund,2026-03-13,95.1844,2026-06-23T05:29:58.847318+00:00,https://api.mfapi.in/mf/118632
118632,Nippon Large Cap,118632,Nippon India Large Cap Fund - Direct Plan Growth Plan - Growth Option,Nippon India Mutual Fund,Open Ended Schemes,Equity Scheme - Large Cap Fund,2026-03-12,97.31,2026-06-23T05:29:58.847318+00:00,https://api.mfapi.in/mf/118632
118632,Nippon Large Cap,118632,Nippon India Large Cap Fund - Direct Plan Growth Plan - Growth Option,Nippon India Mutual Fund,Open Ended Schemes,Equity Scheme - Large Cap Fund,2026-03-11,98.1139,2026-06-23T05:29:58.847318+00:00,https://api.mfapi.in/mf/118632
118632,Nippon Large Cap,118632,Nippon India Large Cap Fund - Direct Plan Growth Plan - Growth Option,Nippon India Mutual Fund,Open Ended Schemes,Equity Scheme - Large Cap Fund,2026-03-10,99.4725,2026-06-23T05:29:58.847318+00:00,https://api.mfapi.in/mf/118632
118632,Nippon Large Cap,118632,Nippon India Large Cap Fund - Direct Plan Growth Plan - Growth Option,Nippon India Mutual Fund,Open Ended Schemes,Equity Scheme - Large Cap Fund,2026-03-09,98.2895,2026-06-23T05:29:58.847318+00:00,https://api.mfapi.in/mf/118632
118632,Nippon Large Cap,118632,Nippon India Large Cap Fund - Direct Plan Growth Plan - Growth Option,Nippon India Mutual Fund,Open Ended Schemes,Equity Scheme - Large Cap Fund,2026-03-06,100.0829,2026-06-23T05:29:58.847318+00:00,https://api.mfapi.in/mf/118632
118632,Nippon Large Cap,118632,Nippon India Large Cap Fund - Direct Plan Growth Plan - Growth Option,Nippon India Mutual Fund,Open Ended Schemes,Equity Scheme - Large Cap Fund,2026-03-05,101.1422,2026-06-23T05:29:58.847318+00:00,https://api.mfapi.in/mf/118632
118632,Nippon Large Cap,118632,Nippon India Large Cap Fund - Direct Plan Growth Plan - Growth Option,Nippon India Mutual Fund,Open Ended Schemes,Equity Scheme - Large Cap Fund,2026-03-04,99.951,2026-06-23T05:29:58.847318+00:00,https://api.mfapi.in/mf/118632
118632,Nippon Large Cap,118632,Nippon India Large Cap Fund - Direct Plan Growth Plan - Growth Option,Nippon India Mutual Fund,Open Ended Schemes,Equity Scheme - Large Cap Fund,2026-03-02,101.8541,2026-06-23T05:29:58.847318+00:00,https://api.mfapi.in/mf/118632
118632,Nippon Large Cap,118632,Nippon India Large Cap Fund - Direct Plan Growth Plan - Growth Option,Nippon India Mutual Fund,Open Ended Schemes,Equity Scheme - Large Cap Fund,2026-02-27,103.3052,2026-06-23T05:29:58.847318+00:00,https://api.mfapi.in/mf/118632
118632,Nippon Large Cap,118632,Nippon India Large Cap Fund - Direct Plan Growth Plan - Growth Option,Nippon India Mutual Fund,Open Ended Schemes,Equity Scheme - Large Cap Fund,2026-02-26,104.5075,2026-06-23T05:29:58.847318+00:00,https://api.mfapi.in/mf/118632
118632,Nippon Large Cap,118632,Nippon India Large Cap Fund - Direct Plan Growth Plan - Growth Option,Nippon India Mutual Fund,Open Ended Schemes,Equity Scheme - Large Cap Fund,2026-02-25,104.4641,2026-06-23T05:29:58.847318+00:00,https://api.mfapi.in/mf/118632
118632,Nippon Large Cap,118632,Nippon India Large Cap Fund - Direct Plan Growth Plan - Growth Option,Nippon India Mutual Fund,Open Ended Schemes,Equity Scheme - Large Cap Fund,2026-02-24,103.9564,2026-06-23T05:29:58.847318+00:00,https://api.mfapi.in/mf/118632
118632,Nippon Large Cap,118632,Nippon India Large Cap Fund - Direct Plan Growth Plan - Growth Option,Nippon India Mutual Fund,Open Ended Schemes,Equity Scheme - Large Cap Fund,2026-02-23,104.8203,2026-06-23T05:29:58.847318+00:00,https://api.mfapi.in/mf/118632
118632,Nippon Large Cap,118632,Nippon India Large Cap Fund - Direct Plan Growth Plan - Growth Option,Nippon India Mutual Fund,Open Ended Schemes,Equity Scheme - Large Cap Fund,2026-02-20,104.2351,2026-06-23T05:29:58.847318+00:00,https://api.mfapi.in/mf/118632
118632,Nippon Large Cap,118632,Nippon India Large Cap Fund - Direct Plan Growth Plan - Growth Option,Nippon India Mutual Fund,Open Ended Schemes,Equity Scheme - Large Cap Fund,2026-02-19,103.5918,2026-06-23T05:29:58.847318+00:00,https://api.mfapi.in/mf/118632
118632,Nippon Large Cap,118632,Nippon India Large Cap Fund - Direct Plan Growth Plan - Growth Option,Nippon India Mutual Fund,Open Ended Schemes,Equity Scheme - Large Cap Fund,2026-02-18,105.2559,2026-06-23T05:29:58.847318+00:00,https://api.mfapi.in/mf/118632
118632,Nippon Large Cap,118632,Nippon India Large Cap Fund - Direct Plan Growth Plan - Growth Option,Nippon India Mutual Fund,Open Ended Schemes,Equity Scheme - Large Cap Fund,2026-02-17,104.7084,2026-06-23T05:29:58.847318+00:00,https://api.mfapi.in/mf/118632
118632,Nippon Large Cap,118632,Nippon India Large Cap Fund - Direct Plan Growth Plan - Growth Option,Nippon India Mutual Fund,Open Ended Schemes,Equity Scheme - Large Cap Fund,2026-02-16,104.5361,2026-06-23T05:29:58.847318+00:00,https://api.mfapi.in/mf/118632
118632,Nippon Large Cap,118632,Nippon India Large Cap Fund - Direct Plan Growth Plan - Growth Option,Nippon India Mutual Fund,Open Ended Schemes,Equity Scheme - Large Cap Fund,2026-02-13,103.8148,2026-06-23T05:29:58.847318+00:00,https://api.mfapi.in/mf/118632
118632,Nippon Large Cap,118632,Nippon India Large Cap Fund - Direct Plan Growth Plan - Growth Option,Nippon India Mutual Fund,Open Ended Schemes,Equity Scheme - Large Cap Fund,2026-02-12,104.9922,2026-06-23T05:29:58.847318+00:00,https://api.mfapi.in/mf/118632
118632,Nippon Large Cap,118632,Nippon India Large Cap Fund - Direct Plan Growth Plan - Growth Option,Nippon India Mutual Fund,Open Ended Schemes,Equity Scheme - Large Cap Fund,2026-02-11,105.5426,2026-06-23T05:29:58.847318+00:00,https://api.mfapi.in/mf/118632
118632,Nippon Large Cap,118632,Nippon India Large Cap Fund - Direct Plan Growth Plan - Growth Option,Nippon India Mutual Fund,Open Ended Schemes,Equity Scheme - Large Cap Fund,2026-02-10,105.3572,2026-06-23T05:29:58.847318+00:00,https://api.mfapi.in/mf/118632
118632,Nippon Large Cap,118632,Nippon India Large Cap Fund - Direct Plan Growth Plan - Growth Option,Nippon India Mutual Fund,Open Ended Schemes,Equity Scheme - Large Cap Fund,2026-02-09,104.8998,2026-06-23T05:29:58.847318+00:00,https://api.mfapi.in/mf/118632
118632,Nippon Large Cap,118632,Nippon India Large Cap Fund - Direct Plan Growth Plan - Growth Option,Nippon India Mutual Fund,Open Ended Schemes,Equity Scheme - Large Cap Fund,2026-02-06,103.9204,2026-06-23T05:29:58.847318+00:00,https://api.mfapi.in/mf/118632
118632,Nippon Large Cap,118632,Nippon India Large Cap Fund - Direct Plan Growth Plan - Growth Option,Nippon India Mutual Fund,Open Ended Schemes,Equity Scheme - Large Cap Fund,2026-02-05,103.759,2026-06-23T05:29:58.847318+00:00,https://api.mfapi.in/mf/118632
118632,Nippon Large Cap,118632,Nippon India Large Cap Fund - Direct Plan Growth Plan - Growth Option,Nippon India Mutual Fund,Open Ended Schemes,Equity Scheme - Large Cap Fund,2026-02-04,104.0764,2026-06-23T05:29:58.847318+00:00,https://api.mfapi.in/mf/118632
118632,Nippon Large Cap,118632,Nippon India Large Cap Fund - Direct Plan Growth Plan - Growth Option,Nippon India Mutual Fund,Open Ended Schemes,Equity Scheme - Large Cap Fund,2026-02-03,103.8538,2026-06-23T05:29:58.847318+00:00,https://api.mfapi.in/mf/118632
118632,Nippon Large Cap,118632,Nippon India Large Cap Fund - Direct Plan Growth Plan - Growth Option,Nippon India Mutual Fund,Open Ended Schemes,Equity Scheme - Large Cap Fund,2026-02-02,101.2456,2026-06-23T05:29:58.847318+00:00,https://api.mfapi.in/mf/118632
118632,Nippon Large Cap,118632,Nippon India Large Cap Fund - Direct Plan Growth Plan - Growth Option,Nippon India Mutual Fund,Open Ended Schemes,Equity Scheme - Large Cap Fund,2026-01-30,102.2355,2026-06-23T05:29:58.847318+00:00,https://api.mfapi.in/mf/118632
118632,Nippon Large Cap,118632,Nippon India Large Cap Fund - Direct Plan Growth Plan - Growth Option,Nippon India Mutual Fund,Open Ended Schemes,Equity Scheme - Large Cap Fund,2026-01-29,102.3949,2026-06-23T05:29:58.847318+00:00,https://api.mfapi.in/mf/118632
118632,Nippon Large Cap,118632,Nippon India Large Cap Fund - Direct Plan Growth Plan - Growth Option,Nippon India Mutual Fund,Open Ended Schemes,Equity Scheme - Large Cap Fund,2026-01-28,101.8416,2026-06-23T05:29:58.847318+00:00,https://api.mfapi.in/mf/118632
118632,Nippon Large Cap,118632,Nippon India Large Cap Fund - Direct Plan Growth Plan - Growth Option,Nippon India Mutual Fund,Open Ended Schemes,Equity Scheme - Large Cap Fund,2026-01-27,100.8952,2026-06-23T05:29:58.847318+00:00,https://api.mfapi.in/mf/118632
118632,Nippon Large Cap,118632,Nippon India Large Cap Fund - Direct Plan Growth Plan - Growth Option,Nippon India Mutual Fund,Open Ended Schemes,Equity Scheme - Large Cap Fund,2026-01-23,100.5127,2026-06-23T05:29:58.847318+00:00,https://api.mfapi.in/mf/118632
118632,Nippon Large Cap,118632,Nippon India Large Cap Fund - Direct Plan Growth Plan - Growth Option,Nippon India Mutual Fund,Open Ended Schemes,Equity Scheme - Large Cap Fund,2026-01-22,101.5393,2026-06-23T05:29:58.847318+00:00,https://api.mfapi.in/mf/118632
118632,Nippon Large Cap,118632,Nippon India Large Cap Fund - Direct Plan Growth Plan - Growth Option,Nippon India Mutual Fund,Open Ended Schemes,Equity Scheme - Large Cap Fund,2026-01-21,100.8963,2026-06-23T05:29:58.847318+00:00,https://api.mfapi.in/mf/118632
118632,Nippon Large Cap,118632,Nippon India Large Cap Fund - Direct Plan Growth Plan - Growth Option,Nippon India Mutual Fund,Open Ended Schemes,Equity Scheme - Large Cap Fund,2026-01-20,101.2908,2026-06-23T05:29:58.847318+00:00,https://api.mfapi.in/mf/118632
118632,Nippon Large Cap,118632,Nippon India Large Cap Fund - Direct Plan Growth Plan - Growth Option,Nippon India Mutual Fund,Open Ended Schemes,Equity Scheme - Large Cap Fund,2026-01-19,102.9226,2026-06-23T05:29:58.847318+00:00,https://api.mfapi.in/mf/118632
118632,Nippon Large Cap,118632,Nippon India Large Cap Fund - Direct Plan Growth Plan - Growth Option,Nippon India Mutual Fund,Open Ended Schemes,Equity Scheme - Large Cap Fund,2026-01-16,103.2136,2026-06-23T05:29:58.847318+00:00,https://api.mfapi.in/mf/118632
118632,Nippon Large Cap,118632,Nippon India Large Cap Fund - Direct Plan Growth Plan - Growth Option,Nippon India Mutual Fund,Open Ended Schemes,Equity Scheme - Large Cap Fund,2026-01-14,103.3177,2026-06-23T05:29:58.847318+00:00,https://api.mfapi.in/mf/118632
118632,Nippon Large Cap,118632,Nippon India Large Cap Fund - Direct Plan Growth Plan - Growth Option,Nippon India Mutual Fund,Open Ended Schemes,Equity Scheme - Large Cap Fund,2026-01-13,103.3735,2026-06-23T05:29:58.847318+00:00,https://api.mfapi.in/mf/118632
118632,Nippon Large Cap,118632,Nippon India Large Cap Fund - Direct Plan Growth Plan - Growth Option,Nippon India Mutual Fund,Open Ended Schemes,Equity Scheme - Large Cap Fund,2026-01-12,103.6218,2026-06-23T05:29:58.847318+00:00,https://api.mfapi.in/mf/118632
118632,Nippon Large Cap,118632,Nippon India Large Cap Fund - Direct Plan Growth Plan - Growth Option,Nippon India Mutual Fund,Open Ended Schemes,Equity Scheme - Large Cap Fund,2026-01-09,103.4654,2026-06-23T05:29:58.847318+00:00,https://api.mfapi.in/mf/118632
118632,Nippon Large Cap,118632,Nippon India Large Cap Fund - Direct Plan Growth Plan - Growth Option,Nippon India Mutual Fund,Open Ended Schemes,Equity Scheme - Large Cap Fund,2026-01-08,104.3327,2026-06-23T05:29:58.847318+00:00,https://api.mfapi.in/mf/118632
118632,Nippon Large Cap,118632,Nippon India Large Cap Fund - Direct Plan Growth Plan - Growth Option,Nippon India Mutual Fund,Open Ended Schemes,Equity Scheme - Large Cap Fund,2026-01-07,105.6078,2026-06-23T05:29:58.847318+00:00,https://api.mfapi.in/mf/118632
118632,Nippon Large Cap,118632,Nippon India Large Cap Fund - Direct Plan Growth Plan - Growth Option,Nippon India Mutual Fund,Open Ended Schemes,Equity Scheme - Large Cap Fund,2026-01-06,105.7006,2026-06-23T05:29:58.847318+00:00,https://api.mfapi.in/mf/118632
118632,Nippon Large Cap,118632,Nippon India Large Cap Fund - Direct Plan Growth Plan - Growth Option,Nippon India Mutual Fund,Open Ended Schemes,Equity Scheme - Large Cap Fund,2026-01-05,105.7109,2026-06-23T05:29:58.847318+00:00,https://api.mfapi.in/mf/118632
118632,Nippon Large Cap,118632,Nippon India Large Cap Fund - Direct Plan Growth Plan - Growth Option,Nippon India Mutual Fund,Open Ended Schemes,Equity Scheme - Large Cap Fund,2026-01-02,106.1272,2026-06-23T05:29:58.847318+00:00,https://api.mfapi.in/mf/118632
118632,Nippon Large Cap,118632,Nippon India Large Cap Fund - Direct Plan Growth Plan - Growth Option,Nippon India Mutual Fund,Open Ended Schemes,Equity Scheme - Large Cap Fund,2026-01-01,105.4001,2026-06-23T05:29:58.847318+00:00,https://api.mfapi.in/mf/118632
118632,Nippon Large Cap,118632,Nippon India Large Cap Fund - Direct Plan Growth Plan - Growth Option,Nippon India Mutual Fund,Open Ended Schemes,Equity Scheme - Large Cap Fund,2025-12-31,105.3421,2026-06-23T05:29:58.847318+00:00,https://api.mfapi.in/mf/118632
118632,Nippon Large Cap,118632,Nippon India Large Cap Fund - Direct Plan Growth Plan - Growth Option,Nippon India Mutual Fund,Open Ended Schemes,Equity Scheme - Large Cap Fund,2025-12-30,104.5935,2026-06-23T05:29:58.847318+00:00,https://api.mfapi.in/mf/118632
118632,Nippon Large Cap,118632,Nippon India Large Cap Fund - Direct Plan Growth Plan - Growth Option,Nippon India Mutual Fund,Open Ended Schemes,Equity Scheme - Large Cap Fund,2025-12-29,104.7188,2026-06-23T05:29:58.847318+00:00,https://api.mfapi.in/mf/118632
118632,Nippon Large Cap,118632,Nippon India Large Cap Fund - Direct Plan Growth Plan - Growth Option,Nippon India Mutual Fund,Open Ended Schemes,Equity Scheme - Large Cap Fund,2025-12-26,104.9912,2026-06-23T05:29:58.847318+00:00,https://api.mfapi.in/mf/118632
118632,Nippon Large Cap,118632,Nippon India Large Cap Fund - Direct Plan Growth Plan - Growth Option,Nippon India Mutual Fund,Open Ended Schemes,Equity Scheme - Large Cap Fund,2025-12-24,105.3548,2026-06-23T05:29:58.847318+00:00,https://api.mfapi.in/mf/118632
118632,Nippon Large Cap,118632,Nippon India Large Cap Fund - Direct Plan Growth Plan - Growth Option,Nippon India Mutual Fund,Open Ended Schemes,Equity Scheme - Large Cap Fund,2025-12-23,105.5381,2026-06-23T05:29:58.847318+00:00,https://api.mfapi.in/mf/118632
118632,Nippon Large Cap,118632,Nippon India Large Cap Fund - Direct Plan Growth Plan - Growth Option,Nippon India Mutual Fund,Open Ended Schemes,Equity Scheme - Large Cap Fund,2025-12-22,105.338,2026-06-23T05:29:58.847318+00:00,https://api.mfapi.in/mf/118632
118632,Nippon Large Cap,118632,Nippon India Large Cap Fund - Direct Plan Growth Plan - Growth Option,Nippon India Mutual Fund,Open Ended Schemes,Equity Scheme - Large Cap Fund,2025-12-19,104.7495,2026-06-23T05:29:58.847318+00:00,https://api.mfapi.in/mf/118632
118632,Nippon Large Cap,118632,Nippon India Large Cap Fund - Direct Plan Growth Plan - Growth Option,Nippon India Mutual Fund,Open Ended Schemes,Equity Scheme - Large Cap Fund,2025-12-18,104.0678,2026-06-23T05:29:58.847318+00:00,https://api.mfapi.in/mf/118632
118632,Nippon Large Cap,118632,Nippon India Large Cap Fund - Direct Plan Growth Plan - Growth Option,Nippon India Mutual Fund,Open Ended Schemes,Equity Scheme - Large Cap Fund,2025-12-17,104.1918,2026-06-23T05:29:58.847318+00:00,https://api.mfapi.in/mf/118632
118632,Nippon Large Cap,118632,Nippon India Large Cap Fund - Direct Plan Growth Plan - Growth Option,Nippon India Mutual Fund,Open Ended Schemes,Equity Scheme - Large Cap Fund,2025-12-16,104.4782,2026-06-23T05:29:58.847318+00:00,https://api.mfapi.in/mf/118632
118632,Nippon Large Cap,118632,Nippon India Large Cap Fund - Direct Plan Growth Plan - Growth Option,Nippon India Mutual Fund,Open Ended Schemes,Equity Scheme - Large Cap Fund,2025-12-15,105.1821,2026-06-23T05:29:58.847318+00:00,https://api.mfapi.in/mf/118632
118632,Nippon Large Cap,118632,Nippon India Large Cap Fund - Direct Plan Growth Plan - Growth Option,Nippon India Mutual Fund,Open Ended Schemes,Equity Scheme - Large Cap Fund,2025-12-12,105.2738,2026-06-23T05:29:58.847318+00:00,https://api.mfapi.in/mf/118632
118632,Nippon Large Cap,118632,Nippon India Large Cap Fund - Direct Plan Growth Plan - Growth Option,Nippon India Mutual Fund,Open Ended Schemes,Equity Scheme - Large Cap Fund,2025-12-11,104.659,2026-06-23T05:29:58.847318+00:00,https://api.mfapi.in/mf/118632
118632,Nippon Large Cap,118632,Nippon India Large Cap Fund - Direct Plan Growth Plan - Growth Option,Nippon India Mutual Fund,Open Ended Schemes,Equity Scheme - Large Cap Fund,2025-12-10,104.014,2026-06-23T05:29:58.847318+00:00,https://api.mfapi.in/mf/118632
118632,Nippon Large Cap,118632,Nippon India Large Cap Fund - Direct Plan Growth Plan - Growth Option,Nippon India Mutual Fund,Open Ended Schemes,Equity Scheme - Large Cap Fund,2025-12-09,104.2635,2026-06-23T05:29:58.847318+00:00,https://api.mfapi.in/mf/118632
118632,Nippon Large Cap,118632,Nippon India Large Cap Fund - Direct Plan Growth Plan - Growth Option,Nippon India Mutual Fund,Open Ended Schemes,Equity Scheme - Large Cap Fund,2025-12-08,104.3721,2026-06-23T05:29:58.847318+00:00,https://api.mfapi.in/mf/118632
118632,Nippon Large Cap,118632,Nippon India Large Cap Fund - Direct Plan Growth Plan - Growth Option,Nippon India Mutual Fund,Open Ended Schemes,Equity Scheme - Large Cap Fund,2025-12-05,105.4142,2026-06-23T05:29:58.847318+00:00,https://api.mfapi.in/mf/118632
118632,Nippon Large Cap,118632,Nippon India Large Cap Fund - Direct Plan Growth Plan - Growth Option,Nippon India Mutual Fund,Open Ended Schemes,Equity Scheme - Large Cap Fund,2025-12-04,105.0426,2026-06-23T05:29:58.847318+00:00,https://api.mfapi.in/mf/118632
118632,Nippon Large Cap,118632,Nippon India Large Cap Fund - Direct Plan Growth Plan - Growth Option,Nippon India Mutual Fund,Open Ended Schemes,Equity Scheme - Large Cap Fund,2025-12-03,105.0214,2026-06-23T05:29:58.847318+00:00,https://api.mfapi.in/mf/118632
118632,Nippon Large Cap,118632,Nippon India Large Cap Fund - Direct Plan Growth Plan - Growth Option,Nippon India Mutual Fund,Open Ended Schemes,Equity Scheme - Large Cap Fund,2025-12-02,105.2367,2026-06-23T05:29:58.847318+00:00,https://api.mfapi.in/mf/118632
118632,Nippon Large Cap,118632,Nippon India Large Cap Fund - Direct Plan Growth Plan - Growth Option,Nippon India Mutual Fund,Open Ended Schemes,Equity Scheme - Large Cap Fund,2025-12-01,105.5389,2026-06-23T05:29:58.847318+00:00,https://api.mfapi.in/mf/118632
118632,Nippon Large Cap,118632,Nippon India Large Cap Fund - Direct Plan Growth Plan - Growth Option,Nippon India Mutual Fund,Open Ended Schemes,Equity Scheme - Large Cap Fund,2025-11-28,105.6844,2026-06-23T05:29:58.847318+00:00,https://api.mfapi.in/mf/118632
118632,Nippon Large Cap,118632,Nippon India Large Cap Fund - Direct Plan Growth Plan - Growth Option,Nippon India Mutual Fund,Open Ended Schemes,Equity Scheme - Large Cap Fund,2025-11-27,105.684,2026-06-23T05:29:58.847318+00:00,https://api.mfapi.in/mf/118632
118632,Nippon Large Cap,118632,Nippon India Large Cap Fund - Direct Plan Growth Plan - Growth Option,Nippon India Mutual Fund,Open Ended Schemes,Equity Scheme - Large Cap Fund,2025-11-26,105.5755,2026-06-23T05:29:58.847318+00:00,https://api.mfapi.in/mf/118632
118632,Nippon Large Cap,118632,Nippon India Large Cap Fund - Direct Plan Growth Plan - Growth Option,Nippon India Mutual Fund,Open Ended Schemes,Equity Scheme - Large Cap Fund,2025-11-25,104.1712,2026-06-23T05:29:58.847318+00:00,https://api.mfapi.in/mf/118632
118632,Nippon Large Cap,118632,Nippon India Large Cap Fund - Direct Plan Growth Plan - Growth Option,Nippon India Mutual Fund,Open Ended Schemes,Equity Scheme - Large Cap Fund,2025-11-24,104.323,2026-06-23T05:29:58.847318+00:00,https://api.mfapi.in/mf/118632
118632,Nippon Large Cap,118632,Nippon India Large Cap Fund - Direct Plan Growth Plan - Growth Option,Nippon India Mutual Fund,Open Ended Schemes,Equity Scheme - Large Cap Fund,2025-11-21,104.8664,2026-06-23T05:29:58.847318+00:00,https://api.mfapi.in/mf/118632
118632,Nippon Large Cap,118632,Nippon India Large Cap Fund - Direct Plan Growth Plan - Growth Option,Nippon India Mutual Fund,Open Ended Schemes,Equity Scheme - Large Cap Fund,2025-11-20,105.6047,2026-06-23T05:29:58.847318+00:00,https://api.mfapi.in/mf/118632
118632,Nippon Large Cap,118632,Nippon India Large Cap Fund - Direct Plan Growth Plan - Growth Option,Nippon India Mutual Fund,Open Ended Schemes,Equity Scheme - Large Cap Fund,2025-11-19,105.1392,2026-06-23T05:29:58.847318+00:00,https://api.mfapi.in/mf/118632
118632,Nippon Large Cap,118632,Nippon India Large Cap Fund - Direct Plan Growth Plan - Growth Option,Nippon India Mutual Fund,Open Ended Schemes,Equity Scheme - Large Cap Fund,2025-11-18,104.6087,2026-06-23T05:29:58.847318+00:00,https://api.mfapi.in/mf/118632
118632,Nippon Large Cap,118632,Nippon India Large Cap Fund - Direct Plan Growth Plan - Growth Option,Nippon India Mutual Fund,Open Ended Schemes,Equity Scheme - Large Cap Fund,2025-11-17,105.1203,2026-06-23T05:29:58.847318+00:00,https://api.mfapi.in/mf/118632
118632,Nippon Large Cap,118632,Nippon India Large Cap Fund - Direct Plan Growth Plan - Growth Option,Nippon India Mutual Fund,Open Ended Schemes,Equity Scheme - Large Cap Fund,2025-11-14,104.6864,2026-06-23T05:29:58.847318+00:00,https://api.mfapi.in/mf/118632
118632,Nippon Large Cap,118632,Nippon India Large Cap Fund - Direct Plan Growth Plan - Growth Option,Nippon India Mutual Fund,Open Ended Schemes,Equity Scheme - Large Cap Fund,2025-11-13,104.6624,2026-06-23T05:29:58.847318+00:00,https://api.mfapi.in/mf/118632
118632,Nippon Large Cap,118632,Nippon India Large Cap Fund - Direct Plan Growth Plan - Growth Option,Nippon India Mutual Fund,Open Ended Schemes,Equity Scheme - Large Cap Fund,2025-11-12,104.6829,2026-06-23T05:29:58.847318+00:00,https://api.mfapi.in/mf/118632
118632,Nippon Large Cap,118632,Nippon India Large Cap Fund - Direct Plan Growth Plan - Growth Option,Nippon India Mutual Fund,Open Ended Schemes,Equity Scheme - Large Cap Fund,2025-11-11,104.1242,2026-06-23T05:29:58.847318+00:00,https://api.mfapi.in/mf/118632
118632,Nippon Large Cap,118632,Nippon India Large Cap Fund - Direct Plan Growth Plan - Growth Option,Nippon India Mutual Fund,Open Ended Schemes,Equity Scheme - Large Cap Fund,2025-11-10,103.8912,2026-06-23T05:29:58.847318+00:00,https://api.mfapi.in/mf/118632
118632,Nippon Large Cap,118632,Nippon India Large Cap Fund - Direct Plan Growth Plan - Growth Option,Nippon India Mutual Fund,Open Ended Schemes,Equity Scheme - Large Cap Fund,2025-11-07,103.6712,2026-06-23T05:29:58.847318+00:00,https://api.mfapi.in/mf/118632
118632,Nippon Large Cap,118632,Nippon India Large Cap Fund - Direct Plan Growth Plan - Growth Option,Nippon India Mutual Fund,Open Ended Schemes,Equity Scheme - Large Cap Fund,2025-11-06,103.6683,2026-06-23T05:29:58.847318+00:00,https://api.mfapi.in/mf/118632
118632,Nippon Large Cap,118632,Nippon India Large Cap Fund - Direct Plan Growth Plan - Growth Option,Nippon India Mutual Fund,Open Ended Schemes,Equity Scheme - Large Cap Fund,2025-11-04,104.296,2026-06-23T05:29:58.847318+00:00,https://api.mfapi.in/mf/118632
118632,Nippon Large Cap,118632,Nippon India Large Cap Fund - Direct Plan Growth Plan - Growth Option,Nippon India Mutual Fund,Open Ended Schemes,Equity Scheme - Large Cap Fund,2025-11-03,104.8494,2026-06-23T05:29:58.847318+00:00,https://api.mfapi.in/mf/118632
118632,Nippon Large Cap,118632,Nippon India Large Cap Fund - Direct Plan Growth Plan - Growth Option,Nippon India Mutual Fund,Open Ended Schemes,Equity Scheme - Large Cap Fund,2025-10-31,104.5102,2026-06-23T05:29:58.847318+00:00,https://api.mfapi.in/mf/118632
118632,Nippon Large Cap,118632,Nippon India Large Cap Fund - Direct Plan Growth Plan - Growth Option,Nippon India Mutual Fund,Open Ended Schemes,Equity Scheme - Large Cap Fund,2025-10-30,105.2376,2026-06-23T05:29:58.847318+00:00,https://api.mfapi.in/mf/118632
118632,Nippon Large Cap,118632,Nippon India Large Cap Fund - Direct Plan Growth Plan - Growth Option,Nippon India Mutual Fund,Open Ended Schemes,Equity Scheme - Large Cap Fund,2025-10-29,105.7985,2026-06-23T05:29:58.847318+00:00,https://api.mfapi.in/mf/118632
118632,Nippon Large Cap,118632,Nippon India Large Cap Fund - Direct Plan Growth Plan - Growth Option,Nippon India Mutual Fund,Open Ended Schemes,Equity Scheme - Large Cap Fund,2025-10-28,105.143,2026-06-23T05:29:58.847318+00:00,https://api.mfapi.in/mf/118632
118632,Nippon Large Cap,118632,Nippon India Large Cap Fund - Direct Plan Growth Plan - Growth Option,Nippon India Mutual Fund,Open Ended Schemes,Equity Scheme - Large Cap Fund,2025-10-27,105.1974,2026-06-23T05:29:58.847318+00:00,https://api.mfapi.in/mf/118632
118632,Nippon Large Cap,118632,Nippon India Large Cap Fund - Direct Plan Growth Plan - Growth Option,Nippon India Mutual Fund,Open Ended Schemes,Equity Scheme - Large Cap Fund,2025-10-24,104.6441,2026-06-23T05:29:58.847318+00:00,https://api.mfapi.in/mf/118632
118632,Nippon Large Cap,118632,Nippon India Large Cap Fund - Direct Plan Growth Plan - Growth Option,Nippon India Mutual Fund,Open Ended Schemes,Equity Scheme - Large Cap Fund,2025-10-23,105.0429,2026-06-23T05:29:58.847318+00:00,https://api.mfapi.in/mf/118632
118632,Nippon Large Cap,118632,Nippon India Large Cap Fund - Direct Plan Growth Plan - Growth Option,Nippon India Mutual Fund,Open Ended Schemes,Equity Scheme - Large Cap Fund,2025-10-20,104.88,2026-06-23T05:29:58.847318+00:00,https://api.mfapi.in/mf/118632
118632,Nippon Large Cap,118632,Nippon India Large Cap Fund - Direct Plan Growth Plan - Growth Option,Nippon India Mutual Fund,Open Ended Schemes,Equity Scheme - Large Cap Fund,2025-10-17,104.4673,2026-06-23T05:29:58.847318+00:00,https://api.mfapi.in/mf/118632
118632,Nippon Large Cap,118632,Nippon India Large Cap Fund - Direct Plan Growth Plan - Growth Option,Nippon India Mutual Fund,Open Ended Schemes,Equity Scheme - Large Cap Fund,2025-10-16,104.1594,2026-06-23T05:29:58.847318+00:00,https://api.mfapi.in/mf/118632
118632,Nippon Large Cap,118632,Nippon India Large Cap Fund - Direct Plan Growth Plan - Growth Option,Nippon India Mutual Fund,Open Ended Schemes,Equity Scheme - Large Cap Fund,2025-10-15,103.2825,2026-06-23T05:29:58.847318+00:00,https://api.mfapi.in/mf/118632
118632,Nippon Large Cap,118632,Nippon India Large Cap Fund - Direct Plan Growth Plan - Growth Option,Nippon India Mutual Fund,Open Ended Schemes,Equity Scheme - Large Cap Fund,2025-10-14,102.5439,2026-06-23T05:29:58.847318+00:00,https://api.mfapi.in/mf/118632
118632,Nippon Large Cap,118632,Nippon India Large Cap Fund - Direct Plan Growth Plan - Growth Option,Nippon India Mutual Fund,Open Ended Schemes,Equity Scheme - Large Cap Fund,2025-10-13,102.968,2026-06-23T05:29:58.847318+00:00,https://api.mfapi.in/mf/118632
118632,Nippon Large Cap,118632,Nippon India Large Cap Fund - Direct Plan Growth Plan - Growth Option,Nippon India Mutual Fund,Open Ended Schemes,Equity Scheme - Large Cap Fund,2025-10-10,103.236,2026-06-23T05:29:58.847318+00:00,https://api.mfapi.in/mf/118632
118632,Nippon Large Cap,118632,Nippon India Large Cap Fund - Direct Plan Growth Plan - Growth Option,Nippon India Mutual Fund,Open Ended Schemes,Equity Scheme - Large Cap Fund,2025-10-09,102.7968,2026-06-23T05:29:58.847318+00:00,https://api.mfapi.in/mf/118632
118632,Nippon Large Cap,118632,Nippon India Large Cap Fund - Direct Plan Growth Plan - Growth Option,Nippon India Mutual Fund,Open Ended Schemes,Equity Scheme - Large Cap Fund,2025-10-08,102.3564,2026-06-23T05:29:58.847318+00:00,https://api.mfapi.in/mf/118632
118632,Nippon Large Cap,118632,Nippon India Large Cap Fund - Direct Plan Growth Plan - Growth Option,Nippon India Mutual Fund,Open Ended Schemes,Equity Scheme - Large Cap Fund,2025-10-07,102.7883,2026-06-23T05:29:58.847318+00:00,https://api.mfapi.in/mf/118632
118632,Nippon Large Cap,118632,Nippon India Large Cap Fund - Direct Plan Growth Plan - Growth Option,Nippon India Mutual Fund,Open Ended Schemes,Equity Scheme - Large Cap Fund,2025-10-06,102.8296,2026-06-23T05:29:58.847318+00:00,https://api.mfapi.in/mf/118632
118632,Nippon Large Cap,118632,Nippon India Large Cap Fund - Direct Plan Growth Plan - Growth Option,Nippon India Mutual Fund,Open Ended Schemes,Equity Scheme - Large Cap Fund,2025-10-03,102.3835,2026-06-23T05:29:58.847318+00:00,https://api.mfapi.in/mf/118632
118632,Nippon Large Cap,118632,Nippon India Large Cap Fund - Direct Plan Growth Plan - Growth Option,Nippon India Mutual Fund,Open Ended Schemes,Equity Scheme - Large Cap Fund,2025-10-01,102.0581,2026-06-23T05:29:58.847318+00:00,https://api.mfapi.in/mf/118632
118632,Nippon Large Cap,118632,Nippon India Large Cap Fund - Direct Plan Growth Plan - Growth Option,Nippon India Mutual Fund,Open Ended Schemes,Equity Scheme - Large Cap Fund,2025-09-30,101.3,2026-06-23T05:29:58.847318+00:00,https://api.mfapi.in/mf/118632
118632,Nippon Large Cap,118632,Nippon India Large Cap Fund - Direct Plan Growth Plan - Growth Option,Nippon India Mutual Fund,Open Ended Schemes,Equity Scheme - Large Cap Fund,2025-09-26,101.3125,2026-06-23T05:29:58.847318+00:00,https://api.mfapi.in/mf/118632
118632,Nippon Large Cap,118632,Nippon India Large Cap Fund - Direct Plan Growth Plan - Growth Option,Nippon India Mutual Fund,Open Ended Schemes,Equity Scheme - Large Cap Fund,2025-09-25,102.4742,2026-06-23T05:29:58.847318+00:00,https://api.mfapi.in/mf/118632
118632,Nippon Large Cap,118632,Nippon India Large Cap Fund - Direct Plan Growth Plan - Growth Option,Nippon India Mutual Fund,Open Ended Schemes,Equity Scheme - Large Cap Fund,2025-09-24,103.3338,2026-06-23T05:29:58.847318+00:00,https://api.mfapi.in/mf/118632
118632,Nippon Large Cap,118632,Nippon India Large Cap Fund - Direct Plan Growth Plan - Growth Option,Nippon India Mutual Fund,Open Ended Schemes,Equity Scheme - Large Cap Fund,2025-09-23,103.8134,2026-06-23T05:29:58.847318+00:00,https://api.mfapi.in/mf/118632
118632,Nippon Large Cap,118632,Nippon India Large Cap Fund - Direct Plan Growth Plan - Growth Option,Nippon India Mutual Fund,Open Ended Schemes,Equity Scheme - Large Cap Fund,2025-09-22,103.8105,2026-06-23T05:29:58.847318+00:00,https://api.mfapi.in/mf/118632
118632,Nippon Large Cap,118632,Nippon India Large Cap Fund - Direct Plan Growth Plan - Growth Option,Nippon India Mutual Fund,Open Ended Schemes,Equity Scheme - Large Cap Fund,2025-09-19,104.3509,2026-06-23T05:29:58.847318+00:00,https://api.mfapi.in/mf/118632
118632,Nippon Large Cap,118632,Nippon India Large Cap Fund - Direct Plan Growth Plan - Growth Option,Nippon India Mutual Fund,Open Ended Schemes,Equity Scheme - Large Cap Fund,2025-09-18,104.5531,2026-06-23T05:29:58.847318+00:00,https://api.mfapi.in/mf/118632
118632,Nippon Large Cap,118632,Nippon India Large Cap Fund - Direct Plan Growth Plan - Growth Option,Nippon India Mutual Fund,Open Ended Schemes,Equity Scheme - Large Cap Fund,2025-09-17,104.2438,2026-06-23T05:29:58.847318+00:00,https://api.mfapi.in/mf/118632
118632,Nippon Large Cap,118632,Nippon India Large Cap Fund - Direct Plan Growth Plan - Growth Option,Nippon India Mutual Fund,Open Ended Schemes,Equity Scheme - Large Cap Fund,2025-09-16,103.9014,2026-06-23T05:29:58.847318+00:00,https://api.mfapi.in/mf/118632
118632,Nippon Large Cap,118632,Nippon India Large Cap Fund - Direct Plan Growth Plan - Growth Option,Nippon India Mutual Fund,Open Ended Schemes,Equity Scheme - Large Cap Fund,2025-09-15,103.15,2026-06-23T05:29:58.847318+00:00,https://api.mfapi.in/mf/118632
118632,Nippon Large Cap,118632,Nippon India Large Cap Fund - Direct Plan Growth Plan - Growth Option,Nippon India Mutual Fund,Open Ended Schemes,Equity Scheme - Large Cap Fund,2025-09-12,102.9764,2026-06-23T05:29:58.847318+00:00,https://api.mfapi.in/mf/118632
118632,Nippon Large Cap,118632,Nippon India Large Cap Fund - Direct Plan Growth Plan - Growth Option,Nippon India Mutual Fund,Open Ended Schemes,Equity Scheme - Large Cap Fund,2025-09-11,102.4033,2026-06-23T05:29:58.847318+00:00,https://api.mfapi.in/mf/118632
118632,Nippon Large Cap,118632,Nippon India Large Cap Fund - Direct Plan Growth Plan - Growth Option,Nippon India Mutual Fund,Open Ended Schemes,Equity Scheme - Large Cap Fund,2025-09-10,102.3512,2026-06-23T05:29:58.847318+00:00,https://api.mfapi.in/mf/118632
118632,Nippon Large Cap,118632,Nippon India Large Cap Fund - Direct Plan Growth Plan - Growth Option,Nippon India Mutual Fund,Open Ended Schemes,Equity Scheme - Large Cap Fund,2025-09-09,101.9677,2026-06-23T05:29:58.847318+00:00,https://api.mfapi.in/mf/118632
118632,Nippon Large Cap,118632,Nippon India Large Cap Fund - Direct Plan Growth Plan - Growth Option,Nippon India Mutual Fund,Open Ended Schemes,Equity Scheme - Large Cap Fund,2025-09-08,101.6765,2026-06-23T05:29:58.847318+00:00,https://api.mfapi.in/mf/118632
118632,Nippon Large Cap,118632,Nippon India Large Cap Fund - Direct Plan Growth Plan - Growth Option,Nippon India Mutual Fund,Open Ended Schemes,Equity Scheme - Large Cap Fund,2025-09-05,101.5517,2026-06-23T05:29:58.847318+00:00,https://api.mfapi.in/mf/118632
118632,Nippon Large Cap,118632,Nippon India Large Cap Fund - Direct Plan Growth Plan - Growth Option,Nippon India Mutual Fund,Open Ended Schemes,Equity Scheme - Large Cap Fund,2025-09-04,101.4965,2026-06-23T05:29:58.847318+00:00,https://api.mfapi.in/mf/118632
118632,Nippon Large Cap,118632,Nippon India Large Cap Fund - Direct Plan Growth Plan - Growth Option,Nippon India Mutual Fund,Open Ended Schemes,Equity Scheme - Large Cap Fund,2025-09-03,101.5909,2026-06-23T05:29:58.847318+00:00,https://api.mfapi.in/mf/118632
118632,Nippon Large Cap,118632,Nippon India Large Cap Fund - Direct Plan Growth Plan - Growth Option,Nippon India Mutual Fund,Open Ended Schemes,Equity Scheme - Large Cap Fund,2025-09-02,100.9907,2026-06-23T05:29:58.847318+00:00,https://api.mfapi.in/mf/118632
118632,Nippon Large Cap,118632,Nippon India Large Cap Fund - Direct Plan Growth Plan - Growth Option,Nippon India Mutual Fund,Open Ended Schemes,Equity Scheme - Large Cap Fund,2025-09-01,101.1664,2026-06-23T05:29:58.847318+00:00,https://api.mfapi.in/mf/118632
118632,Nippon Large Cap,118632,Nippon India Large Cap Fund - Direct Plan Growth Plan - Growth Option,Nippon India Mutual Fund,Open Ended Schemes,Equity Scheme - Large Cap Fund,2025-08-29,100.3496,2026-06-23T05:29:58.847318+00:00,https://api.mfapi.in/mf/118632
118632,Nippon Large Cap,118632,Nippon India Large Cap Fund - Direct Plan Growth Plan - Growth Option,Nippon India Mutual Fund,Open Ended Schemes,Equity Scheme - Large Cap Fund,2025-08-28,100.5523,2026-06-23T05:29:58.847318+00:00,https://api.mfapi.in/mf/118632
118632,Nippon Large Cap,118632,Nippon India Large Cap Fund - Direct Plan Growth Plan - Growth Option,Nippon India Mutual Fund,Open Ended Schemes,Equity Scheme - Large Cap Fund,2025-08-26,101.34,2026-06-23T05:29:58.847318+00:00,https://api.mfapi.in/mf/118632
118632,Nippon Large Cap,118632,Nippon India Large Cap Fund - Direct Plan Growth Plan - Growth Option,Nippon India Mutual Fund,Open Ended Schemes,Equity Scheme - Large Cap Fund,2025-08-25,102.3387,2026-06-23T05:29:58.847318+00:00,https://api.mfapi.in/mf/118632
118632,Nippon Large Cap,118632,Nippon India Large Cap Fund - Direct Plan Growth Plan - Growth Option,Nippon India Mutual Fund,Open Ended Schemes,Equity Scheme - Large Cap Fund,2025-08-22,102.052,2026-06-23T05:29:58.847318+00:00,https://api.mfapi.in/mf/118632
118632,Nippon Large Cap,118632,Nippon India Large Cap Fund - Direct Plan Growth Plan - Growth Option,Nippon India Mutual Fund,Open Ended Schemes,Equity Scheme - Large Cap Fund,2025-08-21,102.728,2026-06-23T05:29:58.847318+00:00,https://api.mfapi.in/mf/118632
118632,Nippon Large Cap,118632,Nippon India Large Cap Fund - Direct Plan Growth Plan - Growth Option,Nippon India Mutual Fund,Open Ended Schemes,Equity Scheme - Large Cap Fund,2025-08-20,102.6558,2026-06-23T05:29:58.847318+00:00,https://api.mfapi.in/mf/118632
118632,Nippon Large Cap,118632,Nippon India Large Cap Fund - Direct Plan Growth Plan - Growth Option,Nippon India Mutual Fund,Open Ended Schemes,Equity Scheme - Large Cap Fund,2025-08-19,102.2421,2026-06-23T05:29:58.847318+00:00,https://api.mfapi.in/mf/118632
118632,Nippon Large Cap,118632,Nippon India Large Cap Fund - Direct Plan Growth Plan - Growth Option,Nippon India Mutual Fund,Open Ended Schemes,Equity Scheme - Large Cap Fund,2025-08-18,101.6867,2026-06-23T05:29:58.847318+00:00,https://api.mfapi.in/mf/118632
118632,Nippon Large Cap,118632,Nippon India Large Cap Fund - Direct Plan Growth Plan - Growth Option,Nippon India Mutual Fund,Open Ended Schemes,Equity Scheme - Large Cap Fund,2025-08-14,100.5741,2026-06-23T05:29:58.847318+00:00,https://api.mfapi.in/mf/118632
118632,Nippon Large Cap,118632,Nippon India Large Cap Fund - Direct Plan Growth Plan - Growth Option,Nippon India Mutual Fund,Open Ended Schemes,Equity Scheme - Large Cap Fund,2025-08-13,100.5914,2026-06-23T05:29:58.847318+00:00,https://api.mfapi.in/mf/118632
118632,Nippon Large Cap,118632,Nippon India Large Cap Fund - Direct Plan Growth Plan - Growth Option,Nippon India Mutual Fund,Open Ended Schemes,Equity Scheme - Large Cap Fund,2025-08-12,99.7536,2026-06-23T05:29:58.847318+00:00,https://api.mfapi.in/mf/118632
118632,Nippon Large Cap,118632,Nippon India Large Cap Fund - Direct Plan Growth Plan - Growth Option,Nippon India Mutual Fund,Open Ended Schemes,Equity Scheme - Large Cap Fund,2025-08-11,99.916,2026-06-23T05:29:58.847318+00:00,https://api.mfapi.in/mf/118632
118632,Nippon Large Cap,118632,Nippon India Large Cap Fund - Direct Plan Growth Plan - Growth Option,Nippon India Mutual Fund,Open Ended Schemes,Equity Scheme - Large Cap Fund,2025-08-08,98.9884,2026-06-23T05:29:58.847318+00:00,https://api.mfapi.in/mf/118632
118632,Nippon Large Cap,118632,Nippon India Large Cap Fund - Direct Plan Growth Plan - Growth Option,Nippon India Mutual Fund,Open Ended Schemes,Equity Scheme - Large Cap Fund,2025-08-07,99.9091,2026-06-23T05:29:58.847318+00:00,https://api.mfapi.in/mf/118632
118632,Nippon Large Cap,118632,Nippon India Large Cap Fund - Direct Plan Growth Plan - Growth Option,Nippon India Mutual Fund,Open Ended Schemes,Equity Scheme - Large Cap Fund,2025-08-06,99.7886,2026-06-23T05:29:58.847318+00:00,https://api.mfapi.in/mf/118632
118632,Nippon Large Cap,118632,Nippon India Large Cap Fund - Direct Plan Growth Plan - Growth Option,Nippon India Mutual Fund,Open Ended Schemes,Equity Scheme - Large Cap Fund,2025-08-05,100.1112,2026-06-23T05:29:58.847318+00:00,https://api.mfapi.in/mf/118632
118632,Nippon Large Cap,118632,Nippon India Large Cap Fund - Direct Plan Growth Plan - Growth Option,Nippon India Mutual Fund,Open Ended Schemes,Equity Scheme - Large Cap Fund,2025-08-04,100.2779,2026-06-23T05:29:58.847318+00:00,https://api.mfapi.in/mf/118632
118632,Nippon Large Cap,118632,Nippon India Large Cap Fund - Direct Plan Growth Plan - Growth Option,Nippon India Mutual Fund,Open Ended Schemes,Equity Scheme - Large Cap Fund,2025-08-01,99.9113,2026-06-23T05:29:58.847318+00:00,https://api.mfapi.in/mf/118632
118632,Nippon Large Cap,118632,Nippon India Large Cap Fund - Direct Plan Growth Plan - Growth Option,Nippon India Mutual Fund,Open Ended Schemes,Equity Scheme - Large Cap Fund,2025-07-31,100.5941,2026-06-23T05:29:58.847318+00:00,https://api.mfapi.in/mf/118632
118632,Nippon Large Cap,118632,Nippon India Large Cap Fund - Direct Plan Growth Plan - Growth Option,Nippon India Mutual Fund,Open Ended Schemes,Equity Scheme - Large Cap Fund,2025-07-30,100.6886,2026-06-23T05:29:58.847318+00:00,https://api.mfapi.in/mf/118632
118632,Nippon Large Cap,118632,Nippon India Large Cap Fund - Direct Plan Growth Plan - Growth Option,Nippon India Mutual Fund,Open Ended Schemes,Equity Scheme - Large Cap Fund,2025-07-29,100.2101,2026-06-23T05:29:58.847318+00:00,https://api.mfapi.in/mf/118632
118632,Nippon Large Cap,118632,Nippon India Large Cap Fund - Direct Plan Growth Plan - Growth Option,Nippon India Mutual Fund,Open Ended Schemes,Equity Scheme - Large Cap Fund,2025-07-28,99.6981,2026-06-23T05:29:58.847318+00:00,https://api.mfapi.in/mf/118632
118632,Nippon Large Cap,118632,Nippon India Large Cap Fund - Direct Plan Growth Plan - Growth Option,Nippon India Mutual Fund,Open Ended Schemes,Equity Scheme - Large Cap Fund,2025-07-25,100.2598,2026-06-23T05:29:58.847318+00:00,https://api.mfapi.in/mf/118632
118632,Nippon Large Cap,118632,Nippon India Large Cap Fund - Direct Plan Growth Plan - Growth Option,Nippon India Mutual Fund,Open Ended Schemes,Equity Scheme - Large Cap Fund,2025-07-24,101.3281,2026-06-23T05:29:58.847318+00:00,https://api.mfapi.in/mf/118632
118632,Nippon Large Cap,118632,Nippon India Large Cap Fund - Direct Plan Growth Plan - Growth Option,Nippon India Mutual Fund,Open Ended Schemes,Equity Scheme - Large Cap Fund,2025-07-23,101.7894,2026-06-23T05:29:58.847318+00:00,https://api.mfapi.in/mf/118632
118632,Nippon Large Cap,118632,Nippon India Large Cap Fund - Direct Plan Growth Plan - Growth Option,Nippon India Mutual Fund,Open Ended Schemes,Equity Scheme - Large Cap Fund,2025-07-22,101.3272,2026-06-23T05:29:58.847318+00:00,https://api.mfapi.in/mf/118632
118632,Nippon Large Cap,118632,Nippon India Large Cap Fund - Direct Plan Growth Plan - Growth Option,Nippon India Mutual Fund,Open Ended Schemes,Equity Scheme - Large Cap Fund,2025-07-21,101.3735,2026-06-23T05:29:58.847318+00:00,https://api.mfapi.in/mf/118632
118632,Nippon Large Cap,118632,Nippon India Large Cap Fund - Direct Plan Growth Plan - Growth Option,Nippon India Mutual Fund,Open Ended Schemes,Equity Scheme - Large Cap Fund,2025-07-18,100.9286,2026-06-23T05:29:58.847318+00:00,https://api.mfapi.in/mf/118632
118632,Nippon Large Cap,118632,Nippon India Large Cap Fund - Direct Plan Growth Plan - Growth Option,Nippon India Mutual Fund,Open Ended Schemes,Equity Scheme - Large Cap Fund,2025-07-17,101.4318,2026-06-23T05:29:58.847318+00:00,https://api.mfapi.in/mf/118632
118632,Nippon Large Cap,118632,Nippon India Large Cap Fund - Direct Plan Growth Plan - Growth Option,Nippon India Mutual Fund,Open Ended Schemes,Equity Scheme - Large Cap Fund,2025-07-16,101.623,2026-06-23T05:29:58.847318+00:00,https://api.mfapi.in/mf/118632
118632,Nippon Large Cap,118632,Nippon India Large Cap Fund - Direct Plan Growth Plan - Growth Option,Nippon India Mutual Fund,Open Ended Schemes,Equity Scheme - Large Cap Fund,2025-07-15,101.4168,2026-06-23T05:29:58.847318+00:00,https://api.mfapi.in/mf/118632
118632,Nippon Large Cap,118632,Nippon India Large Cap Fund - Direct Plan Growth Plan - Growth Option,Nippon India Mutual Fund,Open Ended Schemes,Equity Scheme - Large Cap Fund,2025-07-14,101.0587,2026-06-23T05:29:58.847318+00:00,https://api.mfapi.in/mf/118632
118632,Nippon Large Cap,118632,Nippon India Large Cap Fund - Direct Plan Growth Plan - Growth Option,Nippon India Mutual Fund,Open Ended Schemes,Equity Scheme - Large Cap Fund,2025-07-11,101.2686,2026-06-23T05:29:58.847318+00:00,https://api.mfapi.in/mf/118632
118632,Nippon Large Cap,118632,Nippon India Large Cap Fund - Direct Plan Growth Plan - Growth Option,Nippon India Mutual Fund,Open Ended Schemes,Equity Scheme - Large Cap Fund,2025-07-10,101.799,2026-06-23T05:29:58.847318+00:00,https://api.mfapi.in/mf/118632
118632,Nippon Large Cap,118632,Nippon India Large Cap Fund - Direct Plan Growth Plan - Growth Option,Nippon India Mutual Fund,Open Ended Schemes,Equity Scheme - Large Cap Fund,2025-07-09,102.039,2026-06-23T05:29:58.847318+00:00,https://api.mfapi.in/mf/118632
118632,Nippon Large Cap,118632,Nippon India Large Cap Fund - Direct Plan Growth Plan - Growth Option,Nippon India Mutual Fund,Open Ended Schemes,Equity Scheme - Large Cap Fund,2025-07-08,102.0364,2026-06-23T05:29:58.847318+00:00,https://api.mfapi.in/mf/118632
118632,Nippon Large Cap,118632,Nippon India Large Cap Fund - Direct Plan Growth Plan - Growth Option,Nippon India Mutual Fund,Open Ended Schemes,Equity Scheme - Large Cap Fund,2025-07-07,101.754,2026-06-23T05:29:58.847318+00:00,https://api.mfapi.in/mf/118632
118632,Nippon Large Cap,118632,Nippon India Large Cap Fund - Direct Plan Growth Plan - Growth Option,Nippon India Mutual Fund,Open Ended Schemes,Equity Scheme - Large Cap Fund,2025-07-04,101.7883,2026-06-23T05:29:58.847318+00:00,https://api.mfapi.in/mf/118632
118632,Nippon Large Cap,118632,Nippon India Large Cap Fund - Direct Plan Growth Plan - Growth Option,Nippon India Mutual Fund,Open Ended Schemes,Equity Scheme - Large Cap Fund,2025-07-03,101.5231,2026-06-23T05:29:58.847318+00:00,https://api.mfapi.in/mf/118632
118632,Nippon Large Cap,118632,Nippon India Large Cap Fund - Direct Plan Growth Plan - Growth Option,Nippon India Mutual Fund,Open Ended Schemes,Equity Scheme - Large Cap Fund,2025-07-02,101.8391,2026-06-23T05:29:58.847318+00:00,https://api.mfapi.in/mf/118632
118632,Nippon Large Cap,118632,Nippon India Large Cap Fund - Direct Plan Growth Plan - Growth Option,Nippon India Mutual Fund,Open Ended Schemes,Equity Scheme - Large Cap Fund,2025-07-01,102.2738,2026-06-23T05:29:58.847318+00:00,https://api.mfapi.in/mf/118632
118632,Nippon Large Cap,118632,Nippon India Large Cap Fund - Direct Plan Growth Plan - Growth Option,Nippon India Mutual Fund,Open Ended Schemes,Equity Scheme - Large Cap Fund,2025-06-30,102.3501,2026-06-23T05:29:58.847318+00:00,https://api.mfapi.in/mf/118632
118632,Nippon Large Cap,118632,Nippon India Large Cap Fund - Direct Plan Growth Plan - Growth Option,Nippon India Mutual Fund,Open Ended Schemes,Equity Scheme - Large Cap Fund,2025-06-27,102.6148,2026-06-23T05:29:58.847318+00:00,https://api.mfapi.in/mf/118632
118632,Nippon Large Cap,118632,Nippon India Large Cap Fund - Direct Plan Growth Plan - Growth Option,Nippon India Mutual Fund,Open Ended Schemes,Equity Scheme - Large Cap Fund,2025-06-26,102.1458,2026-06-23T05:29:58.847318+00:00,https://api.mfapi.in/mf/118632
118632,Nippon Large Cap,118632,Nippon India Large Cap Fund - Direct Plan Growth Plan - Growth Option,Nippon India Mutual Fund,Open Ended Schemes,Equity Scheme - Large Cap Fund,2025-06-25,101.2439,2026-06-23T05:29:58.847318+00:00,https://api.mfapi.in/mf/118632
118632,Nippon Large Cap,118632,Nippon India Large Cap Fund - Direct Plan Growth Plan - Growth Option,Nippon India Mutual Fund,Open Ended Schemes,Equity Scheme - Large Cap Fund,2025-06-24,100.5325,2026-06-23T05:29:58.847318+00:00,https://api.mfapi.in/mf/118632
118632,Nippon Large Cap,118632,Nippon India Large Cap Fund - Direct Plan Growth Plan - Growth Option,Nippon India Mutual Fund,Open Ended Schemes,Equity Scheme - Large Cap Fund,2025-06-23,99.9129,2026-06-23T05:29:58.847318+00:00,https://api.mfapi.in/mf/118632
118632,Nippon Large Cap,118632,Nippon India Large Cap Fund - Direct Plan Growth Plan - Growth Option,Nippon India Mutual Fund,Open Ended Schemes,Equity Scheme - Large Cap Fund,2025-06-20,100.4075,2026-06-23T05:29:58.847318+00:00,https://api.mfapi.in/mf/118632
118632,Nippon Large Cap,118632,Nippon India Large Cap Fund - Direct Plan Growth Plan - Growth Option,Nippon India Mutual Fund,Open Ended Schemes,Equity Scheme - Large Cap Fund,2025-06-19,99.3123,2026-06-23T05:29:58.847318+00:00,https://api.mfapi.in/mf/118632
118632,Nippon Large Cap,118632,Nippon India Large Cap Fund - Direct Plan Growth Plan - Growth Option,Nippon India Mutual Fund,Open Ended Schemes,Equity Scheme - Large Cap Fund,2025-06-18,99.7448,2026-06-23T05:29:58.847318+00:00,https://api.mfapi.in/mf/118632
118632,Nippon Large Cap,118632,Nippon India Large Cap Fund - Direct Plan Growth Plan - Growth Option,Nippon India Mutual Fund,Open Ended Schemes,Equity Scheme - Large Cap Fund,2025-06-17,99.7999,2026-06-23T05:29:58.847318+00:00,https://api.mfapi.in/mf/118632
118632,Nippon Large Cap,118632,Nippon India Large Cap Fund - Direct Plan Growth Plan - Growth Option,Nippon India Mutual Fund,Open Ended Schemes,Equity Scheme - Large Cap Fund,2025-06-16,100.0818,2026-06-23T05:29:58.847318+00:00,https://api.mfapi.in/mf/118632
118632,Nippon Large Cap,118632,Nippon India Large Cap Fund - Direct Plan Growth Plan - Growth Option,Nippon India Mutual Fund,Open Ended Schemes,Equity Scheme - Large Cap Fund,2025-06-13,99.3528,2026-06-23T05:29:58.847318+00:00,https://api.mfapi.in/mf/118632
118632,Nippon Large Cap,118632,Nippon India Large Cap Fund - Direct Plan Growth Plan - Growth Option,Nippon India Mutual Fund,Open Ended Schemes,Equity Scheme - Large Cap Fund,2025-06-12,100.0453,2026-06-23T05:29:58.847318+00:00,https://api.mfapi.in/mf/118632
118632,Nippon Large Cap,118632,Nippon India Large Cap Fund - Direct Plan Growth Plan - Growth Option,Nippon India Mutual Fund,Open Ended Schemes,Equity Scheme - Large Cap Fund,2025-06-11,101.3151,2026-06-23T05:29:58.847318+00:00,https://api.mfapi.in/mf/118632
118632,Nippon Large Cap,118632,Nippon India Large Cap Fund - Direct Plan Growth Plan - Growth Option,Nippon India Mutual Fund,Open Ended Schemes,Equity Scheme - Large Cap Fund,2025-06-10,101.2256,2026-06-23T05:29:58.847318+00:00,https://api.mfapi.in/mf/118632
118632,Nippon Large Cap,118632,Nippon India Large Cap Fund - Direct Plan Growth Plan - Growth Option,Nippon India Mutual Fund,Open Ended Schemes,Equity Scheme - Large Cap Fund,2025-06-09,101.3481,2026-06-23T05:29:58.847318+00:00,https://api.mfapi.in/mf/118632
118632,Nippon Large Cap,118632,Nippon India Large Cap Fund - Direct Plan Growth Plan - Growth Option,Nippon India Mutual Fund,Open Ended Schemes,Equity Scheme - Large Cap Fund,2025-06-06,100.6269,2026-06-23T05:29:58.847318+00:00,https://api.mfapi.in/mf/118632
118632,Nippon Large Cap,118632,Nippon India Large Cap Fund - Direct Plan Growth Plan - Growth Option,Nippon India Mutual Fund,Open Ended Schemes,Equity Scheme - Large Cap Fund,2025-06-05,99.6617,2026-06-23T05:29:58.847318+00:00,https://api.mfapi.in/mf/118632
118632,Nippon Large Cap,118632,Nippon India Large Cap Fund - Direct Plan Growth Plan - Growth Option,Nippon India Mutual Fund,Open Ended Schemes,Equity Scheme - Large Cap Fund,2025-06-04,99.1551,2026-06-23T05:29:58.847318+00:00,https://api.mfapi.in/mf/118632
118632,Nippon Large Cap,118632,Nippon India Large Cap Fund - Direct Plan Growth Plan - Growth Option,Nippon India Mutual Fund,Open Ended Schemes,Equity Scheme - Large Cap Fund,2025-06-03,98.7161,2026-06-23T05:29:58.847318+00:00,https://api.mfapi.in/mf/118632
118632,Nippon Large Cap,118632,Nippon India Large Cap Fund - Direct Plan Growth Plan - Growth Option,Nippon India Mutual Fund,Open Ended Schemes,Equity Scheme - Large Cap Fund,2025-06-02,99.2736,2026-06-23T05:29:58.847318+00:00,https://api.mfapi.in/mf/118632
118632,Nippon Large Cap,118632,Nippon India Large Cap Fund - Direct Plan Growth Plan - Growth Option,Nippon India Mutual Fund,Open Ended Schemes,Equity Scheme - Large Cap Fund,2025-05-30,99.1611,2026-06-23T05:29:58.847318+00:00,https://api.mfapi.in/mf/118632
118632,Nippon Large Cap,118632,Nippon India Large Cap Fund - Direct Plan Growth Plan - Growth Option,Nippon India Mutual Fund,Open Ended Schemes,Equity Scheme - Large Cap Fund,2025-05-29,99.4341,2026-06-23T05:29:58.847318+00:00,https://api.mfapi.in/mf/118632
118632,Nippon Large Cap,118632,Nippon India Large Cap Fund - Direct Plan Growth Plan - Growth Option,Nippon India Mutual Fund,Open Ended Schemes,Equity Scheme - Large Cap Fund,2025-05-28,99.1118,2026-06-23T05:29:58.847318+00:00,https://api.mfapi.in/mf/118632
118632,Nippon Large Cap,118632,Nippon India Large Cap Fund - Direct Plan Growth Plan - Growth Option,Nippon India Mutual Fund,Open Ended Schemes,Equity Scheme - Large Cap Fund,2025-05-27,99.2431,2026-06-23T05:29:58.847318+00:00,https://api.mfapi.in/mf/118632
118632,Nippon Large Cap,118632,Nippon India Large Cap Fund - Direct Plan Growth Plan - Growth Option,Nippon India Mutual Fund,Open Ended Schemes,Equity Scheme - Large Cap Fund,2025-05-26,99.6536,2026-06-23T05:29:58.847318+00:00,https://api.mfapi.in/mf/118632
118632,Nippon Large Cap,118632,Nippon India Large Cap Fund - Direct Plan Growth Plan - Growth Option,Nippon India Mutual Fund,Open Ended Schemes,Equity Scheme - Large Cap Fund,2025-05-23,98.8611,2026-06-23T05:29:58.847318+00:00,https://api.mfapi.in/mf/118632
118632,Nippon Large Cap,118632,Nippon India Large Cap Fund - Direct Plan Growth Plan - Growth Option,Nippon India Mutual Fund,Open Ended Schemes,Equity Scheme - Large Cap Fund,2025-05-22,97.9101,2026-06-23T05:29:58.847318+00:00,https://api.mfapi.in/mf/118632
118632,Nippon Large Cap,118632,Nippon India Large Cap Fund - Direct Plan Growth Plan - Growth Option,Nippon India Mutual Fund,Open Ended Schemes,Equity Scheme - Large Cap Fund,2025-05-21,98.6038,2026-06-23T05:29:58.847318+00:00,https://api.mfapi.in/mf/118632
118632,Nippon Large Cap,118632,Nippon India Large Cap Fund - Direct Plan Growth Plan - Growth Option,Nippon India Mutual Fund,Open Ended Schemes,Equity Scheme - Large Cap Fund,2025-05-20,97.9113,2026-06-23T05:29:58.847318+00:00,https://api.mfapi.in/mf/118632
118632,Nippon Large Cap,118632,Nippon India Large Cap Fund - Direct Plan Growth Plan - Growth Option,Nippon India Mutual Fund,Open Ended Schemes,Equity Scheme - Large Cap Fund,2025-05-19,99.1325,2026-06-23T05:29:58.847318+00:00,https://api.mfapi.in/mf/118632
118632,Nippon Large Cap,118632,Nippon India Large Cap Fund - Direct Plan Growth Plan - Growth Option,Nippon India Mutual Fund,Open Ended Schemes,Equity Scheme - Large Cap Fund,2025-05-16,99.2225,2026-06-23T05:29:58.847318+00:00,https://api.mfapi.in/mf/118632
118632,Nippon Large Cap,118632,Nippon India Large Cap Fund - Direct Plan Growth Plan - Growth Option,Nippon India Mutual Fund,Open Ended Schemes,Equity Scheme - Large Cap Fund,2025-05-15,98.9453,2026-06-23T05:29:58.847318+00:00,https://api.mfapi.in/mf/118632
118632,Nippon Large Cap,118632,Nippon India Large Cap Fund - Direct Plan Growth Plan - Growth Option,Nippon India Mutual Fund,Open Ended Schemes,Equity Scheme - Large Cap Fund,2025-05-14,97.6473,2026-06-23T05:29:58.847318+00:00,https://api.mfapi.in/mf/118632
118632,Nippon Large Cap,118632,Nippon India Large Cap Fund - Direct Plan Growth Plan - Growth Option,Nippon India Mutual Fund,Open Ended Schemes,Equity Scheme - Large Cap Fund,2025-05-13,97.054,2026-06-23T05:29:58.847318+00:00,https://api.mfapi.in/mf/118632
118632,Nippon Large Cap,118632,Nippon India Large Cap Fund - Direct Plan Growth Plan - Growth Option,Nippon India Mutual Fund,Open Ended Schemes,Equity Scheme - Large Cap Fund,2025-05-12,97.9099,2026-06-23T05:29:58.847318+00:00,https://api.mfapi.in/mf/118632
118632,Nippon Large Cap,118632,Nippon India Large Cap Fund - Direct Plan Growth Plan - Growth Option,Nippon India Mutual Fund,Open Ended Schemes,Equity Scheme - Large Cap Fund,2025-05-09,94.3482,2026-06-23T05:29:58.847318+00:00,https://api.mfapi.in/mf/118632
118632,Nippon Large Cap,118632,Nippon India Large Cap Fund - Direct Plan Growth Plan - Growth Option,Nippon India Mutual Fund,Open Ended Schemes,Equity Scheme - Large Cap Fund,2025-05-08,95.1487,2026-06-23T05:29:58.847318+00:00,https://api.mfapi.in/mf/118632
118632,Nippon Large Cap,118632,Nippon India Large Cap Fund - Direct Plan Growth Plan - Growth Option,Nippon India Mutual Fund,Open Ended Schemes,Equity Scheme - Large Cap Fund,2025-05-07,96.0208,2026-06-23T05:29:58.847318+00:00,https://api.mfapi.in/mf/118632
118632,Nippon Large Cap,118632,Nippon India Large Cap Fund - Direct Plan Growth Plan - Growth Option,Nippon India Mutual Fund,Open Ended Schemes,Equity Scheme - Large Cap Fund,2025-05-06,95.5648,2026-06-23T05:29:58.847318+00:00,https://api.mfapi.in/mf/118632
118632,Nippon Large Cap,118632,Nippon India Large Cap Fund - Direct Plan Growth Plan - Growth Option,Nippon India Mutual Fund,Open Ended Schemes,Equity Scheme - Large Cap Fund,2025-05-05,96.5552,2026-06-23T05:29:58.847318+00:00,https://api.mfapi.in/mf/118632
118632,Nippon Large Cap,118632,Nippon India Large Cap Fund - Direct Plan Growth Plan - Growth Option,Nippon India Mutual Fund,Open Ended Schemes,Equity Scheme - Large Cap Fund,2025-05-02,95.9389,2026-06-23T05:29:58.847318+00:00,https://api.mfapi.in/mf/118632
118632,Nippon Large Cap,118632,Nippon India Large Cap Fund - Direct Plan Growth Plan - Growth Option,Nippon India Mutual Fund,Open Ended Schemes,Equity Scheme - Large Cap Fund,2025-04-30,95.8147,2026-06-23T05:29:58.847318+00:00,https://api.mfapi.in/mf/118632
118632,Nippon Large Cap,118632,Nippon India Large Cap Fund - Direct Plan Growth Plan - Growth Option,Nippon India Mutual Fund,Open Ended Schemes,Equity Scheme - Large Cap Fund,2025-04-29,96.0929,2026-06-23T05:29:58.847318+00:00,https://api.mfapi.in/mf/118632
118632,Nippon Large Cap,118632,Nippon India Large Cap Fund - Direct Plan Growth Plan - Growth Option,Nippon India Mutual Fund,Open Ended Schemes,Equity Scheme - Large Cap Fund,2025-04-28,96.0282,2026-06-23T05:29:58.847318+00:00,https://api.mfapi.in/mf/118632
118632,Nippon Large Cap,118632,Nippon India Large Cap Fund - Direct Plan Growth Plan - Growth Option,Nippon India Mutual Fund,Open Ended Schemes,Equity Scheme - Large Cap Fund,2025-04-25,94.8844,2026-06-23T05:29:58.847318+00:00,https://api.mfapi.in/mf/118632
118632,Nippon Large Cap,118632,Nippon India Large Cap Fund - Direct Plan Growth Plan - Growth Option,Nippon India Mutual Fund,Open Ended Schemes,Equity Scheme - Large Cap Fund,2025-04-24,96.0597,2026-06-23T05:29:58.847318+00:00,https://api.mfapi.in/mf/118632
118632,Nippon Large Cap,118632,Nippon India Large Cap Fund - Direct Plan Growth Plan - Growth Option,Nippon India Mutual Fund,Open Ended Schemes,Equity Scheme - Large Cap Fund,2025-04-23,96.1708,2026-06-23T05:29:58.847318+00:00,https://api.mfapi.in/mf/118632
118632,Nippon Large Cap,118632,Nippon India Large Cap Fund - Direct Plan Growth Plan - Growth Option,Nippon India Mutual Fund,Open Ended Schemes,Equity Scheme - Large Cap Fund,2025-04-22,95.6204,2026-06-23T05:29:58.847318+00:00,https://api.mfapi.in/mf/118632
118632,Nippon Large Cap,118632,Nippon India Large Cap Fund - Direct Plan Growth Plan - Growth Option,Nippon India Mutual Fund,Open Ended Schemes,Equity Scheme - Large Cap Fund,2025-04-21,95.3869,2026-06-23T05:29:58.847318+00:00,https://api.mfapi.in/mf/118632
118632,Nippon Large Cap,118632,Nippon India Large Cap Fund - Direct Plan Growth Plan - Growth Option,Nippon India Mutual Fund,Open Ended Schemes,Equity Scheme - Large Cap Fund,2025-04-17,94.1055,2026-06-23T05:29:58.847318+00:00,https://api.mfapi.in/mf/118632
118632,Nippon Large Cap,118632,Nippon India Large Cap Fund - Direct Plan Growth Plan - Growth Option,Nippon India Mutual Fund,Open Ended Schemes,Equity Scheme - Large Cap Fund,2025-04-16,92.8983,2026-06-23T05:29:58.847318+00:00,https://api.mfapi.in/mf/118632
118632,Nippon Large Cap,118632,Nippon India Large Cap Fund - Direct Plan Growth Plan - Growth Option,Nippon India Mutual Fund,Open Ended Schemes,Equity Scheme - Large Cap Fund,2025-04-15,92.3268,2026-06-23T05:29:58.847318+00:00,https://api.mfapi.in/mf/118632
118632,Nippon Large Cap,118632,Nippon India Large Cap Fund - Direct Plan Growth Plan - Growth Option,Nippon India Mutual Fund,Open Ended Schemes,Equity Scheme - Large Cap Fund,2025-04-11,90.0693,2026-06-23T05:29:58.847318+00:00,https://api.mfapi.in/mf/118632
118632,Nippon Large Cap,118632,Nippon India Large Cap Fund - Direct Plan Growth Plan - Growth Option,Nippon India Mutual Fund,Open Ended Schemes,Equity Scheme - Large Cap Fund,2025-04-09,88.641,2026-06-23T05:29:58.847318+00:00,https://api.mfapi.in/mf/118632
118632,Nippon Large Cap,118632,Nippon India Large Cap Fund - Direct Plan Growth Plan - Growth Option,Nippon India Mutual Fund,Open Ended Schemes,Equity Scheme - Large Cap Fund,2025-04-08,89.2409,2026-06-23T05:29:58.847318+00:00,https://api.mfapi.in/mf/118632
118632,Nippon Large Cap,118632,Nippon India Large Cap Fund - Direct Plan Growth Plan - Growth Option,Nippon India Mutual Fund,Open Ended Schemes,Equity Scheme - Large Cap Fund,2025-04-07,87.7802,2026-06-23T05:29:58.847318+00:00,https://api.mfapi.in/mf/118632
118632,Nippon Large Cap,118632,Nippon India Large Cap Fund - Direct Plan Growth Plan - Growth Option,Nippon India Mutual Fund,Open Ended Schemes,Equity Scheme - Large Cap Fund,2025-04-04,90.4333,2026-06-23T05:29:58.847318+00:00,https://api.mfapi.in/mf/118632
118632,Nippon Large Cap,118632,Nippon India Large Cap Fund - Direct Plan Growth Plan - Growth Option,Nippon India Mutual Fund,Open Ended Schemes,Equity Scheme - Large Cap Fund,2025-04-03,92.2243,2026-06-23T05:29:58.847318+00:00,https://api.mfapi.in/mf/118632
118632,Nippon Large Cap,118632,Nippon India Large Cap Fund - Direct Plan Growth Plan - Growth Option,Nippon India Mutual Fund,Open Ended Schemes,Equity Scheme - Large Cap Fund,2025-04-02,92.4165,2026-06-23T05:29:58.847318+00:00,https://api.mfapi.in/mf/118632
118632,Nippon Large Cap,118632,Nippon India Large Cap Fund - Direct Plan Growth Plan - Growth Option,Nippon India Mutual Fund,Open Ended Schemes,Equity Scheme - Large Cap Fund,2025-04-01,91.6629,2026-06-23T05:29:58.847318+00:00,https://api.mfapi.in/mf/118632
118632,Nippon Large Cap,118632,Nippon India Large Cap Fund - Direct Plan Growth Plan - Growth Option,Nippon India Mutual Fund,Open Ended Schemes,Equity Scheme - Large Cap Fund,2025-03-31,92.8702,2026-06-23T05:29:58.847318+00:00,https://api.mfapi.in/mf/118632
118632,Nippon Large Cap,118632,Nippon India Large Cap Fund - Direct Plan Growth Plan - Growth Option,Nippon India Mutual Fund,Open Ended Schemes,Equity Scheme - Large Cap Fund,2025-03-28,92.8735,2026-06-23T05:29:58.847318+00:00,https://api.mfapi.in/mf/118632
118632,Nippon Large Cap,118632,Nippon India Large Cap Fund - Direct Plan Growth Plan - Growth Option,Nippon India Mutual Fund,Open Ended Schemes,Equity Scheme - Large Cap Fund,2025-03-27,93.3884,2026-06-23T05:29:58.847318+00:00,https://api.mfapi.in/mf/118632
118632,Nippon Large Cap,118632,Nippon India Large Cap Fund - Direct Plan Growth Plan - Growth Option,Nippon India Mutual Fund,Open Ended Schemes,Equity Scheme - Large Cap Fund,2025-03-26,92.657,2026-06-23T05:29:58.847318+00:00,https://api.mfapi.in/mf/118632
118632,Nippon Large Cap,118632,Nippon India Large Cap Fund - Direct Plan Growth Plan - Growth Option,Nippon India Mutual Fund,Open Ended Schemes,Equity Scheme - Large Cap Fund,2025-03-25,93.5158,2026-06-23T05:29:58.847318+00:00,https://api.mfapi.in/mf/118632
118632,Nippon Large Cap,118632,Nippon India Large Cap Fund - Direct Plan Growth Plan - Growth Option,Nippon India Mutual Fund,Open Ended Schemes,Equity Scheme - Large Cap Fund,2025-03-24,93.8123,2026-06-23T05:29:58.847318+00:00,https://api.mfapi.in/mf/118632
118632,Nippon Large Cap,118632,Nippon India Large Cap Fund - Direct Plan Growth Plan - Growth Option,Nippon India Mutual Fund,Open Ended Schemes,Equity Scheme - Large Cap Fund,2025-03-21,92.543,2026-06-23T05:29:58.847318+00:00,https://api.mfapi.in/mf/118632
118632,Nippon Large Cap,118632,Nippon India Large Cap Fund - Direct Plan Growth Plan - Growth Option,Nippon India Mutual Fund,Open Ended Schemes,Equity Scheme - Large Cap Fund,2025-03-20,91.6767,2026-06-23T05:29:58.847318+00:00,https://api.mfapi.in/mf/118632
118632,Nippon Large Cap,118632,Nippon India Large Cap Fund - Direct Plan Growth Plan - Growth Option,Nippon India Mutual Fund,Open Ended Schemes,Equity Scheme - Large Cap Fund,2025-03-19,90.9711,2026-06-23T05:29:58.847318+00:00,https://api.mfapi.in/mf/118632
118632,Nippon Large Cap,118632,Nippon India Large Cap Fund - Direct Plan Growth Plan - Growth Option,Nippon India Mutual Fund,Open Ended Schemes,Equity Scheme - Large Cap Fund,2025-03-18,90.2544,2026-06-23T05:29:58.847318+00:00,https://api.mfapi.in/mf/118632
118632,Nippon Large Cap,118632,Nippon India Large Cap Fund - Direct Plan Growth Plan - Growth Option,Nippon India Mutual Fund,Open Ended Schemes,Equity Scheme - Large Cap Fund,2025-03-17,88.6746,2026-06-23T05:29:58.847318+00:00,https://api.mfapi.in/mf/118632
118632,Nippon Large Cap,118632,Nippon India Large Cap Fund - Direct Plan Growth Plan - Growth Option,Nippon India Mutual Fund,Open Ended Schemes,Equity Scheme - Large Cap Fund,2025-03-13,88.0656,2026-06-23T05:29:58.847318+00:00,https://api.mfapi.in/mf/118632
118632,Nippon Large Cap,118632,Nippon India Large Cap Fund - Direct Plan Growth Plan - Growth Option,Nippon India Mutual Fund,Open Ended Schemes,Equity Scheme - Large Cap Fund,2025-03-12,88.3738,2026-06-23T05:29:58.847318+00:00,https://api.mfapi.in/mf/118632
118632,Nippon Large Cap,118632,Nippon India Large Cap Fund - Direct Plan Growth Plan - Growth Option,Nippon India Mutual Fund,Open Ended Schemes,Equity Scheme - Large Cap Fund,2025-03-11,88.5042,2026-06-23T05:29:58.847318+00:00,https://api.mfapi.in/mf/118632
118632,Nippon Large Cap,118632,Nippon India Large Cap Fund - Direct Plan Growth Plan - Growth Option,Nippon India Mutual Fund,Open Ended Schemes,Equity Scheme - Large Cap Fund,2025-03-10,88.5879,2026-06-23T05:29:58.847318+00:00,https://api.mfapi.in/mf/118632
118632,Nippon Large Cap,118632,Nippon India Large Cap Fund - Direct Plan Growth Plan - Growth Option,Nippon India Mutual Fund,Open Ended Schemes,Equity Scheme - Large Cap Fund,2025-03-07,89.1195,2026-06-23T05:29:58.847318+00:00,https://api.mfapi.in/mf/118632
118632,Nippon Large Cap,118632,Nippon India Large Cap Fund - Direct Plan Growth Plan - Growth Option,Nippon India Mutual Fund,Open Ended Schemes,Equity Scheme - Large Cap Fund,2025-03-06,89.174,2026-06-23T05:29:58.847318+00:00,https://api.mfapi.in/mf/118632
118632,Nippon Large Cap,118632,Nippon India Large Cap Fund - Direct Plan Growth Plan - Growth Option,Nippon India Mutual Fund,Open Ended Schemes,Equity Scheme - Large Cap Fund,2025-03-05,88.2535,2026-06-23T05:29:58.847318+00:00,https://api.mfapi.in/mf/118632
118632,Nippon Large Cap,118632,Nippon India Large Cap Fund - Direct Plan Growth Plan - Growth Option,Nippon India Mutual Fund,Open Ended Schemes,Equity Scheme - Large Cap Fund,2025-03-04,87.1643,2026-06-23T05:29:58.847318+00:00,https://api.mfapi.in/mf/118632
118632,Nippon Large Cap,118632,Nippon India Large Cap Fund - Direct Plan Growth Plan - Growth Option,Nippon India Mutual Fund,Open Ended Schemes,Equity Scheme - Large Cap Fund,2025-03-03,86.983,2026-06-23T05:29:58.847318+00:00,https://api.mfapi.in/mf/118632
118632,Nippon Large Cap,118632,Nippon India Large Cap Fund - Direct Plan Growth Plan - Growth Option,Nippon India Mutual Fund,Open Ended Schemes,Equity Scheme - Large Cap Fund,2025-02-28,86.9222,2026-06-23T05:29:58.847318+00:00,https://api.mfapi.in/mf/118632
118632,Nippon Large Cap,118632,Nippon India Large Cap Fund - Direct Plan Growth Plan - Growth Option,Nippon India Mutual Fund,Open Ended Schemes,Equity Scheme - Large Cap Fund,2025-02-27,88.4321,2026-06-23T05:29:58.847318+00:00,https://api.mfapi.in/mf/118632
118632,Nippon Large Cap,118632,Nippon India Large Cap Fund - Direct Plan Growth Plan - Growth Option,Nippon India Mutual Fund,Open Ended Schemes,Equity Scheme - Large Cap Fund,2025-02-25,88.7605,2026-06-23T05:29:58.847318+00:00,https://api.mfapi.in/mf/118632
118632,Nippon Large Cap,118632,Nippon India Large Cap Fund - Direct Plan Growth Plan - Growth Option,Nippon India Mutual Fund,Open Ended Schemes,Equity Scheme - Large Cap Fund,2025-02-24,88.9334,2026-06-23T05:29:58.847318+00:00,https://api.mfapi.in/mf/118632
118632,Nippon Large Cap,118632,Nippon India Large Cap Fund - Direct Plan Growth Plan - Growth Option,Nippon India Mutual Fund,Open Ended Schemes,Equity Scheme - Large Cap Fund,2025-02-21,89.8495,2026-06-23T05:29:58.847318+00:00,https://api.mfapi.in/mf/118632
118632,Nippon Large Cap,118632,Nippon India Large Cap Fund - Direct Plan Growth Plan - Growth Option,Nippon India Mutual Fund,Open Ended Schemes,Equity Scheme - Large Cap Fund,2025-02-20,90.3489,2026-06-23T05:29:58.847318+00:00,https://api.mfapi.in/mf/118632
118632,Nippon Large Cap,118632,Nippon India Large Cap Fund - Direct Plan Growth Plan - Growth Option,Nippon India Mutual Fund,Open Ended Schemes,Equity Scheme - Large Cap Fund,2025-02-19,90.0404,2026-06-23T05:29:58.847318+00:00,https://api.mfapi.in/mf/118632
118632,Nippon Large Cap,118632,Nippon India Large Cap Fund - Direct Plan Growth Plan - Growth Option,Nippon India Mutual Fund,Open Ended Schemes,Equity Scheme - Large Cap Fund,2025-02-18,89.5354,2026-06-23T05:29:58.847318+00:00,https://api.mfapi.in/mf/118632
118632,Nippon Large Cap,118632,Nippon India Large Cap Fund - Direct Plan Growth Plan - Growth Option,Nippon India Mutual Fund,Open Ended Schemes,Equity Scheme - Large Cap Fund,2025-02-17,89.5693,2026-06-23T05:29:58.847318+00:00,https://api.mfapi.in/mf/118632
118632,Nippon Large Cap,118632,Nippon India Large Cap Fund - Direct Plan Growth Plan - Growth Option,Nippon India Mutual Fund,Open Ended Schemes,Equity Scheme - Large Cap Fund,2025-02-14,89.5741,2026-06-23T05:29:58.847318+00:00,https://api.mfapi.in/mf/118632
118632,Nippon Large Cap,118632,Nippon India Large Cap Fund - Direct Plan Growth Plan - Growth Option,Nippon India Mutual Fund,Open Ended Schemes,Equity Scheme - Large Cap Fund,2025-02-13,90.3684,2026-06-23T05:29:58.847318+00:00,https://api.mfapi.in/mf/118632
118632,Nippon Large Cap,118632,Nippon India Large Cap Fund - Direct Plan Growth Plan - Growth Option,Nippon India Mutual Fund,Open Ended Schemes,Equity Scheme - Large Cap Fund,2025-02-12,90.3408,2026-06-23T05:29:58.847318+00:00,https://api.mfapi.in/mf/118632
118632,Nippon Large Cap,118632,Nippon India Large Cap Fund - Direct Plan Growth Plan - Growth Option,Nippon India Mutual Fund,Open Ended Schemes,Equity Scheme - Large Cap Fund,2025-02-11,90.5443,2026-06-23T05:29:58.847318+00:00,https://api.mfapi.in/mf/118632
118632,Nippon Large Cap,118632,Nippon India Large Cap Fund - Direct Plan Growth Plan - Growth Option,Nippon India Mutual Fund,Open Ended Schemes,Equity Scheme - Large Cap Fund,2025-02-10,92.1773,2026-06-23T05:29:58.847318+00:00,https://api.mfapi.in/mf/118632
118632,Nippon Large Cap,118632,Nippon India Large Cap Fund - Direct Plan Growth Plan - Growth Option,Nippon India Mutual Fund,Open Ended Schemes,Equity Scheme - Large Cap Fund,2025-02-07,93.319,2026-06-23T05:29:58.847318+00:00,https://api.mfapi.in/mf/118632
118632,Nippon Large Cap,118632,Nippon India Large Cap Fund - Direct Plan Growth Plan - Growth Option,Nippon India Mutual Fund,Open Ended Schemes,Equity Scheme - Large Cap Fund,2025-02-06,93.4896,2026-06-23T05:29:58.847318+00:00,https://api.mfapi.in/mf/118632
118632,Nippon Large Cap,118632,Nippon India Large Cap Fund - Direct Plan Growth Plan - Growth Option,Nippon India Mutual Fund,Open Ended Schemes,Equity Scheme - Large Cap Fund,2025-02-05,93.8883,2026-06-23T05:29:58.847318+00:00,https://api.mfapi.in/mf/118632
118632,Nippon Large Cap,118632,Nippon India Large Cap Fund - Direct Plan Growth Plan - Growth Option,Nippon India Mutual Fund,Open Ended Schemes,Equity Scheme - Large Cap Fund,2025-02-04,93.9231,2026-06-23T05:29:58.847318+00:00,https://api.mfapi.in/mf/118632
118632,Nippon Large Cap,118632,Nippon India Large Cap Fund - Direct Plan Growth Plan - Growth Option,Nippon India Mutual Fund,Open Ended Schemes,Equity Scheme - Large Cap Fund,2025-02-03,92.4237,2026-06-23T05:29:58.847318+00:00,https://api.mfapi.in/mf/118632
118632,Nippon Large Cap,118632,Nippon India Large Cap Fund - Direct Plan Growth Plan - Growth Option,Nippon India Mutual Fund,Open Ended Schemes,Equity Scheme - Large Cap Fund,2025-01-31,92.8772,2026-06-23T05:29:58.847318+00:00,https://api.mfapi.in/mf/118632
118632,Nippon Large Cap,118632,Nippon India Large Cap Fund - Direct Plan Growth Plan - Growth Option,Nippon India Mutual Fund,Open Ended Schemes,Equity Scheme - Large Cap Fund,2025-01-30,91.7379,2026-06-23T05:29:58.847318+00:00,https://api.mfapi.in/mf/118632
118632,Nippon Large Cap,118632,Nippon India Large Cap Fund - Direct Plan Growth Plan - Growth Option,Nippon India Mutual Fund,Open Ended Schemes,Equity Scheme - Large Cap Fund,2025-01-29,91.4688,2026-06-23T05:29:58.847318+00:00,https://api.mfapi.in/mf/118632
118632,Nippon Large Cap,118632,Nippon India Large Cap Fund - Direct Plan Growth Plan - Growth Option,Nippon India Mutual Fund,Open Ended Schemes,Equity Scheme - Large Cap Fund,2025-01-28,90.2227,2026-06-23T05:29:58.847318+00:00,https://api.mfapi.in/mf/118632
118632,Nippon Large Cap,118632,Nippon India Large Cap Fund - Direct Plan Growth Plan - Growth Option,Nippon India Mutual Fund,Open Ended Schemes,Equity Scheme - Large Cap Fund,2025-01-27,89.9694,2026-06-23T05:29:58.847318+00:00,https://api.mfapi.in/mf/118632
118632,Nippon Large Cap,118632,Nippon India Large Cap Fund - Direct Plan Growth Plan - Growth Option,Nippon India Mutual Fund,Open Ended Schemes,Equity Scheme - Large Cap Fund,2025-01-24,91.4588,2026-06-23T05:29:58.847318+00:00,https://api.mfapi.in/mf/118632
118632,Nippon Large Cap,118632,Nippon India Large Cap Fund - Direct Plan Growth Plan - Growth Option,Nippon India Mutual Fund,Open Ended Schemes,Equity Scheme - Large Cap Fund,2025-01-23,92.2667,2026-06-23T05:29:58.847318+00:00,https://api.mfapi.in/mf/118632
118632,Nippon Large Cap,118632,Nippon India Large Cap Fund - Direct Plan Growth Plan - Growth Option,Nippon India Mutual Fund,Open Ended Schemes,Equity Scheme - Large Cap Fund,2025-01-22,91.9229,2026-06-23T05:29:58.847318+00:00,https://api.mfapi.in/mf/118632
118632,Nippon Large Cap,118632,Nippon India Large Cap Fund - Direct Plan Growth Plan - Growth Option,Nippon India Mutual Fund,Open Ended Schemes,Equity Scheme - Large Cap Fund,2025-01-21,91.9008,2026-06-23T05:29:58.847318+00:00,https://api.mfapi.in/mf/118632
118632,Nippon Large Cap,118632,Nippon India Large Cap Fund - Direct Plan Growth Plan - Growth Option,Nippon India Mutual Fund,Open Ended Schemes,Equity Scheme - Large Cap Fund,2025-01-20,93.6339,2026-06-23T05:29:58.847318+00:00,https://api.mfapi.in/mf/118632
118632,Nippon Large Cap,118632,Nippon India Large Cap Fund - Direct Plan Growth Plan - Growth Option,Nippon India Mutual Fund,Open Ended Schemes,Equity Scheme - Large Cap Fund,2025-01-17,93.4158,2026-06-23T05:29:58.847318+00:00,https://api.mfapi.in/mf/118632
118632,Nippon Large Cap,118632,Nippon India Large Cap Fund - Direct Plan Growth Plan - Growth Option,Nippon India Mutual Fund,Open Ended Schemes,Equity Scheme - Large Cap Fund,2025-01-16,93.5764,2026-06-23T05:29:58.847318+00:00,https://api.mfapi.in/mf/118632
118632,Nippon Large Cap,118632,Nippon India Large Cap Fund - Direct Plan Growth Plan - Growth Option,Nippon India Mutual Fund,Open Ended Schemes,Equity Scheme - Large Cap Fund,2025-01-15,92.9463,2026-06-23T05:29:58.847318+00:00,https://api.mfapi.in/mf/118632
118632,Nippon Large Cap,118632,Nippon India Large Cap Fund - Direct Plan Growth Plan - Growth Option,Nippon India Mutual Fund,Open Ended Schemes,Equity Scheme - Large Cap Fund,2025-01-14,92.5951,2026-06-23T05:29:58.847318+00:00,https://api.mfapi.in/mf/118632
118632,Nippon Large Cap,118632,Nippon India Large Cap Fund - Direct Plan Growth Plan - Growth Option,Nippon India Mutual Fund,Open Ended Schemes,Equity Scheme - Large Cap Fund,2025-01-13,91.922,2026-06-23T05:29:58.847318+00:00,https://api.mfapi.in/mf/118632
118632,Nippon Large Cap,118632,Nippon India Large Cap Fund - Direct Plan Growth Plan - Growth Option,Nippon India Mutual Fund,Open Ended Schemes,Equity Scheme - Large Cap Fund,2025-01-10,93.7271,2026-06-23T05:29:58.847318+00:00,https://api.mfapi.in/mf/118632
118632,Nippon Large Cap,118632,Nippon India Large Cap Fund - Direct Plan Growth Plan - Growth Option,Nippon India Mutual Fund,Open Ended Schemes,Equity Scheme - Large Cap Fund,2025-01-09,94.581,2026-06-23T05:29:58.847318+00:00,https://api.mfapi.in/mf/118632
118632,Nippon Large Cap,118632,Nippon India Large Cap Fund - Direct Plan Growth Plan - Growth Option,Nippon India Mutual Fund,Open Ended Schemes,Equity Scheme - Large Cap Fund,2025-01-08,95.4138,2026-06-23T05:29:58.847318+00:00,https://api.mfapi.in/mf/118632
118632,Nippon Large Cap,118632,Nippon India Large Cap Fund - Direct Plan Growth Plan - Growth Option,Nippon India Mutual Fund,Open Ended Schemes,Equity Scheme - Large Cap Fund,2025-01-07,95.7436,2026-06-23T05:29:58.847318+00:00,https://api.mfapi.in/mf/118632
118632,Nippon Large Cap,118632,Nippon India Large Cap Fund - Direct Plan Growth Plan - Growth Option,Nippon India Mutual Fund,Open Ended Schemes,Equity Scheme - Large Cap Fund,2025-01-06,95.3266,2026-06-23T05:29:58.847318+00:00,https://api.mfapi.in/mf/118632
118632,Nippon Large Cap,118632,Nippon India Large Cap Fund - Direct Plan Growth Plan - Growth Option,Nippon India Mutual Fund,Open Ended Schemes,Equity Scheme - Large Cap Fund,2025-01-03,97.1671,2026-06-23T05:29:58.847318+00:00,https://api.mfapi.in/mf/118632
118632,Nippon Large Cap,118632,Nippon India Large Cap Fund - Direct Plan Growth Plan - Growth Option,Nippon India Mutual Fund,Open Ended Schemes,Equity Scheme - Large Cap Fund,2025-01-02,97.5681,2026-06-23T05:29:58.847318+00:00,https://api.mfapi.in/mf/118632
118632,Nippon Large Cap,118632,Nippon India Large Cap Fund - Direct Plan Growth Plan - Growth Option,Nippon India Mutual Fund,Open Ended Schemes,Equity Scheme - Large Cap Fund,2025-01-01,96.1113,2026-06-23T05:29:58.847318+00:00,https://api.mfapi.in/mf/118632
118632,Nippon Large Cap,118632,Nippon India Large Cap Fund - Direct Plan Growth Plan - Growth Option,Nippon India Mutual Fund,Open Ended Schemes,Equity Scheme - Large Cap Fund,2024-12-31,95.6932,2026-06-23T05:29:58.847318+00:00,https://api.mfapi.in/mf/118632
118632,Nippon Large Cap,118632,Nippon India Large Cap Fund - Direct Plan Growth Plan - Growth Option,Nippon India Mutual Fund,Open Ended Schemes,Equity Scheme - Large Cap Fund,2024-12-30,95.6777,2026-06-23T05:29:58.847318+00:00,https://api.mfapi.in/mf/118632
118632,Nippon Large Cap,118632,Nippon India Large Cap Fund - Direct Plan Growth Plan - Growth Option,Nippon India Mutual Fund,Open Ended Schemes,Equity Scheme - Large Cap Fund,2024-12-27,96.1819,2026-06-23T05:29:58.847318+00:00,https://api.mfapi.in/mf/118632
118632,Nippon Large Cap,118632,Nippon India Large Cap Fund - Direct Plan Growth Plan - Growth Option,Nippon India Mutual Fund,Open Ended Schemes,Equity Scheme - Large Cap Fund,2024-12-26,96.1901,2026-06-23T05:29:58.847318+00:00,https://api.mfapi.in/mf/118632
118632,Nippon Large Cap,118632,Nippon India Large Cap Fund - Direct Plan Growth Plan - Growth Option,Nippon India Mutual Fund,Open Ended Schemes,Equity Scheme - Large Cap Fund,2024-12-24,96.1467,2026-06-23T05:29:58.847318+00:00,https://api.mfapi.in/mf/118632
118632,Nippon Large Cap,118632,Nippon India Large Cap Fund - Direct Plan Growth Plan - Growth Option,Nippon India Mutual Fund,Open Ended Schemes,Equity Scheme - Large Cap Fund,2024-12-23,96.1694,2026-06-23T05:29:58.847318+00:00,https://api.mfapi.in/mf/118632
118632,Nippon Large Cap,118632,Nippon India Large Cap Fund - Direct Plan Growth Plan - Growth Option,Nippon India Mutual Fund,Open Ended Schemes,Equity Scheme - Large Cap Fund,2024-12-20,95.8415,2026-06-23T05:29:58.847318+00:00,https://api.mfapi.in/mf/118632
118632,Nippon Large Cap,118632,Nippon India Large Cap Fund - Direct Plan Growth Plan - Growth Option,Nippon India Mutual Fund,Open Ended Schemes,Equity Scheme - Large Cap Fund,2024-12-19,97.4275,2026-06-23T05:29:58.847318+00:00,https://api.mfapi.in/mf/118632
118632,Nippon Large Cap,118632,Nippon India Large Cap Fund - Direct Plan Growth Plan - Growth Option,Nippon India Mutual Fund,Open Ended Schemes,Equity Scheme - Large Cap Fund,2024-12-18,98.1827,2026-06-23T05:29:58.847318+00:00,https://api.mfapi.in/mf/118632
118632,Nippon Large Cap,118632,Nippon India Large Cap Fund - Direct Plan Growth Plan - Growth Option,Nippon India Mutual Fund,Open Ended Schemes,Equity Scheme - Large Cap Fund,2024-12-17,98.876,2026-06-23T05:29:58.847318+00:00,https://api.mfapi.in/mf/118632
118632,Nippon Large Cap,118632,Nippon India Large Cap Fund - Direct Plan Growth Plan - Growth Option,Nippon India Mutual Fund,Open Ended Schemes,Equity Scheme - Large Cap Fund,2024-12-16,99.805,2026-06-23T05:29:58.847318+00:00,https://api.mfapi.in/mf/118632
118632,Nippon Large Cap,118632,Nippon India Large Cap Fund - Direct Plan Growth Plan - Growth Option,Nippon India Mutual Fund,Open Ended Schemes,Equity Scheme - Large Cap Fund,2024-12-13,99.7847,2026-06-23T05:29:58.847318+00:00,https://api.mfapi.in/mf/118632
118632,Nippon Large Cap,118632,Nippon India Large Cap Fund - Direct Plan Growth Plan - Growth Option,Nippon India Mutual Fund,Open Ended Schemes,Equity Scheme - Large Cap Fund,2024-12-12,99.2226,2026-06-23T05:29:58.847318+00:00,https://api.mfapi.in/mf/118632
118632,Nippon Large Cap,118632,Nippon India Large Cap Fund - Direct Plan Growth Plan - Growth Option,Nippon India Mutual Fund,Open Ended Schemes,Equity Scheme - Large Cap Fund,2024-12-11,99.6289,2026-06-23T05:29:58.847318+00:00,https://api.mfapi.in/mf/118632
118632,Nippon Large Cap,118632,Nippon India Large Cap Fund - Direct Plan Growth Plan - Growth Option,Nippon India Mutual Fund,Open Ended Schemes,Equity Scheme - Large Cap Fund,2024-12-10,99.546,2026-06-23T05:29:58.847318+00:00,https://api.mfapi.in/mf/118632
118632,Nippon Large Cap,118632,Nippon India Large Cap Fund - Direct Plan Growth Plan - Growth Option,Nippon India Mutual Fund,Open Ended Schemes,Equity Scheme - Large Cap Fund,2024-12-09,99.5074,2026-06-23T05:29:58.847318+00:00,https://api.mfapi.in/mf/118632
118632,Nippon Large Cap,118632,Nippon India Large Cap Fund - Direct Plan Growth Plan - Growth Option,Nippon India Mutual Fund,Open Ended Schemes,Equity Scheme - Large Cap Fund,2024-12-06,99.6509,2026-06-23T05:29:58.847318+00:00,https://api.mfapi.in/mf/118632
118632,Nippon Large Cap,118632,Nippon India Large Cap Fund - Direct Plan Growth Plan - Growth Option,Nippon India Mutual Fund,Open Ended Schemes,Equity Scheme - Large Cap Fund,2024-12-05,99.4147,2026-06-23T05:29:58.847318+00:00,https://api.mfapi.in/mf/118632
118632,Nippon Large Cap,118632,Nippon India Large Cap Fund - Direct Plan Growth Plan - Growth Option,Nippon India Mutual Fund,Open Ended Schemes,Equity Scheme - Large Cap Fund,2024-12-04,98.6536,2026-06-23T05:29:58.847318+00:00,https://api.mfapi.in/mf/118632
118632,Nippon Large Cap,118632,Nippon India Large Cap Fund - Direct Plan Growth Plan - Growth Option,Nippon India Mutual Fund,Open Ended Schemes,Equity Scheme - Large Cap Fund,2024-12-03,98.2022,2026-06-23T05:29:58.847318+00:00,https://api.mfapi.in/mf/118632
118632,Nippon Large Cap,118632,Nippon India Large Cap Fund - Direct Plan Growth Plan - Growth Option,Nippon India Mutual Fund,Open Ended Schemes,Equity Scheme - Large Cap Fund,2024-12-02,97.1205,2026-06-23T05:29:58.847318+00:00,https://api.mfapi.in/mf/118632
118632,Nippon Large Cap,118632,Nippon India Large Cap Fund - Direct Plan Growth Plan - Growth Option,Nippon India Mutual Fund,Open Ended Schemes,Equity Scheme - Large Cap Fund,2024-11-29,96.7197,2026-06-23T05:29:58.847318+00:00,https://api.mfapi.in/mf/118632
118632,Nippon Large Cap,118632,Nippon India Large Cap Fund - Direct Plan Growth Plan - Growth Option,Nippon India Mutual Fund,Open Ended Schemes,Equity Scheme - Large Cap Fund,2024-11-28,96.1824,2026-06-23T05:29:58.847318+00:00,https://api.mfapi.in/mf/118632
118632,Nippon Large Cap,118632,Nippon India Large Cap Fund - Direct Plan Growth Plan - Growth Option,Nippon India Mutual Fund,Open Ended Schemes,Equity Scheme - Large Cap Fund,2024-11-27,97.2127,2026-06-23T05:29:58.847318+00:00,https://api.mfapi.in/mf/118632
118632,Nippon Large Cap,118632,Nippon India Large Cap Fund - Direct Plan Growth Plan - Growth Option,Nippon India Mutual Fund,Open Ended Schemes,Equity Scheme - Large Cap Fund,2024-11-26,96.7895,2026-06-23T05:29:58.847318+00:00,https://api.mfapi.in/mf/118632
118632,Nippon Large Cap,118632,Nippon India Large Cap Fund - Direct Plan Growth Plan - Growth Option,Nippon India Mutual Fund,Open Ended Schemes,Equity Scheme - Large Cap Fund,2024-11-25,96.8798,2026-06-23T05:29:58.847318+00:00,https://api.mfapi.in/mf/118632
118632,Nippon Large Cap,118632,Nippon India Large Cap Fund - Direct Plan Growth Plan - Growth Option,Nippon India Mutual Fund,Open Ended Schemes,Equity Scheme - Large Cap Fund,2024-11-22,95.4297,2026-06-23T05:29:58.847318+00:00,https://api.mfapi.in/mf/118632
118632,Nippon Large Cap,118632,Nippon India Large Cap Fund - Direct Plan Growth Plan - Growth Option,Nippon India Mutual Fund,Open Ended Schemes,Equity Scheme - Large Cap Fund,2024-11-21,93.5182,2026-06-23T05:29:58.847318+00:00,https://api.mfapi.in/mf/118632
118632,Nippon Large Cap,118632,Nippon India Large Cap Fund - Direct Plan Growth Plan - Growth Option,Nippon India Mutual Fund,Open Ended Schemes,Equity Scheme - Large Cap Fund,2024-11-19,94.0998,2026-06-23T05:29:58.847318+00:00,https://api.mfapi.in/mf/118632
118632,Nippon Large Cap,118632,Nippon India Large Cap Fund - Direct Plan Growth Plan - Growth Option,Nippon India Mutual Fund,Open Ended Schemes,Equity Scheme - Large Cap Fund,2024-11-18,93.7894,2026-06-23T05:29:58.847318+00:00,https://api.mfapi.in/mf/118632
118632,Nippon Large Cap,118632,Nippon India Large Cap Fund - Direct Plan Growth Plan - Growth Option,Nippon India Mutual Fund,Open Ended Schemes,Equity Scheme - Large Cap Fund,2024-11-14,93.9927,2026-06-23T05:29:58.847318+00:00,https://api.mfapi.in/mf/118632
118632,Nippon Large Cap,118632,Nippon India Large Cap Fund - Direct Plan Growth Plan - Growth Option,Nippon India Mutual Fund,Open Ended Schemes,Equity Scheme - Large Cap Fund,2024-11-13,93.9405,2026-06-23T05:29:58.847318+00:00,https://api.mfapi.in/mf/118632
118632,Nippon Large Cap,118632,Nippon India Large Cap Fund - Direct Plan Growth Plan - Growth Option,Nippon India Mutual Fund,Open Ended Schemes,Equity Scheme - Large Cap Fund,2024-11-12,95.3799,2026-06-23T05:29:58.847318+00:00,https://api.mfapi.in/mf/118632
118632,Nippon Large Cap,118632,Nippon India Large Cap Fund - Direct Plan Growth Plan - Growth Option,Nippon India Mutual Fund,Open Ended Schemes,Equity Scheme - Large Cap Fund,2024-11-11,96.5738,2026-06-23T05:29:58.847318+00:00,https://api.mfapi.in/mf/118632
118632,Nippon Large Cap,118632,Nippon India Large Cap Fund - Direct Plan Growth Plan - Growth Option,Nippon India Mutual Fund,Open Ended Schemes,Equity Scheme - Large Cap Fund,2024-11-08,96.4406,2026-06-23T05:29:58.847318+00:00,https://api.mfapi.in/mf/118632
118632,Nippon Large Cap,118632,Nippon India Large Cap Fund - Direct Plan Growth Plan - Growth Option,Nippon India Mutual Fund,Open Ended Schemes,Equity Scheme - Large Cap Fund,2024-11-07,96.8112,2026-06-23T05:29:58.847318+00:00,https://api.mfapi.in/mf/118632
118632,Nippon Large Cap,118632,Nippon India Large Cap Fund - Direct Plan Growth Plan - Growth Option,Nippon India Mutual Fund,Open Ended Schemes,Equity Scheme - Large Cap Fund,2024-11-06,97.5614,2026-06-23T05:29:58.847318+00:00,https://api.mfapi.in/mf/118632
118632,Nippon Large Cap,118632,Nippon India Large Cap Fund - Direct Plan Growth Plan - Growth Option,Nippon India Mutual Fund,Open Ended Schemes,Equity Scheme - Large Cap Fund,2024-11-05,96.3891,2026-06-23T05:29:58.847318+00:00,https://api.mfapi.in/mf/118632
118632,Nippon Large Cap,118632,Nippon India Large Cap Fund - Direct Plan Growth Plan - Growth Option,Nippon India Mutual Fund,Open Ended Schemes,Equity Scheme - Large Cap Fund,2024-11-04,95.6366,2026-06-23T05:29:58.847318+00:00,https://api.mfapi.in/mf/118632
118632,Nippon Large Cap,118632,Nippon India Large Cap Fund - Direct Plan Growth Plan - Growth Option,Nippon India Mutual Fund,Open Ended Schemes,Equity Scheme - Large Cap Fund,2024-10-31,96.3789,2026-06-23T05:29:58.847318+00:00,https://api.mfapi.in/mf/118632
118632,Nippon Large Cap,118632,Nippon India Large Cap Fund - Direct Plan Growth Plan - Growth Option,Nippon India Mutual Fund,Open Ended Schemes,Equity Scheme - Large Cap Fund,2024-10-30,96.533,2026-06-23T05:29:58.847318+00:00,https://api.mfapi.in/mf/118632
118632,Nippon Large Cap,118632,Nippon India Large Cap Fund - Direct Plan Growth Plan - Growth Option,Nippon India Mutual Fund,Open Ended Schemes,Equity Scheme - Large Cap Fund,2024-10-29,96.8881,2026-06-23T05:29:58.847318+00:00,https://api.mfapi.in/mf/118632
118632,Nippon Large Cap,118632,Nippon India Large Cap Fund - Direct Plan Growth Plan - Growth Option,Nippon India Mutual Fund,Open Ended Schemes,Equity Scheme - Large Cap Fund,2024-10-28,96.0172,2026-06-23T05:29:58.847318+00:00,https://api.mfapi.in/mf/118632
118632,Nippon Large Cap,118632,Nippon India Large Cap Fund - Direct Plan Growth Plan - Growth Option,Nippon India Mutual Fund,Open Ended Schemes,Equity Scheme - Large Cap Fund,2024-10-25,95.6705,2026-06-23T05:29:58.847318+00:00,https://api.mfapi.in/mf/118632
118632,Nippon Large Cap,118632,Nippon India Large Cap Fund - Direct Plan Growth Plan - Growth Option,Nippon India Mutual Fund,Open Ended Schemes,Equity Scheme - Large Cap Fund,2024-10-24,96.5901,2026-06-23T05:29:58.847318+00:00,https://api.mfapi.in/mf/118632
118632,Nippon Large Cap,118632,Nippon India Large Cap Fund - Direct Plan Growth Plan - Growth Option,Nippon India Mutual Fund,Open Ended Schemes,Equity Scheme - Large Cap Fund,2024-10-23,96.7928,2026-06-23T05:29:58.847318+00:00,https://api.mfapi.in/mf/118632
118632,Nippon Large Cap,118632,Nippon India Large Cap Fund - Direct Plan Growth Plan - Growth Option,Nippon India Mutual Fund,Open Ended Schemes,Equity Scheme - Large Cap Fund,2024-10-22,96.8263,2026-06-23T05:29:58.847318+00:00,https://api.mfapi.in/mf/118632
118632,Nippon Large Cap,118632,Nippon India Large Cap Fund - Direct Plan Growth Plan - Growth Option,Nippon India Mutual Fund,Open Ended Schemes,Equity Scheme - Large Cap Fund,2024-10-21,98.4247,2026-06-23T05:29:58.847318+00:00,https://api.mfapi.in/mf/118632
118632,Nippon Large Cap,118632,Nippon India Large Cap Fund - Direct Plan Growth Plan - Growth Option,Nippon India Mutual Fund,Open Ended Schemes,Equity Scheme - Large Cap Fund,2024-10-18,98.9248,2026-06-23T05:29:58.847318+00:00,https://api.mfapi.in/mf/118632
118632,Nippon Large Cap,118632,Nippon India Large Cap Fund - Direct Plan Growth Plan - Growth Option,Nippon India Mutual Fund,Open Ended Schemes,Equity Scheme - Large Cap Fund,2024-10-17,98.6003,2026-06-23T05:29:58.847318+00:00,https://api.mfapi.in/mf/118632
118632,Nippon Large Cap,118632,Nippon India Large Cap Fund - Direct Plan Growth Plan - Growth Option,Nippon India Mutual Fund,Open Ended Schemes,Equity Scheme - Large Cap Fund,2024-10-16,99.5525,2026-06-23T05:29:58.847318+00:00,https://api.mfapi.in/mf/118632
118632,Nippon Large Cap,118632,Nippon India Large Cap Fund - Direct Plan Growth Plan - Growth Option,Nippon India Mutual Fund,Open Ended Schemes,Equity Scheme - Large Cap Fund,2024-10-15,99.6355,2026-06-23T05:29:58.847318+00:00,https://api.mfapi.in/mf/118632
118632,Nippon Large Cap,118632,Nippon India Large Cap Fund - Direct Plan Growth Plan - Growth Option,Nippon India Mutual Fund,Open Ended Schemes,Equity Scheme - Large Cap Fund,2024-10-14,99.6839,2026-06-23T05:29:58.847318+00:00,https://api.mfapi.in/mf/118632
118632,Nippon Large Cap,118632,Nippon India Large Cap Fund - Direct Plan Growth Plan - Growth Option,Nippon India Mutual Fund,Open Ended Schemes,Equity Scheme - Large Cap Fund,2024-10-11,99.139,2026-06-23T05:29:58.847318+00:00,https://api.mfapi.in/mf/118632
118632,Nippon Large Cap,118632,Nippon India Large Cap Fund - Direct Plan Growth Plan - Growth Option,Nippon India Mutual Fund,Open Ended Schemes,Equity Scheme - Large Cap Fund,2024-10-10,99.2685,2026-06-23T05:29:58.847318+00:00,https://api.mfapi.in/mf/118632
118632,Nippon Large Cap,118632,Nippon India Large Cap Fund - Direct Plan Growth Plan - Growth Option,Nippon India Mutual Fund,Open Ended Schemes,Equity Scheme - Large Cap Fund,2024-10-09,98.9923,2026-06-23T05:29:58.847318+00:00,https://api.mfapi.in/mf/118632
118632,Nippon Large Cap,118632,Nippon India Large Cap Fund - Direct Plan Growth Plan - Growth Option,Nippon India Mutual Fund,Open Ended Schemes,Equity Scheme - Large Cap Fund,2024-10-08,98.6381,2026-06-23T05:29:58.847318+00:00,https://api.mfapi.in/mf/118632
118632,Nippon Large Cap,118632,Nippon India Large Cap Fund - Direct Plan Growth Plan - Growth Option,Nippon India Mutual Fund,Open Ended Schemes,Equity Scheme - Large Cap Fund,2024-10-07,97.3987,2026-06-23T05:29:58.847318+00:00,https://api.mfapi.in/mf/118632
118632,Nippon Large Cap,118632,Nippon India Large Cap Fund - Direct Plan Growth Plan - Growth Option,Nippon India Mutual Fund,Open Ended Schemes,Equity Scheme - Large Cap Fund,2024-10-04,98.7098,2026-06-23T05:29:58.847318+00:00,https://api.mfapi.in/mf/118632
118632,Nippon Large Cap,118632,Nippon India Large Cap Fund - Direct Plan Growth Plan - Growth Option,Nippon India Mutual Fund,Open Ended Schemes,Equity Scheme - Large Cap Fund,2024-10-03,99.4889,2026-06-23T05:29:58.847318+00:00,https://api.mfapi.in/mf/118632
118632,Nippon Large Cap,118632,Nippon India Large Cap Fund - Direct Plan Growth Plan - Growth Option,Nippon India Mutual Fund,Open Ended Schemes,Equity Scheme - Large Cap Fund,2024-10-01,101.4323,2026-06-23T05:29:58.847318+00:00,https://api.mfapi.in/mf/118632
118632,Nippon Large Cap,118632,Nippon India Large Cap Fund - Direct Plan Growth Plan - Growth Option,Nippon India Mutual Fund,Open Ended Schemes,Equity Scheme - Large Cap Fund,2024-09-30,101.4475,2026-06-23T05:29:58.847318+00:00,https://api.mfapi.in/mf/118632
118632,Nippon Large Cap,118632,Nippon India Large Cap Fund - Direct Plan Growth Plan - Growth Option,Nippon India Mutual Fund,Open Ended Schemes,Equity Scheme - Large Cap Fund,2024-09-27,102.7061,2026-06-23T05:29:58.847318+00:00,https://api.mfapi.in/mf/118632
118632,Nippon Large Cap,118632,Nippon India Large Cap Fund - Direct Plan Growth Plan - Growth Option,Nippon India Mutual Fund,Open Ended Schemes,Equity Scheme - Large Cap Fund,2024-09-26,102.6658,2026-06-23T05:29:58.847318+00:00,https://api.mfapi.in/mf/118632
118632,Nippon Large Cap,118632,Nippon India Large Cap Fund - Direct Plan Growth Plan - Growth Option,Nippon India Mutual Fund,Open Ended Schemes,Equity Scheme - Large Cap Fund,2024-09-25,102.0413,2026-06-23T05:29:58.847318+00:00,https://api.mfapi.in/mf/118632
118632,Nippon Large Cap,118632,Nippon India Large Cap Fund - Direct Plan Growth Plan - Growth Option,Nippon India Mutual Fund,Open Ended Schemes,Equity Scheme - Large Cap Fund,2024-09-24,101.7456,2026-06-23T05:29:58.847318+00:00,https://api.mfapi.in/mf/118632
118632,Nippon Large Cap,118632,Nippon India Large Cap Fund - Direct Plan Growth Plan - Growth Option,Nippon India Mutual Fund,Open Ended Schemes,Equity Scheme - Large Cap Fund,2024-09-23,101.6433,2026-06-23T05:29:58.847318+00:00,https://api.mfapi.in/mf/118632
118632,Nippon Large Cap,118632,Nippon India Large Cap Fund - Direct Plan Growth Plan - Growth Option,Nippon India Mutual Fund,Open Ended Schemes,Equity Scheme - Large Cap Fund,2024-09-20,100.9598,2026-06-23T05:29:58.847318+00:00,https://api.mfapi.in/mf/118632
118632,Nippon Large Cap,118632,Nippon India Large Cap Fund - Direct Plan Growth Plan - Growth Option,Nippon India Mutual Fund,Open Ended Schemes,Equity Scheme - Large Cap Fund,2024-09-19,99.8842,2026-06-23T05:29:58.847318+00:00,https://api.mfapi.in/mf/118632
118632,Nippon Large Cap,118632,Nippon India Large Cap Fund - Direct Plan Growth Plan - Growth Option,Nippon India Mutual Fund,Open Ended Schemes,Equity Scheme - Large Cap Fund,2024-09-18,99.968,2026-06-23T05:29:58.847318+00:00,https://api.mfapi.in/mf/118632
118632,Nippon Large Cap,118632,Nippon India Large Cap Fund - Direct Plan Growth Plan - Growth Option,Nippon India Mutual Fund,Open Ended Schemes,Equity Scheme - Large Cap Fund,2024-09-17,100.0653,2026-06-23T05:29:58.847318+00:00,https://api.mfapi.in/mf/118632
118632,Nippon Large Cap,118632,Nippon India Large Cap Fund - Direct Plan Growth Plan - Growth Option,Nippon India Mutual Fund,Open Ended Schemes,Equity Scheme - Large Cap Fund,2024-09-16,100.114,2026-06-23T05:29:58.847318+00:00,https://api.mfapi.in/mf/118632
118632,Nippon Large Cap,118632,Nippon India Large Cap Fund - Direct Plan Growth Plan - Growth Option,Nippon India Mutual Fund,Open Ended Schemes,Equity Scheme - Large Cap Fund,2024-09-13,100.089,2026-06-23T05:29:58.847318+00:00,https://api.mfapi.in/mf/118632
118632,Nippon Large Cap,118632,Nippon India Large Cap Fund - Direct Plan Growth Plan - Growth Option,Nippon India Mutual Fund,Open Ended Schemes,Equity Scheme - Large Cap Fund,2024-09-12,100.2373,2026-06-23T05:29:58.847318+00:00,https://api.mfapi.in/mf/118632
118632,Nippon Large Cap,118632,Nippon India Large Cap Fund - Direct Plan Growth Plan - Growth Option,Nippon India Mutual Fund,Open Ended Schemes,Equity Scheme - Large Cap Fund,2024-09-11,98.7724,2026-06-23T05:29:58.847318+00:00,https://api.mfapi.in/mf/118632
118632,Nippon Large Cap,118632,Nippon India Large Cap Fund - Direct Plan Growth Plan - Growth Option,Nippon India Mutual Fund,Open Ended Schemes,Equity Scheme - Large Cap Fund,2024-09-10,99.2319,2026-06-23T05:29:58.847318+00:00,https://api.mfapi.in/mf/118632
118632,Nippon Large Cap,118632,Nippon India Large Cap Fund - Direct Plan Growth Plan - Growth Option,Nippon India Mutual Fund,Open Ended Schemes,Equity Scheme - Large Cap Fund,2024-09-09,98.4675,2026-06-23T05:29:58.847318+00:00,https://api.mfapi.in/mf/118632
118632,Nippon Large Cap,118632,Nippon India Large Cap Fund - Direct Plan Growth Plan - Growth Option,Nippon India Mutual Fund,Open Ended Schemes,Equity Scheme - Large Cap Fund,2024-09-06,98.076,2026-06-23T05:29:58.847318+00:00,https://api.mfapi.in/mf/118632
118632,Nippon Large Cap,118632,Nippon India Large Cap Fund - Direct Plan Growth Plan - Growth Option,Nippon India Mutual Fund,Open Ended Schemes,Equity Scheme - Large Cap Fund,2024-09-05,99.3569,2026-06-23T05:29:58.847318+00:00,https://api.mfapi.in/mf/118632
118632,Nippon Large Cap,118632,Nippon India Large Cap Fund - Direct Plan Growth Plan - Growth Option,Nippon India Mutual Fund,Open Ended Schemes,Equity Scheme - Large Cap Fund,2024-09-04,99.2067,2026-06-23T05:29:58.847318+00:00,https://api.mfapi.in/mf/118632
118632,Nippon Large Cap,118632,Nippon India Large Cap Fund - Direct Plan Growth Plan - Growth Option,Nippon India Mutual Fund,Open Ended Schemes,Equity Scheme - Large Cap Fund,2024-09-03,99.6805,2026-06-23T05:29:58.847318+00:00,https://api.mfapi.in/mf/118632
118632,Nippon Large Cap,118632,Nippon India Large Cap Fund - Direct Plan Growth Plan - Growth Option,Nippon India Mutual Fund,Open Ended Schemes,Equity Scheme - Large Cap Fund,2024-09-02,99.5227,2026-06-23T05:29:58.847318+00:00,https://api.mfapi.in/mf/118632
118632,Nippon Large Cap,118632,Nippon India Large Cap Fund - Direct Plan Growth Plan - Growth Option,Nippon India Mutual Fund,Open Ended Schemes,Equity Scheme - Large Cap Fund,2024-08-30,99.3996,2026-06-23T05:29:58.847318+00:00,https://api.mfapi.in/mf/118632
118632,Nippon Large Cap,118632,Nippon India Large Cap Fund - Direct Plan Growth Plan - Growth Option,Nippon India Mutual Fund,Open Ended Schemes,Equity Scheme - Large Cap Fund,2024-08-29,98.9127,2026-06-23T05:29:58.847318+00:00,https://api.mfapi.in/mf/118632
118632,Nippon Large Cap,118632,Nippon India Large Cap Fund - Direct Plan Growth Plan - Growth Option,Nippon India Mutual Fund,Open Ended Schemes,Equity Scheme - Large Cap Fund,2024-08-28,98.7789,2026-06-23T05:29:58.847318+00:00,https://api.mfapi.in/mf/118632
118632,Nippon Large Cap,118632,Nippon India Large Cap Fund - Direct Plan Growth Plan - Growth Option,Nippon India Mutual Fund,Open Ended Schemes,Equity Scheme - Large Cap Fund,2024-08-27,98.8747,2026-06-23T05:29:58.847318+00:00,https://api.mfapi.in/mf/118632
118632,Nippon Large Cap,118632,Nippon India Large Cap Fund - Direct Plan Growth Plan - Growth Option,Nippon India Mutual Fund,Open Ended Schemes,Equity Scheme - Large Cap Fund,2024-08-26,98.6268,2026-06-23T05:29:58.847318+00:00,https://api.mfapi.in/mf/118632
118632,Nippon Large Cap,118632,Nippon India Large Cap Fund - Direct Plan Growth Plan - Growth Option,Nippon India Mutual Fund,Open Ended Schemes,Equity Scheme - Large Cap Fund,2024-08-23,97.9385,2026-06-23T05:29:58.847318+00:00,https://api.mfapi.in/mf/118632
118632,Nippon Large Cap,118632,Nippon India Large Cap Fund - Direct Plan Growth Plan - Growth Option,Nippon India Mutual Fund,Open Ended Schemes,Equity Scheme - Large Cap Fund,2024-08-22,97.9738,2026-06-23T05:29:58.847318+00:00,https://api.mfapi.in/mf/118632
118632,Nippon Large Cap,118632,Nippon India Large Cap Fund - Direct Plan Growth Plan - Growth Option,Nippon India Mutual Fund,Open Ended Schemes,Equity Scheme - Large Cap Fund,2024-08-21,97.8326,2026-06-23T05:29:58.847318+00:00,https://api.mfapi.in/mf/118632
118632,Nippon Large Cap,118632,Nippon India Large Cap Fund - Direct Plan Growth Plan - Growth Option,Nippon India Mutual Fund,Open Ended Schemes,Equity Scheme - Large Cap Fund,2024-08-20,97.6125,2026-06-23T05:29:58.847318+00:00,https://api.mfapi.in/mf/118632
118632,Nippon Large Cap,118632,Nippon India Large Cap Fund - Direct Plan Growth Plan - Growth Option,Nippon India Mutual Fund,Open Ended Schemes,Equity Scheme - Large Cap Fund,2024-08-19,97.0611,2026-06-23T05:29:58.847318+00:00,https://api.mfapi.in/mf/118632
118632,Nippon Large Cap,118632,Nippon India Large Cap Fund - Direct Plan Growth Plan - Growth Option,Nippon India Mutual Fund,Open Ended Schemes,Equity Scheme - Large Cap Fund,2024-08-16,96.8796,2026-06-23T05:29:58.847318+00:00,https://api.mfapi.in/mf/118632
118632,Nippon Large Cap,118632,Nippon India Large Cap Fund - Direct Plan Growth Plan - Growth Option,Nippon India Mutual Fund,Open Ended Schemes,Equity Scheme - Large Cap Fund,2024-08-14,95.3783,2026-06-23T05:29:58.847318+00:00,https://api.mfapi.in/mf/118632
118632,Nippon Large Cap,118632,Nippon India Large Cap Fund - Direct Plan Growth Plan - Growth Option,Nippon India Mutual Fund,Open Ended Schemes,Equity Scheme - Large Cap Fund,2024-08-13,95.363,2026-06-23T05:29:58.847318+00:00,https://api.mfapi.in/mf/118632
118632,Nippon Large Cap,118632,Nippon India Large Cap Fund - Direct Plan Growth Plan - Growth Option,Nippon India Mutual Fund,Open Ended Schemes,Equity Scheme - Large Cap Fund,2024-08-12,96.4431,2026-06-23T05:29:58.847318+00:00,https://api.mfapi.in/mf/118632
118632,Nippon Large Cap,118632,Nippon India Large Cap Fund - Direct Plan Growth Plan - Growth Option,Nippon India Mutual Fund,Open Ended Schemes,Equity Scheme - Large Cap Fund,2024-08-09,96.6915,2026-06-23T05:29:58.847318+00:00,https://api.mfapi.in/mf/118632
118632,Nippon Large Cap,118632,Nippon India Large Cap Fund - Direct Plan Growth Plan - Growth Option,Nippon India Mutual Fund,Open Ended Schemes,Equity Scheme - Large Cap Fund,2024-08-08,95.9036,2026-06-23T05:29:58.847318+00:00,https://api.mfapi.in/mf/118632
118632,Nippon Large Cap,118632,Nippon India Large Cap Fund - Direct Plan Growth Plan - Growth Option,Nippon India Mutual Fund,Open Ended Schemes,Equity Scheme - Large Cap Fund,2024-08-07,96.5617,2026-06-23T05:29:58.847318+00:00,https://api.mfapi.in/mf/118632
118632,Nippon Large Cap,118632,Nippon India Large Cap Fund - Direct Plan Growth Plan - Growth Option,Nippon India Mutual Fund,Open Ended Schemes,Equity Scheme - Large Cap Fund,2024-08-06,95.1642,2026-06-23T05:29:58.847318+00:00,https://api.mfapi.in/mf/118632
118632,Nippon Large Cap,118632,Nippon India Large Cap Fund - Direct Plan Growth Plan - Growth Option,Nippon India Mutual Fund,Open Ended Schemes,Equity Scheme - Large Cap Fund,2024-08-05,95.6995,2026-06-23T05:29:58.847318+00:00,https://api.mfapi.in/mf/118632
118632,Nippon Large Cap,118632,Nippon India Large Cap Fund - Direct Plan Growth Plan - Growth Option,Nippon India Mutual Fund,Open Ended Schemes,Equity Scheme - Large Cap Fund,2024-08-02,98.3992,2026-06-23T05:29:58.847318+00:00,https://api.mfapi.in/mf/118632
118632,Nippon Large Cap,118632,Nippon India Large Cap Fund - Direct Plan Growth Plan - Growth Option,Nippon India Mutual Fund,Open Ended Schemes,Equity Scheme - Large Cap Fund,2024-08-01,99.1905,2026-06-23T05:29:58.847318+00:00,https://api.mfapi.in/mf/118632
118632,Nippon Large Cap,118632,Nippon India Large Cap Fund - Direct Plan Growth Plan - Growth Option,Nippon India Mutual Fund,Open Ended Schemes,Equity Scheme - Large Cap Fund,2024-07-31,99.038,2026-06-23T05:29:58.847318+00:00,https://api.mfapi.in/mf/118632
118632,Nippon Large Cap,118632,Nippon India Large Cap Fund - Direct Plan Growth Plan - Growth Option,Nippon India Mutual Fund,Open Ended Schemes,Equity Scheme - Large Cap Fund,2024-07-30,98.6802,2026-06-23T05:29:58.847318+00:00,https://api.mfapi.in/mf/118632
118632,Nippon Large Cap,118632,Nippon India Large Cap Fund - Direct Plan Growth Plan - Growth Option,Nippon India Mutual Fund,Open Ended Schemes,Equity Scheme - Large Cap Fund,2024-07-29,98.4839,2026-06-23T05:29:58.847318+00:00,https://api.mfapi.in/mf/118632
118632,Nippon Large Cap,118632,Nippon India Large Cap Fund - Direct Plan Growth Plan - Growth Option,Nippon India Mutual Fund,Open Ended Schemes,Equity Scheme - Large Cap Fund,2024-07-26,98.3111,2026-06-23T05:29:58.847318+00:00,https://api.mfapi.in/mf/118632
118632,Nippon Large Cap,118632,Nippon India Large Cap Fund - Direct Plan Growth Plan - Growth Option,Nippon India Mutual Fund,Open Ended Schemes,Equity Scheme - Large Cap Fund,2024-07-25,96.7323,2026-06-23T05:29:58.847318+00:00,https://api.mfapi.in/mf/118632
118632,Nippon Large Cap,118632,Nippon India Large Cap Fund - Direct Plan Growth Plan - Growth Option,Nippon India Mutual Fund,Open Ended Schemes,Equity Scheme - Large Cap Fund,2024-07-24,96.7617,2026-06-23T05:29:58.847318+00:00,https://api.mfapi.in/mf/118632
118632,Nippon Large Cap,118632,Nippon India Large Cap Fund - Direct Plan Growth Plan - Growth Option,Nippon India Mutual Fund,Open Ended Schemes,Equity Scheme - Large Cap Fund,2024-07-23,96.5445,2026-06-23T05:29:58.847318+00:00,https://api.mfapi.in/mf/118632
118632,Nippon Large Cap,118632,Nippon India Large Cap Fund - Direct Plan Growth Plan - Growth Option,Nippon India Mutual Fund,Open Ended Schemes,Equity Scheme - Large Cap Fund,2024-07-22,96.7013,2026-06-23T05:29:58.847318+00:00,https://api.mfapi.in/mf/118632
118632,Nippon Large Cap,118632,Nippon India Large Cap Fund - Direct Plan Growth Plan - Growth Option,Nippon India Mutual Fund,Open Ended Schemes,Equity Scheme - Large Cap Fund,2024-07-19,96.409,2026-06-23T05:29:58.847318+00:00,https://api.mfapi.in/mf/118632
118632,Nippon Large Cap,118632,Nippon India Large Cap Fund - Direct Plan Growth Plan - Growth Option,Nippon India Mutual Fund,Open Ended Schemes,Equity Scheme - Large Cap Fund,2024-07-18,97.7055,2026-06-23T05:29:58.847318+00:00,https://api.mfapi.in/mf/118632
118632,Nippon Large Cap,118632,Nippon India Large Cap Fund - Direct Plan Growth Plan - Growth Option,Nippon India Mutual Fund,Open Ended Schemes,Equity Scheme - Large Cap Fund,2024-07-16,97.4713,2026-06-23T05:29:58.847318+00:00,https://api.mfapi.in/mf/118632
118632,Nippon Large Cap,118632,Nippon India Large Cap Fund - Direct Plan Growth Plan - Growth Option,Nippon India Mutual Fund,Open Ended Schemes,Equity Scheme - Large Cap Fund,2024-07-15,97.7671,2026-06-23T05:29:58.847318+00:00,https://api.mfapi.in/mf/118632
118632,Nippon Large Cap,118632,Nippon India Large Cap Fund - Direct Plan Growth Plan - Growth Option,Nippon India Mutual Fund,Open Ended Schemes,Equity Scheme - Large Cap Fund,2024-07-12,97.3785,2026-06-23T05:29:58.847318+00:00,https://api.mfapi.in/mf/118632
118632,Nippon Large Cap,118632,Nippon India Large Cap Fund - Direct Plan Growth Plan - Growth Option,Nippon India Mutual Fund,Open Ended Schemes,Equity Scheme - Large Cap Fund,2024-07-11,97.096,2026-06-23T05:29:58.847318+00:00,https://api.mfapi.in/mf/118632
118632,Nippon Large Cap,118632,Nippon India Large Cap Fund - Direct Plan Growth Plan - Growth Option,Nippon India Mutual Fund,Open Ended Schemes,Equity Scheme - Large Cap Fund,2024-07-10,96.9845,2026-06-23T05:29:58.847318+00:00,https://api.mfapi.in/mf/118632
118632,Nippon Large Cap,118632,Nippon India Large Cap Fund - Direct Plan Growth Plan - Growth Option,Nippon India Mutual Fund,Open Ended Schemes,Equity Scheme - Large Cap Fund,2024-07-09,97.3311,2026-06-23T05:29:58.847318+00:00,https://api.mfapi.in/mf/118632
118632,Nippon Large Cap,118632,Nippon India Large Cap Fund - Direct Plan Growth Plan - Growth Option,Nippon India Mutual Fund,Open Ended Schemes,Equity Scheme - Large Cap Fund,2024-07-08,96.8647,2026-06-23T05:29:58.847318+00:00,https://api.mfapi.in/mf/118632
118632,Nippon Large Cap,118632,Nippon India Large Cap Fund - Direct Plan Growth Plan - Growth Option,Nippon India Mutual Fund,Open Ended Schemes,Equity Scheme - Large Cap Fund,2024-07-05,96.8297,2026-06-23T05:29:58.847318+00:00,https://api.mfapi.in/mf/118632
118632,Nippon Large Cap,118632,Nippon India Large Cap Fund - Direct Plan Growth Plan - Growth Option,Nippon India Mutual Fund,Open Ended Schemes,Equity Scheme - Large Cap Fund,2024-07-04,96.6688,2026-06-23T05:29:58.847318+00:00,https://api.mfapi.in/mf/118632
118632,Nippon Large Cap,118632,Nippon India Large Cap Fund - Direct Plan Growth Plan - Growth Option,Nippon India Mutual Fund,Open Ended Schemes,Equity Scheme - Large Cap Fund,2024-07-03,96.3988,2026-06-23T05:29:58.847318+00:00,https://api.mfapi.in/mf/118632
118632,Nippon Large Cap,118632,Nippon India Large Cap Fund - Direct Plan Growth Plan - Growth Option,Nippon India Mutual Fund,Open Ended Schemes,Equity Scheme - Large Cap Fund,2024-07-02,95.5824,2026-06-23T05:29:58.847318+00:00,https://api.mfapi.in/mf/118632
118632,Nippon Large Cap,118632,Nippon India Large Cap Fund - Direct Plan Growth Plan - Growth Option,Nippon India Mutual Fund,Open Ended Schemes,Equity Scheme - Large Cap Fund,2024-07-01,95.6996,2026-06-23T05:29:58.847318+00:00,https://api.mfapi.in/mf/118632
118632,Nippon Large Cap,118632,Nippon India Large Cap Fund - Direct Plan Growth Plan - Growth Option,Nippon India Mutual Fund,Open Ended Schemes,Equity Scheme - Large Cap Fund,2024-06-28,94.9416,2026-06-23T05:29:58.847318+00:00,https://api.mfapi.in/mf/118632
118632,Nippon Large Cap,118632,Nippon India Large Cap Fund - Direct Plan Growth Plan - Growth Option,Nippon India Mutual Fund,Open Ended Schemes,Equity Scheme - Large Cap Fund,2024-06-27,95.1237,2026-06-23T05:29:58.847318+00:00,https://api.mfapi.in/mf/118632
118632,Nippon Large Cap,118632,Nippon India Large Cap Fund - Direct Plan Growth Plan - Growth Option,Nippon India Mutual Fund,Open Ended Schemes,Equity Scheme - Large Cap Fund,2024-06-26,94.643,2026-06-23T05:29:58.847318+00:00,https://api.mfapi.in/mf/118632
118632,Nippon Large Cap,118632,Nippon India Large Cap Fund - Direct Plan Growth Plan - Growth Option,Nippon India Mutual Fund,Open Ended Schemes,Equity Scheme - Large Cap Fund,2024-06-25,94.3814,2026-06-23T05:29:58.847318+00:00,https://api.mfapi.in/mf/118632
118632,Nippon Large Cap,118632,Nippon India Large Cap Fund - Direct Plan Growth Plan - Growth Option,Nippon India Mutual Fund,Open Ended Schemes,Equity Scheme - Large Cap Fund,2024-06-24,93.7392,2026-06-23T05:29:58.847318+00:00,https://api.mfapi.in/mf/118632
118632,Nippon Large Cap,118632,Nippon India Large Cap Fund - Direct Plan Growth Plan - Growth Option,Nippon India Mutual Fund,Open Ended Schemes,Equity Scheme - Large Cap Fund,2024-06-21,93.5537,2026-06-23T05:29:58.847318+00:00,https://api.mfapi.in/mf/118632
118632,Nippon Large Cap,118632,Nippon India Large Cap Fund - Direct Plan Growth Plan - Growth Option,Nippon India Mutual Fund,Open Ended Schemes,Equity Scheme - Large Cap Fund,2024-06-20,93.8753,2026-06-23T05:29:58.847318+00:00,https://api.mfapi.in/mf/118632
118632,Nippon Large Cap,118632,Nippon India Large Cap Fund - Direct Plan Growth Plan - Growth Option,Nippon India Mutual Fund,Open Ended Schemes,Equity Scheme - Large Cap Fund,2024-06-19,93.5849,2026-06-23T05:29:58.847318+00:00,https://api.mfapi.in/mf/118632
118632,Nippon Large Cap,118632,Nippon India Large Cap Fund - Direct Plan Growth Plan - Growth Option,Nippon India Mutual Fund,Open Ended Schemes,Equity Scheme - Large Cap Fund,2024-06-18,93.803,2026-06-23T05:29:58.847318+00:00,https://api.mfapi.in/mf/118632
118632,Nippon Large Cap,118632,Nippon India Large Cap Fund - Direct Plan Growth Plan - Growth Option,Nippon India Mutual Fund,Open Ended Schemes,Equity Scheme - Large Cap Fund,2024-06-14,93.6567,2026-06-23T05:29:58.847318+00:00,https://api.mfapi.in/mf/118632
118632,Nippon Large Cap,118632,Nippon India Large Cap Fund - Direct Plan Growth Plan - Growth Option,Nippon India Mutual Fund,Open Ended Schemes,Equity Scheme - Large Cap Fund,2024-06-13,93.04,2026-06-23T05:29:58.847318+00:00,https://api.mfapi.in/mf/118632
118632,Nippon Large Cap,118632,Nippon India Large Cap Fund - Direct Plan Growth Plan - Growth Option,Nippon India Mutual Fund,Open Ended Schemes,Equity Scheme - Large Cap Fund,2024-06-12,92.5612,2026-06-23T05:29:58.847318+00:00,https://api.mfapi.in/mf/118632
118632,Nippon Large Cap,118632,Nippon India Large Cap Fund - Direct Plan Growth Plan - Growth Option,Nippon India Mutual Fund,Open Ended Schemes,Equity Scheme - Large Cap Fund,2024-06-11,92.1206,2026-06-23T05:29:58.847318+00:00,https://api.mfapi.in/mf/118632
118632,Nippon Large Cap,118632,Nippon India Large Cap Fund - Direct Plan Growth Plan - Growth Option,Nippon India Mutual Fund,Open Ended Schemes,Equity Scheme - Large Cap Fund,2024-06-10,92.0097,2026-06-23T05:29:58.847318+00:00,https://api.mfapi.in/mf/118632
118632,Nippon Large Cap,118632,Nippon India Large Cap Fund - Direct Plan Growth Plan - Growth Option,Nippon India Mutual Fund,Open Ended Schemes,Equity Scheme - Large Cap Fund,2024-06-07,91.8562,2026-06-23T05:29:58.847318+00:00,https://api.mfapi.in/mf/118632
118632,Nippon Large Cap,118632,Nippon India Large Cap Fund - Direct Plan Growth Plan - Growth Option,Nippon India Mutual Fund,Open Ended Schemes,Equity Scheme - Large Cap Fund,2024-06-06,90.1267,2026-06-23T05:29:58.847318+00:00,https://api.mfapi.in/mf/118632
118632,Nippon Large Cap,118632,Nippon India Large Cap Fund - Direct Plan Growth Plan - Growth Option,Nippon India Mutual Fund,Open Ended Schemes,Equity Scheme - Large Cap Fund,2024-06-05,89.1172,2026-06-23T05:29:58.847318+00:00,https://api.mfapi.in/mf/118632
118632,Nippon Large Cap,118632,Nippon India Large Cap Fund - Direct Plan Growth Plan - Growth Option,Nippon India Mutual Fund,Open Ended Schemes,Equity Scheme - Large Cap Fund,2024-06-04,86.3042,2026-06-23T05:29:58.847318+00:00,https://api.mfapi.in/mf/118632
118632,Nippon Large Cap,118632,Nippon India Large Cap Fund - Direct Plan Growth Plan - Growth Option,Nippon India Mutual Fund,Open Ended Schemes,Equity Scheme - Large Cap Fund,2024-06-03,92.4271,2026-06-23T05:29:58.847318+00:00,https://api.mfapi.in/mf/118632
118632,Nippon Large Cap,118632,Nippon India Large Cap Fund - Direct Plan Growth Plan - Growth Option,Nippon India Mutual Fund,Open Ended Schemes,Equity Scheme - Large Cap Fund,2024-05-31,89.4481,2026-06-23T05:29:58.847318+00:00,https://api.mfapi.in/mf/118632
118632,Nippon Large Cap,118632,Nippon India Large Cap Fund - Direct Plan Growth Plan - Growth Option,Nippon India Mutual Fund,Open Ended Schemes,Equity Scheme - Large Cap Fund,2024-05-30,88.9933,2026-06-23T05:29:58.847318+00:00,https://api.mfapi.in/mf/118632
118632,Nippon Large Cap,118632,Nippon India Large Cap Fund - Direct Plan Growth Plan - Growth Option,Nippon India Mutual Fund,Open Ended Schemes,Equity Scheme - Large Cap Fund,2024-05-29,89.6503,2026-06-23T05:29:58.847318+00:00,https://api.mfapi.in/mf/118632
118632,Nippon Large Cap,118632,Nippon India Large Cap Fund - Direct Plan Growth Plan - Growth Option,Nippon India Mutual Fund,Open Ended Schemes,Equity Scheme - Large Cap Fund,2024-05-28,90.4202,2026-06-23T05:29:58.847318+00:00,https://api.mfapi.in/mf/118632
118632,Nippon Large Cap,118632,Nippon India Large Cap Fund - Direct Plan Growth Plan - Growth Option,Nippon India Mutual Fund,Open Ended Schemes,Equity Scheme - Large Cap Fund,2024-05-27,90.7877,2026-06-23T05:29:58.847318+00:00,https://api.mfapi.in/mf/118632
118632,Nippon Large Cap,118632,Nippon India Large Cap Fund - Direct Plan Growth Plan - Growth Option,Nippon India Mutual Fund,Open Ended Schemes,Equity Scheme - Large Cap Fund,2024-05-24,90.914,2026-06-23T05:29:58.847318+00:00,https://api.mfapi.in/mf/118632
118632,Nippon Large Cap,118632,Nippon India Large Cap Fund - Direct Plan Growth Plan - Growth Option,Nippon India Mutual Fund,Open Ended Schemes,Equity Scheme - Large Cap Fund,2024-05-23,90.9572,2026-06-23T05:29:58.847318+00:00,https://api.mfapi.in/mf/118632
118632,Nippon Large Cap,118632,Nippon India Large Cap Fund - Direct Plan Growth Plan - Growth Option,Nippon India Mutual Fund,Open Ended Schemes,Equity Scheme - Large Cap Fund,2024-05-22,89.864,2026-06-23T05:29:58.847318+00:00,https://api.mfapi.in/mf/118632
118632,Nippon Large Cap,118632,Nippon India Large Cap Fund - Direct Plan Growth Plan - Growth Option,Nippon India Mutual Fund,Open Ended Schemes,Equity Scheme - Large Cap Fund,2024-05-21,89.5067,2026-06-23T05:29:58.847318+00:00,https://api.mfapi.in/mf/118632
118632,Nippon Large Cap,118632,Nippon India Large Cap Fund - Direct Plan Growth Plan - Growth Option,Nippon India Mutual Fund,Open Ended Schemes,Equity Scheme - Large Cap Fund,2024-05-17,89.1256,2026-06-23T05:29:58.847318+00:00,https://api.mfapi.in/mf/118632
118632,Nippon Large Cap,118632,Nippon India Large Cap Fund - Direct Plan Growth Plan - Growth Option,Nippon India Mutual Fund,Open Ended Schemes,Equity Scheme - Large Cap Fund,2024-05-16,88.7259,2026-06-23T05:29:58.847318+00:00,https://api.mfapi.in/mf/118632
118632,Nippon Large Cap,118632,Nippon India Large Cap Fund - Direct Plan Growth Plan - Growth Option,Nippon India Mutual Fund,Open Ended Schemes,Equity Scheme - Large Cap Fund,2024-05-15,87.8377,2026-06-23T05:29:58.847318+00:00,https://api.mfapi.in/mf/118632
118632,Nippon Large Cap,118632,Nippon India Large Cap Fund - Direct Plan Growth Plan - Growth Option,Nippon India Mutual Fund,Open Ended Schemes,Equity Scheme - Large Cap Fund,2024-05-14,87.6274,2026-06-23T05:29:58.847318+00:00,https://api.mfapi.in/mf/118632
118632,Nippon Large Cap,118632,Nippon India Large Cap Fund - Direct Plan Growth Plan - Growth Option,Nippon India Mutual Fund,Open Ended Schemes,Equity Scheme - Large Cap Fund,2024-05-13,87.174,2026-06-23T05:29:58.847318+00:00,https://api.mfapi.in/mf/118632
118632,Nippon Large Cap,118632,Nippon India Large Cap Fund - Direct Plan Growth Plan - Growth Option,Nippon India Mutual Fund,Open Ended Schemes,Equity Scheme - Large Cap Fund,2024-05-10,86.9891,2026-06-23T05:29:58.847318+00:00,https://api.mfapi.in/mf/118632
118632,Nippon Large Cap,118632,Nippon India Large Cap Fund - Direct Plan Growth Plan - Growth Option,Nippon India Mutual Fund,Open Ended Schemes,Equity Scheme - Large Cap Fund,2024-05-09,86.3547,2026-06-23T05:29:58.847318+00:00,https://api.mfapi.in/mf/118632
118632,Nippon Large Cap,118632,Nippon India Large Cap Fund - Direct Plan Growth Plan - Growth Option,Nippon India Mutual Fund,Open Ended Schemes,Equity Scheme - Large Cap Fund,2024-05-08,87.904,2026-06-23T05:29:58.847318+00:00,https://api.mfapi.in/mf/118632
118632,Nippon Large Cap,118632,Nippon India Large Cap Fund - Direct Plan Growth Plan - Growth Option,Nippon India Mutual Fund,Open Ended Schemes,Equity Scheme - Large Cap Fund,2024-05-07,87.7561,2026-06-23T05:29:58.847318+00:00,https://api.mfapi.in/mf/118632
118632,Nippon Large Cap,118632,Nippon India Large Cap Fund - Direct Plan Growth Plan - Growth Option,Nippon India Mutual Fund,Open Ended Schemes,Equity Scheme - Large Cap Fund,2024-05-06,88.3316,2026-06-23T05:29:58.847318+00:00,https://api.mfapi.in/mf/118632
118632,Nippon Large Cap,118632,Nippon India Large Cap Fund - Direct Plan Growth Plan - Growth Option,Nippon India Mutual Fund,Open Ended Schemes,Equity Scheme - Large Cap Fund,2024-05-03,88.739,2026-06-23T05:29:58.847318+00:00,https://api.mfapi.in/mf/118632
118632,Nippon Large Cap,118632,Nippon India Large Cap Fund - Direct Plan Growth Plan - Growth Option,Nippon India Mutual Fund,Open Ended Schemes,Equity Scheme - Large Cap Fund,2024-05-02,89.3246,2026-06-23T05:29:58.847318+00:00,https://api.mfapi.in/mf/118632
118632,Nippon Large Cap,118632,Nippon India Large Cap Fund - Direct Plan Growth Plan - Growth Option,Nippon India Mutual Fund,Open Ended Schemes,Equity Scheme - Large Cap Fund,2024-04-30,89.0926,2026-06-23T05:29:58.847318+00:00,https://api.mfapi.in/mf/118632
118632,Nippon Large Cap,118632,Nippon India Large Cap Fund - Direct Plan Growth Plan - Growth Option,Nippon India Mutual Fund,Open Ended Schemes,Equity Scheme - Large Cap Fund,2024-04-29,89.083,2026-06-23T05:29:58.847318+00:00,https://api.mfapi.in/mf/118632
118632,Nippon Large Cap,118632,Nippon India Large Cap Fund - Direct Plan Growth Plan - Growth Option,Nippon India Mutual Fund,Open Ended Schemes,Equity Scheme - Large Cap Fund,2024-04-26,88.1658,2026-06-23T05:29:58.847318+00:00,https://api.mfapi.in/mf/118632
118632,Nippon Large Cap,118632,Nippon India Large Cap Fund - Direct Plan Growth Plan - Growth Option,Nippon India Mutual Fund,Open Ended Schemes,Equity Scheme - Large Cap Fund,2024-04-25,88.6125,2026-06-23T05:29:58.847318+00:00,https://api.mfapi.in/mf/118632
118632,Nippon Large Cap,118632,Nippon India Large Cap Fund - Direct Plan Growth Plan - Growth Option,Nippon India Mutual Fund,Open Ended Schemes,Equity Scheme - Large Cap Fund,2024-04-24,87.7308,2026-06-23T05:29:58.847318+00:00,https://api.mfapi.in/mf/118632
118632,Nippon Large Cap,118632,Nippon India Large Cap Fund - Direct Plan Growth Plan - Growth Option,Nippon India Mutual Fund,Open Ended Schemes,Equity Scheme - Large Cap Fund,2024-04-23,87.5655,2026-06-23T05:29:58.847318+00:00,https://api.mfapi.in/mf/118632
118632,Nippon Large Cap,118632,Nippon India Large Cap Fund - Direct Plan Growth Plan - Growth Option,Nippon India Mutual Fund,Open Ended Schemes,Equity Scheme - Large Cap Fund,2024-04-22,87.4154,2026-06-23T05:29:58.847318+00:00,https://api.mfapi.in/mf/118632
118632,Nippon Large Cap,118632,Nippon India Large Cap Fund - Direct Plan Growth Plan - Growth Option,Nippon India Mutual Fund,Open Ended Schemes,Equity Scheme - Large Cap Fund,2024-04-19,86.5741,2026-06-23T05:29:58.847318+00:00,https://api.mfapi.in/mf/118632
118632,Nippon Large Cap,118632,Nippon India Large Cap Fund - Direct Plan Growth Plan - Growth Option,Nippon India Mutual Fund,Open Ended Schemes,Equity Scheme - Large Cap Fund,2024-04-18,85.9544,2026-06-23T05:29:58.847318+00:00,https://api.mfapi.in/mf/118632
118632,Nippon Large Cap,118632,Nippon India Large Cap Fund - Direct Plan Growth Plan - Growth Option,Nippon India Mutual Fund,Open Ended Schemes,Equity Scheme - Large Cap Fund,2024-04-16,86.4844,2026-06-23T05:29:58.847318+00:00,https://api.mfapi.in/mf/118632
118632,Nippon Large Cap,118632,Nippon India Large Cap Fund - Direct Plan Growth Plan - Growth Option,Nippon India Mutual Fund,Open Ended Schemes,Equity Scheme - Large Cap Fund,2024-04-15,86.7351,2026-06-23T05:29:58.847318+00:00,https://api.mfapi.in/mf/118632
118632,Nippon Large Cap,118632,Nippon India Large Cap Fund - Direct Plan Growth Plan - Growth Option,Nippon India Mutual Fund,Open Ended Schemes,Equity Scheme - Large Cap Fund,2024-04-12,87.8748,2026-06-23T05:29:58.847318+00:00,https://api.mfapi.in/mf/118632
118632,Nippon Large Cap,118632,Nippon India Large Cap Fund - Direct Plan Growth Plan - Growth Option,Nippon India Mutual Fund,Open Ended Schemes,Equity Scheme - Large Cap Fund,2024-04-10,88.6487,2026-06-23T05:29:58.847318+00:00,https://api.mfapi.in/mf/118632
118632,Nippon Large Cap,118632,Nippon India Large Cap Fund - Direct Plan Growth Plan - Growth Option,Nippon India Mutual Fund,Open Ended Schemes,Equity Scheme - Large Cap Fund,2024-04-09,88.3609,2026-06-23T05:29:58.847318+00:00,https://api.mfapi.in/mf/118632
118632,Nippon Large Cap,118632,Nippon India Large Cap Fund - Direct Plan Growth Plan - Growth Option,Nippon India Mutual Fund,Open Ended Schemes,Equity Scheme - Large Cap Fund,2024-04-08,88.4212,2026-06-23T05:29:58.847318+00:00,https://api.mfapi.in/mf/118632
118632,Nippon Large Cap,118632,Nippon India Large Cap Fund - Direct Plan Growth Plan - Growth Option,Nippon India Mutual Fund,Open Ended Schemes,Equity Scheme - Large Cap Fund,2024-04-05,87.8656,2026-06-23T05:29:58.847318+00:00,https://api.mfapi.in/mf/118632
118632,Nippon Large Cap,118632,Nippon India Large Cap Fund - Direct Plan Growth Plan - Growth Option,Nippon India Mutual Fund,Open Ended Schemes,Equity Scheme - Large Cap Fund,2024-04-04,87.5846,2026-06-23T05:29:58.847318+00:00,https://api.mfapi.in/mf/118632
118632,Nippon Large Cap,118632,Nippon India Large Cap Fund - Direct Plan Growth Plan - Growth Option,Nippon India Mutual Fund,Open Ended Schemes,Equity Scheme - Large Cap Fund,2024-04-03,87.3591,2026-06-23T05:29:58.847318+00:00,https://api.mfapi.in/mf/118632
118632,Nippon Large Cap,118632,Nippon India Large Cap Fund - Direct Plan Growth Plan - Growth Option,Nippon India Mutual Fund,Open Ended Schemes,Equity Scheme - Large Cap Fund,2024-04-02,87.1671,2026-06-23T05:29:58.847318+00:00,https://api.mfapi.in/mf/118632
118632,Nippon Large Cap,118632,Nippon India Large Cap Fund - Direct Plan Growth Plan - Growth Option,Nippon India Mutual Fund,Open Ended Schemes,Equity Scheme - Large Cap Fund,2024-04-01,87.1447,2026-06-23T05:29:58.847318+00:00,https://api.mfapi.in/mf/118632
118632,Nippon Large Cap,118632,Nippon India Large Cap Fund - Direct Plan Growth Plan - Growth Option,Nippon India Mutual Fund,Open Ended Schemes,Equity Scheme - Large Cap Fund,2024-03-31,86.2324,2026-06-23T05:29:58.847318+00:00,https://api.mfapi.in/mf/118632
118632,Nippon Large Cap,118632,Nippon India Large Cap Fund - Direct Plan Growth Plan - Growth Option,Nippon India Mutual Fund,Open Ended Schemes,Equity Scheme - Large Cap Fund,2024-03-28,86.2356,2026-06-23T05:29:58.847318+00:00,https://api.mfapi.in/mf/118632
118632,Nippon Large Cap,118632,Nippon India Large Cap Fund - Direct Plan Growth Plan - Growth Option,Nippon India Mutual Fund,Open Ended Schemes,Equity Scheme - Large Cap Fund,2024-03-27,85.4068,2026-06-23T05:29:58.847318+00:00,https://api.mfapi.in/mf/118632
118632,Nippon Large Cap,118632,Nippon India Large Cap Fund - Direct Plan Growth Plan - Growth Option,Nippon India Mutual Fund,Open Ended Schemes,Equity Scheme - Large Cap Fund,2024-03-26,85.0202,2026-06-23T05:29:58.847318+00:00,https://api.mfapi.in/mf/118632
118632,Nippon Large Cap,118632,Nippon India Large Cap Fund - Direct Plan Growth Plan - Growth Option,Nippon India Mutual Fund,Open Ended Schemes,Equity Scheme - Large Cap Fund,2024-03-22,84.8535,2026-06-23T05:29:58.847318+00:00,https://api.mfapi.in/mf/118632
118632,Nippon Large Cap,118632,Nippon India Large Cap Fund - Direct Plan Growth Plan - Growth Option,Nippon India Mutual Fund,Open Ended Schemes,Equity Scheme - Large Cap Fund,2024-03-21,84.4561,2026-06-23T05:29:58.847318+00:00,https://api.mfapi.in/mf/118632
118632,Nippon Large Cap,118632,Nippon India Large Cap Fund - Direct Plan Growth Plan - Growth Option,Nippon India Mutual Fund,Open Ended Schemes,Equity Scheme - Large Cap Fund,2024-03-20,83.3538,2026-06-23T05:29:58.847318+00:00,https://api.mfapi.in/mf/118632
118632,Nippon Large Cap,118632,Nippon India Large Cap Fund - Direct Plan Growth Plan - Growth Option,Nippon India Mutual Fund,Open Ended Schemes,Equity Scheme - Large Cap Fund,2024-03-19,83.1639,2026-06-23T05:29:58.847318+00:00,https://api.mfapi.in/mf/118632
118632,Nippon Large Cap,118632,Nippon India Large Cap Fund - Direct Plan Growth Plan - Growth Option,Nippon India Mutual Fund,Open Ended Schemes,Equity Scheme - Large Cap Fund,2024-03-18,83.9851,2026-06-23T05:29:58.847318+00:00,https://api.mfapi.in/mf/118632
118632,Nippon Large Cap,118632,Nippon India Large Cap Fund - Direct Plan Growth Plan - Growth Option,Nippon India Mutual Fund,Open Ended Schemes,Equity Scheme - Large Cap Fund,2024-03-15,83.6902,2026-06-23T05:29:58.847318+00:00,https://api.mfapi.in/mf/118632
118632,Nippon Large Cap,118632,Nippon India Large Cap Fund - Direct Plan Growth Plan - Growth Option,Nippon India Mutual Fund,Open Ended Schemes,Equity Scheme - Large Cap Fund,2024-03-14,84.0568,2026-06-23T05:29:58.847318+00:00,https://api.mfapi.in/mf/118632
118632,Nippon Large Cap,118632,Nippon India Large Cap Fund - Direct Plan Growth Plan - Growth Option,Nippon India Mutual Fund,Open Ended Schemes,Equity Scheme - Large Cap Fund,2024-03-13,83.42,2026-06-23T05:29:58.847318+00:00,https://api.mfapi.in/mf/118632
118632,Nippon Large Cap,118632,Nippon India Large Cap Fund - Direct Plan Growth Plan - Growth Option,Nippon India Mutual Fund,Open Ended Schemes,Equity Scheme - Large Cap Fund,2024-03-12,85.1058,2026-06-23T05:29:58.847318+00:00,https://api.mfapi.in/mf/118632
118632,Nippon Large Cap,118632,Nippon India Large Cap Fund - Direct Plan Growth Plan - Growth Option,Nippon India Mutual Fund,Open Ended Schemes,Equity Scheme - Large Cap Fund,2024-03-11,85.4384,2026-06-23T05:29:58.847318+00:00,https://api.mfapi.in/mf/118632
118632,Nippon Large Cap,118632,Nippon India Large Cap Fund - Direct Plan Growth Plan - Growth Option,Nippon India Mutual Fund,Open Ended Schemes,Equity Scheme - Large Cap Fund,2024-03-07,86.2429,2026-06-23T05:29:58.847318+00:00,https://api.mfapi.in/mf/118632
118632,Nippon Large Cap,118632,Nippon India Large Cap Fund - Direct Plan Growth Plan - Growth Option,Nippon India Mutual Fund,Open Ended Schemes,Equity Scheme - Large Cap Fund,2024-03-06,85.81,2026-06-23T05:29:58.847318+00:00,https://api.mfapi.in/mf/118632
118632,Nippon Large Cap,118632,Nippon India Large Cap Fund - Direct Plan Growth Plan - Growth Option,Nippon India Mutual Fund,Open Ended Schemes,Equity Scheme - Large Cap Fund,2024-03-05,85.8536,2026-06-23T05:29:58.847318+00:00,https://api.mfapi.in/mf/118632
118632,Nippon Large Cap,118632,Nippon India Large Cap Fund - Direct Plan Growth Plan - Growth Option,Nippon India Mutual Fund,Open Ended Schemes,Equity Scheme - Large Cap Fund,2024-03-04,85.8389,2026-06-23T05:29:58.847318+00:00,https://api.mfapi.in/mf/118632
118632,Nippon Large Cap,118632,Nippon India Large Cap Fund - Direct Plan Growth Plan - Growth Option,Nippon India Mutual Fund,Open Ended Schemes,Equity Scheme - Large Cap Fund,2024-03-01,85.3718,2026-06-23T05:29:58.847318+00:00,https://api.mfapi.in/mf/118632
118632,Nippon Large Cap,118632,Nippon India Large Cap Fund - Direct Plan Growth Plan - Growth Option,Nippon India Mutual Fund,Open Ended Schemes,Equity Scheme - Large Cap Fund,2024-02-29,84.0569,2026-06-23T05:29:58.847318+00:00,https://api.mfapi.in/mf/118632
118632,Nippon Large Cap,118632,Nippon India Large Cap Fund - Direct Plan Growth Plan - Growth Option,Nippon India Mutual Fund,Open Ended Schemes,Equity Scheme - Large Cap Fund,2024-02-28,83.6231,2026-06-23T05:29:58.847318+00:00,https://api.mfapi.in/mf/118632
118632,Nippon Large Cap,118632,Nippon India Large Cap Fund - Direct Plan Growth Plan - Growth Option,Nippon India Mutual Fund,Open Ended Schemes,Equity Scheme - Large Cap Fund,2024-02-27,84.5543,2026-06-23T05:29:58.847318+00:00,https://api.mfapi.in/mf/118632
118632,Nippon Large Cap,118632,Nippon India Large Cap Fund - Direct Plan Growth Plan - Growth Option,Nippon India Mutual Fund,Open Ended Schemes,Equity Scheme - Large Cap Fund,2024-02-26,84.4802,2026-06-23T05:29:58.847318+00:00,https://api.mfapi.in/mf/118632
118632,Nippon Large Cap,118632,Nippon India Large Cap Fund - Direct Plan Growth Plan - Growth Option,Nippon India Mutual Fund,Open Ended Schemes,Equity Scheme - Large Cap Fund,2024-02-23,84.6745,2026-06-23T05:29:58.847318+00:00,https://api.mfapi.in/mf/118632
118632,Nippon Large Cap,118632,Nippon India Large Cap Fund - Direct Plan Growth Plan - Growth Option,Nippon India Mutual Fund,Open Ended Schemes,Equity Scheme - Large Cap Fund,2024-02-22,84.4739,2026-06-23T05:29:58.847318+00:00,https://api.mfapi.in/mf/118632
118632,Nippon Large Cap,118632,Nippon India Large Cap Fund - Direct Plan Growth Plan - Growth Option,Nippon India Mutual Fund,Open Ended Schemes,Equity Scheme - Large Cap Fund,2024-02-21,83.7597,2026-06-23T05:29:58.847318+00:00,https://api.mfapi.in/mf/118632
118632,Nippon Large Cap,118632,Nippon India Large Cap Fund - Direct Plan Growth Plan - Growth Option,Nippon India Mutual Fund,Open Ended Schemes,Equity Scheme - Large Cap Fund,2024-02-20,84.0611,2026-06-23T05:29:58.847318+00:00,https://api.mfapi.in/mf/118632
118632,Nippon Large Cap,118632,Nippon India Large Cap Fund - Direct Plan Growth Plan - Growth Option,Nippon India Mutual Fund,Open Ended Schemes,Equity Scheme - Large Cap Fund,2024-02-19,83.7003,2026-06-23T05:29:58.847318+00:00,https://api.mfapi.in/mf/118632
118632,Nippon Large Cap,118632,Nippon India Large Cap Fund - Direct Plan Growth Plan - Growth Option,Nippon India Mutual Fund,Open Ended Schemes,Equity Scheme - Large Cap Fund,2024-02-16,83.5478,2026-06-23T05:29:58.847318+00:00,https://api.mfapi.in/mf/118632
118632,Nippon Large Cap,118632,Nippon India Large Cap Fund - Direct Plan Growth Plan - Growth Option,Nippon India Mutual Fund,Open Ended Schemes,Equity Scheme - Large Cap Fund,2024-02-15,83.1557,2026-06-23T05:29:58.847318+00:00,https://api.mfapi.in/mf/118632
118632,Nippon Large Cap,118632,Nippon India Large Cap Fund - Direct Plan Growth Plan - Growth Option,Nippon India Mutual Fund,Open Ended Schemes,Equity Scheme - Large Cap Fund,2024-02-14,82.8433,2026-06-23T05:29:58.847318+00:00,https://api.mfapi.in/mf/118632
118632,Nippon Large Cap,118632,Nippon India Large Cap Fund - Direct Plan Growth Plan - Growth Option,Nippon India Mutual Fund,Open Ended Schemes,Equity Scheme - Large Cap Fund,2024-02-13,82.1878,2026-06-23T05:29:58.847318+00:00,https://api.mfapi.in/mf/118632
118632,Nippon Large Cap,118632,Nippon India Large Cap Fund - Direct Plan Growth Plan - Growth Option,Nippon India Mutual Fund,Open Ended Schemes,Equity Scheme - Large Cap Fund,2024-02-12,81.6287,2026-06-23T05:29:58.847318+00:00,https://api.mfapi.in/mf/118632
118632,Nippon Large Cap,118632,Nippon India Large Cap Fund - Direct Plan Growth Plan - Growth Option,Nippon India Mutual Fund,Open Ended Schemes,Equity Scheme - Large Cap Fund,2024-02-09,82.8752,2026-06-23T05:29:58.847318+00:00,https://api.mfapi.in/mf/118632
118632,Nippon Large Cap,118632,Nippon India Large Cap Fund - Direct Plan Growth Plan - Growth Option,Nippon India Mutual Fund,Open Ended Schemes,Equity Scheme - Large Cap Fund,2024-02-08,82.5897,2026-06-23T05:29:58.847318+00:00,https://api.mfapi.in/mf/118632
118632,Nippon Large Cap,118632,Nippon India Large Cap Fund - Direct Plan Growth Plan - Growth Option,Nippon India Mutual Fund,Open Ended Schemes,Equity Scheme - Large Cap Fund,2024-02-07,83.0313,2026-06-23T05:29:58.847318+00:00,https://api.mfapi.in/mf/118632
118632,Nippon Large Cap,118632,Nippon India Large Cap Fund - Direct Plan Growth Plan - Growth Option,Nippon India Mutual Fund,Open Ended Schemes,Equity Scheme - Large Cap Fund,2024-02-06,82.272,2026-06-23T05:29:58.847318+00:00,https://api.mfapi.in/mf/118632
118632,Nippon Large Cap,118632,Nippon India Large Cap Fund - Direct Plan Growth Plan - Growth Option,Nippon India Mutual Fund,Open Ended Schemes,Equity Scheme - Large Cap Fund,2024-02-05,81.5416,2026-06-23T05:29:58.847318+00:00,https://api.mfapi.in/mf/118632
118632,Nippon Large Cap,118632,Nippon India Large Cap Fund - Direct Plan Growth Plan - Growth Option,Nippon India Mutual Fund,Open Ended Schemes,Equity Scheme - Large Cap Fund,2024-02-02,81.7841,2026-06-23T05:29:58.847318+00:00,https://api.mfapi.in/mf/118632
118632,Nippon Large Cap,118632,Nippon India Large Cap Fund - Direct Plan Growth Plan - Growth Option,Nippon India Mutual Fund,Open Ended Schemes,Equity Scheme - Large Cap Fund,2024-02-01,81.3917,2026-06-23T05:29:58.847318+00:00,https://api.mfapi.in/mf/118632
118632,Nippon Large Cap,118632,Nippon India Large Cap Fund - Direct Plan Growth Plan - Growth Option,Nippon India Mutual Fund,Open Ended Schemes,Equity Scheme - Large Cap Fund,2024-01-31,81.5148,2026-06-23T05:29:58.847318+00:00,https://api.mfapi.in/mf/118632
118632,Nippon Large Cap,118632,Nippon India Large Cap Fund - Direct Plan Growth Plan - Growth Option,Nippon India Mutual Fund,Open Ended Schemes,Equity Scheme - Large Cap Fund,2024-01-30,80.7813,2026-06-23T05:29:58.847318+00:00,https://api.mfapi.in/mf/118632
118632,Nippon Large Cap,118632,Nippon India Large Cap Fund - Direct Plan Growth Plan - Growth Option,Nippon India Mutual Fund,Open Ended Schemes,Equity Scheme - Large Cap Fund,2024-01-29,81.478,2026-06-23T05:29:58.847318+00:00,https://api.mfapi.in/mf/118632
118632,Nippon Large Cap,118632,Nippon India Large Cap Fund - Direct Plan Growth Plan - Growth Option,Nippon India Mutual Fund,Open Ended Schemes,Equity Scheme - Large Cap Fund,2024-01-25,80.1233,2026-06-23T05:29:58.847318+00:00,https://api.mfapi.in/mf/118632
118632,Nippon Large Cap,118632,Nippon India Large Cap Fund - Direct Plan Growth Plan - Growth Option,Nippon India Mutual Fund,Open Ended Schemes,Equity Scheme - Large Cap Fund,2024-01-24,80.3079,2026-06-23T05:29:58.847318+00:00,https://api.mfapi.in/mf/118632
118632,Nippon Large Cap,118632,Nippon India Large Cap Fund - Direct Plan Growth Plan - Growth Option,Nippon India Mutual Fund,Open Ended Schemes,Equity Scheme - Large Cap Fund,2024-01-23,79.3097,2026-06-23T05:29:58.847318+00:00,https://api.mfapi.in/mf/118632
118632,Nippon Large Cap,118632,Nippon India Large Cap Fund - Direct Plan Growth Plan - Growth Option,Nippon India Mutual Fund,Open Ended Schemes,Equity Scheme - Large Cap Fund,2024-01-19,81.0521,2026-06-23T05:29:58.847318+00:00,https://api.mfapi.in/mf/118632
118632,Nippon Large Cap,118632,Nippon India Large Cap Fund - Direct Plan Growth Plan - Growth Option,Nippon India Mutual Fund,Open Ended Schemes,Equity Scheme - Large Cap Fund,2024-01-18,80.2485,2026-06-23T05:29:58.847318+00:00,https://api.mfapi.in/mf/118632
118632,Nippon Large Cap,118632,Nippon India Large Cap Fund - Direct Plan Growth Plan - Growth Option,Nippon India Mutual Fund,Open Ended Schemes,Equity Scheme - Large Cap Fund,2024-01-17,80.4761,2026-06-23T05:29:58.847318+00:00,https://api.mfapi.in/mf/118632
118632,Nippon Large Cap,118632,Nippon India Large Cap Fund - Direct Plan Growth Plan - Growth Option,Nippon India Mutual Fund,Open Ended Schemes,Equity Scheme - Large Cap Fund,2024-01-16,82.0535,2026-06-23T05:29:58.847318+00:00,https://api.mfapi.in/mf/118632
118632,Nippon Large Cap,118632,Nippon India Large Cap Fund - Direct Plan Growth Plan - Growth Option,Nippon India Mutual Fund,Open Ended Schemes,Equity Scheme - Large Cap Fund,2024-01-15,82.2457,2026-06-23T05:29:58.847318+00:00,https://api.mfapi.in/mf/118632
118632,Nippon Large Cap,118632,Nippon India Large Cap Fund - Direct Plan Growth Plan - Growth Option,Nippon India Mutual Fund,Open Ended Schemes,Equity Scheme - Large Cap Fund,2024-01-12,81.7745,2026-06-23T05:29:58.847318+00:00,https://api.mfapi.in/mf/118632
118632,Nippon Large Cap,118632,Nippon India Large Cap Fund - Direct Plan Growth Plan - Growth Option,Nippon India Mutual Fund,Open Ended Schemes,Equity Scheme - Large Cap Fund,2024-01-11,81.1364,2026-06-23T05:29:58.847318+00:00,https://api.mfapi.in/mf/118632
118632,Nippon Large Cap,118632,Nippon India Large Cap Fund - Direct Plan Growth Plan - Growth Option,Nippon India Mutual Fund,Open Ended Schemes,Equity Scheme - Large Cap Fund,2024-01-10,80.8502,2026-06-23T05:29:58.847318+00:00,https://api.mfapi.in/mf/118632
118632,Nippon Large Cap,118632,Nippon India Large Cap Fund - Direct Plan Growth Plan - Growth Option,Nippon India Mutual Fund,Open Ended Schemes,Equity Scheme - Large Cap Fund,2024-01-09,80.6145,2026-06-23T05:29:58.847318+00:00,https://api.mfapi.in/mf/118632
118632,Nippon Large Cap,118632,Nippon India Large Cap Fund - Direct Plan Growth Plan - Growth Option,Nippon India Mutual Fund,Open Ended Schemes,Equity Scheme - Large Cap Fund,2024-01-08,80.3728,2026-06-23T05:29:58.847318+00:00,https://api.mfapi.in/mf/118632
118632,Nippon Large Cap,118632,Nippon India Large Cap Fund - Direct Plan Growth Plan - Growth Option,Nippon India Mutual Fund,Open Ended Schemes,Equity Scheme - Large Cap Fund,2024-01-05,81.059,2026-06-23T05:29:58.847318+00:00,https://api.mfapi.in/mf/118632
118632,Nippon Large Cap,118632,Nippon India Large Cap Fund - Direct Plan Growth Plan - Growth Option,Nippon India Mutual Fund,Open Ended Schemes,Equity Scheme - Large Cap Fund,2024-01-04,80.9262,2026-06-23T05:29:58.847318+00:00,https://api.mfapi.in/mf/118632
118632,Nippon Large Cap,118632,Nippon India Large Cap Fund - Direct Plan Growth Plan - Growth Option,Nippon India Mutual Fund,Open Ended Schemes,Equity Scheme - Large Cap Fund,2024-01-03,80.1318,2026-06-23T05:29:58.847318+00:00,https://api.mfapi.in/mf/118632
118632,Nippon Large Cap,118632,Nippon India Large Cap Fund - Direct Plan Growth Plan - Growth Option,Nippon India Mutual Fund,Open Ended Schemes,Equity Scheme - Large Cap Fund,2024-01-02,80.3585,2026-06-23T05:29:58.847318+00:00,https://api.mfapi.in/mf/118632
118632,Nippon Large Cap,118632,Nippon India Large Cap Fund - Direct Plan Growth Plan - Growth Option,Nippon India Mutual Fund,Open Ended Schemes,Equity Scheme - Large Cap Fund,2024-01-01,80.3877,2026-06-23T05:29:58.847318+00:00,https://api.mfapi.in/mf/118632
118632,Nippon Large Cap,118632,Nippon India Large Cap Fund - Direct Plan Growth Plan - Growth Option,Nippon India Mutual Fund,Open Ended Schemes,Equity Scheme - Large Cap Fund,2023-12-29,80.2143,2026-06-23T05:29:58.847318+00:00,https://api.mfapi.in/mf/118632
118632,Nippon Large Cap,118632,Nippon India Large Cap Fund - Direct Plan Growth Plan - Growth Option,Nippon India Mutual Fund,Open Ended Schemes,Equity Scheme - Large Cap Fund,2023-12-28,80.057,2026-06-23T05:29:58.847318+00:00,https://api.mfapi.in/mf/118632
118632,Nippon Large Cap,118632,Nippon India Large Cap Fund - Direct Plan Growth Plan - Growth Option,Nippon India Mutual Fund,Open Ended Schemes,Equity Scheme - Large Cap Fund,2023-12-27,79.6145,2026-06-23T05:29:58.847318+00:00,https://api.mfapi.in/mf/118632
118632,Nippon Large Cap,118632,Nippon India Large Cap Fund - Direct Plan Growth Plan - Growth Option,Nippon India Mutual Fund,Open Ended Schemes,Equity Scheme - Large Cap Fund,2023-12-26,78.9312,2026-06-23T05:29:58.847318+00:00,https://api.mfapi.in/mf/118632
118632,Nippon Large Cap,118632,Nippon India Large Cap Fund - Direct Plan Growth Plan - Growth Option,Nippon India Mutual Fund,Open Ended Schemes,Equity Scheme - Large Cap Fund,2023-12-22,78.7363,2026-06-23T05:29:58.847318+00:00,https://api.mfapi.in/mf/118632
118632,Nippon Large Cap,118632,Nippon India Large Cap Fund - Direct Plan Growth Plan - Growth Option,Nippon India Mutual Fund,Open Ended Schemes,Equity Scheme - Large Cap Fund,2023-12-21,78.4313,2026-06-23T05:29:58.847318+00:00,https://api.mfapi.in/mf/118632
118632,Nippon Large Cap,118632,Nippon India Large Cap Fund - Direct Plan Growth Plan - Growth Option,Nippon India Mutual Fund,Open Ended Schemes,Equity Scheme - Large Cap Fund,2023-12-20,77.874,2026-06-23T05:29:58.847318+00:00,https://api.mfapi.in/mf/118632
118632,Nippon Large Cap,118632,Nippon India Large Cap Fund - Direct Plan Growth Plan - Growth Option,Nippon India Mutual Fund,Open Ended Schemes,Equity Scheme - Large Cap Fund,2023-12-19,79.6031,2026-06-23T05:29:58.847318+00:00,https://api.mfapi.in/mf/118632
118632,Nippon Large Cap,118632,Nippon India Large Cap Fund - Direct Plan Growth Plan - Growth Option,Nippon India Mutual Fund,Open Ended Schemes,Equity Scheme - Large Cap Fund,2023-12-18,79.4904,2026-06-23T05:29:58.847318+00:00,https://api.mfapi.in/mf/118632
118632,Nippon Large Cap,118632,Nippon India Large Cap Fund - Direct Plan Growth Plan - Growth Option,Nippon India Mutual Fund,Open Ended Schemes,Equity Scheme - Large Cap Fund,2023-12-15,79.423,2026-06-23T05:29:58.847318+00:00,https://api.mfapi.in/mf/118632
118632,Nippon Large Cap,118632,Nippon India Large Cap Fund - Direct Plan Growth Plan - Growth Option,Nippon India Mutual Fund,Open Ended Schemes,Equity Scheme - Large Cap Fund,2023-12-14,78.5552,2026-06-23T05:29:58.847318+00:00,https://api.mfapi.in/mf/118632
118632,Nippon Large Cap,118632,Nippon India Large Cap Fund - Direct Plan Growth Plan - Growth Option,Nippon India Mutual Fund,Open Ended Schemes,Equity Scheme - Large Cap Fund,2023-12-13,77.7474,2026-06-23T05:29:58.847318+00:00,https://api.mfapi.in/mf/118632
118632,Nippon Large Cap,118632,Nippon India Large Cap Fund - Direct Plan Growth Plan - Growth Option,Nippon India Mutual Fund,Open Ended Schemes,Equity Scheme - Large Cap Fund,2023-12-12,77.3349,2026-06-23T05:29:58.847318+00:00,https://api.mfapi.in/mf/118632
118632,Nippon Large Cap,118632,Nippon India Large Cap Fund - Direct Plan Growth Plan - Growth Option,Nippon India Mutual Fund,Open Ended Schemes,Equity Scheme - Large Cap Fund,2023-12-11,77.584,2026-06-23T05:29:58.847318+00:00,https://api.mfapi.in/mf/118632
118632,Nippon Large Cap,118632,Nippon India Large Cap Fund - Direct Plan Growth Plan - Growth Option,Nippon India Mutual Fund,Open Ended Schemes,Equity Scheme - Large Cap Fund,2023-12-08,77.2576,2026-06-23T05:29:58.847318+00:00,https://api.mfapi.in/mf/118632
118632,Nippon Large Cap,118632,Nippon India Large Cap Fund - Direct Plan Growth Plan - Growth Option,Nippon India Mutual Fund,Open Ended Schemes,Equity Scheme - Large Cap Fund,2023-12-07,77.1094,2026-06-23T05:29:58.847318+00:00,https://api.mfapi.in/mf/118632
118632,Nippon Large Cap,118632,Nippon India Large Cap Fund - Direct Plan Growth Plan - Growth Option,Nippon India Mutual Fund,Open Ended Schemes,Equity Scheme - Large Cap Fund,2023-12-06,76.7791,2026-06-23T05:29:58.847318+00:00,https://api.mfapi.in/mf/118632
118632,Nippon Large Cap,118632,Nippon India Large Cap Fund - Direct Plan Growth Plan - Growth Option,Nippon India Mutual Fund,Open Ended Schemes,Equity Scheme - Large Cap Fund,2023-12-05,76.3652,2026-06-23T05:29:58.847318+00:00,https://api.mfapi.in/mf/118632
118632,Nippon Large Cap,118632,Nippon India Large Cap Fund - Direct Plan Growth Plan - Growth Option,Nippon India Mutual Fund,Open Ended Schemes,Equity Scheme - Large Cap Fund,2023-12-04,76.0297,2026-06-23T05:29:58.847318+00:00,https://api.mfapi.in/mf/118632
118632,Nippon Large Cap,118632,Nippon India Large Cap Fund - Direct Plan Growth Plan - Growth Option,Nippon India Mutual Fund,Open Ended Schemes,Equity Scheme - Large Cap Fund,2023-12-01,74.703,2026-06-23T05:29:58.847318+00:00,https://api.mfapi.in/mf/118632
118632,Nippon Large Cap,118632,Nippon India Large Cap Fund - Direct Plan Growth Plan - Growth Option,Nippon India Mutual Fund,Open Ended Schemes,Equity Scheme - Large Cap Fund,2023-11-30,73.9678,2026-06-23T05:29:58.847318+00:00,https://api.mfapi.in/mf/118632
118632,Nippon Large Cap,118632,Nippon India Large Cap Fund - Direct Plan Growth Plan - Growth Option,Nippon India Mutual Fund,Open Ended Schemes,Equity Scheme - Large Cap Fund,2023-11-29,73.7259,2026-06-23T05:29:58.847318+00:00,https://api.mfapi.in/mf/118632
118632,Nippon Large Cap,118632,Nippon India Large Cap Fund - Direct Plan Growth Plan - Growth Option,Nippon India Mutual Fund,Open Ended Schemes,Equity Scheme - Large Cap Fund,2023-11-28,73.0792,2026-06-23T05:29:58.847318+00:00,https://api.mfapi.in/mf/118632
118632,Nippon Large Cap,118632,Nippon India Large Cap Fund - Direct Plan Growth Plan - Growth Option,Nippon India Mutual Fund,Open Ended Schemes,Equity Scheme - Large Cap Fund,2023-11-24,72.6677,2026-06-23T05:29:58.847318+00:00,https://api.mfapi.in/mf/118632
118632,Nippon Large Cap,118632,Nippon India Large Cap Fund - Direct Plan Growth Plan - Growth Option,Nippon India Mutual Fund,Open Ended Schemes,Equity Scheme - Large Cap Fund,2023-11-23,72.6659,2026-06-23T05:29:58.847318+00:00,https://api.mfapi.in/mf/118632
118632,Nippon Large Cap,118632,Nippon India Large Cap Fund - Direct Plan Growth Plan - Growth Option,Nippon India Mutual Fund,Open Ended Schemes,Equity Scheme - Large Cap Fund,2023-11-22,72.6229,2026-06-23T05:29:58.847318+00:00,https://api.mfapi.in/mf/118632
118632,Nippon Large Cap,118632,Nippon India Large Cap Fund - Direct Plan Growth Plan - Growth Option,Nippon India Mutual Fund,Open Ended Schemes,Equity Scheme - Large Cap Fund,2023-11-21,72.7049,2026-06-23T05:29:58.847318+00:00,https://api.mfapi.in/mf/118632
118632,Nippon Large Cap,118632,Nippon India Large Cap Fund - Direct Plan Growth Plan - Growth Option,Nippon India Mutual Fund,Open Ended Schemes,Equity Scheme - Large Cap Fund,2023-11-20,72.4675,2026-06-23T05:29:58.847318+00:00,https://api.mfapi.in/mf/118632
118632,Nippon Large Cap,118632,Nippon India Large Cap Fund - Direct Plan Growth Plan - Growth Option,Nippon India Mutual Fund,Open Ended Schemes,Equity Scheme - Large Cap Fund,2023-11-17,72.556,2026-06-23T05:29:58.847318+00:00,https://api.mfapi.in/mf/118632
118632,Nippon Large Cap,118632,Nippon India Large Cap Fund - Direct Plan Growth Plan - Growth Option,Nippon India Mutual Fund,Open Ended Schemes,Equity Scheme - Large Cap Fund,2023-11-16,72.7496,2026-06-23T05:29:58.847318+00:00,https://api.mfapi.in/mf/118632
118632,Nippon Large Cap,118632,Nippon India Large Cap Fund - Direct Plan Growth Plan - Growth Option,Nippon India Mutual Fund,Open Ended Schemes,Equity Scheme - Large Cap Fund,2023-11-15,72.4739,2026-06-23T05:29:58.847318+00:00,https://api.mfapi.in/mf/118632
118632,Nippon Large Cap,118632,Nippon India Large Cap Fund - Direct Plan Growth Plan - Growth Option,Nippon India Mutual Fund,Open Ended Schemes,Equity Scheme - Large Cap Fund,2023-11-13,71.9087,2026-06-23T05:29:58.847318+00:00,https://api.mfapi.in/mf/118632
118632,Nippon Large Cap,118632,Nippon India Large Cap Fund - Direct Plan Growth Plan - Growth Option,Nippon India Mutual Fund,Open Ended Schemes,Equity Scheme - Large Cap Fund,2023-11-10,71.6976,2026-06-23T05:29:58.847318+00:00,https://api.mfapi.in/mf/118632
118632,Nippon Large Cap,118632,Nippon India Large Cap Fund - Direct Plan Growth Plan - Growth Option,Nippon India Mutual Fund,Open Ended Schemes,Equity Scheme - Large Cap Fund,2023-11-09,71.6223,2026-06-23T05:29:58.847318+00:00,https://api.mfapi.in/mf/118632
118632,Nippon Large Cap,118632,Nippon India Large Cap Fund - Direct Plan Growth Plan - Growth Option,Nippon India Mutual Fund,Open Ended Schemes,Equity Scheme - Large Cap Fund,2023-11-08,71.8582,2026-06-23T05:29:58.847318+00:00,https://api.mfapi.in/mf/118632
118632,Nippon Large Cap,118632,Nippon India Large Cap Fund - Direct Plan Growth Plan - Growth Option,Nippon India Mutual Fund,Open Ended Schemes,Equity Scheme - Large Cap Fund,2023-11-07,71.692,2026-06-23T05:29:58.847318+00:00,https://api.mfapi.in/mf/118632
118632,Nippon Large Cap,118632,Nippon India Large Cap Fund - Direct Plan Growth Plan - Growth Option,Nippon India Mutual Fund,Open Ended Schemes,Equity Scheme - Large Cap Fund,2023-11-06,71.6717,2026-06-23T05:29:58.847318+00:00,https://api.mfapi.in/mf/118632
118632,Nippon Large Cap,118632,Nippon India Large Cap Fund - Direct Plan Growth Plan - Growth Option,Nippon India Mutual Fund,Open Ended Schemes,Equity Scheme - Large Cap Fund,2023-11-03,70.9984,2026-06-23T05:29:58.847318+00:00,https://api.mfapi.in/mf/118632
118632,Nippon Large Cap,118632,Nippon India Large Cap Fund - Direct Plan Growth Plan - Growth Option,Nippon India Mutual Fund,Open Ended Schemes,Equity Scheme - Large Cap Fund,2023-11-02,70.5127,2026-06-23T05:29:58.847318+00:00,https://api.mfapi.in/mf/118632
118632,Nippon Large Cap,118632,Nippon India Large Cap Fund - Direct Plan Growth Plan - Growth Option,Nippon India Mutual Fund,Open Ended Schemes,Equity Scheme - Large Cap Fund,2023-11-01,69.8843,2026-06-23T05:29:58.847318+00:00,https://api.mfapi.in/mf/118632
118632,Nippon Large Cap,118632,Nippon India Large Cap Fund - Direct Plan Growth Plan - Growth Option,Nippon India Mutual Fund,Open Ended Schemes,Equity Scheme - Large Cap Fund,2023-10-31,70.1022,2026-06-23T05:29:58.847318+00:00,https://api.mfapi.in/mf/118632
118632,Nippon Large Cap,118632,Nippon India Large Cap Fund - Direct Plan Growth Plan - Growth Option,Nippon India Mutual Fund,Open Ended Schemes,Equity Scheme - Large Cap Fund,2023-10-30,70.2094,2026-06-23T05:29:58.847318+00:00,https://api.mfapi.in/mf/118632
118632,Nippon Large Cap,118632,Nippon India Large Cap Fund - Direct Plan Growth Plan - Growth Option,Nippon India Mutual Fund,Open Ended Schemes,Equity Scheme - Large Cap Fund,2023-10-27,70.0343,2026-06-23T05:29:58.847318+00:00,https://api.mfapi.in/mf/118632
118632,Nippon Large Cap,118632,Nippon India Large Cap Fund - Direct Plan Growth Plan - Growth Option,Nippon India Mutual Fund,Open Ended Schemes,Equity Scheme - Large Cap Fund,2023-10-26,69.2151,2026-06-23T05:29:58.847318+00:00,https://api.mfapi.in/mf/118632
118632,Nippon Large Cap,118632,Nippon India Large Cap Fund - Direct Plan Growth Plan - Growth Option,Nippon India Mutual Fund,Open Ended Schemes,Equity Scheme - Large Cap Fund,2023-10-25,70.0111,2026-06-23T05:29:58.847318+00:00,https://api.mfapi.in/mf/118632
118632,Nippon Large Cap,118632,Nippon India Large Cap Fund - Direct Plan Growth Plan - Growth Option,Nippon India Mutual Fund,Open Ended Schemes,Equity Scheme - Large Cap Fund,2023-10-23,70.5159,2026-06-23T05:29:58.847318+00:00,https://api.mfapi.in/mf/118632
118632,Nippon Large Cap,118632,Nippon India Large Cap Fund - Direct Plan Growth Plan - Growth Option,Nippon India Mutual Fund,Open Ended Schemes,Equity Scheme - Large Cap Fund,2023-10-20,71.7026,2026-06-23T05:29:58.847318+00:00,https://api.mfapi.in/mf/118632
118632,Nippon Large Cap,118632,Nippon India Large Cap Fund - Direct Plan Growth Plan - Growth Option,Nippon India Mutual Fund,Open Ended Schemes,Equity Scheme - Large Cap Fund,2023-10-19,72.2182,2026-06-23T05:29:58.847318+00:00,https://api.mfapi.in/mf/118632
118632,Nippon Large Cap,118632,Nippon India Large Cap Fund - Direct Plan Growth Plan - Growth Option,Nippon India Mutual Fund,Open Ended Schemes,Equity Scheme - Large Cap Fund,2023-10-18,72.3949,2026-06-23T05:29:58.847318+00:00,https://api.mfapi.in/mf/118632
118632,Nippon Large Cap,118632,Nippon India Large Cap Fund - Direct Plan Growth Plan - Growth Option,Nippon India Mutual Fund,Open Ended Schemes,Equity Scheme - Large Cap Fund,2023-10-17,73.0238,2026-06-23T05:29:58.847318+00:00,https://api.mfapi.in/mf/118632
118632,Nippon Large Cap,118632,Nippon India Large Cap Fund - Direct Plan Growth Plan - Growth Option,Nippon India Mutual Fund,Open Ended Schemes,Equity Scheme - Large Cap Fund,2023-10-16,72.7253,2026-06-23T05:29:58.847318+00:00,https://api.mfapi.in/mf/118632
118632,Nippon Large Cap,118632,Nippon India Large Cap Fund - Direct Plan Growth Plan - Growth Option,Nippon India Mutual Fund,Open Ended Schemes,Equity Scheme - Large Cap Fund,2023-10-13,72.6009,2026-06-23T05:29:58.847318+00:00,https://api.mfapi.in/mf/118632
118632,Nippon Large Cap,118632,Nippon India Large Cap Fund - Direct Plan Growth Plan - Growth Option,Nippon India Mutual Fund,Open Ended Schemes,Equity Scheme - Large Cap Fund,2023-10-12,72.8206,2026-06-23T05:29:58.847318+00:00,https://api.mfapi.in/mf/118632
118632,Nippon Large Cap,118632,Nippon India Large Cap Fund - Direct Plan Growth Plan - Growth Option,Nippon India Mutual Fund,Open Ended Schemes,Equity Scheme - Large Cap Fund,2023-10-11,72.6358,2026-06-23T05:29:58.847318+00:00,https://api.mfapi.in/mf/118632
118632,Nippon Large Cap,118632,Nippon India Large Cap Fund - Direct Plan Growth Plan - Growth Option,Nippon India Mutual Fund,Open Ended Schemes,Equity Scheme - Large Cap Fund,2023-10-10,72.2501,2026-06-23T05:29:58.847318+00:00,https://api.mfapi.in/mf/118632
118632,Nippon Large Cap,118632,Nippon India Large Cap Fund - Direct Plan Growth Plan - Growth Option,Nippon India Mutual Fund,Open Ended Schemes,Equity Scheme - Large Cap Fund,2023-10-09,71.523,2026-06-23T05:29:58.847318+00:00,https://api.mfapi.in/mf/118632
118632,Nippon Large Cap,118632,Nippon India Large Cap Fund - Direct Plan Growth Plan - Growth Option,Nippon India Mutual Fund,Open Ended Schemes,Equity Scheme - Large Cap Fund,2023-10-06,72.2666,2026-06-23T05:29:58.847318+00:00,https://api.mfapi.in/mf/118632
118632,Nippon Large Cap,118632,Nippon India Large Cap Fund - Direct Plan Growth Plan - Growth Option,Nippon India Mutual Fund,Open Ended Schemes,Equity Scheme - Large Cap Fund,2023-10-05,71.8691,2026-06-23T05:29:58.847318+00:00,https://api.mfapi.in/mf/118632
118632,Nippon Large Cap,118632,Nippon India Large Cap Fund - Direct Plan Growth Plan - Growth Option,Nippon India Mutual Fund,Open Ended Schemes,Equity Scheme - Large Cap Fund,2023-10-04,71.4828,2026-06-23T05:29:58.847318+00:00,https://api.mfapi.in/mf/118632
118632,Nippon Large Cap,118632,Nippon India Large Cap Fund - Direct Plan Growth Plan - Growth Option,Nippon India Mutual Fund,Open Ended Schemes,Equity Scheme - Large Cap Fund,2023-10-03,72.158,2026-06-23T05:29:58.847318+00:00,https://api.mfapi.in/mf/118632
118632,Nippon Large Cap,118632,Nippon India Large Cap Fund - Direct Plan Growth Plan - Growth Option,Nippon India Mutual Fund,Open Ended Schemes,Equity Scheme - Large Cap Fund,2023-09-29,72.2725,2026-06-23T05:29:58.847318+00:00,https://api.mfapi.in/mf/118632
118632,Nippon Large Cap,118632,Nippon India Large Cap Fund - Direct Plan Growth Plan - Growth Option,Nippon India Mutual Fund,Open Ended Schemes,Equity Scheme - Large Cap Fund,2023-09-27,72.2487,2026-06-23T05:29:58.847318+00:00,https://api.mfapi.in/mf/118632
118632,Nippon Large Cap,118632,Nippon India Large Cap Fund - Direct Plan Growth Plan - Growth Option,Nippon India Mutual Fund,Open Ended Schemes,Equity Scheme - Large Cap Fund,2023-09-26,71.9923,2026-06-23T05:29:58.847318+00:00,https://api.mfapi.in/mf/118632
118632,Nippon Large Cap,118632,Nippon India Large Cap Fund - Direct Plan Growth Plan - Growth Option,Nippon India Mutual Fund,Open Ended Schemes,Equity Scheme - Large Cap Fund,2023-09-25,71.8946,2026-06-23T05:29:58.847318+00:00,https://api.mfapi.in/mf/118632
118632,Nippon Large Cap,118632,Nippon India Large Cap Fund - Direct Plan Growth Plan - Growth Option,Nippon India Mutual Fund,Open Ended Schemes,Equity Scheme - Large Cap Fund,2023-09-22,72.0196,2026-06-23T05:29:58.847318+00:00,https://api.mfapi.in/mf/118632
118632,Nippon Large Cap,118632,Nippon India Large Cap Fund - Direct Plan Growth Plan - Growth Option,Nippon India Mutual Fund,Open Ended Schemes,Equity Scheme - Large Cap Fund,2023-09-21,72.0463,2026-06-23T05:29:58.847318+00:00,https://api.mfapi.in/mf/118632
118632,Nippon Large Cap,118632,Nippon India Large Cap Fund - Direct Plan Growth Plan - Growth Option,Nippon India Mutual Fund,Open Ended Schemes,Equity Scheme - Large Cap Fund,2023-09-20,72.7731,2026-06-23T05:29:58.847318+00:00,https://api.mfapi.in/mf/118632
118632,Nippon Large Cap,118632,Nippon India Large Cap Fund - Direct Plan Growth Plan - Growth Option,Nippon India Mutual Fund,Open Ended Schemes,Equity Scheme - Large Cap Fund,2023-09-18,73.4681,2026-06-23T05:29:58.847318+00:00,https://api.mfapi.in/mf/118632
118632,Nippon Large Cap,118632,Nippon India Large Cap Fund - Direct Plan Growth Plan - Growth Option,Nippon India Mutual Fund,Open Ended Schemes,Equity Scheme - Large Cap Fund,2023-09-15,73.6158,2026-06-23T05:29:58.847318+00:00,https://api.mfapi.in/mf/118632
118632,Nippon Large Cap,118632,Nippon India Large Cap Fund - Direct Plan Growth Plan - Growth Option,Nippon India Mutual Fund,Open Ended Schemes,Equity Scheme - Large Cap Fund,2023-09-14,73.3808,2026-06-23T05:29:58.847318+00:00,https://api.mfapi.in/mf/118632
118632,Nippon Large Cap,118632,Nippon India Large Cap Fund - Direct Plan Growth Plan - Growth Option,Nippon India Mutual Fund,Open Ended Schemes,Equity Scheme - Large Cap Fund,2023-09-13,73.1441,2026-06-23T05:29:58.847318+00:00,https://api.mfapi.in/mf/118632
118632,Nippon Large Cap,118632,Nippon India Large Cap Fund - Direct Plan Growth Plan - Growth Option,Nippon India Mutual Fund,Open Ended Schemes,Equity Scheme - Large Cap Fund,2023-09-12,73.0049,2026-06-23T05:29:58.847318+00:00,https://api.mfapi.in/mf/118632
118632,Nippon Large Cap,118632,Nippon India Large Cap Fund - Direct Plan Growth Plan - Growth Option,Nippon India Mutual Fund,Open Ended Schemes,Equity Scheme - Large Cap Fund,2023-09-11,73.7256,2026-06-23T05:29:58.847318+00:00,https://api.mfapi.in/mf/118632
118632,Nippon Large Cap,118632,Nippon India Large Cap Fund - Direct Plan Growth Plan - Growth Option,Nippon India Mutual Fund,Open Ended Schemes,Equity Scheme - Large Cap Fund,2023-09-08,73.1125,2026-06-23T05:29:58.847318+00:00,https://api.mfapi.in/mf/118632
118632,Nippon Large Cap,118632,Nippon India Large Cap Fund - Direct Plan Growth Plan - Growth Option,Nippon India Mutual Fund,Open Ended Schemes,Equity Scheme - Large Cap Fund,2023-09-07,72.6174,2026-06-23T05:29:58.847318+00:00,https://api.mfapi.in/mf/118632
118632,Nippon Large Cap,118632,Nippon India Large Cap Fund - Direct Plan Growth Plan - Growth Option,Nippon India Mutual Fund,Open Ended Schemes,Equity Scheme - Large Cap Fund,2023-09-06,72.046,2026-06-23T05:29:58.847318+00:00,https://api.mfapi.in/mf/118632
118632,Nippon Large Cap,118632,Nippon India Large Cap Fund - Direct Plan Growth Plan - Growth Option,Nippon India Mutual Fund,Open Ended Schemes,Equity Scheme - Large Cap Fund,2023-09-05,71.8802,2026-06-23T05:29:58.847318+00:00,https://api.mfapi.in/mf/118632
118632,Nippon Large Cap,118632,Nippon India Large Cap Fund - Direct Plan Growth Plan - Growth Option,Nippon India Mutual Fund,Open Ended Schemes,Equity Scheme - Large Cap Fund,2023-09-04,71.717,2026-06-23T05:29:58.847318+00:00,https://api.mfapi.in/mf/118632
118632,Nippon Large Cap,118632,Nippon India Large Cap Fund - Direct Plan Growth Plan - Growth Option,Nippon India Mutual Fund,Open Ended Schemes,Equity Scheme - Large Cap Fund,2023-09-01,71.3664,2026-06-23T05:29:58.847318+00:00,https://api.mfapi.in/mf/118632
118632,Nippon Large Cap,118632,Nippon India Large Cap Fund - Direct Plan Growth Plan - Growth Option,Nippon India Mutual Fund,Open Ended Schemes,Equity Scheme - Large Cap Fund,2023-08-31,70.7276,2026-06-23T05:29:58.847318+00:00,https://api.mfapi.in/mf/118632
118632,Nippon Large Cap,118632,Nippon India Large Cap Fund - Direct Plan Growth Plan - Growth Option,Nippon India Mutual Fund,Open Ended Schemes,Equity Scheme - Large Cap Fund,2023-08-30,70.9019,2026-06-23T05:29:58.847318+00:00,https://api.mfapi.in/mf/118632
118632,Nippon Large Cap,118632,Nippon India Large Cap Fund - Direct Plan Growth Plan - Growth Option,Nippon India Mutual Fund,Open Ended Schemes,Equity Scheme - Large Cap Fund,2023-08-29,70.6185,2026-06-23T05:29:58.847318+00:00,https://api.mfapi.in/mf/118632
118632,Nippon Large Cap,118632,Nippon India Large Cap Fund - Direct Plan Growth Plan - Growth Option,Nippon India Mutual Fund,Open Ended Schemes,Equity Scheme - Large Cap Fund,2023-08-28,70.4455,2026-06-23T05:29:58.847318+00:00,https://api.mfapi.in/mf/118632
118632,Nippon Large Cap,118632,Nippon India Large Cap Fund - Direct Plan Growth Plan - Growth Option,Nippon India Mutual Fund,Open Ended Schemes,Equity Scheme - Large Cap Fund,2023-08-25,70.2294,2026-06-23T05:29:58.847318+00:00,https://api.mfapi.in/mf/118632
118632,Nippon Large Cap,118632,Nippon India Large Cap Fund - Direct Plan Growth Plan - Growth Option,Nippon India Mutual Fund,Open Ended Schemes,Equity Scheme - Large Cap Fund,2023-08-24,70.8594,2026-06-23T05:29:58.847318+00:00,https://api.mfapi.in/mf/118632
118632,Nippon Large Cap,118632,Nippon India Large Cap Fund - Direct Plan Growth Plan - Growth Option,Nippon India Mutual Fund,Open Ended Schemes,Equity Scheme - Large Cap Fund,2023-08-23,70.942,2026-06-23T05:29:58.847318+00:00,https://api.mfapi.in/mf/118632
118632,Nippon Large Cap,118632,Nippon India Large Cap Fund - Direct Plan Growth Plan - Growth Option,Nippon India Mutual Fund,Open Ended Schemes,Equity Scheme - Large Cap Fund,2023-08-22,70.5786,2026-06-23T05:29:58.847318+00:00,https://api.mfapi.in/mf/118632
118632,Nippon Large Cap,118632,Nippon India Large Cap Fund - Direct Plan Growth Plan - Growth Option,Nippon India Mutual Fund,Open Ended Schemes,Equity Scheme - Large Cap Fund,2023-08-21,70.284,2026-06-23T05:29:58.847318+00:00,https://api.mfapi.in/mf/118632
118632,Nippon Large Cap,118632,Nippon India Large Cap Fund - Direct Plan Growth Plan - Growth Option,Nippon India Mutual Fund,Open Ended Schemes,Equity Scheme - Large Cap Fund,2023-08-18,69.9331,2026-06-23T05:29:58.847318+00:00,https://api.mfapi.in/mf/118632
118632,Nippon Large Cap,118632,Nippon India Large Cap Fund - Direct Plan Growth Plan - Growth Option,Nippon India Mutual Fund,Open Ended Schemes,Equity Scheme - Large Cap Fund,2023-08-17,70.0785,2026-06-23T05:29:58.847318+00:00,https://api.mfapi.in/mf/118632
118632,Nippon Large Cap,118632,Nippon India Large Cap Fund - Direct Plan Growth Plan - Growth Option,Nippon India Mutual Fund,Open Ended Schemes,Equity Scheme - Large Cap Fund,2023-08-16,70.2973,2026-06-23T05:29:58.847318+00:00,https://api.mfapi.in/mf/118632
118632,Nippon Large Cap,118632,Nippon India Large Cap Fund - Direct Plan Growth Plan - Growth Option,Nippon India Mutual Fund,Open Ended Schemes,Equity Scheme - Large Cap Fund,2023-08-14,70.11,2026-06-23T05:29:58.847318+00:00,https://api.mfapi.in/mf/118632
118632,Nippon Large Cap,118632,Nippon India Large Cap Fund - Direct Plan Growth Plan - Growth Option,Nippon India Mutual Fund,Open Ended Schemes,Equity Scheme - Large Cap Fund,2023-08-11,70.33,2026-06-23T05:29:58.847318+00:00,https://api.mfapi.in/mf/118632
118632,Nippon Large Cap,118632,Nippon India Large Cap Fund - Direct Plan Growth Plan - Growth Option,Nippon India Mutual Fund,Open Ended Schemes,Equity Scheme - Large Cap Fund,2023-08-10,70.5498,2026-06-23T05:29:58.847318+00:00,https://api.mfapi.in/mf/118632
118632,Nippon Large Cap,118632,Nippon India Large Cap Fund - Direct Plan Growth Plan - Growth Option,Nippon India Mutual Fund,Open Ended Schemes,Equity Scheme - Large Cap Fund,2023-08-09,70.6852,2026-06-23T05:29:58.847318+00:00,https://api.mfapi.in/mf/118632
118632,Nippon Large Cap,118632,Nippon India Large Cap Fund - Direct Plan Growth Plan - Growth Option,Nippon India Mutual Fund,Open Ended Schemes,Equity Scheme - Large Cap Fund,2023-08-08,70.2574,2026-06-23T05:29:58.847318+00:00,https://api.mfapi.in/mf/118632
118632,Nippon Large Cap,118632,Nippon India Large Cap Fund - Direct Plan Growth Plan - Growth Option,Nippon India Mutual Fund,Open Ended Schemes,Equity Scheme - Large Cap Fund,2023-08-07,70.2492,2026-06-23T05:29:58.847318+00:00,https://api.mfapi.in/mf/118632
118632,Nippon Large Cap,118632,Nippon India Large Cap Fund - Direct Plan Growth Plan - Growth Option,Nippon India Mutual Fund,Open Ended Schemes,Equity Scheme - Large Cap Fund,2023-08-04,70.0645,2026-06-23T05:29:58.847318+00:00,https://api.mfapi.in/mf/118632
118632,Nippon Large Cap,118632,Nippon India Large Cap Fund - Direct Plan Growth Plan - Growth Option,Nippon India Mutual Fund,Open Ended Schemes,Equity Scheme - Large Cap Fund,2023-08-03,69.5471,2026-06-23T05:29:58.847318+00:00,https://api.mfapi.in/mf/118632
118632,Nippon Large Cap,118632,Nippon India Large Cap Fund - Direct Plan Growth Plan - Growth Option,Nippon India Mutual Fund,Open Ended Schemes,Equity Scheme - Large Cap Fund,2023-08-02,69.9106,2026-06-23T05:29:58.847318+00:00,https://api.mfapi.in/mf/118632
118632,Nippon Large Cap,118632,Nippon India Large Cap Fund - Direct Plan Growth Plan - Growth Option,Nippon India Mutual Fund,Open Ended Schemes,Equity Scheme - Large Cap Fund,2023-08-01,70.8398,2026-06-23T05:29:58.847318+00:00,https://api.mfapi.in/mf/118632
118632,Nippon Large Cap,118632,Nippon India Large Cap Fund - Direct Plan Growth Plan - Growth Option,Nippon India Mutual Fund,Open Ended Schemes,Equity Scheme - Large Cap Fund,2023-07-31,70.8107,2026-06-23T05:29:58.847318+00:00,https://api.mfapi.in/mf/118632
118632,Nippon Large Cap,118632,Nippon India Large Cap Fund - Direct Plan Growth Plan - Growth Option,Nippon India Mutual Fund,Open Ended Schemes,Equity Scheme - Large Cap Fund,2023-07-28,70.3768,2026-06-23T05:29:58.847318+00:00,https://api.mfapi.in/mf/118632
118632,Nippon Large Cap,118632,Nippon India Large Cap Fund - Direct Plan Growth Plan - Growth Option,Nippon India Mutual Fund,Open Ended Schemes,Equity Scheme - Large Cap Fund,2023-07-27,70.1686,2026-06-23T05:29:58.847318+00:00,https://api.mfapi.in/mf/118632
118632,Nippon Large Cap,118632,Nippon India Large Cap Fund - Direct Plan Growth Plan - Growth Option,Nippon India Mutual Fund,Open Ended Schemes,Equity Scheme - Large Cap Fund,2023-07-26,70.4141,2026-06-23T05:29:58.847318+00:00,https://api.mfapi.in/mf/118632
118632,Nippon Large Cap,118632,Nippon India Large Cap Fund - Direct Plan Growth Plan - Growth Option,Nippon India Mutual Fund,Open Ended Schemes,Equity Scheme - Large Cap Fund,2023-07-25,70.1493,2026-06-23T05:29:58.847318+00:00,https://api.mfapi.in/mf/118632
118632,Nippon Large Cap,118632,Nippon India Large Cap Fund - Direct Plan Growth Plan - Growth Option,Nippon India Mutual Fund,Open Ended Schemes,Equity Scheme - Large Cap Fund,2023-07-24,70.0057,2026-06-23T05:29:58.847318+00:00,https://api.mfapi.in/mf/118632
118632,Nippon Large Cap,118632,Nippon India Large Cap Fund - Direct Plan Growth Plan - Growth Option,Nippon India Mutual Fund,Open Ended Schemes,Equity Scheme - Large Cap Fund,2023-07-21,70.0801,2026-06-23T05:29:58.847318+00:00,https://api.mfapi.in/mf/118632
118632,Nippon Large Cap,118632,Nippon India Large Cap Fund - Direct Plan Growth Plan - Growth Option,Nippon India Mutual Fund,Open Ended Schemes,Equity Scheme - Large Cap Fund,2023-07-20,70.5303,2026-06-23T05:29:58.847318+00:00,https://api.mfapi.in/mf/118632
118632,Nippon Large Cap,118632,Nippon India Large Cap Fund - Direct Plan Growth Plan - Growth Option,Nippon India Mutual Fund,Open Ended Schemes,Equity Scheme - Large Cap Fund,2023-07-19,70.0835,2026-06-23T05:29:58.847318+00:00,https://api.mfapi.in/mf/118632
118632,Nippon Large Cap,118632,Nippon India Large Cap Fund - Direct Plan Growth Plan - Growth Option,Nippon India Mutual Fund,Open Ended Schemes,Equity Scheme - Large Cap Fund,2023-07-18,69.622,2026-06-23T05:29:58.847318+00:00,https://api.mfapi.in/mf/118632
118632,Nippon Large Cap,118632,Nippon India Large Cap Fund - Direct Plan Growth Plan - Growth Option,Nippon India Mutual Fund,Open Ended Schemes,Equity Scheme - Large Cap Fund,2023-07-17,69.6452,2026-06-23T05:29:58.847318+00:00,https://api.mfapi.in/mf/118632
118632,Nippon Large Cap,118632,Nippon India Large Cap Fund - Direct Plan Growth Plan - Growth Option,Nippon India Mutual Fund,Open Ended Schemes,Equity Scheme - Large Cap Fund,2023-07-14,69.1092,2026-06-23T05:29:58.847318+00:00,https://api.mfapi.in/mf/118632
118632,Nippon Large Cap,118632,Nippon India Large Cap Fund - Direct Plan Growth Plan - Growth Option,Nippon India Mutual Fund,Open Ended Schemes,Equity Scheme - Large Cap Fund,2023-07-13,68.6128,2026-06-23T05:29:58.847318+00:00,https://api.mfapi.in/mf/118632
118632,Nippon Large Cap,118632,Nippon India Large Cap Fund - Direct Plan Growth Plan - Growth Option,Nippon India Mutual Fund,Open Ended Schemes,Equity Scheme - Large Cap Fund,2023-07-12,68.7079,2026-06-23T05:29:58.847318+00:00,https://api.mfapi.in/mf/118632
118632,Nippon Large Cap,118632,Nippon India Large Cap Fund - Direct Plan Growth Plan - Growth Option,Nippon India Mutual Fund,Open Ended Schemes,Equity Scheme - Large Cap Fund,2023-07-11,68.6673,2026-06-23T05:29:58.847318+00:00,https://api.mfapi.in/mf/118632
118632,Nippon Large Cap,118632,Nippon India Large Cap Fund - Direct Plan Growth Plan - Growth Option,Nippon India Mutual Fund,Open Ended Schemes,Equity Scheme - Large Cap Fund,2023-07-10,68.2229,2026-06-23T05:29:58.847318+00:00,https://api.mfapi.in/mf/118632
118632,Nippon Large Cap,118632,Nippon India Large Cap Fund - Direct Plan Growth Plan - Growth Option,Nippon India Mutual Fund,Open Ended Schemes,Equity Scheme - Large Cap Fund,2023-07-07,68.2028,2026-06-23T05:29:58.847318+00:00,https://api.mfapi.in/mf/118632
118632,Nippon Large Cap,118632,Nippon India Large Cap Fund - Direct Plan Growth Plan - Growth Option,Nippon India Mutual Fund,Open Ended Schemes,Equity Scheme - Large Cap Fund,2023-07-06,68.5885,2026-06-23T05:29:58.847318+00:00,https://api.mfapi.in/mf/118632
118632,Nippon Large Cap,118632,Nippon India Large Cap Fund - Direct Plan Growth Plan - Growth Option,Nippon India Mutual Fund,Open Ended Schemes,Equity Scheme - Large Cap Fund,2023-07-05,68.231,2026-06-23T05:29:58.847318+00:00,https://api.mfapi.in/mf/118632
118632,Nippon Large Cap,118632,Nippon India Large Cap Fund - Direct Plan Growth Plan - Growth Option,Nippon India Mutual Fund,Open Ended Schemes,Equity Scheme - Large Cap Fund,2023-07-04,68.092,2026-06-23T05:29:58.847318+00:00,https://api.mfapi.in/mf/118632
118632,Nippon Large Cap,118632,Nippon India Large Cap Fund - Direct Plan Growth Plan - Growth Option,Nippon India Mutual Fund,Open Ended Schemes,Equity Scheme - Large Cap Fund,2023-07-03,68.0211,2026-06-23T05:29:58.847318+00:00,https://api.mfapi.in/mf/118632
118632,Nippon Large Cap,118632,Nippon India Large Cap Fund - Direct Plan Growth Plan - Growth Option,Nippon India Mutual Fund,Open Ended Schemes,Equity Scheme - Large Cap Fund,2023-06-30,67.5552,2026-06-23T05:29:58.847318+00:00,https://api.mfapi.in/mf/118632
118632,Nippon Large Cap,118632,Nippon India Large Cap Fund - Direct Plan Growth Plan - Growth Option,Nippon India Mutual Fund,Open Ended Schemes,Equity Scheme - Large Cap Fund,2023-06-28,66.822,2026-06-23T05:29:58.847318+00:00,https://api.mfapi.in/mf/118632
118632,Nippon Large Cap,118632,Nippon India Large Cap Fund - Direct Plan Growth Plan - Growth Option,Nippon India Mutual Fund,Open Ended Schemes,Equity Scheme - Large Cap Fund,2023-06-27,66.2575,2026-06-23T05:29:58.847318+00:00,https://api.mfapi.in/mf/118632
118632,Nippon Large Cap,118632,Nippon India Large Cap Fund - Direct Plan Growth Plan - Growth Option,Nippon India Mutual Fund,Open Ended Schemes,Equity Scheme - Large Cap Fund,2023-06-26,65.7673,2026-06-23T05:29:58.847318+00:00,https://api.mfapi.in/mf/118632
118632,Nippon Large Cap,118632,Nippon India Large Cap Fund - Direct Plan Growth Plan - Growth Option,Nippon India Mutual Fund,Open Ended Schemes,Equity Scheme - Large Cap Fund,2023-06-23,65.6157,2026-06-23T05:29:58.847318+00:00,https://api.mfapi.in/mf/118632
118632,Nippon Large Cap,118632,Nippon India Large Cap Fund - Direct Plan Growth Plan - Growth Option,Nippon India Mutual Fund,Open Ended Schemes,Equity Scheme - Large Cap Fund,2023-06-22,66.0767,2026-06-23T05:29:58.847318+00:00,https://api.mfapi.in/mf/118632
118632,Nippon Large Cap,118632,Nippon India Large Cap Fund - Direct Plan Growth Plan - Growth Option,Nippon India Mutual Fund,Open Ended Schemes,Equity Scheme - Large Cap Fund,2023-06-21,66.5774,2026-06-23T05:29:58.847318+00:00,https://api.mfapi.in/mf/118632
118632,Nippon Large Cap,118632,Nippon India Large Cap Fund - Direct Plan Growth Plan - Growth Option,Nippon India Mutual Fund,Open Ended Schemes,Equity Scheme - Large Cap Fund,2023-06-20,66.528,2026-06-23T05:29:58.847318+00:00,https://api.mfapi.in/mf/118632
118632,Nippon Large Cap,118632,Nippon India Large Cap Fund - Direct Plan Growth Plan - Growth Option,Nippon India Mutual Fund,Open Ended Schemes,Equity Scheme - Large Cap Fund,2023-06-19,66.2177,2026-06-23T05:29:58.847318+00:00,https://api.mfapi.in/mf/118632
118632,Nippon Large Cap,118632,Nippon India Large Cap Fund - Direct Plan Growth Plan - Growth Option,Nippon India Mutual Fund,Open Ended Schemes,Equity Scheme - Large Cap Fund,2023-06-16,66.4095,2026-06-23T05:29:58.847318+00:00,https://api.mfapi.in/mf/118632
118632,Nippon Large Cap,118632,Nippon India Large Cap Fund - Direct Plan Growth Plan - Growth Option,Nippon India Mutual Fund,Open Ended Schemes,Equity Scheme - Large Cap Fund,2023-06-15,65.8556,2026-06-23T05:29:58.847318+00:00,https://api.mfapi.in/mf/118632
118632,Nippon Large Cap,118632,Nippon India Large Cap Fund - Direct Plan Growth Plan - Growth Option,Nippon India Mutual Fund,Open Ended Schemes,Equity Scheme - Large Cap Fund,2023-06-14,66.1179,2026-06-23T05:29:58.847318+00:00,https://api.mfapi.in/mf/118632
118632,Nippon Large Cap,118632,Nippon India Large Cap Fund - Direct Plan Growth Plan - Growth Option,Nippon India Mutual Fund,Open Ended Schemes,Equity Scheme - Large Cap Fund,2023-06-13,66.0458,2026-06-23T05:29:58.847318+00:00,https://api.mfapi.in/mf/118632
118632,Nippon Large Cap,118632,Nippon India Large Cap Fund - Direct Plan Growth Plan - Growth Option,Nippon India Mutual Fund,Open Ended Schemes,Equity Scheme - Large Cap Fund,2023-06-12,65.5378,2026-06-23T05:29:58.847318+00:00,https://api.mfapi.in/mf/118632
118632,Nippon Large Cap,118632,Nippon India Large Cap Fund - Direct Plan Growth Plan - Growth Option,Nippon India Mutual Fund,Open Ended Schemes,Equity Scheme - Large Cap Fund,2023-06-09,65.3566,2026-06-23T05:29:58.847318+00:00,https://api.mfapi.in/mf/118632
118632,Nippon Large Cap,118632,Nippon India Large Cap Fund - Direct Plan Growth Plan - Growth Option,Nippon India Mutual Fund,Open Ended Schemes,Equity Scheme - Large Cap Fund,2023-06-08,65.5102,2026-06-23T05:29:58.847318+00:00,https://api.mfapi.in/mf/118632
118632,Nippon Large Cap,118632,Nippon India Large Cap Fund - Direct Plan Growth Plan - Growth Option,Nippon India Mutual Fund,Open Ended Schemes,Equity Scheme - Large Cap Fund,2023-06-07,65.8209,2026-06-23T05:29:58.847318+00:00,https://api.mfapi.in/mf/118632
118632,Nippon Large Cap,118632,Nippon India Large Cap Fund - Direct Plan Growth Plan - Growth Option,Nippon India Mutual Fund,Open Ended Schemes,Equity Scheme - Large Cap Fund,2023-06-06,65.2544,2026-06-23T05:29:58.847318+00:00,https://api.mfapi.in/mf/118632
118632,Nippon Large Cap,118632,Nippon India Large Cap Fund - Direct Plan Growth Plan - Growth Option,Nippon India Mutual Fund,Open Ended Schemes,Equity Scheme - Large Cap Fund,2023-06-05,65.1536,2026-06-23T05:29:58.847318+00:00,https://api.mfapi.in/mf/118632
118632,Nippon Large Cap,118632,Nippon India Large Cap Fund - Direct Plan Growth Plan - Growth Option,Nippon India Mutual Fund,Open Ended Schemes,Equity Scheme - Large Cap Fund,2023-06-02,64.8709,2026-06-23T05:29:58.847318+00:00,https://api.mfapi.in/mf/118632
118632,Nippon Large Cap,118632,Nippon India Large Cap Fund - Direct Plan Growth Plan - Growth Option,Nippon India Mutual Fund,Open Ended Schemes,Equity Scheme - Large Cap Fund,2023-06-01,64.62,2026-06-23T05:29:58.847318+00:00,https://api.mfapi.in/mf/118632
118632,Nippon Large Cap,118632,Nippon India Large Cap Fund - Direct Plan Growth Plan - Growth Option,Nippon India Mutual Fund,Open Ended Schemes,Equity Scheme - Large Cap Fund,2023-05-31,64.6705,2026-06-23T05:29:58.847318+00:00,https://api.mfapi.in/mf/118632
118632,Nippon Large Cap,118632,Nippon India Large Cap Fund - Direct Plan Growth Plan - Growth Option,Nippon India Mutual Fund,Open Ended Schemes,Equity Scheme - Large Cap Fund,2023-05-30,64.7799,2026-06-23T05:29:58.847318+00:00,https://api.mfapi.in/mf/118632
118632,Nippon Large Cap,118632,Nippon India Large Cap Fund - Direct Plan Growth Plan - Growth Option,Nippon India Mutual Fund,Open Ended Schemes,Equity Scheme - Large Cap Fund,2023-05-29,64.536,2026-06-23T05:29:58.847318+00:00,https://api.mfapi.in/mf/118632
118632,Nippon Large Cap,118632,Nippon India Large Cap Fund - Direct Plan Growth Plan - Growth Option,Nippon India Mutual Fund,Open Ended Schemes,Equity Scheme - Large Cap Fund,2023-05-26,64.2631,2026-06-23T05:29:58.847318+00:00,https://api.mfapi.in/mf/118632
118632,Nippon Large Cap,118632,Nippon India Large Cap Fund - Direct Plan Growth Plan - Growth Option,Nippon India Mutual Fund,Open Ended Schemes,Equity Scheme - Large Cap Fund,2023-05-25,63.5885,2026-06-23T05:29:58.847318+00:00,https://api.mfapi.in/mf/118632
118632,Nippon Large Cap,118632,Nippon India Large Cap Fund - Direct Plan Growth Plan - Growth Option,Nippon India Mutual Fund,Open Ended Schemes,Equity Scheme - Large Cap Fund,2023-05-24,63.3853,2026-06-23T05:29:58.847318+00:00,https://api.mfapi.in/mf/118632
118632,Nippon Large Cap,118632,Nippon India Large Cap Fund - Direct Plan Growth Plan - Growth Option,Nippon India Mutual Fund,Open Ended Schemes,Equity Scheme - Large Cap Fund,2023-05-23,63.4799,2026-06-23T05:29:58.847318+00:00,https://api.mfapi.in/mf/118632
118632,Nippon Large Cap,118632,Nippon India Large Cap Fund - Direct Plan Growth Plan - Growth Option,Nippon India Mutual Fund,Open Ended Schemes,Equity Scheme - Large Cap Fund,2023-05-22,63.4405,2026-06-23T05:29:58.847318+00:00,https://api.mfapi.in/mf/118632
118632,Nippon Large Cap,118632,Nippon India Large Cap Fund - Direct Plan Growth Plan - Growth Option,Nippon India Mutual Fund,Open Ended Schemes,Equity Scheme - Large Cap Fund,2023-05-19,63.419,2026-06-23T05:29:58.847318+00:00,https://api.mfapi.in/mf/118632
118632,Nippon Large Cap,118632,Nippon India Large Cap Fund - Direct Plan Growth Plan - Growth Option,Nippon India Mutual Fund,Open Ended Schemes,Equity Scheme - Large Cap Fund,2023-05-18,63.3171,2026-06-23T05:29:58.847318+00:00,https://api.mfapi.in/mf/118632
118632,Nippon Large Cap,118632,Nippon India Large Cap Fund - Direct Plan Growth Plan - Growth Option,Nippon India Mutual Fund,Open Ended Schemes,Equity Scheme - Large Cap Fund,2023-05-17,63.3543,2026-06-23T05:29:58.847318+00:00,https://api.mfapi.in/mf/118632
118632,Nippon Large Cap,118632,Nippon India Large Cap Fund - Direct Plan Growth Plan - Growth Option,Nippon India Mutual Fund,Open Ended Schemes,Equity Scheme - Large Cap Fund,2023-05-16,63.5284,2026-06-23T05:29:58.847318+00:00,https://api.mfapi.in/mf/118632
118632,Nippon Large Cap,118632,Nippon India Large Cap Fund - Direct Plan Growth Plan - Growth Option,Nippon India Mutual Fund,Open Ended Schemes,Equity Scheme - Large Cap Fund,2023-05-15,63.6571,2026-06-23T05:29:58.847318+00:00,https://api.mfapi.in/mf/118632
118632,Nippon Large Cap,118632,Nippon India Large Cap Fund - Direct Plan Growth Plan - Growth Option,Nippon India Mutual Fund,Open Ended Schemes,Equity Scheme - Large Cap Fund,2023-05-12,63.281,2026-06-23T05:29:58.847318+00:00,https://api.mfapi.in/mf/118632
118632,Nippon Large Cap,118632,Nippon India Large Cap Fund - Direct Plan Growth Plan - Growth Option,Nippon India Mutual Fund,Open Ended Schemes,Equity Scheme - Large Cap Fund,2023-05-11,63.2204,2026-06-23T05:29:58.847318+00:00,https://api.mfapi.in/mf/118632
118632,Nippon Large Cap,118632,Nippon India Large Cap Fund - Direct Plan Growth Plan - Growth Option,Nippon India Mutual Fund,Open Ended Schemes,Equity Scheme - Large Cap Fund,2023-05-10,63.1904,2026-06-23T05:29:58.847318+00:00,https://api.mfapi.in/mf/118632
118632,Nippon Large Cap,118632,Nippon India Large Cap Fund - Direct Plan Growth Plan - Growth Option,Nippon India Mutual Fund,Open Ended Schemes,Equity Scheme - Large Cap Fund,2023-05-09,62.9979,2026-06-23T05:29:58.847318+00:00,https://api.mfapi.in/mf/118632
118632,Nippon Large Cap,118632,Nippon India Large Cap Fund - Direct Plan Growth Plan - Growth Option,Nippon India Mutual Fund,Open Ended Schemes,Equity Scheme - Large Cap Fund,2023-05-08,63.0419,2026-06-23T05:29:58.847318+00:00,https://api.mfapi.in/mf/118632
118632,Nippon Large Cap,118632,Nippon India Large Cap Fund - Direct Plan Growth Plan - Growth Option,Nippon India Mutual Fund,Open Ended Schemes,Equity Scheme - Large Cap Fund,2023-05-05,62.233,2026-06-23T05:29:58.847318+00:00,https://api.mfapi.in/mf/118632
118632,Nippon Large Cap,118632,Nippon India Large Cap Fund - Direct Plan Growth Plan - Growth Option,Nippon India Mutual Fund,Open Ended Schemes,Equity Scheme - Large Cap Fund,2023-05-04,62.6908,2026-06-23T05:29:58.847318+00:00,https://api.mfapi.in/mf/118632
118632,Nippon Large Cap,118632,Nippon India Large Cap Fund - Direct Plan Growth Plan - Growth Option,Nippon India Mutual Fund,Open Ended Schemes,Equity Scheme - Large Cap Fund,2023-05-03,62.1695,2026-06-23T05:29:58.847318+00:00,https://api.mfapi.in/mf/118632
118632,Nippon Large Cap,118632,Nippon India Large Cap Fund - Direct Plan Growth Plan - Growth Option,Nippon India Mutual Fund,Open Ended Schemes,Equity Scheme - Large Cap Fund,2023-05-02,62.2082,2026-06-23T05:29:58.847318+00:00,https://api.mfapi.in/mf/118632
118632,Nippon Large Cap,118632,Nippon India Large Cap Fund - Direct Plan Growth Plan - Growth Option,Nippon India Mutual Fund,Open Ended Schemes,Equity Scheme - Large Cap Fund,2023-04-28,61.8378,2026-06-23T05:29:58.847318+00:00,https://api.mfapi.in/mf/118632
118632,Nippon Large Cap,118632,Nippon India Large Cap Fund - Direct Plan Growth Plan - Growth Option,Nippon India Mutual Fund,Open Ended Schemes,Equity Scheme - Large Cap Fund,2023-04-27,61.2076,2026-06-23T05:29:58.847318+00:00,https://api.mfapi.in/mf/118632
118632,Nippon Large Cap,118632,Nippon India Large Cap Fund - Direct Plan Growth Plan - Growth Option,Nippon India Mutual Fund,Open Ended Schemes,Equity Scheme - Large Cap Fund,2023-04-26,60.8636,2026-06-23T05:29:58.847318+00:00,https://api.mfapi.in/mf/118632
118632,Nippon Large Cap,118632,Nippon India Large Cap Fund - Direct Plan Growth Plan - Growth Option,Nippon India Mutual Fund,Open Ended Schemes,Equity Scheme - Large Cap Fund,2023-04-25,60.5932,2026-06-23T05:29:58.847318+00:00,https://api.mfapi.in/mf/118632
118632,Nippon Large Cap,118632,Nippon India Large Cap Fund - Direct Plan Growth Plan - Growth Option,Nippon India Mutual Fund,Open Ended Schemes,Equity Scheme - Large Cap Fund,2023-04-24,60.4513,2026-06-23T05:29:58.847318+00:00,https://api.mfapi.in/mf/118632
118632,Nippon Large Cap,118632,Nippon India Large Cap Fund - Direct Plan Growth Plan - Growth Option,Nippon India Mutual Fund,Open Ended Schemes,Equity Scheme - Large Cap Fund,2023-04-21,60.0348,2026-06-23T05:29:58.847318+00:00,https://api.mfapi.in/mf/118632
118632,Nippon Large Cap,118632,Nippon India Large Cap Fund - Direct Plan Growth Plan - Growth Option,Nippon India Mutual Fund,Open Ended Schemes,Equity Scheme - Large Cap Fund,2023-04-20,60.0665,2026-06-23T05:29:58.847318+00:00,https://api.mfapi.in/mf/118632
118632,Nippon Large Cap,118632,Nippon India Large Cap Fund - Direct Plan Growth Plan - Growth Option,Nippon India Mutual Fund,Open Ended Schemes,Equity Scheme - Large Cap Fund,2023-04-19,59.9873,2026-06-23T05:29:58.847318+00:00,https://api.mfapi.in/mf/118632
118632,Nippon Large Cap,118632,Nippon India Large Cap Fund - Direct Plan Growth Plan - Growth Option,Nippon India Mutual Fund,Open Ended Schemes,Equity Scheme - Large Cap Fund,2023-04-18,60.0999,2026-06-23T05:29:58.847318+00:00,https://api.mfapi.in/mf/118632
118632,Nippon Large Cap,118632,Nippon India Large Cap Fund - Direct Plan Growth Plan - Growth Option,Nippon India Mutual Fund,Open Ended Schemes,Equity Scheme - Large Cap Fund,2023-04-17,60.1619,2026-06-23T05:29:58.847318+00:00,https://api.mfapi.in/mf/118632
118632,Nippon Large Cap,118632,Nippon India Large Cap Fund - Direct Plan Growth Plan - Growth Option,Nippon India Mutual Fund,Open Ended Schemes,Equity Scheme - Large Cap Fund,2023-04-13,60.3609,2026-06-23T05:29:58.847318+00:00,https://api.mfapi.in/mf/118632
118632,Nippon Large Cap,118632,Nippon India Large Cap Fund - Direct Plan Growth Plan - Growth Option,Nippon India Mutual Fund,Open Ended Schemes,Equity Scheme - Large Cap Fund,2023-04-12,60.3205,2026-06-23T05:29:58.847318+00:00,https://api.mfapi.in/mf/118632
118632,Nippon Large Cap,118632,Nippon India Large Cap Fund - Direct Plan Growth Plan - Growth Option,Nippon India Mutual Fund,Open Ended Schemes,Equity Scheme - Large Cap Fund,2023-04-11,60.0753,2026-06-23T05:29:58.847318+00:00,https://api.mfapi.in/mf/118632
118632,Nippon Large Cap,118632,Nippon India Large Cap Fund - Direct Plan Growth Plan - Growth Option,Nippon India Mutual Fund,Open Ended Schemes,Equity Scheme - Large Cap Fund,2023-04-10,59.9027,2026-06-23T05:29:58.847318+00:00,https://api.mfapi.in/mf/118632
118632,Nippon Large Cap,118632,Nippon India Large Cap Fund - Direct Plan Growth Plan - Growth Option,Nippon India Mutual Fund,Open Ended Schemes,Equity Scheme - Large Cap Fund,2023-04-06,59.8319,2026-06-23T05:29:58.847318+00:00,https://api.mfapi.in/mf/118632
118632,Nippon Large Cap,118632,Nippon India Large Cap Fund - Direct Plan Growth Plan - Growth Option,Nippon India Mutual Fund,Open Ended Schemes,Equity Scheme - Large Cap Fund,2023-04-05,59.6706,2026-06-23T05:29:58.847318+00:00,https://api.mfapi.in/mf/118632
118632,Nippon Large Cap,118632,Nippon India Large Cap Fund - Direct Plan Growth Plan - Growth Option,Nippon India Mutual Fund,Open Ended Schemes,Equity Scheme - Large Cap Fund,2023-04-03,59.1936,2026-06-23T05:29:58.847318+00:00,https://api.mfapi.in/mf/118632
118632,Nippon Large Cap,118632,Nippon India Large Cap Fund - Direct Plan Growth Plan - Growth Option,Nippon India Mutual Fund,Open Ended Schemes,Equity Scheme - Large Cap Fund,2023-03-31,59.0553,2026-06-23T05:29:58.847318+00:00,https://api.mfapi.in/mf/118632
118632,Nippon Large Cap,118632,Nippon India Large Cap Fund - Direct Plan Growth Plan - Growth Option,Nippon India Mutual Fund,Open Ended Schemes,Equity Scheme - Large Cap Fund,2023-03-29,58.1541,2026-06-23T05:29:58.847318+00:00,https://api.mfapi.in/mf/118632
118632,Nippon Large Cap,118632,Nippon India Large Cap Fund - Direct Plan Growth Plan - Growth Option,Nippon India Mutual Fund,Open Ended Schemes,Equity Scheme - Large Cap Fund,2023-03-28,57.6287,2026-06-23T05:29:58.847318+00:00,https://api.mfapi.in/mf/118632
118632,Nippon Large Cap,118632,Nippon India Large Cap Fund - Direct Plan Growth Plan - Growth Option,Nippon India Mutual Fund,Open Ended Schemes,Equity Scheme - Large Cap Fund,2023-03-27,57.7058,2026-06-23T05:29:58.847318+00:00,https://api.mfapi.in/mf/118632
118632,Nippon Large Cap,118632,Nippon India Large Cap Fund - Direct Plan Growth Plan - Growth Option,Nippon India Mutual Fund,Open Ended Schemes,Equity Scheme - Large Cap Fund,2023-03-24,57.7885,2026-06-23T05:29:58.847318+00:00,https://api.mfapi.in/mf/118632
118632,Nippon Large Cap,118632,Nippon India Large Cap Fund - Direct Plan Growth Plan - Growth Option,Nippon India Mutual Fund,Open Ended Schemes,Equity Scheme - Large Cap Fund,2023-03-23,58.2979,2026-06-23T05:29:58.847318+00:00,https://api.mfapi.in/mf/118632
118632,Nippon Large Cap,118632,Nippon India Large Cap Fund - Direct Plan Growth Plan - Growth Option,Nippon India Mutual Fund,Open Ended Schemes,Equity Scheme - Large Cap Fund,2023-03-22,58.5299,2026-06-23T05:29:58.847318+00:00,https://api.mfapi.in/mf/118632
118632,Nippon Large Cap,118632,Nippon India Large Cap Fund - Direct Plan Growth Plan - Growth Option,Nippon India Mutual Fund,Open Ended Schemes,Equity Scheme - Large Cap Fund,2023-03-21,58.3986,2026-06-23T05:29:58.847318+00:00,https://api.mfapi.in/mf/118632
118632,Nippon Large Cap,118632,Nippon India Large Cap Fund - Direct Plan Growth Plan - Growth Option,Nippon India Mutual Fund,Open Ended Schemes,Equity Scheme - Large Cap Fund,2023-03-20,57.9134,2026-06-23T05:29:58.847318+00:00,https://api.mfapi.in/mf/118632
118632,Nippon Large Cap,118632,Nippon India Large Cap Fund - Direct Plan Growth Plan - Growth Option,Nippon India Mutual Fund,Open Ended Schemes,Equity Scheme - Large Cap Fund,2023-03-17,58.3714,2026-06-23T05:29:58.847318+00:00,https://api.mfapi.in/mf/118632
118632,Nippon Large Cap,118632,Nippon India Large Cap Fund - Direct Plan Growth Plan - Growth Option,Nippon India Mutual Fund,Open Ended Schemes,Equity Scheme - Large Cap Fund,2023-03-16,58.0008,2026-06-23T05:29:58.847318+00:00,https://api.mfapi.in/mf/118632
118632,Nippon Large Cap,118632,Nippon India Large Cap Fund - Direct Plan Growth Plan - Growth Option,Nippon India Mutual Fund,Open Ended Schemes,Equity Scheme - Large Cap Fund,2023-03-15,57.9036,2026-06-23T05:29:58.847318+00:00,https://api.mfapi.in/mf/118632
118632,Nippon Large Cap,118632,Nippon India Large Cap Fund - Direct Plan Growth Plan - Growth Option,Nippon India Mutual Fund,Open Ended Schemes,Equity Scheme - Large Cap Fund,2023-03-14,58.1564,2026-06-23T05:29:58.847318+00:00,https://api.mfapi.in/mf/118632
118632,Nippon Large Cap,118632,Nippon India Large Cap Fund - Direct Plan Growth Plan - Growth Option,Nippon India Mutual Fund,Open Ended Schemes,Equity Scheme - Large Cap Fund,2023-03-13,58.4031,2026-06-23T05:29:58.847318+00:00,https://api.mfapi.in/mf/118632
118632,Nippon Large Cap,118632,Nippon India Large Cap Fund - Direct Plan Growth Plan - Growth Option,Nippon India Mutual Fund,Open Ended Schemes,Equity Scheme - Large Cap Fund,2023-03-10,59.342,2026-06-23T05:29:58.847318+00:00,https://api.mfapi.in/mf/118632
118632,Nippon Large Cap,118632,Nippon India Large Cap Fund - Direct Plan Growth Plan - Growth Option,Nippon India Mutual Fund,Open Ended Schemes,Equity Scheme - Large Cap Fund,2023-03-09,59.8804,2026-06-23T05:29:58.847318+00:00,https://api.mfapi.in/mf/118632
118632,Nippon Large Cap,118632,Nippon India Large Cap Fund - Direct Plan Growth Plan - Growth Option,Nippon India Mutual Fund,Open Ended Schemes,Equity Scheme - Large Cap Fund,2023-03-08,60.262,2026-06-23T05:29:58.847318+00:00,https://api.mfapi.in/mf/118632
118632,Nippon Large Cap,118632,Nippon India Large Cap Fund - Direct Plan Growth Plan - Growth Option,Nippon India Mutual Fund,Open Ended Schemes,Equity Scheme - Large Cap Fund,2023-03-06,59.9573,2026-06-23T05:29:58.847318+00:00,https://api.mfapi.in/mf/118632
118632,Nippon Large Cap,118632,Nippon India Large Cap Fund - Direct Plan Growth Plan - Growth Option,Nippon India Mutual Fund,Open Ended Schemes,Equity Scheme - Large Cap Fund,2023-03-03,59.6132,2026-06-23T05:29:58.847318+00:00,https://api.mfapi.in/mf/118632
118632,Nippon Large Cap,118632,Nippon India Large Cap Fund - Direct Plan Growth Plan - Growth Option,Nippon India Mutual Fund,Open Ended Schemes,Equity Scheme - Large Cap Fund,2023-03-02,58.8032,2026-06-23T05:29:58.847318+00:00,https://api.mfapi.in/mf/118632
118632,Nippon Large Cap,118632,Nippon India Large Cap Fund - Direct Plan Growth Plan - Growth Option,Nippon India Mutual Fund,Open Ended Schemes,Equity Scheme - Large Cap Fund,2023-03-01,59.1352,2026-06-23T05:29:58.847318+00:00,https://api.mfapi.in/mf/118632
118632,Nippon Large Cap,118632,Nippon India Large Cap Fund - Direct Plan Growth Plan - Growth Option,Nippon India Mutual Fund,Open Ended Schemes,Equity Scheme - Large Cap Fund,2023-02-28,58.6303,2026-06-23T05:29:58.847318+00:00,https://api.mfapi.in/mf/118632
118632,Nippon Large Cap,118632,Nippon India Large Cap Fund - Direct Plan Growth Plan - Growth Option,Nippon India Mutual Fund,Open Ended Schemes,Equity Scheme - Large Cap Fund,2023-02-27,58.8267,2026-06-23T05:29:58.847318+00:00,https://api.mfapi.in/mf/118632
118632,Nippon Large Cap,118632,Nippon India Large Cap Fund - Direct Plan Growth Plan - Growth Option,Nippon India Mutual Fund,Open Ended Schemes,Equity Scheme - Large Cap Fund,2023-02-24,59.1105,2026-06-23T05:29:58.847318+00:00,https://api.mfapi.in/mf/118632
118632,Nippon Large Cap,118632,Nippon India Large Cap Fund - Direct Plan Growth Plan - Growth Option,Nippon India Mutual Fund,Open Ended Schemes,Equity Scheme - Large Cap Fund,2023-02-23,59.3036,2026-06-23T05:29:58.847318+00:00,https://api.mfapi.in/mf/118632
118632,Nippon Large Cap,118632,Nippon India Large Cap Fund - Direct Plan Growth Plan - Growth Option,Nippon India Mutual Fund,Open Ended Schemes,Equity Scheme - Large Cap Fund,2023-02-22,59.2641,2026-06-23T05:29:58.847318+00:00,https://api.mfapi.in/mf/118632
118632,Nippon Large Cap,118632,Nippon India Large Cap Fund - Direct Plan Growth Plan - Growth Option,Nippon India Mutual Fund,Open Ended Schemes,Equity Scheme - Large Cap Fund,2023-02-21,60.1318,2026-06-23T05:29:58.847318+00:00,https://api.mfapi.in/mf/118632
118632,Nippon Large Cap,118632,Nippon India Large Cap Fund - Direct Plan Growth Plan - Growth Option,Nippon India Mutual Fund,Open Ended Schemes,Equity Scheme - Large Cap Fund,2023-02-20,60.1557,2026-06-23T05:29:58.847318+00:00,https://api.mfapi.in/mf/118632
118632,Nippon Large Cap,118632,Nippon India Large Cap Fund - Direct Plan Growth Plan - Growth Option,Nippon India Mutual Fund,Open Ended Schemes,Equity Scheme - Large Cap Fund,2023-02-17,60.3654,2026-06-23T05:29:58.847318+00:00,https://api.mfapi.in/mf/118632
118632,Nippon Large Cap,118632,Nippon India Large Cap Fund - Direct Plan Growth Plan - Growth Option,Nippon India Mutual Fund,Open Ended Schemes,Equity Scheme - Large Cap Fund,2023-02-16,60.6047,2026-06-23T05:29:58.847318+00:00,https://api.mfapi.in/mf/118632
118632,Nippon Large Cap,118632,Nippon India Large Cap Fund - Direct Plan Growth Plan - Growth Option,Nippon India Mutual Fund,Open Ended Schemes,Equity Scheme - Large Cap Fund,2023-02-15,60.5621,2026-06-23T05:29:58.847318+00:00,https://api.mfapi.in/mf/118632
118632,Nippon Large Cap,118632,Nippon India Large Cap Fund - Direct Plan Growth Plan - Growth Option,Nippon India Mutual Fund,Open Ended Schemes,Equity Scheme - Large Cap Fund,2023-02-14,60.3002,2026-06-23T05:29:58.847318+00:00,https://api.mfapi.in/mf/118632
118632,Nippon Large Cap,118632,Nippon India Large Cap Fund - Direct Plan Growth Plan - Growth Option,Nippon India Mutual Fund,Open Ended Schemes,Equity Scheme - Large Cap Fund,2023-02-13,59.9403,2026-06-23T05:29:58.847318+00:00,https://api.mfapi.in/mf/118632
118632,Nippon Large Cap,118632,Nippon India Large Cap Fund - Direct Plan Growth Plan - Growth Option,Nippon India Mutual Fund,Open Ended Schemes,Equity Scheme - Large Cap Fund,2023-02-10,60.2259,2026-06-23T05:29:58.847318+00:00,https://api.mfapi.in/mf/118632
118632,Nippon Large Cap,118632,Nippon India Large Cap Fund - Direct Plan Growth Plan - Growth Option,Nippon India Mutual Fund,Open Ended Schemes,Equity Scheme - Large Cap Fund,2023-02-09,60.2739,2026-06-23T05:29:58.847318+00:00,https://api.mfapi.in/mf/118632
118632,Nippon Large Cap,118632,Nippon India Large Cap Fund - Direct Plan Growth Plan - Growth Option,Nippon India Mutual Fund,Open Ended Schemes,Equity Scheme - Large Cap Fund,2023-02-08,60.1886,2026-06-23T05:29:58.847318+00:00,https://api.mfapi.in/mf/118632
118632,Nippon Large Cap,118632,Nippon India Large Cap Fund - Direct Plan Growth Plan - Growth Option,Nippon India Mutual Fund,Open Ended Schemes,Equity Scheme - Large Cap Fund,2023-02-07,59.7885,2026-06-23T05:29:58.847318+00:00,https://api.mfapi.in/mf/118632
118632,Nippon Large Cap,118632,Nippon India Large Cap Fund - Direct Plan Growth Plan - Growth Option,Nippon India Mutual Fund,Open Ended Schemes,Equity Scheme - Large Cap Fund,2023-02-06,59.9718,2026-06-23T05:29:58.847318+00:00,https://api.mfapi.in/mf/118632
118632,Nippon Large Cap,118632,Nippon India Large Cap Fund - Direct Plan Growth Plan - Growth Option,Nippon India Mutual Fund,Open Ended Schemes,Equity Scheme - Large Cap Fund,2023-02-03,60.0787,2026-06-23T05:29:58.847318+00:00,https://api.mfapi.in/mf/118632
118632,Nippon Large Cap,118632,Nippon India Large Cap Fund - Direct Plan Growth Plan - Growth Option,Nippon India Mutual Fund,Open Ended Schemes,Equity Scheme - Large Cap Fund,2023-02-02,59.4591,2026-06-23T05:29:58.847318+00:00,https://api.mfapi.in/mf/118632
118632,Nippon Large Cap,118632,Nippon India Large Cap Fund - Direct Plan Growth Plan - Growth Option,Nippon India Mutual Fund,Open Ended Schemes,Equity Scheme - Large Cap Fund,2023-02-01,59.4179,2026-06-23T05:29:58.847318+00:00,https://api.mfapi.in/mf/118632
118632,Nippon Large Cap,118632,Nippon India Large Cap Fund - Direct Plan Growth Plan - Growth Option,Nippon India Mutual Fund,Open Ended Schemes,Equity Scheme - Large Cap Fund,2023-01-31,59.33,2026-06-23T05:29:58.847318+00:00,https://api.mfapi.in/mf/118632
118632,Nippon Large Cap,118632,Nippon India Large Cap Fund - Direct Plan Growth Plan - Growth Option,Nippon India Mutual Fund,Open Ended Schemes,Equity Scheme - Large Cap Fund,2023-01-30,58.9542,2026-06-23T05:29:58.847318+00:00,https://api.mfapi.in/mf/118632
118632,Nippon Large Cap,118632,Nippon India Large Cap Fund - Direct Plan Growth Plan - Growth Option,Nippon India Mutual Fund,Open Ended Schemes,Equity Scheme - Large Cap Fund,2023-01-27,58.8704,2026-06-23T05:29:58.847318+00:00,https://api.mfapi.in/mf/118632
118632,Nippon Large Cap,118632,Nippon India Large Cap Fund - Direct Plan Growth Plan - Growth Option,Nippon India Mutual Fund,Open Ended Schemes,Equity Scheme - Large Cap Fund,2023-01-25,59.7049,2026-06-23T05:29:58.847318+00:00,https://api.mfapi.in/mf/118632
118632,Nippon Large Cap,118632,Nippon India Large Cap Fund - Direct Plan Growth Plan - Growth Option,Nippon India Mutual Fund,Open Ended Schemes,Equity Scheme - Large Cap Fund,2023-01-24,60.6472,2026-06-23T05:29:58.847318+00:00,https://api.mfapi.in/mf/118632
118632,Nippon Large Cap,118632,Nippon India Large Cap Fund - Direct Plan Growth Plan - Growth Option,Nippon India Mutual Fund,Open Ended Schemes,Equity Scheme - Large Cap Fund,2023-01-23,60.6805,2026-06-23T05:29:58.847318+00:00,https://api.mfapi.in/mf/118632
118632,Nippon Large Cap,118632,Nippon India Large Cap Fund - Direct Plan Growth Plan - Growth Option,Nippon India Mutual Fund,Open Ended Schemes,Equity Scheme - Large Cap Fund,2023-01-20,60.3714,2026-06-23T05:29:58.847318+00:00,https://api.mfapi.in/mf/118632
118632,Nippon Large Cap,118632,Nippon India Large Cap Fund - Direct Plan Growth Plan - Growth Option,Nippon India Mutual Fund,Open Ended Schemes,Equity Scheme - Large Cap Fund,2023-01-19,60.5459,2026-06-23T05:29:58.847318+00:00,https://api.mfapi.in/mf/118632
118632,Nippon Large Cap,118632,Nippon India Large Cap Fund - Direct Plan Growth Plan - Growth Option,Nippon India Mutual Fund,Open Ended Schemes,Equity Scheme - Large Cap Fund,2023-01-18,60.5831,2026-06-23T05:29:58.847318+00:00,https://api.mfapi.in/mf/118632
118632,Nippon Large Cap,118632,Nippon India Large Cap Fund - Direct Plan Growth Plan - Growth Option,Nippon India Mutual Fund,Open Ended Schemes,Equity Scheme - Large Cap Fund,2023-01-17,60.2145,2026-06-23T05:29:58.847318+00:00,https://api.mfapi.in/mf/118632
118632,Nippon Large Cap,118632,Nippon India Large Cap Fund - Direct Plan Growth Plan - Growth Option,Nippon India Mutual Fund,Open Ended Schemes,Equity Scheme - Large Cap Fund,2023-01-16,59.8648,2026-06-23T05:29:58.847318+00:00,https://api.mfapi.in/mf/118632
118632,Nippon Large Cap,118632,Nippon India Large Cap Fund - Direct Plan Growth Plan - Growth Option,Nippon India Mutual Fund,Open Ended Schemes,Equity Scheme - Large Cap Fund,2023-01-13,60.0927,2026-06-23T05:29:58.847318+00:00,https://api.mfapi.in/mf/118632
118632,Nippon Large Cap,118632,Nippon India Large Cap Fund - Direct Plan Growth Plan - Growth Option,Nippon India Mutual Fund,Open Ended Schemes,Equity Scheme - Large Cap Fund,2023-01-12,59.9049,2026-06-23T05:29:58.847318+00:00,https://api.mfapi.in/mf/118632
118632,Nippon Large Cap,118632,Nippon India Large Cap Fund - Direct Plan Growth Plan - Growth Option,Nippon India Mutual Fund,Open Ended Schemes,Equity Scheme - Large Cap Fund,2023-01-11,59.9785,2026-06-23T05:29:58.847318+00:00,https://api.mfapi.in/mf/118632
118632,Nippon Large Cap,118632,Nippon India Large Cap Fund - Direct Plan Growth Plan - Growth Option,Nippon India Mutual Fund,Open Ended Schemes,Equity Scheme - Large Cap Fund,2023-01-10,59.9286,2026-06-23T05:29:58.847318+00:00,https://api.mfapi.in/mf/118632
118632,Nippon Large Cap,118632,Nippon India Large Cap Fund - Direct Plan Growth Plan - Growth Option,Nippon India Mutual Fund,Open Ended Schemes,Equity Scheme - Large Cap Fund,2023-01-09,60.3555,2026-06-23T05:29:58.847318+00:00,https://api.mfapi.in/mf/118632
118632,Nippon Large Cap,118632,Nippon India Large Cap Fund - Direct Plan Growth Plan - Growth Option,Nippon India Mutual Fund,Open Ended Schemes,Equity Scheme - Large Cap Fund,2023-01-06,59.6299,2026-06-23T05:29:58.847318+00:00,https://api.mfapi.in/mf/118632
118632,Nippon Large Cap,118632,Nippon India Large Cap Fund - Direct Plan Growth Plan - Growth Option,Nippon India Mutual Fund,Open Ended Schemes,Equity Scheme - Large Cap Fund,2023-01-05,59.9027,2026-06-23T05:29:58.847318+00:00,https://api.mfapi.in/mf/118632
118632,Nippon Large Cap,118632,Nippon India Large Cap Fund - Direct Plan Growth Plan - Growth Option,Nippon India Mutual Fund,Open Ended Schemes,Equity Scheme - Large Cap Fund,2023-01-04,59.942,2026-06-23T05:29:58.847318+00:00,https://api.mfapi.in/mf/118632
118632,Nippon Large Cap,118632,Nippon India Large Cap Fund - Direct Plan Growth Plan - Growth Option,Nippon India Mutual Fund,Open Ended Schemes,Equity Scheme - Large Cap Fund,2023-01-03,60.6308,2026-06-23T05:29:58.847318+00:00,https://api.mfapi.in/mf/118632
118632,Nippon Large Cap,118632,Nippon India Large Cap Fund - Direct Plan Growth Plan - Growth Option,Nippon India Mutual Fund,Open Ended Schemes,Equity Scheme - Large Cap Fund,2023-01-02,60.5329,2026-06-23T05:29:58.847318+00:00,https://api.mfapi.in/mf/118632
118632,Nippon Large Cap,118632,Nippon India Large Cap Fund - Direct Plan Growth Plan - Growth Option,Nippon India Mutual Fund,Open Ended Schemes,Equity Scheme - Large Cap Fund,2022-12-30,60.2066,2026-06-23T05:29:58.847318+00:00,https://api.mfapi.in/mf/118632
118632,Nippon Large Cap,118632,Nippon India Large Cap Fund - Direct Plan Growth Plan - Growth Option,Nippon India Mutual Fund,Open Ended Schemes,Equity Scheme - Large Cap Fund,2022-12-29,60.3423,2026-06-23T05:29:58.847318+00:00,https://api.mfapi.in/mf/118632
118632,Nippon Large Cap,118632,Nippon India Large Cap Fund - Direct Plan Growth Plan - Growth Option,Nippon India Mutual Fund,Open Ended Schemes,Equity Scheme - Large Cap Fund,2022-12-28,60.2411,2026-06-23T05:29:58.847318+00:00,https://api.mfapi.in/mf/118632
118632,Nippon Large Cap,118632,Nippon India Large Cap Fund - Direct Plan Growth Plan - Growth Option,Nippon India Mutual Fund,Open Ended Schemes,Equity Scheme - Large Cap Fund,2022-12-27,60.1591,2026-06-23T05:29:58.847318+00:00,https://api.mfapi.in/mf/118632
118632,Nippon Large Cap,118632,Nippon India Large Cap Fund - Direct Plan Growth Plan - Growth Option,Nippon India Mutual Fund,Open Ended Schemes,Equity Scheme - Large Cap Fund,2022-12-26,59.7394,2026-06-23T05:29:58.847318+00:00,https://api.mfapi.in/mf/118632
118632,Nippon Large Cap,118632,Nippon India Large Cap Fund - Direct Plan Growth Plan - Growth Option,Nippon India Mutual Fund,Open Ended Schemes,Equity Scheme - Large Cap Fund,2022-12-23,58.7086,2026-06-23T05:29:58.847318+00:00,https://api.mfapi.in/mf/118632
118632,Nippon Large Cap,118632,Nippon India Large Cap Fund - Direct Plan Growth Plan - Growth Option,Nippon India Mutual Fund,Open Ended Schemes,Equity Scheme - Large Cap Fund,2022-12-22,59.9458,2026-06-23T05:29:58.847318+00:00,https://api.mfapi.in/mf/118632
118632,Nippon Large Cap,118632,Nippon India Large Cap Fund - Direct Plan Growth Plan - Growth Option,Nippon India Mutual Fund,Open Ended Schemes,Equity Scheme - Large Cap Fund,2022-12-21,60.3715,2026-06-23T05:29:58.847318+00:00,https://api.mfapi.in/mf/118632
118632,Nippon Large Cap,118632,Nippon India Large Cap Fund - Direct Plan Growth Plan - Growth Option,Nippon India Mutual Fund,Open Ended Schemes,Equity Scheme - Large Cap Fund,2022-12-20,61.1708,2026-06-23T05:29:58.847318+00:00,https://api.mfapi.in/mf/118632
118632,Nippon Large Cap,118632,Nippon India Large Cap Fund - Direct Plan Growth Plan - Growth Option,Nippon India Mutual Fund,Open Ended Schemes,Equity Scheme - Large Cap Fund,2022-12-19,61.3839,2026-06-23T05:29:58.847318+00:00,https://api.mfapi.in/mf/118632
118632,Nippon Large Cap,118632,Nippon India Large Cap Fund - Direct Plan Growth Plan - Growth Option,Nippon India Mutual Fund,Open Ended Schemes,Equity Scheme - Large Cap Fund,2022-12-16,60.9743,2026-06-23T05:29:58.847318+00:00,https://api.mfapi.in/mf/118632
118632,Nippon Large Cap,118632,Nippon India Large Cap Fund - Direct Plan Growth Plan - Growth Option,Nippon India Mutual Fund,Open Ended Schemes,Equity Scheme - Large Cap Fund,2022-12-15,61.5309,2026-06-23T05:29:58.847318+00:00,https://api.mfapi.in/mf/118632
118632,Nippon Large Cap,118632,Nippon India Large Cap Fund - Direct Plan Growth Plan - Growth Option,Nippon India Mutual Fund,Open Ended Schemes,Equity Scheme - Large Cap Fund,2022-12-14,62.2139,2026-06-23T05:29:58.847318+00:00,https://api.mfapi.in/mf/118632
118632,Nippon Large Cap,118632,Nippon India Large Cap Fund - Direct Plan Growth Plan - Growth Option,Nippon India Mutual Fund,Open Ended Schemes,Equity Scheme - Large Cap Fund,2022-12-13,61.9566,2026-06-23T05:29:58.847318+00:00,https://api.mfapi.in/mf/118632
118632,Nippon Large Cap,118632,Nippon India Large Cap Fund - Direct Plan Growth Plan - Growth Option,Nippon India Mutual Fund,Open Ended Schemes,Equity Scheme - Large Cap Fund,2022-12-12,61.7656,2026-06-23T05:29:58.847318+00:00,https://api.mfapi.in/mf/118632
118632,Nippon Large Cap,118632,Nippon India Large Cap Fund - Direct Plan Growth Plan - Growth Option,Nippon India Mutual Fund,Open Ended Schemes,Equity Scheme - Large Cap Fund,2022-12-09,61.5993,2026-06-23T05:29:58.847318+00:00,https://api.mfapi.in/mf/118632
118632,Nippon Large Cap,118632,Nippon India Large Cap Fund - Direct Plan Growth Plan - Growth Option,Nippon India Mutual Fund,Open Ended Schemes,Equity Scheme - Large Cap Fund,2022-12-08,61.965,2026-06-23T05:29:58.847318+00:00,https://api.mfapi.in/mf/118632
118632,Nippon Large Cap,118632,Nippon India Large Cap Fund - Direct Plan Growth Plan - Growth Option,Nippon India Mutual Fund,Open Ended Schemes,Equity Scheme - Large Cap Fund,2022-12-07,61.6493,2026-06-23T05:29:58.847318+00:00,https://api.mfapi.in/mf/118632
118632,Nippon Large Cap,118632,Nippon India Large Cap Fund - Direct Plan Growth Plan - Growth Option,Nippon India Mutual Fund,Open Ended Schemes,Equity Scheme - Large Cap Fund,2022-12-06,61.7369,2026-06-23T05:29:58.847318+00:00,https://api.mfapi.in/mf/118632
118632,Nippon Large Cap,118632,Nippon India Large Cap Fund - Direct Plan Growth Plan - Growth Option,Nippon India Mutual Fund,Open Ended Schemes,Equity Scheme - Large Cap Fund,2022-12-05,61.9412,2026-06-23T05:29:58.847318+00:00,https://api.mfapi.in/mf/118632
118632,Nippon Large Cap,118632,Nippon India Large Cap Fund - Direct Plan Growth Plan - Growth Option,Nippon India Mutual Fund,Open Ended Schemes,Equity Scheme - Large Cap Fund,2022-12-02,61.9567,2026-06-23T05:29:58.847318+00:00,https://api.mfapi.in/mf/118632
118632,Nippon Large Cap,118632,Nippon India Large Cap Fund - Direct Plan Growth Plan - Growth Option,Nippon India Mutual Fund,Open Ended Schemes,Equity Scheme - Large Cap Fund,2022-12-01,62.1939,2026-06-23T05:29:58.847318+00:00,https://api.mfapi.in/mf/118632
118632,Nippon Large Cap,118632,Nippon India Large Cap Fund - Direct Plan Growth Plan - Growth Option,Nippon India Mutual Fund,Open Ended Schemes,Equity Scheme - Large Cap Fund,2022-11-30,62.0074,2026-06-23T05:29:58.847318+00:00,https://api.mfapi.in/mf/118632
118632,Nippon Large Cap,118632,Nippon India Large Cap Fund - Direct Plan Growth Plan - Growth Option,Nippon India Mutual Fund,Open Ended Schemes,Equity Scheme - Large Cap Fund,2022-11-29,61.5472,2026-06-23T05:29:58.847318+00:00,https://api.mfapi.in/mf/118632
118632,Nippon Large Cap,118632,Nippon India Large Cap Fund - Direct Plan Growth Plan - Growth Option,Nippon India Mutual Fund,Open Ended Schemes,Equity Scheme - Large Cap Fund,2022-11-28,61.4737,2026-06-23T05:29:58.847318+00:00,https://api.mfapi.in/mf/118632
118632,Nippon Large Cap,118632,Nippon India Large Cap Fund - Direct Plan Growth Plan - Growth Option,Nippon India Mutual Fund,Open Ended Schemes,Equity Scheme - Large Cap Fund,2022-11-25,61.3614,2026-06-23T05:29:58.847318+00:00,https://api.mfapi.in/mf/118632
118632,Nippon Large Cap,118632,Nippon India Large Cap Fund - Direct Plan Growth Plan - Growth Option,Nippon India Mutual Fund,Open Ended Schemes,Equity Scheme - Large Cap Fund,2022-11-24,61.0913,2026-06-23T05:29:58.847318+00:00,https://api.mfapi.in/mf/118632
118632,Nippon Large Cap,118632,Nippon India Large Cap Fund - Direct Plan Growth Plan - Growth Option,Nippon India Mutual Fund,Open Ended Schemes,Equity Scheme - Large Cap Fund,2022-11-23,60.3964,2026-06-23T05:29:58.847318+00:00,https://api.mfapi.in/mf/118632
118632,Nippon Large Cap,118632,Nippon India Large Cap Fund - Direct Plan Growth Plan - Growth Option,Nippon India Mutual Fund,Open Ended Schemes,Equity Scheme - Large Cap Fund,2022-11-22,60.2946,2026-06-23T05:29:58.847318+00:00,https://api.mfapi.in/mf/118632
118632,Nippon Large Cap,118632,Nippon India Large Cap Fund - Direct Plan Growth Plan - Growth Option,Nippon India Mutual Fund,Open Ended Schemes,Equity Scheme - Large Cap Fund,2022-11-21,60.0089,2026-06-23T05:29:58.847318+00:00,https://api.mfapi.in/mf/118632
118632,Nippon Large Cap,118632,Nippon India Large Cap Fund - Direct Plan Growth Plan - Growth Option,Nippon India Mutual Fund,Open Ended Schemes,Equity Scheme - Large Cap Fund,2022-11-18,60.4063,2026-06-23T05:29:58.847318+00:00,https://api.mfapi.in/mf/118632
118632,Nippon Large Cap,118632,Nippon India Large Cap Fund - Direct Plan Growth Plan - Growth Option,Nippon India Mutual Fund,Open Ended Schemes,Equity Scheme - Large Cap Fund,2022-11-17,60.6965,2026-06-23T05:29:58.847318+00:00,https://api.mfapi.in/mf/118632
118632,Nippon Large Cap,118632,Nippon India Large Cap Fund - Direct Plan Growth Plan - Growth Option,Nippon India Mutual Fund,Open Ended Schemes,Equity Scheme - Large Cap Fund,2022-11-16,60.9049,2026-06-23T05:29:58.847318+00:00,https://api.mfapi.in/mf/118632
118632,Nippon Large Cap,118632,Nippon India Large Cap Fund - Direct Plan Growth Plan - Growth Option,Nippon India Mutual Fund,Open Ended Schemes,Equity Scheme - Large Cap Fund,2022-11-15,60.9913,2026-06-23T05:29:58.847318+00:00,https://api.mfapi.in/mf/118632
118632,Nippon Large Cap,118632,Nippon India Large Cap Fund - Direct Plan Growth Plan - Growth Option,Nippon India Mutual Fund,Open Ended Schemes,Equity Scheme - Large Cap Fund,2022-11-14,60.8177,2026-06-23T05:29:58.847318+00:00,https://api.mfapi.in/mf/118632
118632,Nippon Large Cap,118632,Nippon India Large Cap Fund - Direct Plan Growth Plan - Growth Option,Nippon India Mutual Fund,Open Ended Schemes,Equity Scheme - Large Cap Fund,2022-11-11,61.031,2026-06-23T05:29:58.847318+00:00,https://api.mfapi.in/mf/118632
118632,Nippon Large Cap,118632,Nippon India Large Cap Fund - Direct Plan Growth Plan - Growth Option,Nippon India Mutual Fund,Open Ended Schemes,Equity Scheme - Large Cap Fund,2022-11-10,60.1695,2026-06-23T05:29:58.847318+00:00,https://api.mfapi.in/mf/118632
118632,Nippon Large Cap,118632,Nippon India Large Cap Fund - Direct Plan Growth Plan - Growth Option,Nippon India Mutual Fund,Open Ended Schemes,Equity Scheme - Large Cap Fund,2022-11-09,60.6581,2026-06-23T05:29:58.847318+00:00,https://api.mfapi.in/mf/118632
118632,Nippon Large Cap,118632,Nippon India Large Cap Fund - Direct Plan Growth Plan - Growth Option,Nippon India Mutual Fund,Open Ended Schemes,Equity Scheme - Large Cap Fund,2022-11-07,60.7799,2026-06-23T05:29:58.847318+00:00,https://api.mfapi.in/mf/118632
118632,Nippon Large Cap,118632,Nippon India Large Cap Fund - Direct Plan Growth Plan - Growth Option,Nippon India Mutual Fund,Open Ended Schemes,Equity Scheme - Large Cap Fund,2022-11-04,60.3565,2026-06-23T05:29:58.847318+00:00,https://api.mfapi.in/mf/118632
118632,Nippon Large Cap,118632,Nippon India Large Cap Fund - Direct Plan Growth Plan - Growth Option,Nippon India Mutual Fund,Open Ended Schemes,Equity Scheme - Large Cap Fund,2022-11-03,60.3416,2026-06-23T05:29:58.847318+00:00,https://api.mfapi.in/mf/118632
118632,Nippon Large Cap,118632,Nippon India Large Cap Fund - Direct Plan Growth Plan - Growth Option,Nippon India Mutual Fund,Open Ended Schemes,Equity Scheme - Large Cap Fund,2022-11-02,60.4681,2026-06-23T05:29:58.847318+00:00,https://api.mfapi.in/mf/118632
118632,Nippon Large Cap,118632,Nippon India Large Cap Fund - Direct Plan Growth Plan - Growth Option,Nippon India Mutual Fund,Open Ended Schemes,Equity Scheme - Large Cap Fund,2022-11-01,60.4832,2026-06-23T05:29:58.847318+00:00,https://api.mfapi.in/mf/118632
118632,Nippon Large Cap,118632,Nippon India Large Cap Fund - Direct Plan Growth Plan - Growth Option,Nippon India Mutual Fund,Open Ended Schemes,Equity Scheme - Large Cap Fund,2022-10-31,60.0929,2026-06-23T05:29:58.847318+00:00,https://api.mfapi.in/mf/118632
118632,Nippon Large Cap,118632,Nippon India Large Cap Fund - Direct Plan Growth Plan - Growth Option,Nippon India Mutual Fund,Open Ended Schemes,Equity Scheme - Large Cap Fund,2022-10-28,59.3351,2026-06-23T05:29:58.847318+00:00,https://api.mfapi.in/mf/118632
118632,Nippon Large Cap,118632,Nippon India Large Cap Fund - Direct Plan Growth Plan - Growth Option,Nippon India Mutual Fund,Open Ended Schemes,Equity Scheme - Large Cap Fund,2022-10-27,59.4758,2026-06-23T05:29:58.847318+00:00,https://api.mfapi.in/mf/118632
118632,Nippon Large Cap,118632,Nippon India Large Cap Fund - Direct Plan Growth Plan - Growth Option,Nippon India Mutual Fund,Open Ended Schemes,Equity Scheme - Large Cap Fund,2022-10-25,59.1957,2026-06-23T05:29:58.847318+00:00,https://api.mfapi.in/mf/118632
118632,Nippon Large Cap,118632,Nippon India Large Cap Fund - Direct Plan Growth Plan - Growth Option,Nippon India Mutual Fund,Open Ended Schemes,Equity Scheme - Large Cap Fund,2022-10-21,58.7779,2026-06-23T05:29:58.847318+00:00,https://api.mfapi.in/mf/118632
118632,Nippon Large Cap,118632,Nippon India Large Cap Fund - Direct Plan Growth Plan - Growth Option,Nippon India Mutual Fund,Open Ended Schemes,Equity Scheme - Large Cap Fund,2022-10-20,58.9149,2026-06-23T05:29:58.847318+00:00,https://api.mfapi.in/mf/118632
118632,Nippon Large Cap,118632,Nippon India Large Cap Fund - Direct Plan Growth Plan - Growth Option,Nippon India Mutual Fund,Open Ended Schemes,Equity Scheme - Large Cap Fund,2022-10-19,58.8804,2026-06-23T05:29:58.847318+00:00,https://api.mfapi.in/mf/118632
118632,Nippon Large Cap,118632,Nippon India Large Cap Fund - Direct Plan Growth Plan - Growth Option,Nippon India Mutual Fund,Open Ended Schemes,Equity Scheme - Large Cap Fund,2022-10-18,58.7943,2026-06-23T05:29:58.847318+00:00,https://api.mfapi.in/mf/118632
118632,Nippon Large Cap,118632,Nippon India Large Cap Fund - Direct Plan Growth Plan - Growth Option,Nippon India Mutual Fund,Open Ended Schemes,Equity Scheme - Large Cap Fund,2022-10-17,58.0779,2026-06-23T05:29:58.847318+00:00,https://api.mfapi.in/mf/118632
118632,Nippon Large Cap,118632,Nippon India Large Cap Fund - Direct Plan Growth Plan - Growth Option,Nippon India Mutual Fund,Open Ended Schemes,Equity Scheme - Large Cap Fund,2022-10-14,57.6903,2026-06-23T05:29:58.847318+00:00,https://api.mfapi.in/mf/118632
118632,Nippon Large Cap,118632,Nippon India Large Cap Fund - Direct Plan Growth Plan - Growth Option,Nippon India Mutual Fund,Open Ended Schemes,Equity Scheme - Large Cap Fund,2022-10-13,57.3017,2026-06-23T05:29:58.847318+00:00,https://api.mfapi.in/mf/118632
118632,Nippon Large Cap,118632,Nippon India Large Cap Fund - Direct Plan Growth Plan - Growth Option,Nippon India Mutual Fund,Open Ended Schemes,Equity Scheme - Large Cap Fund,2022-10-12,57.76,2026-06-23T05:29:58.847318+00:00,https://api.mfapi.in/mf/118632
118632,Nippon Large Cap,118632,Nippon India Large Cap Fund - Direct Plan Growth Plan - Growth Option,Nippon India Mutual Fund,Open Ended Schemes,Equity Scheme - Large Cap Fund,2022-10-11,57.2407,2026-06-23T05:29:58.847318+00:00,https://api.mfapi.in/mf/118632
118632,Nippon Large Cap,118632,Nippon India Large Cap Fund - Direct Plan Growth Plan - Growth Option,Nippon India Mutual Fund,Open Ended Schemes,Equity Scheme - Large Cap Fund,2022-10-10,58.0159,2026-06-23T05:29:58.847318+00:00,https://api.mfapi.in/mf/118632
118632,Nippon Large Cap,118632,Nippon India Large Cap Fund - Direct Plan Growth Plan - Growth Option,Nippon India Mutual Fund,Open Ended Schemes,Equity Scheme - Large Cap Fund,2022-10-07,58.3747,2026-06-23T05:29:58.847318+00:00,https://api.mfapi.in/mf/118632
118632,Nippon Large Cap,118632,Nippon India Large Cap Fund - Direct Plan Growth Plan - Growth Option,Nippon India Mutual Fund,Open Ended Schemes,Equity Scheme - Large Cap Fund,2022-10-06,58.4078,2026-06-23T05:29:58.847318+00:00,https://api.mfapi.in/mf/118632
118632,Nippon Large Cap,118632,Nippon India Large Cap Fund - Direct Plan Growth Plan - Growth Option,Nippon India Mutual Fund,Open Ended Schemes,Equity Scheme - Large Cap Fund,2022-10-04,58.0773,2026-06-23T05:29:58.847318+00:00,https://api.mfapi.in/mf/118632
118632,Nippon Large Cap,118632,Nippon India Large Cap Fund - Direct Plan Growth Plan - Growth Option,Nippon India Mutual Fund,Open Ended Schemes,Equity Scheme - Large Cap Fund,2022-10-03,56.8006,2026-06-23T05:29:58.847318+00:00,https://api.mfapi.in/mf/118632
118632,Nippon Large Cap,118632,Nippon India Large Cap Fund - Direct Plan Growth Plan - Growth Option,Nippon India Mutual Fund,Open Ended Schemes,Equity Scheme - Large Cap Fund,2022-09-30,57.2955,2026-06-23T05:29:58.847318+00:00,https://api.mfapi.in/mf/118632
118632,Nippon Large Cap,118632,Nippon India Large Cap Fund - Direct Plan Growth Plan - Growth Option,Nippon India Mutual Fund,Open Ended Schemes,Equity Scheme - Large Cap Fund,2022-09-29,56.3687,2026-06-23T05:29:58.847318+00:00,https://api.mfapi.in/mf/118632
118632,Nippon Large Cap,118632,Nippon India Large Cap Fund - Direct Plan Growth Plan - Growth Option,Nippon India Mutual Fund,Open Ended Schemes,Equity Scheme - Large Cap Fund,2022-09-28,56.3003,2026-06-23T05:29:58.847318+00:00,https://api.mfapi.in/mf/118632
118632,Nippon Large Cap,118632,Nippon India Large Cap Fund - Direct Plan Growth Plan - Growth Option,Nippon India Mutual Fund,Open Ended Schemes,Equity Scheme - Large Cap Fund,2022-09-27,56.8673,2026-06-23T05:29:58.847318+00:00,https://api.mfapi.in/mf/118632
118632,Nippon Large Cap,118632,Nippon India Large Cap Fund - Direct Plan Growth Plan - Growth Option,Nippon India Mutual Fund,Open Ended Schemes,Equity Scheme - Large Cap Fund,2022-09-26,56.7917,2026-06-23T05:29:58.847318+00:00,https://api.mfapi.in/mf/118632
118632,Nippon Large Cap,118632,Nippon India Large Cap Fund - Direct Plan Growth Plan - Growth Option,Nippon India Mutual Fund,Open Ended Schemes,Equity Scheme - Large Cap Fund,2022-09-23,58.0424,2026-06-23T05:29:58.847318+00:00,https://api.mfapi.in/mf/118632
118632,Nippon Large Cap,118632,Nippon India Large Cap Fund - Direct Plan Growth Plan - Growth Option,Nippon India Mutual Fund,Open Ended Schemes,Equity Scheme - Large Cap Fund,2022-09-22,59.0847,2026-06-23T05:29:58.847318+00:00,https://api.mfapi.in/mf/118632
118632,Nippon Large Cap,118632,Nippon India Large Cap Fund - Direct Plan Growth Plan - Growth Option,Nippon India Mutual Fund,Open Ended Schemes,Equity Scheme - Large Cap Fund,2022-09-21,59.3053,2026-06-23T05:29:58.847318+00:00,https://api.mfapi.in/mf/118632
118632,Nippon Large Cap,118632,Nippon India Large Cap Fund - Direct Plan Growth Plan - Growth Option,Nippon India Mutual Fund,Open Ended Schemes,Equity Scheme - Large Cap Fund,2022-09-20,59.4954,2026-06-23T05:29:58.847318+00:00,https://api.mfapi.in/mf/118632
118632,Nippon Large Cap,118632,Nippon India Large Cap Fund - Direct Plan Growth Plan - Growth Option,Nippon India Mutual Fund,Open Ended Schemes,Equity Scheme - Large Cap Fund,2022-09-19,58.8468,2026-06-23T05:29:58.847318+00:00,https://api.mfapi.in/mf/118632
118632,Nippon Large Cap,118632,Nippon India Large Cap Fund - Direct Plan Growth Plan - Growth Option,Nippon India Mutual Fund,Open Ended Schemes,Equity Scheme - Large Cap Fund,2022-09-16,58.5408,2026-06-23T05:29:58.847318+00:00,https://api.mfapi.in/mf/118632
118632,Nippon Large Cap,118632,Nippon India Large Cap Fund - Direct Plan Growth Plan - Growth Option,Nippon India Mutual Fund,Open Ended Schemes,Equity Scheme - Large Cap Fund,2022-09-15,59.8214,2026-06-23T05:29:58.847318+00:00,https://api.mfapi.in/mf/118632
118632,Nippon Large Cap,118632,Nippon India Large Cap Fund - Direct Plan Growth Plan - Growth Option,Nippon India Mutual Fund,Open Ended Schemes,Equity Scheme - Large Cap Fund,2022-09-14,59.9678,2026-06-23T05:29:58.847318+00:00,https://api.mfapi.in/mf/118632
118632,Nippon Large Cap,118632,Nippon India Large Cap Fund - Direct Plan Growth Plan - Growth Option,Nippon India Mutual Fund,Open Ended Schemes,Equity Scheme - Large Cap Fund,2022-09-13,60.0168,2026-06-23T05:29:58.847318+00:00,https://api.mfapi.in/mf/118632
118632,Nippon Large Cap,118632,Nippon India Large Cap Fund - Direct Plan Growth Plan - Growth Option,Nippon India Mutual Fund,Open Ended Schemes,Equity Scheme - Large Cap Fund,2022-09-12,59.5275,2026-06-23T05:29:58.847318+00:00,https://api.mfapi.in/mf/118632
118632,Nippon Large Cap,118632,Nippon India Large Cap Fund - Direct Plan Growth Plan - Growth Option,Nippon India Mutual Fund,Open Ended Schemes,Equity Scheme - Large Cap Fund,2022-09-09,59.2261,2026-06-23T05:29:58.847318+00:00,https://api.mfapi.in/mf/118632
118632,Nippon Large Cap,118632,Nippon India Large Cap Fund - Direct Plan Growth Plan - Growth Option,Nippon India Mutual Fund,Open Ended Schemes,Equity Scheme - Large Cap Fund,2022-09-08,59.143,2026-06-23T05:29:58.847318+00:00,https://api.mfapi.in/mf/118632
118632,Nippon Large Cap,118632,Nippon India Large Cap Fund - Direct Plan Growth Plan - Growth Option,Nippon India Mutual Fund,Open Ended Schemes,Equity Scheme - Large Cap Fund,2022-09-07,58.716,2026-06-23T05:29:58.847318+00:00,https://api.mfapi.in/mf/118632
118632,Nippon Large Cap,118632,Nippon India Large Cap Fund - Direct Plan Growth Plan - Growth Option,Nippon India Mutual Fund,Open Ended Schemes,Equity Scheme - Large Cap Fund,2022-09-06,58.7072,2026-06-23T05:29:58.847318+00:00,https://api.mfapi.in/mf/118632
118632,Nippon Large Cap,118632,Nippon India Large Cap Fund - Direct Plan Growth Plan - Growth Option,Nippon India Mutual Fund,Open Ended Schemes,Equity Scheme - Large Cap Fund,2022-09-05,58.8258,2026-06-23T05:29:58.847318+00:00,https://api.mfapi.in/mf/118632
118632,Nippon Large Cap,118632,Nippon India Large Cap Fund - Direct Plan Growth Plan - Growth Option,Nippon India Mutual Fund,Open Ended Schemes,Equity Scheme - Large Cap Fund,2022-09-02,58.3472,2026-06-23T05:29:58.847318+00:00,https://api.mfapi.in/mf/118632
118632,Nippon Large Cap,118632,Nippon India Large Cap Fund - Direct Plan Growth Plan - Growth Option,Nippon India Mutual Fund,Open Ended Schemes,Equity Scheme - Large Cap Fund,2022-09-01,58.1166,2026-06-23T05:29:58.847318+00:00,https://api.mfapi.in/mf/118632
118632,Nippon Large Cap,118632,Nippon India Large Cap Fund - Direct Plan Growth Plan - Growth Option,Nippon India Mutual Fund,Open Ended Schemes,Equity Scheme - Large Cap Fund,2022-08-30,58.3873,2026-06-23T05:29:58.847318+00:00,https://api.mfapi.in/mf/118632
118632,Nippon Large Cap,118632,Nippon India Large Cap Fund - Direct Plan Growth Plan - Growth Option,Nippon India Mutual Fund,Open Ended Schemes,Equity Scheme - Large Cap Fund,2022-08-29,57.0299,2026-06-23T05:29:58.847318+00:00,https://api.mfapi.in/mf/118632
118632,Nippon Large Cap,118632,Nippon India Large Cap Fund - Direct Plan Growth Plan - Growth Option,Nippon India Mutual Fund,Open Ended Schemes,Equity Scheme - Large Cap Fund,2022-08-26,57.835,2026-06-23T05:29:58.847318+00:00,https://api.mfapi.in/mf/118632
118632,Nippon Large Cap,118632,Nippon India Large Cap Fund - Direct Plan Growth Plan - Growth Option,Nippon India Mutual Fund,Open Ended Schemes,Equity Scheme - Large Cap Fund,2022-08-25,57.6711,2026-06-23T05:29:58.847318+00:00,https://api.mfapi.in/mf/118632
118632,Nippon Large Cap,118632,Nippon India Large Cap Fund - Direct Plan Growth Plan - Growth Option,Nippon India Mutual Fund,Open Ended Schemes,Equity Scheme - Large Cap Fund,2022-08-24,57.8701,2026-06-23T05:29:58.847318+00:00,https://api.mfapi.in/mf/118632
118632,Nippon Large Cap,118632,Nippon India Large Cap Fund - Direct Plan Growth Plan - Growth Option,Nippon India Mutual Fund,Open Ended Schemes,Equity Scheme - Large Cap Fund,2022-08-23,57.6726,2026-06-23T05:29:58.847318+00:00,https://api.mfapi.in/mf/118632
118632,Nippon Large Cap,118632,Nippon India Large Cap Fund - Direct Plan Growth Plan - Growth Option,Nippon India Mutual Fund,Open Ended Schemes,Equity Scheme - Large Cap Fund,2022-08-22,57.305,2026-06-23T05:29:58.847318+00:00,https://api.mfapi.in/mf/118632
118632,Nippon Large Cap,118632,Nippon India Large Cap Fund - Direct Plan Growth Plan - Growth Option,Nippon India Mutual Fund,Open Ended Schemes,Equity Scheme - Large Cap Fund,2022-08-19,58.113,2026-06-23T05:29:58.847318+00:00,https://api.mfapi.in/mf/118632
118632,Nippon Large Cap,118632,Nippon India Large Cap Fund - Direct Plan Growth Plan - Growth Option,Nippon India Mutual Fund,Open Ended Schemes,Equity Scheme - Large Cap Fund,2022-08-18,58.8693,2026-06-23T05:29:58.847318+00:00,https://api.mfapi.in/mf/118632
118632,Nippon Large Cap,118632,Nippon India Large Cap Fund - Direct Plan Growth Plan - Growth Option,Nippon India Mutual Fund,Open Ended Schemes,Equity Scheme - Large Cap Fund,2022-08-17,58.8383,2026-06-23T05:29:58.847318+00:00,https://api.mfapi.in/mf/118632
118632,Nippon Large Cap,118632,Nippon India Large Cap Fund - Direct Plan Growth Plan - Growth Option,Nippon India Mutual Fund,Open Ended Schemes,Equity Scheme - Large Cap Fund,2022-08-16,58.4553,2026-06-23T05:29:58.847318+00:00,https://api.mfapi.in/mf/118632
118632,Nippon Large Cap,118632,Nippon India Large Cap Fund - Direct Plan Growth Plan - Growth Option,Nippon India Mutual Fund,Open Ended Schemes,Equity Scheme - Large Cap Fund,2022-08-12,57.8835,2026-06-23T05:29:58.847318+00:00,https://api.mfapi.in/mf/118632
118632,Nippon Large Cap,118632,Nippon India Large Cap Fund - Direct Plan Growth Plan - Growth Option,Nippon India Mutual Fund,Open Ended Schemes,Equity Scheme - Large Cap Fund,2022-08-11,57.7547,2026-06-23T05:29:58.847318+00:00,https://api.mfapi.in/mf/118632
118632,Nippon Large Cap,118632,Nippon India Large Cap Fund - Direct Plan Growth Plan - Growth Option,Nippon India Mutual Fund,Open Ended Schemes,Equity Scheme - Large Cap Fund,2022-08-10,57.141,2026-06-23T05:29:58.847318+00:00,https://api.mfapi.in/mf/118632
118632,Nippon Large Cap,118632,Nippon India Large Cap Fund - Direct Plan Growth Plan - Growth Option,Nippon India Mutual Fund,Open Ended Schemes,Equity Scheme - Large Cap Fund,2022-08-08,57.1191,2026-06-23T05:29:58.847318+00:00,https://api.mfapi.in/mf/118632
118632,Nippon Large Cap,118632,Nippon India Large Cap Fund - Direct Plan Growth Plan - Growth Option,Nippon India Mutual Fund,Open Ended Schemes,Equity Scheme - Large Cap Fund,2022-08-05,56.6969,2026-06-23T05:29:58.847318+00:00,https://api.mfapi.in/mf/118632
118632,Nippon Large Cap,118632,Nippon India Large Cap Fund - Direct Plan Growth Plan - Growth Option,Nippon India Mutual Fund,Open Ended Schemes,Equity Scheme - Large Cap Fund,2022-08-04,56.6734,2026-06-23T05:29:58.847318+00:00,https://api.mfapi.in/mf/118632
118632,Nippon Large Cap,118632,Nippon India Large Cap Fund - Direct Plan Growth Plan - Growth Option,Nippon India Mutual Fund,Open Ended Schemes,Equity Scheme - Large Cap Fund,2022-08-03,56.7417,2026-06-23T05:29:58.847318+00:00,https://api.mfapi.in/mf/118632
118632,Nippon Large Cap,118632,Nippon India Large Cap Fund - Direct Plan Growth Plan - Growth Option,Nippon India Mutual Fund,Open Ended Schemes,Equity Scheme - Large Cap Fund,2022-08-02,56.7489,2026-06-23T05:29:58.847318+00:00,https://api.mfapi.in/mf/118632
118632,Nippon Large Cap,118632,Nippon India Large Cap Fund - Direct Plan Growth Plan - Growth Option,Nippon India Mutual Fund,Open Ended Schemes,Equity Scheme - Large Cap Fund,2022-08-01,56.694,2026-06-23T05:29:58.847318+00:00,https://api.mfapi.in/mf/118632
118632,Nippon Large Cap,118632,Nippon India Large Cap Fund - Direct Plan Growth Plan - Growth Option,Nippon India Mutual Fund,Open Ended Schemes,Equity Scheme - Large Cap Fund,2022-07-29,56.0689,2026-06-23T05:29:58.847318+00:00,https://api.mfapi.in/mf/118632
118632,Nippon Large Cap,118632,Nippon India Large Cap Fund - Direct Plan Growth Plan - Growth Option,Nippon India Mutual Fund,Open Ended Schemes,Equity Scheme - Large Cap Fund,2022-07-28,55.5448,2026-06-23T05:29:58.847318+00:00,https://api.mfapi.in/mf/118632
118632,Nippon Large Cap,118632,Nippon India Large Cap Fund - Direct Plan Growth Plan - Growth Option,Nippon India Mutual Fund,Open Ended Schemes,Equity Scheme - Large Cap Fund,2022-07-27,54.7223,2026-06-23T05:29:58.847318+00:00,https://api.mfapi.in/mf/118632
118632,Nippon Large Cap,118632,Nippon India Large Cap Fund - Direct Plan Growth Plan - Growth Option,Nippon India Mutual Fund,Open Ended Schemes,Equity Scheme - Large Cap Fund,2022-07-26,54.1738,2026-06-23T05:29:58.847318+00:00,https://api.mfapi.in/mf/118632
118632,Nippon Large Cap,118632,Nippon India Large Cap Fund - Direct Plan Growth Plan - Growth Option,Nippon India Mutual Fund,Open Ended Schemes,Equity Scheme - Large Cap Fund,2022-07-25,54.6553,2026-06-23T05:29:58.847318+00:00,https://api.mfapi.in/mf/118632
118632,Nippon Large Cap,118632,Nippon India Large Cap Fund - Direct Plan Growth Plan - Growth Option,Nippon India Mutual Fund,Open Ended Schemes,Equity Scheme - Large Cap Fund,2022-07-22,54.701,2026-06-23T05:29:58.847318+00:00,https://api.mfapi.in/mf/118632
118632,Nippon Large Cap,118632,Nippon India Large Cap Fund - Direct Plan Growth Plan - Growth Option,Nippon India Mutual Fund,Open Ended Schemes,Equity Scheme - Large Cap Fund,2022-07-21,54.4328,2026-06-23T05:29:58.847318+00:00,https://api.mfapi.in/mf/118632
118632,Nippon Large Cap,118632,Nippon India Large Cap Fund - Direct Plan Growth Plan - Growth Option,Nippon India Mutual Fund,Open Ended Schemes,Equity Scheme - Large Cap Fund,2022-07-20,53.9525,2026-06-23T05:29:58.847318+00:00,https://api.mfapi.in/mf/118632
118632,Nippon Large Cap,118632,Nippon India Large Cap Fund - Direct Plan Growth Plan - Growth Option,Nippon India Mutual Fund,Open Ended Schemes,Equity Scheme - Large Cap Fund,2022-07-19,53.3869,2026-06-23T05:29:58.847318+00:00,https://api.mfapi.in/mf/118632
118632,Nippon Large Cap,118632,Nippon India Large Cap Fund - Direct Plan Growth Plan - Growth Option,Nippon India Mutual Fund,Open Ended Schemes,Equity Scheme - Large Cap Fund,2022-07-18,53.1627,2026-06-23T05:29:58.847318+00:00,https://api.mfapi.in/mf/118632
118632,Nippon Large Cap,118632,Nippon India Large Cap Fund - Direct Plan Growth Plan - Growth Option,Nippon India Mutual Fund,Open Ended Schemes,Equity Scheme - Large Cap Fund,2022-07-15,52.456,2026-06-23T05:29:58.847318+00:00,https://api.mfapi.in/mf/118632
118632,Nippon Large Cap,118632,Nippon India Large Cap Fund - Direct Plan Growth Plan - Growth Option,Nippon India Mutual Fund,Open Ended Schemes,Equity Scheme - Large Cap Fund,2022-07-14,52.1586,2026-06-23T05:29:58.847318+00:00,https://api.mfapi.in/mf/118632
118632,Nippon Large Cap,118632,Nippon India Large Cap Fund - Direct Plan Growth Plan - Growth Option,Nippon India Mutual Fund,Open Ended Schemes,Equity Scheme - Large Cap Fund,2022-07-13,52.3834,2026-06-23T05:29:58.847318+00:00,https://api.mfapi.in/mf/118632
118632,Nippon Large Cap,118632,Nippon India Large Cap Fund - Direct Plan Growth Plan - Growth Option,Nippon India Mutual Fund,Open Ended Schemes,Equity Scheme - Large Cap Fund,2022-07-12,52.5995,2026-06-23T05:29:58.847318+00:00,https://api.mfapi.in/mf/118632
118632,Nippon Large Cap,118632,Nippon India Large Cap Fund - Direct Plan Growth Plan - Growth Option,Nippon India Mutual Fund,Open Ended Schemes,Equity Scheme - Large Cap Fund,2022-07-11,53.1047,2026-06-23T05:29:58.847318+00:00,https://api.mfapi.in/mf/118632
118632,Nippon Large Cap,118632,Nippon India Large Cap Fund - Direct Plan Growth Plan - Growth Option,Nippon India Mutual Fund,Open Ended Schemes,Equity Scheme - Large Cap Fund,2022-07-08,53.0855,2026-06-23T05:29:58.847318+00:00,https://api.mfapi.in/mf/118632
118632,Nippon Large Cap,118632,Nippon India Large Cap Fund - Direct Plan Growth Plan - Growth Option,Nippon India Mutual Fund,Open Ended Schemes,Equity Scheme - Large Cap Fund,2022-07-07,52.812,2026-06-23T05:29:58.847318+00:00,https://api.mfapi.in/mf/118632
118632,Nippon Large Cap,118632,Nippon India Large Cap Fund - Direct Plan Growth Plan - Growth Option,Nippon India Mutual Fund,Open Ended Schemes,Equity Scheme - Large Cap Fund,2022-07-06,52.1807,2026-06-23T05:29:58.847318+00:00,https://api.mfapi.in/mf/118632
118632,Nippon Large Cap,118632,Nippon India Large Cap Fund - Direct Plan Growth Plan - Growth Option,Nippon India Mutual Fund,Open Ended Schemes,Equity Scheme - Large Cap Fund,2022-07-05,51.558,2026-06-23T05:29:58.847318+00:00,https://api.mfapi.in/mf/118632
118632,Nippon Large Cap,118632,Nippon India Large Cap Fund - Direct Plan Growth Plan - Growth Option,Nippon India Mutual Fund,Open Ended Schemes,Equity Scheme - Large Cap Fund,2022-07-04,51.5891,2026-06-23T05:29:58.847318+00:00,https://api.mfapi.in/mf/118632
118632,Nippon Large Cap,118632,Nippon India Large Cap Fund - Direct Plan Growth Plan - Growth Option,Nippon India Mutual Fund,Open Ended Schemes,Equity Scheme - Large Cap Fund,2022-07-01,51.062,2026-06-23T05:29:58.847318+00:00,https://api.mfapi.in/mf/118632
118632,Nippon Large Cap,118632,Nippon India Large Cap Fund - Direct Plan Growth Plan - Growth Option,Nippon India Mutual Fund,Open Ended Schemes,Equity Scheme - Large Cap Fund,2022-06-30,50.8161,2026-06-23T05:29:58.847318+00:00,https://api.mfapi.in/mf/118632
118632,Nippon Large Cap,118632,Nippon India Large Cap Fund - Direct Plan Growth Plan - Growth Option,Nippon India Mutual Fund,Open Ended Schemes,Equity Scheme - Large Cap Fund,2022-06-29,50.9696,2026-06-23T05:29:58.847318+00:00,https://api.mfapi.in/mf/118632
118632,Nippon Large Cap,118632,Nippon India Large Cap Fund - Direct Plan Growth Plan - Growth Option,Nippon India Mutual Fund,Open Ended Schemes,Equity Scheme - Large Cap Fund,2022-06-28,51.1004,2026-06-23T05:29:58.847318+00:00,https://api.mfapi.in/mf/118632
118632,Nippon Large Cap,118632,Nippon India Large Cap Fund - Direct Plan Growth Plan - Growth Option,Nippon India Mutual Fund,Open Ended Schemes,Equity Scheme - Large Cap Fund,2022-06-27,50.894,2026-06-23T05:29:58.847318+00:00,https://api.mfapi.in/mf/118632
118632,Nippon Large Cap,118632,Nippon India Large Cap Fund - Direct Plan Growth Plan - Growth Option,Nippon India Mutual Fund,Open Ended Schemes,Equity Scheme - Large Cap Fund,2022-06-24,50.3956,2026-06-23T05:29:58.847318+00:00,https://api.mfapi.in/mf/118632
118632,Nippon Large Cap,118632,Nippon India Large Cap Fund - Direct Plan Growth Plan - Growth Option,Nippon India Mutual Fund,Open Ended Schemes,Equity Scheme - Large Cap Fund,2022-06-23,49.9249,2026-06-23T05:29:58.847318+00:00,https://api.mfapi.in/mf/118632
118632,Nippon Large Cap,118632,Nippon India Large Cap Fund - Direct Plan Growth Plan - Growth Option,Nippon India Mutual Fund,Open Ended Schemes,Equity Scheme - Large Cap Fund,2022-06-22,49.3373,2026-06-23T05:29:58.847318+00:00,https://api.mfapi.in/mf/118632
118632,Nippon Large Cap,118632,Nippon India Large Cap Fund - Direct Plan Growth Plan - Growth Option,Nippon India Mutual Fund,Open Ended Schemes,Equity Scheme - Large Cap Fund,2022-06-21,50.0441,2026-06-23T05:29:58.847318+00:00,https://api.mfapi.in/mf/118632
118632,Nippon Large Cap,118632,Nippon India Large Cap Fund - Direct Plan Growth Plan - Growth Option,Nippon India Mutual Fund,Open Ended Schemes,Equity Scheme - Large Cap Fund,2022-06-20,48.831,2026-06-23T05:29:58.847318+00:00,https://api.mfapi.in/mf/118632
118632,Nippon Large Cap,118632,Nippon India Large Cap Fund - Direct Plan Growth Plan - Growth Option,Nippon India Mutual Fund,Open Ended Schemes,Equity Scheme - Large Cap Fund,2022-06-17,48.8704,2026-06-23T05:29:58.847318+00:00,https://api.mfapi.in/mf/118632
118632,Nippon Large Cap,118632,Nippon India Large Cap Fund - Direct Plan Growth Plan - Growth Option,Nippon India Mutual Fund,Open Ended Schemes,Equity Scheme - Large Cap Fund,2022-06-16,49.0656,2026-06-23T05:29:58.847318+00:00,https://api.mfapi.in/mf/118632
118632,Nippon Large Cap,118632,Nippon India Large Cap Fund - Direct Plan Growth Plan - Growth Option,Nippon India Mutual Fund,Open Ended Schemes,Equity Scheme - Large Cap Fund,2022-06-15,50.1985,2026-06-23T05:29:58.847318+00:00,https://api.mfapi.in/mf/118632
118632,Nippon Large Cap,118632,Nippon India Large Cap Fund - Direct Plan Growth Plan - Growth Option,Nippon India Mutual Fund,Open Ended Schemes,Equity Scheme - Large Cap Fund,2022-06-14,50.1911,2026-06-23T05:29:58.847318+00:00,https://api.mfapi.in/mf/118632
118632,Nippon Large Cap,118632,Nippon India Large Cap Fund - Direct Plan Growth Plan - Growth Option,Nippon India Mutual Fund,Open Ended Schemes,Equity Scheme - Large Cap Fund,2022-06-13,50.2444,2026-06-23T05:29:58.847318+00:00,https://api.mfapi.in/mf/118632
118632,Nippon Large Cap,118632,Nippon India Large Cap Fund - Direct Plan Growth Plan - Growth Option,Nippon India Mutual Fund,Open Ended Schemes,Equity Scheme - Large Cap Fund,2022-06-10,51.6231,2026-06-23T05:29:58.847318+00:00,https://api.mfapi.in/mf/118632
118632,Nippon Large Cap,118632,Nippon India Large Cap Fund - Direct Plan Growth Plan - Growth Option,Nippon India Mutual Fund,Open Ended Schemes,Equity Scheme - Large Cap Fund,2022-06-09,52.3177,2026-06-23T05:29:58.847318+00:00,https://api.mfapi.in/mf/118632
118632,Nippon Large Cap,118632,Nippon India Large Cap Fund - Direct Plan Growth Plan - Growth Option,Nippon India Mutual Fund,Open Ended Schemes,Equity Scheme - Large Cap Fund,2022-06-08,52.1342,2026-06-23T05:29:58.847318+00:00,https://api.mfapi.in/mf/118632
118632,Nippon Large Cap,118632,Nippon India Large Cap Fund - Direct Plan Growth Plan - Growth Option,Nippon India Mutual Fund,Open Ended Schemes,Equity Scheme - Large Cap Fund,2022-06-07,52.1924,2026-06-23T05:29:58.847318+00:00,https://api.mfapi.in/mf/118632
118632,Nippon Large Cap,118632,Nippon India Large Cap Fund - Direct Plan Growth Plan - Growth Option,Nippon India Mutual Fund,Open Ended Schemes,Equity Scheme - Large Cap Fund,2022-06-06,52.5736,2026-06-23T05:29:58.847318+00:00,https://api.mfapi.in/mf/118632
118632,Nippon Large Cap,118632,Nippon India Large Cap Fund - Direct Plan Growth Plan - Growth Option,Nippon India Mutual Fund,Open Ended Schemes,Equity Scheme - Large Cap Fund,2022-06-03,52.7132,2026-06-23T05:29:58.847318+00:00,https://api.mfapi.in/mf/118632
118632,Nippon Large Cap,118632,Nippon India Large Cap Fund - Direct Plan Growth Plan - Growth Option,Nippon India Mutual Fund,Open Ended Schemes,Equity Scheme - Large Cap Fund,2022-06-02,53.0168,2026-06-23T05:29:58.847318+00:00,https://api.mfapi.in/mf/118632
118632,Nippon Large Cap,118632,Nippon India Large Cap Fund - Direct Plan Growth Plan - Growth Option,Nippon India Mutual Fund,Open Ended Schemes,Equity Scheme - Large Cap Fund,2022-06-01,52.8958,2026-06-23T05:29:58.847318+00:00,https://api.mfapi.in/mf/118632
118632,Nippon Large Cap,118632,Nippon India Large Cap Fund - Direct Plan Growth Plan - Growth Option,Nippon India Mutual Fund,Open Ended Schemes,Equity Scheme - Large Cap Fund,2022-05-31,52.9128,2026-06-23T05:29:58.847318+00:00,https://api.mfapi.in/mf/118632
118632,Nippon Large Cap,118632,Nippon India Large Cap Fund - Direct Plan Growth Plan - Growth Option,Nippon India Mutual Fund,Open Ended Schemes,Equity Scheme - Large Cap Fund,2022-05-30,52.9636,2026-06-23T05:29:58.847318+00:00,https://api.mfapi.in/mf/118632
118632,Nippon Large Cap,118632,Nippon India Large Cap Fund - Direct Plan Growth Plan - Growth Option,Nippon India Mutual Fund,Open Ended Schemes,Equity Scheme - Large Cap Fund,2022-05-27,51.8461,2026-06-23T05:29:58.847318+00:00,https://api.mfapi.in/mf/118632
118632,Nippon Large Cap,118632,Nippon India Large Cap Fund - Direct Plan Growth Plan - Growth Option,Nippon India Mutual Fund,Open Ended Schemes,Equity Scheme - Large Cap Fund,2022-05-26,51.1683,2026-06-23T05:29:58.847318+00:00,https://api.mfapi.in/mf/118632
118632,Nippon Large Cap,118632,Nippon India Large Cap Fund - Direct Plan Growth Plan - Growth Option,Nippon India Mutual Fund,Open Ended Schemes,Equity Scheme - Large Cap Fund,2022-05-25,50.6071,2026-06-23T05:29:58.847318+00:00,https://api.mfapi.in/mf/118632
118632,Nippon Large Cap,118632,Nippon India Large Cap Fund - Direct Plan Growth Plan - Growth Option,Nippon India Mutual Fund,Open Ended Schemes,Equity Scheme - Large Cap Fund,2022-05-24,51.0128,2026-06-23T05:29:58.847318+00:00,https://api.mfapi.in/mf/118632
118632,Nippon Large Cap,118632,Nippon India Large Cap Fund - Direct Plan Growth Plan - Growth Option,Nippon India Mutual Fund,Open Ended Schemes,Equity Scheme - Large Cap Fund,2022-05-23,51.2103,2026-06-23T05:29:58.847318+00:00,https://api.mfapi.in/mf/118632
118632,Nippon Large Cap,118632,Nippon India Large Cap Fund - Direct Plan Growth Plan - Growth Option,Nippon India Mutual Fund,Open Ended Schemes,Equity Scheme - Large Cap Fund,2022-05-20,51.3877,2026-06-23T05:29:58.847318+00:00,https://api.mfapi.in/mf/118632
118632,Nippon Large Cap,118632,Nippon India Large Cap Fund - Direct Plan Growth Plan - Growth Option,Nippon India Mutual Fund,Open Ended Schemes,Equity Scheme - Large Cap Fund,2022-05-19,50.0608,2026-06-23T05:29:58.847318+00:00,https://api.mfapi.in/mf/118632
118632,Nippon Large Cap,118632,Nippon India Large Cap Fund - Direct Plan Growth Plan - Growth Option,Nippon India Mutual Fund,Open Ended Schemes,Equity Scheme - Large Cap Fund,2022-05-18,51.348,2026-06-23T05:29:58.847318+00:00,https://api.mfapi.in/mf/118632
118632,Nippon Large Cap,118632,Nippon India Large Cap Fund - Direct Plan Growth Plan - Growth Option,Nippon India Mutual Fund,Open Ended Schemes,Equity Scheme - Large Cap Fund,2022-05-17,51.6228,2026-06-23T05:29:58.847318+00:00,https://api.mfapi.in/mf/118632
118632,Nippon Large Cap,118632,Nippon India Large Cap Fund - Direct Plan Growth Plan - Growth Option,Nippon India Mutual Fund,Open Ended Schemes,Equity Scheme - Large Cap Fund,2022-05-16,50.3452,2026-06-23T05:29:58.847318+00:00,https://api.mfapi.in/mf/118632
118632,Nippon Large Cap,118632,Nippon India Large Cap Fund - Direct Plan Growth Plan - Growth Option,Nippon India Mutual Fund,Open Ended Schemes,Equity Scheme - Large Cap Fund,2022-05-13,50.0751,2026-06-23T05:29:58.847318+00:00,https://api.mfapi.in/mf/118632
118632,Nippon Large Cap,118632,Nippon India Large Cap Fund - Direct Plan Growth Plan - Growth Option,Nippon India Mutual Fund,Open Ended Schemes,Equity Scheme - Large Cap Fund,2022-05-12,50.2057,2026-06-23T05:29:58.847318+00:00,https://api.mfapi.in/mf/118632
118632,Nippon Large Cap,118632,Nippon India Large Cap Fund - Direct Plan Growth Plan - Growth Option,Nippon India Mutual Fund,Open Ended Schemes,Equity Scheme - Large Cap Fund,2022-05-11,51.1851,2026-06-23T05:29:58.847318+00:00,https://api.mfapi.in/mf/118632
118632,Nippon Large Cap,118632,Nippon India Large Cap Fund - Direct Plan Growth Plan - Growth Option,Nippon India Mutual Fund,Open Ended Schemes,Equity Scheme - Large Cap Fund,2022-05-10,51.4411,2026-06-23T05:29:58.847318+00:00,https://api.mfapi.in/mf/118632
118632,Nippon Large Cap,118632,Nippon India Large Cap Fund - Direct Plan Growth Plan - Growth Option,Nippon India Mutual Fund,Open Ended Schemes,Equity Scheme - Large Cap Fund,2022-05-09,51.7456,2026-06-23T05:29:58.847318+00:00,https://api.mfapi.in/mf/118632
118632,Nippon Large Cap,118632,Nippon India Large Cap Fund - Direct Plan Growth Plan - Growth Option,Nippon India Mutual Fund,Open Ended Schemes,Equity Scheme - Large Cap Fund,2022-05-06,52.1522,2026-06-23T05:29:58.847318+00:00,https://api.mfapi.in/mf/118632
118632,Nippon Large Cap,118632,Nippon India Large Cap Fund - Direct Plan Growth Plan - Growth Option,Nippon India Mutual Fund,Open Ended Schemes,Equity Scheme - Large Cap Fund,2022-05-05,52.8648,2026-06-23T05:29:58.847318+00:00,https://api.mfapi.in/mf/118632
118632,Nippon Large Cap,118632,Nippon India Large Cap Fund - Direct Plan Growth Plan - Growth Option,Nippon India Mutual Fund,Open Ended Schemes,Equity Scheme - Large Cap Fund,2022-05-04,52.716,2026-06-23T05:29:58.847318+00:00,https://api.mfapi.in/mf/118632
118632,Nippon Large Cap,118632,Nippon India Large Cap Fund - Direct Plan Growth Plan - Growth Option,Nippon India Mutual Fund,Open Ended Schemes,Equity Scheme - Large Cap Fund,2022-05-02,53.9804,2026-06-23T05:29:58.847318+00:00,https://api.mfapi.in/mf/118632
118632,Nippon Large Cap,118632,Nippon India Large Cap Fund - Direct Plan Growth Plan - Growth Option,Nippon India Mutual Fund,Open Ended Schemes,Equity Scheme - Large Cap Fund,2022-04-29,54.0345,2026-06-23T05:29:58.847318+00:00,https://api.mfapi.in/mf/118632
118632,Nippon Large Cap,118632,Nippon India Large Cap Fund - Direct Plan Growth Plan - Growth Option,Nippon India Mutual Fund,Open Ended Schemes,Equity Scheme - Large Cap Fund,2022-04-28,54.449,2026-06-23T05:29:58.847318+00:00,https://api.mfapi.in/mf/118632
118632,Nippon Large Cap,118632,Nippon India Large Cap Fund - Direct Plan Growth Plan - Growth Option,Nippon India Mutual Fund,Open Ended Schemes,Equity Scheme - Large Cap Fund,2022-04-27,53.7566,2026-06-23T05:29:58.847318+00:00,https://api.mfapi.in/mf/118632
118632,Nippon Large Cap,118632,Nippon India Large Cap Fund - Direct Plan Growth Plan - Growth Option,Nippon India Mutual Fund,Open Ended Schemes,Equity Scheme - Large Cap Fund,2022-04-26,54.1408,2026-06-23T05:29:58.847318+00:00,https://api.mfapi.in/mf/118632
118632,Nippon Large Cap,118632,Nippon India Large Cap Fund - Direct Plan Growth Plan - Growth Option,Nippon India Mutual Fund,Open Ended Schemes,Equity Scheme - Large Cap Fund,2022-04-25,53.4328,2026-06-23T05:29:58.847318+00:00,https://api.mfapi.in/mf/118632
118632,Nippon Large Cap,118632,Nippon India Large Cap Fund - Direct Plan Growth Plan - Growth Option,Nippon India Mutual Fund,Open Ended Schemes,Equity Scheme - Large Cap Fund,2022-04-22,54.2467,2026-06-23T05:29:58.847318+00:00,https://api.mfapi.in/mf/118632
118632,Nippon Large Cap,118632,Nippon India Large Cap Fund - Direct Plan Growth Plan - Growth Option,Nippon India Mutual Fund,Open Ended Schemes,Equity Scheme - Large Cap Fund,2022-04-21,54.8144,2026-06-23T05:29:58.847318+00:00,https://api.mfapi.in/mf/118632
118632,Nippon Large Cap,118632,Nippon India Large Cap Fund - Direct Plan Growth Plan - Growth Option,Nippon India Mutual Fund,Open Ended Schemes,Equity Scheme - Large Cap Fund,2022-04-20,54.1133,2026-06-23T05:29:58.847318+00:00,https://api.mfapi.in/mf/118632
118632,Nippon Large Cap,118632,Nippon India Large Cap Fund - Direct Plan Growth Plan - Growth Option,Nippon India Mutual Fund,Open Ended Schemes,Equity Scheme - Large Cap Fund,2022-04-19,53.9044,2026-06-23T05:29:58.847318+00:00,https://api.mfapi.in/mf/118632
118632,Nippon Large Cap,118632,Nippon India Large Cap Fund - Direct Plan Growth Plan - Growth Option,Nippon India Mutual Fund,Open Ended Schemes,Equity Scheme - Large Cap Fund,2022-04-18,54.7058,2026-06-23T05:29:58.847318+00:00,https://api.mfapi.in/mf/118632
118632,Nippon Large Cap,118632,Nippon India Large Cap Fund - Direct Plan Growth Plan - Growth Option,Nippon India Mutual Fund,Open Ended Schemes,Equity Scheme - Large Cap Fund,2022-04-13,55.633,2026-06-23T05:29:58.847318+00:00,https://api.mfapi.in/mf/118632
118632,Nippon Large Cap,118632,Nippon India Large Cap Fund - Direct Plan Growth Plan - Growth Option,Nippon India Mutual Fund,Open Ended Schemes,Equity Scheme - Large Cap Fund,2022-04-12,55.6751,2026-06-23T05:29:58.847318+00:00,https://api.mfapi.in/mf/118632
118632,Nippon Large Cap,118632,Nippon India Large Cap Fund - Direct Plan Growth Plan - Growth Option,Nippon India Mutual Fund,Open Ended Schemes,Equity Scheme - Large Cap Fund,2022-04-11,56.2116,2026-06-23T05:29:58.847318+00:00,https://api.mfapi.in/mf/118632
118632,Nippon Large Cap,118632,Nippon India Large Cap Fund - Direct Plan Growth Plan - Growth Option,Nippon India Mutual Fund,Open Ended Schemes,Equity Scheme - Large Cap Fund,2022-04-08,56.5618,2026-06-23T05:29:58.847318+00:00,https://api.mfapi.in/mf/118632
118632,Nippon Large Cap,118632,Nippon India Large Cap Fund - Direct Plan Growth Plan - Growth Option,Nippon India Mutual Fund,Open Ended Schemes,Equity Scheme - Large Cap Fund,2022-04-07,56.1015,2026-06-23T05:29:58.847318+00:00,https://api.mfapi.in/mf/118632
118632,Nippon Large Cap,118632,Nippon India Large Cap Fund - Direct Plan Growth Plan - Growth Option,Nippon India Mutual Fund,Open Ended Schemes,Equity Scheme - Large Cap Fund,2022-04-06,56.4694,2026-06-23T05:29:58.847318+00:00,https://api.mfapi.in/mf/118632
118632,Nippon Large Cap,118632,Nippon India Large Cap Fund - Direct Plan Growth Plan - Growth Option,Nippon India Mutual Fund,Open Ended Schemes,Equity Scheme - Large Cap Fund,2022-04-05,56.5848,2026-06-23T05:29:58.847318+00:00,https://api.mfapi.in/mf/118632
118632,Nippon Large Cap,118632,Nippon India Large Cap Fund - Direct Plan Growth Plan - Growth Option,Nippon India Mutual Fund,Open Ended Schemes,Equity Scheme - Large Cap Fund,2022-04-04,56.8326,2026-06-23T05:29:58.847318+00:00,https://api.mfapi.in/mf/118632
118632,Nippon Large Cap,118632,Nippon India Large Cap Fund - Direct Plan Growth Plan - Growth Option,Nippon India Mutual Fund,Open Ended Schemes,Equity Scheme - Large Cap Fund,2022-04-01,55.7151,2026-06-23T05:29:58.847318+00:00,https://api.mfapi.in/mf/118632
118632,Nippon Large Cap,118632,Nippon India Large Cap Fund - Direct Plan Growth Plan - Growth Option,Nippon India Mutual Fund,Open Ended Schemes,Equity Scheme - Large Cap Fund,2022-03-31,54.959,2026-06-23T05:29:58.847318+00:00,https://api.mfapi.in/mf/118632
118632,Nippon Large Cap,118632,Nippon India Large Cap Fund - Direct Plan Growth Plan - Growth Option,Nippon India Mutual Fund,Open Ended Schemes,Equity Scheme - Large Cap Fund,2022-03-30,55.0212,2026-06-23T05:29:58.847318+00:00,https://api.mfapi.in/mf/118632
118632,Nippon Large Cap,118632,Nippon India Large Cap Fund - Direct Plan Growth Plan - Growth Option,Nippon India Mutual Fund,Open Ended Schemes,Equity Scheme - Large Cap Fund,2022-03-29,54.5227,2026-06-23T05:29:58.847318+00:00,https://api.mfapi.in/mf/118632
118632,Nippon Large Cap,118632,Nippon India Large Cap Fund - Direct Plan Growth Plan - Growth Option,Nippon India Mutual Fund,Open Ended Schemes,Equity Scheme - Large Cap Fund,2022-03-28,54.1012,2026-06-23T05:29:58.847318+00:00,https://api.mfapi.in/mf/118632
118632,Nippon Large Cap,118632,Nippon India Large Cap Fund - Direct Plan Growth Plan - Growth Option,Nippon India Mutual Fund,Open Ended Schemes,Equity Scheme - Large Cap Fund,2022-03-25,53.8267,2026-06-23T05:29:58.847318+00:00,https://api.mfapi.in/mf/118632
118632,Nippon Large Cap,118632,Nippon India Large Cap Fund - Direct Plan Growth Plan - Growth Option,Nippon India Mutual Fund,Open Ended Schemes,Equity Scheme - Large Cap Fund,2022-03-24,53.9304,2026-06-23T05:29:58.847318+00:00,https://api.mfapi.in/mf/118632
118632,Nippon Large Cap,118632,Nippon India Large Cap Fund - Direct Plan Growth Plan - Growth Option,Nippon India Mutual Fund,Open Ended Schemes,Equity Scheme - Large Cap Fund,2022-03-23,53.9523,2026-06-23T05:29:58.847318+00:00,https://api.mfapi.in/mf/118632
118632,Nippon Large Cap,118632,Nippon India Large Cap Fund - Direct Plan Growth Plan - Growth Option,Nippon India Mutual Fund,Open Ended Schemes,Equity Scheme - Large Cap Fund,2022-03-22,53.9773,2026-06-23T05:29:58.847318+00:00,https://api.mfapi.in/mf/118632
118632,Nippon Large Cap,118632,Nippon India Large Cap Fund - Direct Plan Growth Plan - Growth Option,Nippon India Mutual Fund,Open Ended Schemes,Equity Scheme - Large Cap Fund,2022-03-21,53.3653,2026-06-23T05:29:58.847318+00:00,https://api.mfapi.in/mf/118632
118632,Nippon Large Cap,118632,Nippon India Large Cap Fund - Direct Plan Growth Plan - Growth Option,Nippon India Mutual Fund,Open Ended Schemes,Equity Scheme - Large Cap Fund,2022-03-17,53.9074,2026-06-23T05:29:58.847318+00:00,https://api.mfapi.in/mf/118632
118632,Nippon Large Cap,118632,Nippon India Large Cap Fund - Direct Plan Growth Plan - Growth Option,Nippon India Mutual Fund,Open Ended Schemes,Equity Scheme - Large Cap Fund,2022-03-16,53.1544,2026-06-23T05:29:58.847318+00:00,https://api.mfapi.in/mf/118632
118632,Nippon Large Cap,118632,Nippon India Large Cap Fund - Direct Plan Growth Plan - Growth Option,Nippon India Mutual Fund,Open Ended Schemes,Equity Scheme - Large Cap Fund,2022-03-15,52.1763,2026-06-23T05:29:58.847318+00:00,https://api.mfapi.in/mf/118632
118632,Nippon Large Cap,118632,Nippon India Large Cap Fund - Direct Plan Growth Plan - Growth Option,Nippon India Mutual Fund,Open Ended Schemes,Equity Scheme - Large Cap Fund,2022-03-14,52.6659,2026-06-23T05:29:58.847318+00:00,https://api.mfapi.in/mf/118632
118632,Nippon Large Cap,118632,Nippon India Large Cap Fund - Direct Plan Growth Plan - Growth Option,Nippon India Mutual Fund,Open Ended Schemes,Equity Scheme - Large Cap Fund,2022-03-11,51.9161,2026-06-23T05:29:58.847318+00:00,https://api.mfapi.in/mf/118632
118632,Nippon Large Cap,118632,Nippon India Large Cap Fund - Direct Plan Growth Plan - Growth Option,Nippon India Mutual Fund,Open Ended Schemes,Equity Scheme - Large Cap Fund,2022-03-10,51.7675,2026-06-23T05:29:58.847318+00:00,https://api.mfapi.in/mf/118632
118632,Nippon Large Cap,118632,Nippon India Large Cap Fund - Direct Plan Growth Plan - Growth Option,Nippon India Mutual Fund,Open Ended Schemes,Equity Scheme - Large Cap Fund,2022-03-09,51.1626,2026-06-23T05:29:58.847318+00:00,https://api.mfapi.in/mf/118632
118632,Nippon Large Cap,118632,Nippon India Large Cap Fund - Direct Plan Growth Plan - Growth Option,Nippon India Mutual Fund,Open Ended Schemes,Equity Scheme - Large Cap Fund,2022-03-08,50.1075,2026-06-23T05:29:58.847318+00:00,https://api.mfapi.in/mf/118632
118632,Nippon Large Cap,118632,Nippon India Large Cap Fund - Direct Plan Growth Plan - Growth Option,Nippon India Mutual Fund,Open Ended Schemes,Equity Scheme - Large Cap Fund,2022-03-07,49.4198,2026-06-23T05:29:58.847318+00:00,https://api.mfapi.in/mf/118632
118632,Nippon Large Cap,118632,Nippon India Large Cap Fund - Direct Plan Growth Plan - Growth Option,Nippon India Mutual Fund,Open Ended Schemes,Equity Scheme - Large Cap Fund,2022-03-04,50.5231,2026-06-23T05:29:58.847318+00:00,https://api.mfapi.in/mf/118632
118632,Nippon Large Cap,118632,Nippon India Large Cap Fund - Direct Plan Growth Plan - Growth Option,Nippon India Mutual Fund,Open Ended Schemes,Equity Scheme - Large Cap Fund,2022-03-03,51.257,2026-06-23T05:29:58.847318+00:00,https://api.mfapi.in/mf/118632
118632,Nippon Large Cap,118632,Nippon India Large Cap Fund - Direct Plan Growth Plan - Growth Option,Nippon India Mutual Fund,Open Ended Schemes,Equity Scheme - Large Cap Fund,2022-03-02,51.4979,2026-06-23T05:29:58.847318+00:00,https://api.mfapi.in/mf/118632
118632,Nippon Large Cap,118632,Nippon India Large Cap Fund - Direct Plan Growth Plan - Growth Option,Nippon India Mutual Fund,Open Ended Schemes,Equity Scheme - Large Cap Fund,2022-02-28,52.1261,2026-06-23T05:29:58.847318+00:00,https://api.mfapi.in/mf/118632
118632,Nippon Large Cap,118632,Nippon India Large Cap Fund - Direct Plan Growth Plan - Growth Option,Nippon India Mutual Fund,Open Ended Schemes,Equity Scheme - Large Cap Fund,2022-02-25,51.9245,2026-06-23T05:29:58.847318+00:00,https://api.mfapi.in/mf/118632
118632,Nippon Large Cap,118632,Nippon India Large Cap Fund - Direct Plan Growth Plan - Growth Option,Nippon India Mutual Fund,Open Ended Schemes,Equity Scheme - Large Cap Fund,2022-02-24,50.5103,2026-06-23T05:29:58.847318+00:00,https://api.mfapi.in/mf/118632
118632,Nippon Large Cap,118632,Nippon India Large Cap Fund - Direct Plan Growth Plan - Growth Option,Nippon India Mutual Fund,Open Ended Schemes,Equity Scheme - Large Cap Fund,2022-02-23,53.1129,2026-06-23T05:29:58.847318+00:00,https://api.mfapi.in/mf/118632
118632,Nippon Large Cap,118632,Nippon India Large Cap Fund - Direct Plan Growth Plan - Growth Option,Nippon India Mutual Fund,Open Ended Schemes,Equity Scheme - Large Cap Fund,2022-02-22,53.1845,2026-06-23T05:29:58.847318+00:00,https://api.mfapi.in/mf/118632
118632,Nippon Large Cap,118632,Nippon India Large Cap Fund - Direct Plan Growth Plan - Growth Option,Nippon India Mutual Fund,Open Ended Schemes,Equity Scheme - Large Cap Fund,2022-02-21,53.7433,2026-06-23T05:29:58.847318+00:00,https://api.mfapi.in/mf/118632
118632,Nippon Large Cap,118632,Nippon India Large Cap Fund - Direct Plan Growth Plan - Growth Option,Nippon India Mutual Fund,Open Ended Schemes,Equity Scheme - Large Cap Fund,2022-02-18,53.9536,2026-06-23T05:29:58.847318+00:00,https://api.mfapi.in/mf/118632
118632,Nippon Large Cap,118632,Nippon India Large Cap Fund - Direct Plan Growth Plan - Growth Option,Nippon India Mutual Fund,Open Ended Schemes,Equity Scheme - Large Cap Fund,2022-02-17,54.0568,2026-06-23T05:29:58.847318+00:00,https://api.mfapi.in/mf/118632
118632,Nippon Large Cap,118632,Nippon India Large Cap Fund - Direct Plan Growth Plan - Growth Option,Nippon India Mutual Fund,Open Ended Schemes,Equity Scheme - Large Cap Fund,2022-02-16,54.128,2026-06-23T05:29:58.847318+00:00,https://api.mfapi.in/mf/118632
118632,Nippon Large Cap,118632,Nippon India Large Cap Fund - Direct Plan Growth Plan - Growth Option,Nippon India Mutual Fund,Open Ended Schemes,Equity Scheme - Large Cap Fund,2022-02-15,54.2458,2026-06-23T05:29:58.847318+00:00,https://api.mfapi.in/mf/118632
118632,Nippon Large Cap,118632,Nippon India Large Cap Fund - Direct Plan Growth Plan - Growth Option,Nippon India Mutual Fund,Open Ended Schemes,Equity Scheme - Large Cap Fund,2022-02-14,52.6686,2026-06-23T05:29:58.847318+00:00,https://api.mfapi.in/mf/118632
118632,Nippon Large Cap,118632,Nippon India Large Cap Fund - Direct Plan Growth Plan - Growth Option,Nippon India Mutual Fund,Open Ended Schemes,Equity Scheme - Large Cap Fund,2022-02-11,54.5917,2026-06-23T05:29:58.847318+00:00,https://api.mfapi.in/mf/118632
118632,Nippon Large Cap,118632,Nippon India Large Cap Fund - Direct Plan Growth Plan - Growth Option,Nippon India Mutual Fund,Open Ended Schemes,Equity Scheme - Large Cap Fund,2022-02-10,55.4149,2026-06-23T05:29:58.847318+00:00,https://api.mfapi.in/mf/118632
118632,Nippon Large Cap,118632,Nippon India Large Cap Fund - Direct Plan Growth Plan - Growth Option,Nippon India Mutual Fund,Open Ended Schemes,Equity Scheme - Large Cap Fund,2022-02-09,55.0412,2026-06-23T05:29:58.847318+00:00,https://api.mfapi.in/mf/118632
118632,Nippon Large Cap,118632,Nippon India Large Cap Fund - Direct Plan Growth Plan - Growth Option,Nippon India Mutual Fund,Open Ended Schemes,Equity Scheme - Large Cap Fund,2022-02-08,54.5086,2026-06-23T05:29:58.847318+00:00,https://api.mfapi.in/mf/118632
118632,Nippon Large Cap,118632,Nippon India Large Cap Fund - Direct Plan Growth Plan - Growth Option,Nippon India Mutual Fund,Open Ended Schemes,Equity Scheme - Large Cap Fund,2022-02-07,54.5047,2026-06-23T05:29:58.847318+00:00,https://api.mfapi.in/mf/118632
118632,Nippon Large Cap,118632,Nippon India Large Cap Fund - Direct Plan Growth Plan - Growth Option,Nippon India Mutual Fund,Open Ended Schemes,Equity Scheme - Large Cap Fund,2022-02-04,55.2995,2026-06-23T05:29:58.847318+00:00,https://api.mfapi.in/mf/118632
118632,Nippon Large Cap,118632,Nippon India Large Cap Fund - Direct Plan Growth Plan - Growth Option,Nippon India Mutual Fund,Open Ended Schemes,Equity Scheme - Large Cap Fund,2022-02-03,55.544,2026-06-23T05:29:58.847318+00:00,https://api.mfapi.in/mf/118632
118632,Nippon Large Cap,118632,Nippon India Large Cap Fund - Direct Plan Growth Plan - Growth Option,Nippon India Mutual Fund,Open Ended Schemes,Equity Scheme - Large Cap Fund,2022-02-02,56.0001,2026-06-23T05:29:58.847318+00:00,https://api.mfapi.in/mf/118632
118632,Nippon Large Cap,118632,Nippon India Large Cap Fund - Direct Plan Growth Plan - Growth Option,Nippon India Mutual Fund,Open Ended Schemes,Equity Scheme - Large Cap Fund,2022-02-01,55.3735,2026-06-23T05:29:58.847318+00:00,https://api.mfapi.in/mf/118632
118632,Nippon Large Cap,118632,Nippon India Large Cap Fund - Direct Plan Growth Plan - Growth Option,Nippon India Mutual Fund,Open Ended Schemes,Equity Scheme - Large Cap Fund,2022-01-31,54.7458,2026-06-23T05:29:58.847318+00:00,https://api.mfapi.in/mf/118632
118632,Nippon Large Cap,118632,Nippon India Large Cap Fund - Direct Plan Growth Plan - Growth Option,Nippon India Mutual Fund,Open Ended Schemes,Equity Scheme - Large Cap Fund,2022-01-28,53.7749,2026-06-23T05:29:58.847318+00:00,https://api.mfapi.in/mf/118632
118632,Nippon Large Cap,118632,Nippon India Large Cap Fund - Direct Plan Growth Plan - Growth Option,Nippon India Mutual Fund,Open Ended Schemes,Equity Scheme - Large Cap Fund,2022-01-27,53.7011,2026-06-23T05:29:58.847318+00:00,https://api.mfapi.in/mf/118632
118632,Nippon Large Cap,118632,Nippon India Large Cap Fund - Direct Plan Growth Plan - Growth Option,Nippon India Mutual Fund,Open Ended Schemes,Equity Scheme - Large Cap Fund,2022-01-25,54.0577,2026-06-23T05:29:58.847318+00:00,https://api.mfapi.in/mf/118632
118632,Nippon Large Cap,118632,Nippon India Large Cap Fund - Direct Plan Growth Plan - Growth Option,Nippon India Mutual Fund,Open Ended Schemes,Equity Scheme - Large Cap Fund,2022-01-24,53.1466,2026-06-23T05:29:58.847318+00:00,https://api.mfapi.in/mf/118632
118632,Nippon Large Cap,118632,Nippon India Large Cap Fund - Direct Plan Growth Plan - Growth Option,Nippon India Mutual Fund,Open Ended Schemes,Equity Scheme - Large Cap Fund,2022-01-21,54.656,2026-06-23T05:29:58.847318+00:00,https://api.mfapi.in/mf/118632
118632,Nippon Large Cap,118632,Nippon India Large Cap Fund - Direct Plan Growth Plan - Growth Option,Nippon India Mutual Fund,Open Ended Schemes,Equity Scheme - Large Cap Fund,2022-01-20,55.2412,2026-06-23T05:29:58.847318+00:00,https://api.mfapi.in/mf/118632
118632,Nippon Large Cap,118632,Nippon India Large Cap Fund - Direct Plan Growth Plan - Growth Option,Nippon India Mutual Fund,Open Ended Schemes,Equity Scheme - Large Cap Fund,2022-01-19,55.6133,2026-06-23T05:29:58.847318+00:00,https://api.mfapi.in/mf/118632
118632,Nippon Large Cap,118632,Nippon India Large Cap Fund - Direct Plan Growth Plan - Growth Option,Nippon India Mutual Fund,Open Ended Schemes,Equity Scheme - Large Cap Fund,2022-01-18,55.9155,2026-06-23T05:29:58.847318+00:00,https://api.mfapi.in/mf/118632
118632,Nippon Large Cap,118632,Nippon India Large Cap Fund - Direct Plan Growth Plan - Growth Option,Nippon India Mutual Fund,Open Ended Schemes,Equity Scheme - Large Cap Fund,2022-01-17,56.5581,2026-06-23T05:29:58.847318+00:00,https://api.mfapi.in/mf/118632
118632,Nippon Large Cap,118632,Nippon India Large Cap Fund - Direct Plan Growth Plan - Growth Option,Nippon India Mutual Fund,Open Ended Schemes,Equity Scheme - Large Cap Fund,2022-01-14,56.628,2026-06-23T05:29:58.847318+00:00,https://api.mfapi.in/mf/118632
118632,Nippon Large Cap,118632,Nippon India Large Cap Fund - Direct Plan Growth Plan - Growth Option,Nippon India Mutual Fund,Open Ended Schemes,Equity Scheme - Large Cap Fund,2022-01-13,56.5521,2026-06-23T05:29:58.847318+00:00,https://api.mfapi.in/mf/118632
118632,Nippon Large Cap,118632,Nippon India Large Cap Fund - Direct Plan Growth Plan - Growth Option,Nippon India Mutual Fund,Open Ended Schemes,Equity Scheme - Large Cap Fund,2022-01-12,56.42,2026-06-23T05:29:58.847318+00:00,https://api.mfapi.in/mf/118632
118632,Nippon Large Cap,118632,Nippon India Large Cap Fund - Direct Plan Growth Plan - Growth Option,Nippon India Mutual Fund,Open Ended Schemes,Equity Scheme - Large Cap Fund,2022-01-11,55.7781,2026-06-23T05:29:58.847318+00:00,https://api.mfapi.in/mf/118632
118632,Nippon Large Cap,118632,Nippon India Large Cap Fund - Direct Plan Growth Plan - Growth Option,Nippon India Mutual Fund,Open Ended Schemes,Equity Scheme - Large Cap Fund,2022-01-10,55.5418,2026-06-23T05:29:58.847318+00:00,https://api.mfapi.in/mf/118632
118632,Nippon Large Cap,118632,Nippon India Large Cap Fund - Direct Plan Growth Plan - Growth Option,Nippon India Mutual Fund,Open Ended Schemes,Equity Scheme - Large Cap Fund,2022-01-07,54.8875,2026-06-23T05:29:58.847318+00:00,https://api.mfapi.in/mf/118632
118632,Nippon Large Cap,118632,Nippon India Large Cap Fund - Direct Plan Growth Plan - Growth Option,Nippon India Mutual Fund,Open Ended Schemes,Equity Scheme - Large Cap Fund,2022-01-06,54.8331,2026-06-23T05:29:58.847318+00:00,https://api.mfapi.in/mf/118632
118632,Nippon Large Cap,118632,Nippon India Large Cap Fund - Direct Plan Growth Plan - Growth Option,Nippon India Mutual Fund,Open Ended Schemes,Equity Scheme - Large Cap Fund,2022-01-05,55.148,2026-06-23T05:29:58.847318+00:00,https://api.mfapi.in/mf/118632
118632,Nippon Large Cap,118632,Nippon India Large Cap Fund - Direct Plan Growth Plan - Growth Option,Nippon India Mutual Fund,Open Ended Schemes,Equity Scheme - Large Cap Fund,2022-01-04,54.9154,2026-06-23T05:29:58.847318+00:00,https://api.mfapi.in/mf/118632
118632,Nippon Large Cap,118632,Nippon India Large Cap Fund - Direct Plan Growth Plan - Growth Option,Nippon India Mutual Fund,Open Ended Schemes,Equity Scheme - Large Cap Fund,2022-01-03,54.3991,2026-06-23T05:29:58.847318+00:00,https://api.mfapi.in/mf/118632
118632,Nippon Large Cap,118632,Nippon India Large Cap Fund - Direct Plan Growth Plan - Growth Option,Nippon India Mutual Fund,Open Ended Schemes,Equity Scheme - Large Cap Fund,2021-12-31,53.6105,2026-06-23T05:29:58.847318+00:00,https://api.mfapi.in/mf/118632
118632,Nippon Large Cap,118632,Nippon India Large Cap Fund - Direct Plan Growth Plan - Growth Option,Nippon India Mutual Fund,Open Ended Schemes,Equity Scheme - Large Cap Fund,2021-12-30,53.1015,2026-06-23T05:29:58.847318+00:00,https://api.mfapi.in/mf/118632
118632,Nippon Large Cap,118632,Nippon India Large Cap Fund - Direct Plan Growth Plan - Growth Option,Nippon India Mutual Fund,Open Ended Schemes,Equity Scheme - Large Cap Fund,2021-12-29,53.1347,2026-06-23T05:29:58.847318+00:00,https://api.mfapi.in/mf/118632
118632,Nippon Large Cap,118632,Nippon India Large Cap Fund - Direct Plan Growth Plan - Growth Option,Nippon India Mutual Fund,Open Ended Schemes,Equity Scheme - Large Cap Fund,2021-12-28,53.2426,2026-06-23T05:29:58.847318+00:00,https://api.mfapi.in/mf/118632
118632,Nippon Large Cap,118632,Nippon India Large Cap Fund - Direct Plan Growth Plan - Growth Option,Nippon India Mutual Fund,Open Ended Schemes,Equity Scheme - Large Cap Fund,2021-12-27,52.7089,2026-06-23T05:29:58.847318+00:00,https://api.mfapi.in/mf/118632
118632,Nippon Large Cap,118632,Nippon India Large Cap Fund - Direct Plan Growth Plan - Growth Option,Nippon India Mutual Fund,Open Ended Schemes,Equity Scheme - Large Cap Fund,2021-12-24,52.588,2026-06-23T05:29:58.847318+00:00,https://api.mfapi.in/mf/118632
118632,Nippon Large Cap,118632,Nippon India Large Cap Fund - Direct Plan Growth Plan - Growth Option,Nippon India Mutual Fund,Open Ended Schemes,Equity Scheme - Large Cap Fund,2021-12-23,52.8344,2026-06-23T05:29:58.847318+00:00,https://api.mfapi.in/mf/118632
118632,Nippon Large Cap,118632,Nippon India Large Cap Fund - Direct Plan Growth Plan - Growth Option,Nippon India Mutual Fund,Open Ended Schemes,Equity Scheme - Large Cap Fund,2021-12-22,52.5914,2026-06-23T05:29:58.847318+00:00,https://api.mfapi.in/mf/118632
118632,Nippon Large Cap,118632,Nippon India Large Cap Fund - Direct Plan Growth Plan - Growth Option,Nippon India Mutual Fund,Open Ended Schemes,Equity Scheme - Large Cap Fund,2021-12-21,51.9621,2026-06-23T05:29:58.847318+00:00,https://api.mfapi.in/mf/118632
118632,Nippon Large Cap,118632,Nippon India Large Cap Fund - Direct Plan Growth Plan - Growth Option,Nippon India Mutual Fund,Open Ended Schemes,Equity Scheme - Large Cap Fund,2021-12-20,51.4184,2026-06-23T05:29:58.847318+00:00,https://api.mfapi.in/mf/118632
118632,Nippon Large Cap,118632,Nippon India Large Cap Fund - Direct Plan Growth Plan - Growth Option,Nippon India Mutual Fund,Open Ended Schemes,Equity Scheme - Large Cap Fund,2021-12-17,52.7535,2026-06-23T05:29:58.847318+00:00,https://api.mfapi.in/mf/118632
118632,Nippon Large Cap,118632,Nippon India Large Cap Fund - Direct Plan Growth Plan - Growth Option,Nippon India Mutual Fund,Open Ended Schemes,Equity Scheme - Large Cap Fund,2021-12-16,53.6826,2026-06-23T05:29:58.847318+00:00,https://api.mfapi.in/mf/118632
118632,Nippon Large Cap,118632,Nippon India Large Cap Fund - Direct Plan Growth Plan - Growth Option,Nippon India Mutual Fund,Open Ended Schemes,Equity Scheme - Large Cap Fund,2021-12-15,53.8186,2026-06-23T05:29:58.847318+00:00,https://api.mfapi.in/mf/118632
118632,Nippon Large Cap,118632,Nippon India Large Cap Fund - Direct Plan Growth Plan - Growth Option,Nippon India Mutual Fund,Open Ended Schemes,Equity Scheme - Large Cap Fund,2021-12-14,54.1071,2026-06-23T05:29:58.847318+00:00,https://api.mfapi.in/mf/118632
118632,Nippon Large Cap,118632,Nippon India Large Cap Fund - Direct Plan Growth Plan - Growth Option,Nippon India Mutual Fund,Open Ended Schemes,Equity Scheme - Large Cap Fund,2021-12-13,54.2816,2026-06-23T05:29:58.847318+00:00,https://api.mfapi.in/mf/118632
118632,Nippon Large Cap,118632,Nippon India Large Cap Fund - Direct Plan Growth Plan - Growth Option,Nippon India Mutual Fund,Open Ended Schemes,Equity Scheme - Large Cap Fund,2021-12-10,54.5616,2026-06-23T05:29:58.847318+00:00,https://api.mfapi.in/mf/118632
118632,Nippon Large Cap,118632,Nippon India Large Cap Fund - Direct Plan Growth Plan - Growth Option,Nippon India Mutual Fund,Open Ended Schemes,Equity Scheme - Large Cap Fund,2021-12-09,54.5585,2026-06-23T05:29:58.847318+00:00,https://api.mfapi.in/mf/118632
118632,Nippon Large Cap,118632,Nippon India Large Cap Fund - Direct Plan Growth Plan - Growth Option,Nippon India Mutual Fund,Open Ended Schemes,Equity Scheme - Large Cap Fund,2021-12-08,54.3811,2026-06-23T05:29:58.847318+00:00,https://api.mfapi.in/mf/118632
118632,Nippon Large Cap,118632,Nippon India Large Cap Fund - Direct Plan Growth Plan - Growth Option,Nippon India Mutual Fund,Open Ended Schemes,Equity Scheme - Large Cap Fund,2021-12-07,53.4281,2026-06-23T05:29:58.847318+00:00,https://api.mfapi.in/mf/118632
118632,Nippon Large Cap,118632,Nippon India Large Cap Fund - Direct Plan Growth Plan - Growth Option,Nippon India Mutual Fund,Open Ended Schemes,Equity Scheme - Large Cap Fund,2021-12-06,52.5657,2026-06-23T05:29:58.847318+00:00,https://api.mfapi.in/mf/118632
118632,Nippon Large Cap,118632,Nippon India Large Cap Fund - Direct Plan Growth Plan - Growth Option,Nippon India Mutual Fund,Open Ended Schemes,Equity Scheme - Large Cap Fund,2021-12-03,53.399,2026-06-23T05:29:58.847318+00:00,https://api.mfapi.in/mf/118632
118632,Nippon Large Cap,118632,Nippon India Large Cap Fund - Direct Plan Growth Plan - Growth Option,Nippon India Mutual Fund,Open Ended Schemes,Equity Scheme - Large Cap Fund,2021-12-02,53.7638,2026-06-23T05:29:58.847318+00:00,https://api.mfapi.in/mf/118632
118632,Nippon Large Cap,118632,Nippon India Large Cap Fund - Direct Plan Growth Plan - Growth Option,Nippon India Mutual Fund,Open Ended Schemes,Equity Scheme - Large Cap Fund,2021-12-01,53.2262,2026-06-23T05:29:58.847318+00:00,https://api.mfapi.in/mf/118632
118632,Nippon Large Cap,118632,Nippon India Large Cap Fund - Direct Plan Growth Plan - Growth Option,Nippon India Mutual Fund,Open Ended Schemes,Equity Scheme - Large Cap Fund,2021-11-30,52.6169,2026-06-23T05:29:58.847318+00:00,https://api.mfapi.in/mf/118632
118632,Nippon Large Cap,118632,Nippon India Large Cap Fund - Direct Plan Growth Plan - Growth Option,Nippon India Mutual Fund,Open Ended Schemes,Equity Scheme - Large Cap Fund,2021-11-29,52.7408,2026-06-23T05:29:58.847318+00:00,https://api.mfapi.in/mf/118632
118632,Nippon Large Cap,118632,Nippon India Large Cap Fund - Direct Plan Growth Plan - Growth Option,Nippon India Mutual Fund,Open Ended Schemes,Equity Scheme - Large Cap Fund,2021-11-26,52.9581,2026-06-23T05:29:58.847318+00:00,https://api.mfapi.in/mf/118632
118632,Nippon Large Cap,118632,Nippon India Large Cap Fund - Direct Plan Growth Plan - Growth Option,Nippon India Mutual Fund,Open Ended Schemes,Equity Scheme - Large Cap Fund,2021-11-25,54.8638,2026-06-23T05:29:58.847318+00:00,https://api.mfapi.in/mf/118632
118632,Nippon Large Cap,118632,Nippon India Large Cap Fund - Direct Plan Growth Plan - Growth Option,Nippon India Mutual Fund,Open Ended Schemes,Equity Scheme - Large Cap Fund,2021-11-24,54.5854,2026-06-23T05:29:58.847318+00:00,https://api.mfapi.in/mf/118632
118632,Nippon Large Cap,118632,Nippon India Large Cap Fund - Direct Plan Growth Plan - Growth Option,Nippon India Mutual Fund,Open Ended Schemes,Equity Scheme - Large Cap Fund,2021-11-23,54.7064,2026-06-23T05:29:58.847318+00:00,https://api.mfapi.in/mf/118632
118632,Nippon Large Cap,118632,Nippon India Large Cap Fund - Direct Plan Growth Plan - Growth Option,Nippon India Mutual Fund,Open Ended Schemes,Equity Scheme - Large Cap Fund,2021-11-22,54.0495,2026-06-23T05:29:58.847318+00:00,https://api.mfapi.in/mf/118632
118632,Nippon Large Cap,118632,Nippon India Large Cap Fund - Direct Plan Growth Plan - Growth Option,Nippon India Mutual Fund,Open Ended Schemes,Equity Scheme - Large Cap Fund,2021-11-18,55.1957,2026-06-23T05:29:58.847318+00:00,https://api.mfapi.in/mf/118632
118632,Nippon Large Cap,118632,Nippon India Large Cap Fund - Direct Plan Growth Plan - Growth Option,Nippon India Mutual Fund,Open Ended Schemes,Equity Scheme - Large Cap Fund,2021-11-17,55.7898,2026-06-23T05:29:58.847318+00:00,https://api.mfapi.in/mf/118632
118632,Nippon Large Cap,118632,Nippon India Large Cap Fund - Direct Plan Growth Plan - Growth Option,Nippon India Mutual Fund,Open Ended Schemes,Equity Scheme - Large Cap Fund,2021-11-16,56.0445,2026-06-23T05:29:58.847318+00:00,https://api.mfapi.in/mf/118632
118632,Nippon Large Cap,118632,Nippon India Large Cap Fund - Direct Plan Growth Plan - Growth Option,Nippon India Mutual Fund,Open Ended Schemes,Equity Scheme - Large Cap Fund,2021-11-15,56.5221,2026-06-23T05:29:58.847318+00:00,https://api.mfapi.in/mf/118632
118632,Nippon Large Cap,118632,Nippon India Large Cap Fund - Direct Plan Growth Plan - Growth Option,Nippon India Mutual Fund,Open Ended Schemes,Equity Scheme - Large Cap Fund,2021-11-12,56.6546,2026-06-23T05:29:58.847318+00:00,https://api.mfapi.in/mf/118632
118632,Nippon Large Cap,118632,Nippon India Large Cap Fund - Direct Plan Growth Plan - Growth Option,Nippon India Mutual Fund,Open Ended Schemes,Equity Scheme - Large Cap Fund,2021-11-11,56.0398,2026-06-23T05:29:58.847318+00:00,https://api.mfapi.in/mf/118632
118632,Nippon Large Cap,118632,Nippon India Large Cap Fund - Direct Plan Growth Plan - Growth Option,Nippon India Mutual Fund,Open Ended Schemes,Equity Scheme - Large Cap Fund,2021-11-10,56.4731,2026-06-23T05:29:58.847318+00:00,https://api.mfapi.in/mf/118632
118632,Nippon Large Cap,118632,Nippon India Large Cap Fund - Direct Plan Growth Plan - Growth Option,Nippon India Mutual Fund,Open Ended Schemes,Equity Scheme - Large Cap Fund,2021-11-09,56.5542,2026-06-23T05:29:58.847318+00:00,https://api.mfapi.in/mf/118632
118632,Nippon Large Cap,118632,Nippon India Large Cap Fund - Direct Plan Growth Plan - Growth Option,Nippon India Mutual Fund,Open Ended Schemes,Equity Scheme - Large Cap Fund,2021-11-08,56.3817,2026-06-23T05:29:58.847318+00:00,https://api.mfapi.in/mf/118632
118632,Nippon Large Cap,118632,Nippon India Large Cap Fund - Direct Plan Growth Plan - Growth Option,Nippon India Mutual Fund,Open Ended Schemes,Equity Scheme - Large Cap Fund,2021-11-03,55.5728,2026-06-23T05:29:58.847318+00:00,https://api.mfapi.in/mf/118632
118632,Nippon Large Cap,118632,Nippon India Large Cap Fund - Direct Plan Growth Plan - Growth Option,Nippon India Mutual Fund,Open Ended Schemes,Equity Scheme - Large Cap Fund,2021-11-02,55.7095,2026-06-23T05:29:58.847318+00:00,https://api.mfapi.in/mf/118632
118632,Nippon Large Cap,118632,Nippon India Large Cap Fund - Direct Plan Growth Plan - Growth Option,Nippon India Mutual Fund,Open Ended Schemes,Equity Scheme - Large Cap Fund,2021-11-01,55.6464,2026-06-23T05:29:58.847318+00:00,https://api.mfapi.in/mf/118632
118632,Nippon Large Cap,118632,Nippon India Large Cap Fund - Direct Plan Growth Plan - Growth Option,Nippon India Mutual Fund,Open Ended Schemes,Equity Scheme - Large Cap Fund,2021-10-29,54.5479,2026-06-23T05:29:58.847318+00:00,https://api.mfapi.in/mf/118632
118632,Nippon Large Cap,118632,Nippon India Large Cap Fund - Direct Plan Growth Plan - Growth Option,Nippon India Mutual Fund,Open Ended Schemes,Equity Scheme - Large Cap Fund,2021-10-28,55.0676,2026-06-23T05:29:58.847318+00:00,https://api.mfapi.in/mf/118632
118632,Nippon Large Cap,118632,Nippon India Large Cap Fund - Direct Plan Growth Plan - Growth Option,Nippon India Mutual Fund,Open Ended Schemes,Equity Scheme - Large Cap Fund,2021-10-27,56.1918,2026-06-23T05:29:58.847318+00:00,https://api.mfapi.in/mf/118632
118632,Nippon Large Cap,118632,Nippon India Large Cap Fund - Direct Plan Growth Plan - Growth Option,Nippon India Mutual Fund,Open Ended Schemes,Equity Scheme - Large Cap Fund,2021-10-26,56.315,2026-06-23T05:29:58.847318+00:00,https://api.mfapi.in/mf/118632
118632,Nippon Large Cap,118632,Nippon India Large Cap Fund - Direct Plan Growth Plan - Growth Option,Nippon India Mutual Fund,Open Ended Schemes,Equity Scheme - Large Cap Fund,2021-10-25,55.9012,2026-06-23T05:29:58.847318+00:00,https://api.mfapi.in/mf/118632
118632,Nippon Large Cap,118632,Nippon India Large Cap Fund - Direct Plan Growth Plan - Growth Option,Nippon India Mutual Fund,Open Ended Schemes,Equity Scheme - Large Cap Fund,2021-10-22,55.9366,2026-06-23T05:29:58.847318+00:00,https://api.mfapi.in/mf/118632
118632,Nippon Large Cap,118632,Nippon India Large Cap Fund - Direct Plan Growth Plan - Growth Option,Nippon India Mutual Fund,Open Ended Schemes,Equity Scheme - Large Cap Fund,2021-10-21,56.2027,2026-06-23T05:29:58.847318+00:00,https://api.mfapi.in/mf/118632
118632,Nippon Large Cap,118632,Nippon India Large Cap Fund - Direct Plan Growth Plan - Growth Option,Nippon India Mutual Fund,Open Ended Schemes,Equity Scheme - Large Cap Fund,2021-10-20,56.3476,2026-06-23T05:29:58.847318+00:00,https://api.mfapi.in/mf/118632
118632,Nippon Large Cap,118632,Nippon India Large Cap Fund - Direct Plan Growth Plan - Growth Option,Nippon India Mutual Fund,Open Ended Schemes,Equity Scheme - Large Cap Fund,2021-10-19,56.4937,2026-06-23T05:29:58.847318+00:00,https://api.mfapi.in/mf/118632
118632,Nippon Large Cap,118632,Nippon India Large Cap Fund - Direct Plan Growth Plan - Growth Option,Nippon India Mutual Fund,Open Ended Schemes,Equity Scheme - Large Cap Fund,2021-10-18,57.047,2026-06-23T05:29:58.847318+00:00,https://api.mfapi.in/mf/118632
118632,Nippon Large Cap,118632,Nippon India Large Cap Fund - Direct Plan Growth Plan - Growth Option,Nippon India Mutual Fund,Open Ended Schemes,Equity Scheme - Large Cap Fund,2021-10-14,56.8622,2026-06-23T05:29:58.847318+00:00,https://api.mfapi.in/mf/118632
118632,Nippon Large Cap,118632,Nippon India Large Cap Fund - Direct Plan Growth Plan - Growth Option,Nippon India Mutual Fund,Open Ended Schemes,Equity Scheme - Large Cap Fund,2021-10-13,56.2755,2026-06-23T05:29:58.847318+00:00,https://api.mfapi.in/mf/118632
118632,Nippon Large Cap,118632,Nippon India Large Cap Fund - Direct Plan Growth Plan - Growth Option,Nippon India Mutual Fund,Open Ended Schemes,Equity Scheme - Large Cap Fund,2021-10-12,55.7014,2026-06-23T05:29:58.847318+00:00,https://api.mfapi.in/mf/118632
118632,Nippon Large Cap,118632,Nippon India Large Cap Fund - Direct Plan Growth Plan - Growth Option,Nippon India Mutual Fund,Open Ended Schemes,Equity Scheme - Large Cap Fund,2021-10-11,55.6508,2026-06-23T05:29:58.847318+00:00,https://api.mfapi.in/mf/118632
118632,Nippon Large Cap,118632,Nippon India Large Cap Fund - Direct Plan Growth Plan - Growth Option,Nippon India Mutual Fund,Open Ended Schemes,Equity Scheme - Large Cap Fund,2021-10-08,55.3313,2026-06-23T05:29:58.847318+00:00,https://api.mfapi.in/mf/118632
118632,Nippon Large Cap,118632,Nippon India Large Cap Fund - Direct Plan Growth Plan - Growth Option,Nippon India Mutual Fund,Open Ended Schemes,Equity Scheme - Large Cap Fund,2021-10-07,55.1058,2026-06-23T05:29:58.847318+00:00,https://api.mfapi.in/mf/118632
118632,Nippon Large Cap,118632,Nippon India Large Cap Fund - Direct Plan Growth Plan - Growth Option,Nippon India Mutual Fund,Open Ended Schemes,Equity Scheme - Large Cap Fund,2021-10-06,54.5693,2026-06-23T05:29:58.847318+00:00,https://api.mfapi.in/mf/118632
118632,Nippon Large Cap,118632,Nippon India Large Cap Fund - Direct Plan Growth Plan - Growth Option,Nippon India Mutual Fund,Open Ended Schemes,Equity Scheme - Large Cap Fund,2021-10-05,55.2462,2026-06-23T05:29:58.847318+00:00,https://api.mfapi.in/mf/118632
118632,Nippon Large Cap,118632,Nippon India Large Cap Fund - Direct Plan Growth Plan - Growth Option,Nippon India Mutual Fund,Open Ended Schemes,Equity Scheme - Large Cap Fund,2021-10-04,54.7566,2026-06-23T05:29:58.847318+00:00,https://api.mfapi.in/mf/118632
118632,Nippon Large Cap,118632,Nippon India Large Cap Fund - Direct Plan Growth Plan - Growth Option,Nippon India Mutual Fund,Open Ended Schemes,Equity Scheme - Large Cap Fund,2021-10-01,53.9989,2026-06-23T05:29:58.847318+00:00,https://api.mfapi.in/mf/118632
118632,Nippon Large Cap,118632,Nippon India Large Cap Fund - Direct Plan Growth Plan - Growth Option,Nippon India Mutual Fund,Open Ended Schemes,Equity Scheme - Large Cap Fund,2021-09-30,54.23,2026-06-23T05:29:58.847318+00:00,https://api.mfapi.in/mf/118632
118632,Nippon Large Cap,118632,Nippon India Large Cap Fund - Direct Plan Growth Plan - Growth Option,Nippon India Mutual Fund,Open Ended Schemes,Equity Scheme - Large Cap Fund,2021-09-29,54.349,2026-06-23T05:29:58.847318+00:00,https://api.mfapi.in/mf/118632
118632,Nippon Large Cap,118632,Nippon India Large Cap Fund - Direct Plan Growth Plan - Growth Option,Nippon India Mutual Fund,Open Ended Schemes,Equity Scheme - Large Cap Fund,2021-09-28,54.1376,2026-06-23T05:29:58.847318+00:00,https://api.mfapi.in/mf/118632
118632,Nippon Large Cap,118632,Nippon India Large Cap Fund - Direct Plan Growth Plan - Growth Option,Nippon India Mutual Fund,Open Ended Schemes,Equity Scheme - Large Cap Fund,2021-09-27,54.5839,2026-06-23T05:29:58.847318+00:00,https://api.mfapi.in/mf/118632
118632,Nippon Large Cap,118632,Nippon India Large Cap Fund - Direct Plan Growth Plan - Growth Option,Nippon India Mutual Fund,Open Ended Schemes,Equity Scheme - Large Cap Fund,2021-09-24,54.4681,2026-06-23T05:29:58.847318+00:00,https://api.mfapi.in/mf/118632
118632,Nippon Large Cap,118632,Nippon India Large Cap Fund - Direct Plan Growth Plan - Growth Option,Nippon India Mutual Fund,Open Ended Schemes,Equity Scheme - Large Cap Fund,2021-09-23,54.5914,2026-06-23T05:29:58.847318+00:00,https://api.mfapi.in/mf/118632
118632,Nippon Large Cap,118632,Nippon India Large Cap Fund - Direct Plan Growth Plan - Growth Option,Nippon India Mutual Fund,Open Ended Schemes,Equity Scheme - Large Cap Fund,2021-09-22,53.8415,2026-06-23T05:29:58.847318+00:00,https://api.mfapi.in/mf/118632
118632,Nippon Large Cap,118632,Nippon India Large Cap Fund - Direct Plan Growth Plan - Growth Option,Nippon India Mutual Fund,Open Ended Schemes,Equity Scheme - Large Cap Fund,2021-09-21,53.5857,2026-06-23T05:29:58.847318+00:00,https://api.mfapi.in/mf/118632
118632,Nippon Large Cap,118632,Nippon India Large Cap Fund - Direct Plan Growth Plan - Growth Option,Nippon India Mutual Fund,Open Ended Schemes,Equity Scheme - Large Cap Fund,2021-09-20,53.1463,2026-06-23T05:29:58.847318+00:00,https://api.mfapi.in/mf/118632
118632,Nippon Large Cap,118632,Nippon India Large Cap Fund - Direct Plan Growth Plan - Growth Option,Nippon India Mutual Fund,Open Ended Schemes,Equity Scheme - Large Cap Fund,2021-09-17,53.7179,2026-06-23T05:29:58.847318+00:00,https://api.mfapi.in/mf/118632
118632,Nippon Large Cap,118632,Nippon India Large Cap Fund - Direct Plan Growth Plan - Growth Option,Nippon India Mutual Fund,Open Ended Schemes,Equity Scheme - Large Cap Fund,2021-09-16,54.0656,2026-06-23T05:29:58.847318+00:00,https://api.mfapi.in/mf/118632
118632,Nippon Large Cap,118632,Nippon India Large Cap Fund - Direct Plan Growth Plan - Growth Option,Nippon India Mutual Fund,Open Ended Schemes,Equity Scheme - Large Cap Fund,2021-09-15,53.7101,2026-06-23T05:29:58.847318+00:00,https://api.mfapi.in/mf/118632
118632,Nippon Large Cap,118632,Nippon India Large Cap Fund - Direct Plan Growth Plan - Growth Option,Nippon India Mutual Fund,Open Ended Schemes,Equity Scheme - Large Cap Fund,2021-09-14,53.0232,2026-06-23T05:29:58.847318+00:00,https://api.mfapi.in/mf/118632
118632,Nippon Large Cap,118632,Nippon India Large Cap Fund - Direct Plan Growth Plan - Growth Option,Nippon India Mutual Fund,Open Ended Schemes,Equity Scheme - Large Cap Fund,2021-09-13,52.8952,2026-06-23T05:29:58.847318+00:00,https://api.mfapi.in/mf/118632
118632,Nippon Large Cap,118632,Nippon India Large Cap Fund - Direct Plan Growth Plan - Growth Option,Nippon India Mutual Fund,Open Ended Schemes,Equity Scheme - Large Cap Fund,2021-09-09,52.9306,2026-06-23T05:29:58.847318+00:00,https://api.mfapi.in/mf/118632
118632,Nippon Large Cap,118632,Nippon India Large Cap Fund - Direct Plan Growth Plan - Growth Option,Nippon India Mutual Fund,Open Ended Schemes,Equity Scheme - Large Cap Fund,2021-09-08,52.6958,2026-06-23T05:29:58.847318+00:00,https://api.mfapi.in/mf/118632
118632,Nippon Large Cap,118632,Nippon India Large Cap Fund - Direct Plan Growth Plan - Growth Option,Nippon India Mutual Fund,Open Ended Schemes,Equity Scheme - Large Cap Fund,2021-09-07,52.6217,2026-06-23T05:29:58.847318+00:00,https://api.mfapi.in/mf/118632
118632,Nippon Large Cap,118632,Nippon India Large Cap Fund - Direct Plan Growth Plan - Growth Option,Nippon India Mutual Fund,Open Ended Schemes,Equity Scheme - Large Cap Fund,2021-09-06,52.6746,2026-06-23T05:29:58.847318+00:00,https://api.mfapi.in/mf/118632
118632,Nippon Large Cap,118632,Nippon India Large Cap Fund - Direct Plan Growth Plan - Growth Option,Nippon India Mutual Fund,Open Ended Schemes,Equity Scheme - Large Cap Fund,2021-09-03,52.6263,2026-06-23T05:29:58.847318+00:00,https://api.mfapi.in/mf/118632
118632,Nippon Large Cap,118632,Nippon India Large Cap Fund - Direct Plan Growth Plan - Growth Option,Nippon India Mutual Fund,Open Ended Schemes,Equity Scheme - Large Cap Fund,2021-09-02,52.4957,2026-06-23T05:29:58.847318+00:00,https://api.mfapi.in/mf/118632
118632,Nippon Large Cap,118632,Nippon India Large Cap Fund - Direct Plan Growth Plan - Growth Option,Nippon India Mutual Fund,Open Ended Schemes,Equity Scheme - Large Cap Fund,2021-09-01,52.0683,2026-06-23T05:29:58.847318+00:00,https://api.mfapi.in/mf/118632
118632,Nippon Large Cap,118632,Nippon India Large Cap Fund - Direct Plan Growth Plan - Growth Option,Nippon India Mutual Fund,Open Ended Schemes,Equity Scheme - Large Cap Fund,2021-08-31,52.0816,2026-06-23T05:29:58.847318+00:00,https://api.mfapi.in/mf/118632
118632,Nippon Large Cap,118632,Nippon India Large Cap Fund - Direct Plan Growth Plan - Growth Option,Nippon India Mutual Fund,Open Ended Schemes,Equity Scheme - Large Cap Fund,2021-08-30,51.4278,2026-06-23T05:29:58.847318+00:00,https://api.mfapi.in/mf/118632
118632,Nippon Large Cap,118632,Nippon India Large Cap Fund - Direct Plan Growth Plan - Growth Option,Nippon India Mutual Fund,Open Ended Schemes,Equity Scheme - Large Cap Fund,2021-08-27,50.6595,2026-06-23T05:29:58.847318+00:00,https://api.mfapi.in/mf/118632
118632,Nippon Large Cap,118632,Nippon India Large Cap Fund - Direct Plan Growth Plan - Growth Option,Nippon India Mutual Fund,Open Ended Schemes,Equity Scheme - Large Cap Fund,2021-08-26,50.3502,2026-06-23T05:29:58.847318+00:00,https://api.mfapi.in/mf/118632
118632,Nippon Large Cap,118632,Nippon India Large Cap Fund - Direct Plan Growth Plan - Growth Option,Nippon India Mutual Fund,Open Ended Schemes,Equity Scheme - Large Cap Fund,2021-08-25,50.3978,2026-06-23T05:29:58.847318+00:00,https://api.mfapi.in/mf/118632
118632,Nippon Large Cap,118632,Nippon India Large Cap Fund - Direct Plan Growth Plan - Growth Option,Nippon India Mutual Fund,Open Ended Schemes,Equity Scheme - Large Cap Fund,2021-08-24,50.2808,2026-06-23T05:29:58.847318+00:00,https://api.mfapi.in/mf/118632
118632,Nippon Large Cap,118632,Nippon India Large Cap Fund - Direct Plan Growth Plan - Growth Option,Nippon India Mutual Fund,Open Ended Schemes,Equity Scheme - Large Cap Fund,2021-08-23,49.833,2026-06-23T05:29:58.847318+00:00,https://api.mfapi.in/mf/118632
118632,Nippon Large Cap,118632,Nippon India Large Cap Fund - Direct Plan Growth Plan - Growth Option,Nippon India Mutual Fund,Open Ended Schemes,Equity Scheme - Large Cap Fund,2021-08-20,49.6961,2026-06-23T05:29:58.847318+00:00,https://api.mfapi.in/mf/118632
118632,Nippon Large Cap,118632,Nippon India Large Cap Fund - Direct Plan Growth Plan - Growth Option,Nippon India Mutual Fund,Open Ended Schemes,Equity Scheme - Large Cap Fund,2021-08-18,50.3397,2026-06-23T05:29:58.847318+00:00,https://api.mfapi.in/mf/118632
118632,Nippon Large Cap,118632,Nippon India Large Cap Fund - Direct Plan Growth Plan - Growth Option,Nippon India Mutual Fund,Open Ended Schemes,Equity Scheme - Large Cap Fund,2021-08-17,50.5074,2026-06-23T05:29:58.847318+00:00,https://api.mfapi.in/mf/118632
118632,Nippon Large Cap,118632,Nippon India Large Cap Fund - Direct Plan Growth Plan - Growth Option,Nippon India Mutual Fund,Open Ended Schemes,Equity Scheme - Large Cap Fund,2021-08-16,50.5176,2026-06-23T05:29:58.847318+00:00,https://api.mfapi.in/mf/118632
118632,Nippon Large Cap,118632,Nippon India Large Cap Fund - Direct Plan Growth Plan - Growth Option,Nippon India Mutual Fund,Open Ended Schemes,Equity Scheme - Large Cap Fund,2021-08-13,50.4598,2026-06-23T05:29:58.847318+00:00,https://api.mfapi.in/mf/118632
118632,Nippon Large Cap,118632,Nippon India Large Cap Fund - Direct Plan Growth Plan - Growth Option,Nippon India Mutual Fund,Open Ended Schemes,Equity Scheme - Large Cap Fund,2021-08-12,49.9821,2026-06-23T05:29:58.847318+00:00,https://api.mfapi.in/mf/118632
118632,Nippon Large Cap,118632,Nippon India Large Cap Fund - Direct Plan Growth Plan - Growth Option,Nippon India Mutual Fund,Open Ended Schemes,Equity Scheme - Large Cap Fund,2021-08-11,49.6093,2026-06-23T05:29:58.847318+00:00,https://api.mfapi.in/mf/118632
118632,Nippon Large Cap,118632,Nippon India Large Cap Fund - Direct Plan Growth Plan - Growth Option,Nippon India Mutual Fund,Open Ended Schemes,Equity Scheme - Large Cap Fund,2021-08-10,49.4644,2026-06-23T05:29:58.847318+00:00,https://api.mfapi.in/mf/118632
118632,Nippon Large Cap,118632,Nippon India Large Cap Fund - Direct Plan Growth Plan - Growth Option,Nippon India Mutual Fund,Open Ended Schemes,Equity Scheme - Large Cap Fund,2021-08-09,49.5266,2026-06-23T05:29:58.847318+00:00,https://api.mfapi.in/mf/118632
118632,Nippon Large Cap,118632,Nippon India Large Cap Fund - Direct Plan Growth Plan - Growth Option,Nippon India Mutual Fund,Open Ended Schemes,Equity Scheme - Large Cap Fund,2021-08-06,49.6375,2026-06-23T05:29:58.847318+00:00,https://api.mfapi.in/mf/118632
118632,Nippon Large Cap,118632,Nippon India Large Cap Fund - Direct Plan Growth Plan - Growth Option,Nippon India Mutual Fund,Open Ended Schemes,Equity Scheme - Large Cap Fund,2021-08-05,49.8586,2026-06-23T05:29:58.847318+00:00,https://api.mfapi.in/mf/118632
118632,Nippon Large Cap,118632,Nippon India Large Cap Fund - Direct Plan Growth Plan - Growth Option,Nippon India Mutual Fund,Open Ended Schemes,Equity Scheme - Large Cap Fund,2021-08-04,49.7887,2026-06-23T05:29:58.847318+00:00,https://api.mfapi.in/mf/118632
118632,Nippon Large Cap,118632,Nippon India Large Cap Fund - Direct Plan Growth Plan - Growth Option,Nippon India Mutual Fund,Open Ended Schemes,Equity Scheme - Large Cap Fund,2021-08-03,49.5836,2026-06-23T05:29:58.847318+00:00,https://api.mfapi.in/mf/118632
118632,Nippon Large Cap,118632,Nippon India Large Cap Fund - Direct Plan Growth Plan - Growth Option,Nippon India Mutual Fund,Open Ended Schemes,Equity Scheme - Large Cap Fund,2021-08-02,48.8843,2026-06-23T05:29:58.847318+00:00,https://api.mfapi.in/mf/118632
118632,Nippon Large Cap,118632,Nippon India Large Cap Fund - Direct Plan Growth Plan - Growth Option,Nippon India Mutual Fund,Open Ended Schemes,Equity Scheme - Large Cap Fund,2021-07-30,48.6392,2026-06-23T05:29:58.847318+00:00,https://api.mfapi.in/mf/118632
118632,Nippon Large Cap,118632,Nippon India Large Cap Fund - Direct Plan Growth Plan - Growth Option,Nippon India Mutual Fund,Open Ended Schemes,Equity Scheme - Large Cap Fund,2021-07-29,48.6844,2026-06-23T05:29:58.847318+00:00,https://api.mfapi.in/mf/118632
118632,Nippon Large Cap,118632,Nippon India Large Cap Fund - Direct Plan Growth Plan - Growth Option,Nippon India Mutual Fund,Open Ended Schemes,Equity Scheme - Large Cap Fund,2021-07-28,48.2816,2026-06-23T05:29:58.847318+00:00,https://api.mfapi.in/mf/118632
118632,Nippon Large Cap,118632,Nippon India Large Cap Fund - Direct Plan Growth Plan - Growth Option,Nippon India Mutual Fund,Open Ended Schemes,Equity Scheme - Large Cap Fund,2021-07-27,48.2348,2026-06-23T05:29:58.847318+00:00,https://api.mfapi.in/mf/118632
118632,Nippon Large Cap,118632,Nippon India Large Cap Fund - Direct Plan Growth Plan - Growth Option,Nippon India Mutual Fund,Open Ended Schemes,Equity Scheme - Large Cap Fund,2021-07-26,48.3377,2026-06-23T05:29:58.847318+00:00,https://api.mfapi.in/mf/118632
118632,Nippon Large Cap,118632,Nippon India Large Cap Fund - Direct Plan Growth Plan - Growth Option,Nippon India Mutual Fund,Open Ended Schemes,Equity Scheme - Large Cap Fund,2021-07-23,48.2621,2026-06-23T05:29:58.847318+00:00,https://api.mfapi.in/mf/118632
118632,Nippon Large Cap,118632,Nippon India Large Cap Fund - Direct Plan Growth Plan - Growth Option,Nippon India Mutual Fund,Open Ended Schemes,Equity Scheme - Large Cap Fund,2021-07-22,48.0885,2026-06-23T05:29:58.847318+00:00,https://api.mfapi.in/mf/118632
118632,Nippon Large Cap,118632,Nippon India Large Cap Fund - Direct Plan Growth Plan - Growth Option,Nippon India Mutual Fund,Open Ended Schemes,Equity Scheme - Large Cap Fund,2021-07-20,47.511,2026-06-23T05:29:58.847318+00:00,https://api.mfapi.in/mf/118632
118632,Nippon Large Cap,118632,Nippon India Large Cap Fund - Direct Plan Growth Plan - Growth Option,Nippon India Mutual Fund,Open Ended Schemes,Equity Scheme - Large Cap Fund,2021-07-19,48.1744,2026-06-23T05:29:58.847318+00:00,https://api.mfapi.in/mf/118632
118632,Nippon Large Cap,118632,Nippon India Large Cap Fund - Direct Plan Growth Plan - Growth Option,Nippon India Mutual Fund,Open Ended Schemes,Equity Scheme - Large Cap Fund,2021-07-16,48.5607,2026-06-23T05:29:58.847318+00:00,https://api.mfapi.in/mf/118632
118632,Nippon Large Cap,118632,Nippon India Large Cap Fund - Direct Plan Growth Plan - Growth Option,Nippon India Mutual Fund,Open Ended Schemes,Equity Scheme - Large Cap Fund,2021-07-15,48.5473,2026-06-23T05:29:58.847318+00:00,https://api.mfapi.in/mf/118632
118632,Nippon Large Cap,118632,Nippon India Large Cap Fund - Direct Plan Growth Plan - Growth Option,Nippon India Mutual Fund,Open Ended Schemes,Equity Scheme - Large Cap Fund,2021-07-14,48.3071,2026-06-23T05:29:58.847318+00:00,https://api.mfapi.in/mf/118632
118632,Nippon Large Cap,118632,Nippon India Large Cap Fund - Direct Plan Growth Plan - Growth Option,Nippon India Mutual Fund,Open Ended Schemes,Equity Scheme - Large Cap Fund,2021-07-13,48.1585,2026-06-23T05:29:58.847318+00:00,https://api.mfapi.in/mf/118632
118632,Nippon Large Cap,118632,Nippon India Large Cap Fund - Direct Plan Growth Plan - Growth Option,Nippon India Mutual Fund,Open Ended Schemes,Equity Scheme - Large Cap Fund,2021-07-12,47.7575,2026-06-23T05:29:58.847318+00:00,https://api.mfapi.in/mf/118632
118632,Nippon Large Cap,118632,Nippon India Large Cap Fund - Direct Plan Growth Plan - Growth Option,Nippon India Mutual Fund,Open Ended Schemes,Equity Scheme - Large Cap Fund,2021-07-09,47.7858,2026-06-23T05:29:58.847318+00:00,https://api.mfapi.in/mf/118632
118632,Nippon Large Cap,118632,Nippon India Large Cap Fund - Direct Plan Growth Plan - Growth Option,Nippon India Mutual Fund,Open Ended Schemes,Equity Scheme - Large Cap Fund,2021-07-08,47.8442,2026-06-23T05:29:58.847318+00:00,https://api.mfapi.in/mf/118632
118632,Nippon Large Cap,118632,Nippon India Large Cap Fund - Direct Plan Growth Plan - Growth Option,Nippon India Mutual Fund,Open Ended Schemes,Equity Scheme - Large Cap Fund,2021-07-07,48.2858,2026-06-23T05:29:58.847318+00:00,https://api.mfapi.in/mf/118632
118632,Nippon Large Cap,118632,Nippon India Large Cap Fund - Direct Plan Growth Plan - Growth Option,Nippon India Mutual Fund,Open Ended Schemes,Equity Scheme - Large Cap Fund,2021-07-06,47.9985,2026-06-23T05:29:58.847318+00:00,https://api.mfapi.in/mf/118632
118632,Nippon Large Cap,118632,Nippon India Large Cap Fund - Direct Plan Growth Plan - Growth Option,Nippon India Mutual Fund,Open Ended Schemes,Equity Scheme - Large Cap Fund,2021-07-05,48.087,2026-06-23T05:29:58.847318+00:00,https://api.mfapi.in/mf/118632
118632,Nippon Large Cap,118632,Nippon India Large Cap Fund - Direct Plan Growth Plan - Growth Option,Nippon India Mutual Fund,Open Ended Schemes,Equity Scheme - Large Cap Fund,2021-07-02,47.6878,2026-06-23T05:29:58.847318+00:00,https://api.mfapi.in/mf/118632
118632,Nippon Large Cap,118632,Nippon India Large Cap Fund - Direct Plan Growth Plan - Growth Option,Nippon India Mutual Fund,Open Ended Schemes,Equity Scheme - Large Cap Fund,2021-07-01,47.5235,2026-06-23T05:29:58.847318+00:00,https://api.mfapi.in/mf/118632
118632,Nippon Large Cap,118632,Nippon India Large Cap Fund - Direct Plan Growth Plan - Growth Option,Nippon India Mutual Fund,Open Ended Schemes,Equity Scheme - Large Cap Fund,2021-06-30,47.6383,2026-06-23T05:29:58.847318+00:00,https://api.mfapi.in/mf/118632
118632,Nippon Large Cap,118632,Nippon India Large Cap Fund - Direct Plan Growth Plan - Growth Option,Nippon India Mutual Fund,Open Ended Schemes,Equity Scheme - Large Cap Fund,2021-06-29,47.7099,2026-06-23T05:29:58.847318+00:00,https://api.mfapi.in/mf/118632
118632,Nippon Large Cap,118632,Nippon India Large Cap Fund - Direct Plan Growth Plan - Growth Option,Nippon India Mutual Fund,Open Ended Schemes,Equity Scheme - Large Cap Fund,2021-06-28,47.8369,2026-06-23T05:29:58.847318+00:00,https://api.mfapi.in/mf/118632
118632,Nippon Large Cap,118632,Nippon India Large Cap Fund - Direct Plan Growth Plan - Growth Option,Nippon India Mutual Fund,Open Ended Schemes,Equity Scheme - Large Cap Fund,2021-06-25,47.9971,2026-06-23T05:29:58.847318+00:00,https://api.mfapi.in/mf/118632
118632,Nippon Large Cap,118632,Nippon India Large Cap Fund - Direct Plan Growth Plan - Growth Option,Nippon India Mutual Fund,Open Ended Schemes,Equity Scheme - Large Cap Fund,2021-06-24,47.5491,2026-06-23T05:29:58.847318+00:00,https://api.mfapi.in/mf/118632
118632,Nippon Large Cap,118632,Nippon India Large Cap Fund - Direct Plan Growth Plan - Growth Option,Nippon India Mutual Fund,Open Ended Schemes,Equity Scheme - Large Cap Fund,2021-06-23,47.2607,2026-06-23T05:29:58.847318+00:00,https://api.mfapi.in/mf/118632
118632,Nippon Large Cap,118632,Nippon India Large Cap Fund - Direct Plan Growth Plan - Growth Option,Nippon India Mutual Fund,Open Ended Schemes,Equity Scheme - Large Cap Fund,2021-06-22,47.559,2026-06-23T05:29:58.847318+00:00,https://api.mfapi.in/mf/118632
118632,Nippon Large Cap,118632,Nippon India Large Cap Fund - Direct Plan Growth Plan - Growth Option,Nippon India Mutual Fund,Open Ended Schemes,Equity Scheme - Large Cap Fund,2021-06-21,47.4709,2026-06-23T05:29:58.847318+00:00,https://api.mfapi.in/mf/118632
118632,Nippon Large Cap,118632,Nippon India Large Cap Fund - Direct Plan Growth Plan - Growth Option,Nippon India Mutual Fund,Open Ended Schemes,Equity Scheme - Large Cap Fund,2021-06-18,47.1973,2026-06-23T05:29:58.847318+00:00,https://api.mfapi.in/mf/118632
118632,Nippon Large Cap,118632,Nippon India Large Cap Fund - Direct Plan Growth Plan - Growth Option,Nippon India Mutual Fund,Open Ended Schemes,Equity Scheme - Large Cap Fund,2021-06-17,47.3949,2026-06-23T05:29:58.847318+00:00,https://api.mfapi.in/mf/118632
118632,Nippon Large Cap,118632,Nippon India Large Cap Fund - Direct Plan Growth Plan - Growth Option,Nippon India Mutual Fund,Open Ended Schemes,Equity Scheme - Large Cap Fund,2021-06-16,47.7256,2026-06-23T05:29:58.847318+00:00,https://api.mfapi.in/mf/118632
118632,Nippon Large Cap,118632,Nippon India Large Cap Fund - Direct Plan Growth Plan - Growth Option,Nippon India Mutual Fund,Open Ended Schemes,Equity Scheme - Large Cap Fund,2021-06-15,47.9897,2026-06-23T05:29:58.847318+00:00,https://api.mfapi.in/mf/118632
118632,Nippon Large Cap,118632,Nippon India Large Cap Fund - Direct Plan Growth Plan - Growth Option,Nippon India Mutual Fund,Open Ended Schemes,Equity Scheme - Large Cap Fund,2021-06-14,47.8037,2026-06-23T05:29:58.847318+00:00,https://api.mfapi.in/mf/118632
118632,Nippon Large Cap,118632,Nippon India Large Cap Fund - Direct Plan Growth Plan - Growth Option,Nippon India Mutual Fund,Open Ended Schemes,Equity Scheme - Large Cap Fund,2021-06-11,47.7655,2026-06-23T05:29:58.847318+00:00,https://api.mfapi.in/mf/118632
118632,Nippon Large Cap,118632,Nippon India Large Cap Fund - Direct Plan Growth Plan - Growth Option,Nippon India Mutual Fund,Open Ended Schemes,Equity Scheme - Large Cap Fund,2021-06-10,47.6711,2026-06-23T05:29:58.847318+00:00,https://api.mfapi.in/mf/118632
118632,Nippon Large Cap,118632,Nippon India Large Cap Fund - Direct Plan Growth Plan - Growth Option,Nippon India Mutual Fund,Open Ended Schemes,Equity Scheme - Large Cap Fund,2021-06-09,47.2611,2026-06-23T05:29:58.847318+00:00,https://api.mfapi.in/mf/118632
118632,Nippon Large Cap,118632,Nippon India Large Cap Fund - Direct Plan Growth Plan - Growth Option,Nippon India Mutual Fund,Open Ended Schemes,Equity Scheme - Large Cap Fund,2021-06-08,47.4981,2026-06-23T05:29:58.847318+00:00,https://api.mfapi.in/mf/118632
118632,Nippon Large Cap,118632,Nippon India Large Cap Fund - Direct Plan Growth Plan - Growth Option,Nippon India Mutual Fund,Open Ended Schemes,Equity Scheme - Large Cap Fund,2021-06-07,47.5131,2026-06-23T05:29:58.847318+00:00,https://api.mfapi.in/mf/118632
118632,Nippon Large Cap,118632,Nippon India Large Cap Fund - Direct Plan Growth Plan - Growth Option,Nippon India Mutual Fund,Open Ended Schemes,Equity Scheme - Large Cap Fund,2021-06-04,47.254,2026-06-23T05:29:58.847318+00:00,https://api.mfapi.in/mf/118632
118632,Nippon Large Cap,118632,Nippon India Large Cap Fund - Direct Plan Growth Plan - Growth Option,Nippon India Mutual Fund,Open Ended Schemes,Equity Scheme - Large Cap Fund,2021-06-03,47.2687,2026-06-23T05:29:58.847318+00:00,https://api.mfapi.in/mf/118632
118632,Nippon Large Cap,118632,Nippon India Large Cap Fund - Direct Plan Growth Plan - Growth Option,Nippon India Mutual Fund,Open Ended Schemes,Equity Scheme - Large Cap Fund,2021-06-02,47.0119,2026-06-23T05:29:58.847318+00:00,https://api.mfapi.in/mf/118632
118632,Nippon Large Cap,118632,Nippon India Large Cap Fund - Direct Plan Growth Plan - Growth Option,Nippon India Mutual Fund,Open Ended Schemes,Equity Scheme - Large Cap Fund,2021-06-01,46.8615,2026-06-23T05:29:58.847318+00:00,https://api.mfapi.in/mf/118632
118632,Nippon Large Cap,118632,Nippon India Large Cap Fund - Direct Plan Growth Plan - Growth Option,Nippon India Mutual Fund,Open Ended Schemes,Equity Scheme - Large Cap Fund,2021-05-31,46.904,2026-06-23T05:29:58.847318+00:00,https://api.mfapi.in/mf/118632
118632,Nippon Large Cap,118632,Nippon India Large Cap Fund - Direct Plan Growth Plan - Growth Option,Nippon India Mutual Fund,Open Ended Schemes,Equity Scheme - Large Cap Fund,2021-05-28,46.3905,2026-06-23T05:29:58.847318+00:00,https://api.mfapi.in/mf/118632
118632,Nippon Large Cap,118632,Nippon India Large Cap Fund - Direct Plan Growth Plan - Growth Option,Nippon India Mutual Fund,Open Ended Schemes,Equity Scheme - Large Cap Fund,2021-05-27,46.2878,2026-06-23T05:29:58.847318+00:00,https://api.mfapi.in/mf/118632
118632,Nippon Large Cap,118632,Nippon India Large Cap Fund - Direct Plan Growth Plan - Growth Option,Nippon India Mutual Fund,Open Ended Schemes,Equity Scheme - Large Cap Fund,2021-05-26,46.1005,2026-06-23T05:29:58.847318+00:00,https://api.mfapi.in/mf/118632
118632,Nippon Large Cap,118632,Nippon India Large Cap Fund - Direct Plan Growth Plan - Growth Option,Nippon India Mutual Fund,Open Ended Schemes,Equity Scheme - Large Cap Fund,2021-05-25,45.9345,2026-06-23T05:29:58.847318+00:00,https://api.mfapi.in/mf/118632
118632,Nippon Large Cap,118632,Nippon India Large Cap Fund - Direct Plan Growth Plan - Growth Option,Nippon India Mutual Fund,Open Ended Schemes,Equity Scheme - Large Cap Fund,2021-05-24,45.8781,2026-06-23T05:29:58.847318+00:00,https://api.mfapi.in/mf/118632
118632,Nippon Large Cap,118632,Nippon India Large Cap Fund - Direct Plan Growth Plan - Growth Option,Nippon India Mutual Fund,Open Ended Schemes,Equity Scheme - Large Cap Fund,2021-05-21,45.6285,2026-06-23T05:29:58.847318+00:00,https://api.mfapi.in/mf/118632
118632,Nippon Large Cap,118632,Nippon India Large Cap Fund - Direct Plan Growth Plan - Growth Option,Nippon India Mutual Fund,Open Ended Schemes,Equity Scheme - Large Cap Fund,2021-05-20,44.7848,2026-06-23T05:29:58.847318+00:00,https://api.mfapi.in/mf/118632
118632,Nippon Large Cap,118632,Nippon India Large Cap Fund - Direct Plan Growth Plan - Growth Option,Nippon India Mutual Fund,Open Ended Schemes,Equity Scheme - Large Cap Fund,2021-05-19,45.0959,2026-06-23T05:29:58.847318+00:00,https://api.mfapi.in/mf/118632
118632,Nippon Large Cap,118632,Nippon India Large Cap Fund - Direct Plan Growth Plan - Growth Option,Nippon India Mutual Fund,Open Ended Schemes,Equity Scheme - Large Cap Fund,2021-05-18,45.1787,2026-06-23T05:29:58.847318+00:00,https://api.mfapi.in/mf/118632
118632,Nippon Large Cap,118632,Nippon India Large Cap Fund - Direct Plan Growth Plan - Growth Option,Nippon India Mutual Fund,Open Ended Schemes,Equity Scheme - Large Cap Fund,2021-05-17,44.7797,2026-06-23T05:29:58.847318+00:00,https://api.mfapi.in/mf/118632
118632,Nippon Large Cap,118632,Nippon India Large Cap Fund - Direct Plan Growth Plan - Growth Option,Nippon India Mutual Fund,Open Ended Schemes,Equity Scheme - Large Cap Fund,2021-05-14,44.0648,2026-06-23T05:29:58.847318+00:00,https://api.mfapi.in/mf/118632
118632,Nippon Large Cap,118632,Nippon India Large Cap Fund - Direct Plan Growth Plan - Growth Option,Nippon India Mutual Fund,Open Ended Schemes,Equity Scheme - Large Cap Fund,2021-05-12,44.3089,2026-06-23T05:29:58.847318+00:00,https://api.mfapi.in/mf/118632
118632,Nippon Large Cap,118632,Nippon India Large Cap Fund - Direct Plan Growth Plan - Growth Option,Nippon India Mutual Fund,Open Ended Schemes,Equity Scheme - Large Cap Fund,2021-05-11,44.6715,2026-06-23T05:29:58.847318+00:00,https://api.mfapi.in/mf/118632
118632,Nippon Large Cap,118632,Nippon India Large Cap Fund - Direct Plan Growth Plan - Growth Option,Nippon India Mutual Fund,Open Ended Schemes,Equity Scheme - Large Cap Fund,2021-05-10,44.6395,2026-06-23T05:29:58.847318+00:00,https://api.mfapi.in/mf/118632
118632,Nippon Large Cap,118632,Nippon India Large Cap Fund - Direct Plan Growth Plan - Growth Option,Nippon India Mutual Fund,Open Ended Schemes,Equity Scheme - Large Cap Fund,2021-05-07,44.2139,2026-06-23T05:29:58.847318+00:00,https://api.mfapi.in/mf/118632
118632,Nippon Large Cap,118632,Nippon India Large Cap Fund - Direct Plan Growth Plan - Growth Option,Nippon India Mutual Fund,Open Ended Schemes,Equity Scheme - Large Cap Fund,2021-05-06,43.8458,2026-06-23T05:29:58.847318+00:00,https://api.mfapi.in/mf/118632
118632,Nippon Large Cap,118632,Nippon India Large Cap Fund - Direct Plan Growth Plan - Growth Option,Nippon India Mutual Fund,Open Ended Schemes,Equity Scheme - Large Cap Fund,2021-05-05,43.5666,2026-06-23T05:29:58.847318+00:00,https://api.mfapi.in/mf/118632
118632,Nippon Large Cap,118632,Nippon India Large Cap Fund - Direct Plan Growth Plan - Growth Option,Nippon India Mutual Fund,Open Ended Schemes,Equity Scheme - Large Cap Fund,2021-05-04,43.1654,2026-06-23T05:29:58.847318+00:00,https://api.mfapi.in/mf/118632
118632,Nippon Large Cap,118632,Nippon India Large Cap Fund - Direct Plan Growth Plan - Growth Option,Nippon India Mutual Fund,Open Ended Schemes,Equity Scheme - Large Cap Fund,2021-05-03,43.5025,2026-06-23T05:29:58.847318+00:00,https://api.mfapi.in/mf/118632
118632,Nippon Large Cap,118632,Nippon India Large Cap Fund - Direct Plan Growth Plan - Growth Option,Nippon India Mutual Fund,Open Ended Schemes,Equity Scheme - Large Cap Fund,2021-04-30,43.37,2026-06-23T05:29:58.847318+00:00,https://api.mfapi.in/mf/118632
118632,Nippon Large Cap,118632,Nippon India Large Cap Fund - Direct Plan Growth Plan - Growth Option,Nippon India Mutual Fund,Open Ended Schemes,Equity Scheme - Large Cap Fund,2021-04-29,43.8801,2026-06-23T05:29:58.847318+00:00,https://api.mfapi.in/mf/118632
118632,Nippon Large Cap,118632,Nippon India Large Cap Fund - Direct Plan Growth Plan - Growth Option,Nippon India Mutual Fund,Open Ended Schemes,Equity Scheme - Large Cap Fund,2021-04-28,43.9291,2026-06-23T05:29:58.847318+00:00,https://api.mfapi.in/mf/118632
118632,Nippon Large Cap,118632,Nippon India Large Cap Fund - Direct Plan Growth Plan - Growth Option,Nippon India Mutual Fund,Open Ended Schemes,Equity Scheme - Large Cap Fund,2021-04-27,43.3506,2026-06-23T05:29:58.847318+00:00,https://api.mfapi.in/mf/118632
118632,Nippon Large Cap,118632,Nippon India Large Cap Fund - Direct Plan Growth Plan - Growth Option,Nippon India Mutual Fund,Open Ended Schemes,Equity Scheme - Large Cap Fund,2021-04-26,42.7973,2026-06-23T05:29:58.847318+00:00,https://api.mfapi.in/mf/118632
118632,Nippon Large Cap,118632,Nippon India Large Cap Fund - Direct Plan Growth Plan - Growth Option,Nippon India Mutual Fund,Open Ended Schemes,Equity Scheme - Large Cap Fund,2021-04-23,42.3659,2026-06-23T05:29:58.847318+00:00,https://api.mfapi.in/mf/118632
118632,Nippon Large Cap,118632,Nippon India Large Cap Fund - Direct Plan Growth Plan - Growth Option,Nippon India Mutual Fund,Open Ended Schemes,Equity Scheme - Large Cap Fund,2021-04-22,42.4038,2026-06-23T05:29:58.847318+00:00,https://api.mfapi.in/mf/118632
118632,Nippon Large Cap,118632,Nippon India Large Cap Fund - Direct Plan Growth Plan - Growth Option,Nippon India Mutual Fund,Open Ended Schemes,Equity Scheme - Large Cap Fund,2021-04-20,42.0253,2026-06-23T05:29:58.847318+00:00,https://api.mfapi.in/mf/118632
118632,Nippon Large Cap,118632,Nippon India Large Cap Fund - Direct Plan Growth Plan - Growth Option,Nippon India Mutual Fund,Open Ended Schemes,Equity Scheme - Large Cap Fund,2021-04-19,42.0838,2026-06-23T05:29:58.847318+00:00,https://api.mfapi.in/mf/118632
118632,Nippon Large Cap,118632,Nippon India Large Cap Fund - Direct Plan Growth Plan - Growth Option,Nippon India Mutual Fund,Open Ended Schemes,Equity Scheme - Large Cap Fund,2021-04-16,42.8801,2026-06-23T05:29:58.847318+00:00,https://api.mfapi.in/mf/118632
118632,Nippon Large Cap,118632,Nippon India Large Cap Fund - Direct Plan Growth Plan - Growth Option,Nippon India Mutual Fund,Open Ended Schemes,Equity Scheme - Large Cap Fund,2021-04-15,42.7598,2026-06-23T05:29:58.847318+00:00,https://api.mfapi.in/mf/118632
118632,Nippon Large Cap,118632,Nippon India Large Cap Fund - Direct Plan Growth Plan - Growth Option,Nippon India Mutual Fund,Open Ended Schemes,Equity Scheme - Large Cap Fund,2021-04-13,42.5952,2026-06-23T05:29:58.847318+00:00,https://api.mfapi.in/mf/118632
118632,Nippon Large Cap,118632,Nippon India Large Cap Fund - Direct Plan Growth Plan - Growth Option,Nippon India Mutual Fund,Open Ended Schemes,Equity Scheme - Large Cap Fund,2021-04-12,41.9881,2026-06-23T05:29:58.847318+00:00,https://api.mfapi.in/mf/118632
118632,Nippon Large Cap,118632,Nippon India Large Cap Fund - Direct Plan Growth Plan - Growth Option,Nippon India Mutual Fund,Open Ended Schemes,Equity Scheme - Large Cap Fund,2021-04-09,43.8531,2026-06-23T05:29:58.847318+00:00,https://api.mfapi.in/mf/118632
118632,Nippon Large Cap,118632,Nippon India Large Cap Fund - Direct Plan Growth Plan - Growth Option,Nippon India Mutual Fund,Open Ended Schemes,Equity Scheme - Large Cap Fund,2021-04-08,44.0046,2026-06-23T05:29:58.847318+00:00,https://api.mfapi.in/mf/118632
118632,Nippon Large Cap,118632,Nippon India Large Cap Fund - Direct Plan Growth Plan - Growth Option,Nippon India Mutual Fund,Open Ended Schemes,Equity Scheme - Large Cap Fund,2021-04-07,43.9786,2026-06-23T05:29:58.847318+00:00,https://api.mfapi.in/mf/118632
118632,Nippon Large Cap,118632,Nippon India Large Cap Fund - Direct Plan Growth Plan - Growth Option,Nippon India Mutual Fund,Open Ended Schemes,Equity Scheme - Large Cap Fund,2021-04-06,43.5747,2026-06-23T05:29:58.847318+00:00,https://api.mfapi.in/mf/118632
118632,Nippon Large Cap,118632,Nippon India Large Cap Fund - Direct Plan Growth Plan - Growth Option,Nippon India Mutual Fund,Open Ended Schemes,Equity Scheme - Large Cap Fund,2021-04-05,43.5112,2026-06-23T05:29:58.847318+00:00,https://api.mfapi.in/mf/118632
118632,Nippon Large Cap,118632,Nippon India Large Cap Fund - Direct Plan Growth Plan - Growth Option,Nippon India Mutual Fund,Open Ended Schemes,Equity Scheme - Large Cap Fund,2021-04-01,44.237,2026-06-23T05:29:58.847318+00:00,https://api.mfapi.in/mf/118632
118632,Nippon Large Cap,118632,Nippon India Large Cap Fund - Direct Plan Growth Plan - Growth Option,Nippon India Mutual Fund,Open Ended Schemes,Equity Scheme - Large Cap Fund,2021-03-31,43.5807,2026-06-23T05:29:58.847318+00:00,https://api.mfapi.in/mf/118632
118632,Nippon Large Cap,118632,Nippon India Large Cap Fund - Direct Plan Growth Plan - Growth Option,Nippon India Mutual Fund,Open Ended Schemes,Equity Scheme - Large Cap Fund,2021-03-30,43.7782,2026-06-23T05:29:58.847318+00:00,https://api.mfapi.in/mf/118632
118632,Nippon Large Cap,118632,Nippon India Large Cap Fund - Direct Plan Growth Plan - Growth Option,Nippon India Mutual Fund,Open Ended Schemes,Equity Scheme - Large Cap Fund,2021-03-26,42.9967,2026-06-23T05:29:58.847318+00:00,https://api.mfapi.in/mf/118632
118632,Nippon Large Cap,118632,Nippon India Large Cap Fund - Direct Plan Growth Plan - Growth Option,Nippon India Mutual Fund,Open Ended Schemes,Equity Scheme - Large Cap Fund,2021-03-25,42.3903,2026-06-23T05:29:58.847318+00:00,https://api.mfapi.in/mf/118632
118632,Nippon Large Cap,118632,Nippon India Large Cap Fund - Direct Plan Growth Plan - Growth Option,Nippon India Mutual Fund,Open Ended Schemes,Equity Scheme - Large Cap Fund,2021-03-24,43.0084,2026-06-23T05:29:58.847318+00:00,https://api.mfapi.in/mf/118632
118632,Nippon Large Cap,118632,Nippon India Large Cap Fund - Direct Plan Growth Plan - Growth Option,Nippon India Mutual Fund,Open Ended Schemes,Equity Scheme - Large Cap Fund,2021-03-23,43.9431,2026-06-23T05:29:58.847318+00:00,https://api.mfapi.in/mf/118632
118632,Nippon Large Cap,118632,Nippon India Large Cap Fund - Direct Plan Growth Plan - Growth Option,Nippon India Mutual Fund,Open Ended Schemes,Equity Scheme - Large Cap Fund,2021-03-22,43.7908,2026-06-23T05:29:58.847318+00:00,https://api.mfapi.in/mf/118632
118632,Nippon Large Cap,118632,Nippon India Large Cap Fund - Direct Plan Growth Plan - Growth Option,Nippon India Mutual Fund,Open Ended Schemes,Equity Scheme - Large Cap Fund,2021-03-19,43.7629,2026-06-23T05:29:58.847318+00:00,https://api.mfapi.in/mf/118632
118632,Nippon Large Cap,118632,Nippon India Large Cap Fund - Direct Plan Growth Plan - Growth Option,Nippon India Mutual Fund,Open Ended Schemes,Equity Scheme - Large Cap Fund,2021-03-18,43.282,2026-06-23T05:29:58.847318+00:00,https://api.mfapi.in/mf/118632
118632,Nippon Large Cap,118632,Nippon India Large Cap Fund - Direct Plan Growth Plan - Growth Option,Nippon India Mutual Fund,Open Ended Schemes,Equity Scheme - Large Cap Fund,2021-03-17,43.876,2026-06-23T05:29:58.847318+00:00,https://api.mfapi.in/mf/118632
118632,Nippon Large Cap,118632,Nippon India Large Cap Fund - Direct Plan Growth Plan - Growth Option,Nippon India Mutual Fund,Open Ended Schemes,Equity Scheme - Large Cap Fund,2021-03-16,44.6818,2026-06-23T05:29:58.847318+00:00,https://api.mfapi.in/mf/118632
118632,Nippon Large Cap,118632,Nippon India Large Cap Fund - Direct Plan Growth Plan - Growth Option,Nippon India Mutual Fund,Open Ended Schemes,Equity Scheme - Large Cap Fund,2021-03-15,44.7914,2026-06-23T05:29:58.847318+00:00,https://api.mfapi.in/mf/118632
118632,Nippon Large Cap,118632,Nippon India Large Cap Fund - Direct Plan Growth Plan - Growth Option,Nippon India Mutual Fund,Open Ended Schemes,Equity Scheme - Large Cap Fund,2021-03-12,44.9961,2026-06-23T05:29:58.847318+00:00,https://api.mfapi.in/mf/118632
118632,Nippon Large Cap,118632,Nippon India Large Cap Fund - Direct Plan Growth Plan - Growth Option,Nippon India Mutual Fund,Open Ended Schemes,Equity Scheme - Large Cap Fund,2021-03-10,45.4237,2026-06-23T05:29:58.847318+00:00,https://api.mfapi.in/mf/118632
118632,Nippon Large Cap,118632,Nippon India Large Cap Fund - Direct Plan Growth Plan - Growth Option,Nippon India Mutual Fund,Open Ended Schemes,Equity Scheme - Large Cap Fund,2021-03-09,45.1929,2026-06-23T05:29:58.847318+00:00,https://api.mfapi.in/mf/118632
118632,Nippon Large Cap,118632,Nippon India Large Cap Fund - Direct Plan Growth Plan - Growth Option,Nippon India Mutual Fund,Open Ended Schemes,Equity Scheme - Large Cap Fund,2021-03-08,45.2591,2026-06-23T05:29:58.847318+00:00,https://api.mfapi.in/mf/118632
118632,Nippon Large Cap,118632,Nippon India Large Cap Fund - Direct Plan Growth Plan - Growth Option,Nippon India Mutual Fund,Open Ended Schemes,Equity Scheme - Large Cap Fund,2021-03-05,44.8532,2026-06-23T05:29:58.847318+00:00,https://api.mfapi.in/mf/118632
118632,Nippon Large Cap,118632,Nippon India Large Cap Fund - Direct Plan Growth Plan - Growth Option,Nippon India Mutual Fund,Open Ended Schemes,Equity Scheme - Large Cap Fund,2021-03-04,45.564,2026-06-23T05:29:58.847318+00:00,https://api.mfapi.in/mf/118632
118632,Nippon Large Cap,118632,Nippon India Large Cap Fund - Direct Plan Growth Plan - Growth Option,Nippon India Mutual Fund,Open Ended Schemes,Equity Scheme - Large Cap Fund,2021-03-03,46.0063,2026-06-23T05:29:58.847318+00:00,https://api.mfapi.in/mf/118632
118632,Nippon Large Cap,118632,Nippon India Large Cap Fund - Direct Plan Growth Plan - Growth Option,Nippon India Mutual Fund,Open Ended Schemes,Equity Scheme - Large Cap Fund,2021-03-02,45.1308,2026-06-23T05:29:58.847318+00:00,https://api.mfapi.in/mf/118632
118632,Nippon Large Cap,118632,Nippon India Large Cap Fund - Direct Plan Growth Plan - Growth Option,Nippon India Mutual Fund,Open Ended Schemes,Equity Scheme - Large Cap Fund,2021-03-01,44.6362,2026-06-23T05:29:58.847318+00:00,https://api.mfapi.in/mf/118632
118632,Nippon Large Cap,118632,Nippon India Large Cap Fund - Direct Plan Growth Plan - Growth Option,Nippon India Mutual Fund,Open Ended Schemes,Equity Scheme - Large Cap Fund,2021-02-26,44.1192,2026-06-23T05:29:58.847318+00:00,https://api.mfapi.in/mf/118632
118632,Nippon Large Cap,118632,Nippon India Large Cap Fund - Direct Plan Growth Plan - Growth Option,Nippon India Mutual Fund,Open Ended Schemes,Equity Scheme - Large Cap Fund,2021-02-25,45.4713,2026-06-23T05:29:58.847318+00:00,https://api.mfapi.in/mf/118632
118632,Nippon Large Cap,118632,Nippon India Large Cap Fund - Direct Plan Growth Plan - Growth Option,Nippon India Mutual Fund,Open Ended Schemes,Equity Scheme - Large Cap Fund,2021-02-24,44.9125,2026-06-23T05:29:58.847318+00:00,https://api.mfapi.in/mf/118632
118632,Nippon Large Cap,118632,Nippon India Large Cap Fund - Direct Plan Growth Plan - Growth Option,Nippon India Mutual Fund,Open Ended Schemes,Equity Scheme - Large Cap Fund,2021-02-23,44.0671,2026-06-23T05:29:58.847318+00:00,https://api.mfapi.in/mf/118632
118632,Nippon Large Cap,118632,Nippon India Large Cap Fund - Direct Plan Growth Plan - Growth Option,Nippon India Mutual Fund,Open Ended Schemes,Equity Scheme - Large Cap Fund,2021-02-22,43.7422,2026-06-23T05:29:58.847318+00:00,https://api.mfapi.in/mf/118632
118632,Nippon Large Cap,118632,Nippon India Large Cap Fund - Direct Plan Growth Plan - Growth Option,Nippon India Mutual Fund,Open Ended Schemes,Equity Scheme - Large Cap Fund,2021-02-19,44.6158,2026-06-23T05:29:58.847318+00:00,https://api.mfapi.in/mf/118632
118632,Nippon Large Cap,118632,Nippon India Large Cap Fund - Direct Plan Growth Plan - Growth Option,Nippon India Mutual Fund,Open Ended Schemes,Equity Scheme - Large Cap Fund,2021-02-18,45.2545,2026-06-23T05:29:58.847318+00:00,https://api.mfapi.in/mf/118632
118632,Nippon Large Cap,118632,Nippon India Large Cap Fund - Direct Plan Growth Plan - Growth Option,Nippon India Mutual Fund,Open Ended Schemes,Equity Scheme - Large Cap Fund,2021-02-17,45.1552,2026-06-23T05:29:58.847318+00:00,https://api.mfapi.in/mf/118632
118632,Nippon Large Cap,118632,Nippon India Large Cap Fund - Direct Plan Growth Plan - Growth Option,Nippon India Mutual Fund,Open Ended Schemes,Equity Scheme - Large Cap Fund,2021-02-16,45.0736,2026-06-23T05:29:58.847318+00:00,https://api.mfapi.in/mf/118632
118632,Nippon Large Cap,118632,Nippon India Large Cap Fund - Direct Plan Growth Plan - Growth Option,Nippon India Mutual Fund,Open Ended Schemes,Equity Scheme - Large Cap Fund,2021-02-15,45.1394,2026-06-23T05:29:58.847318+00:00,https://api.mfapi.in/mf/118632
118632,Nippon Large Cap,118632,Nippon India Large Cap Fund - Direct Plan Growth Plan - Growth Option,Nippon India Mutual Fund,Open Ended Schemes,Equity Scheme - Large Cap Fund,2021-02-12,44.6208,2026-06-23T05:29:58.847318+00:00,https://api.mfapi.in/mf/118632
118632,Nippon Large Cap,118632,Nippon India Large Cap Fund - Direct Plan Growth Plan - Growth Option,Nippon India Mutual Fund,Open Ended Schemes,Equity Scheme - Large Cap Fund,2021-02-11,44.7129,2026-06-23T05:29:58.847318+00:00,https://api.mfapi.in/mf/118632
118632,Nippon Large Cap,118632,Nippon India Large Cap Fund - Direct Plan Growth Plan - Growth Option,Nippon India Mutual Fund,Open Ended Schemes,Equity Scheme - Large Cap Fund,2021-02-10,44.5049,2026-06-23T05:29:58.847318+00:00,https://api.mfapi.in/mf/118632
118632,Nippon Large Cap,118632,Nippon India Large Cap Fund - Direct Plan Growth Plan - Growth Option,Nippon India Mutual Fund,Open Ended Schemes,Equity Scheme - Large Cap Fund,2021-02-09,44.5908,2026-06-23T05:29:58.847318+00:00,https://api.mfapi.in/mf/118632
118632,Nippon Large Cap,118632,Nippon India Large Cap Fund - Direct Plan Growth Plan - Growth Option,Nippon India Mutual Fund,Open Ended Schemes,Equity Scheme - Large Cap Fund,2021-02-08,44.6087,2026-06-23T05:29:58.847318+00:00,https://api.mfapi.in/mf/118632
118632,Nippon Large Cap,118632,Nippon India Large Cap Fund - Direct Plan Growth Plan - Growth Option,Nippon India Mutual Fund,Open Ended Schemes,Equity Scheme - Large Cap Fund,2021-02-05,44.0117,2026-06-23T05:29:58.847318+00:00,https://api.mfapi.in/mf/118632
118632,Nippon Large Cap,118632,Nippon India Large Cap Fund - Direct Plan Growth Plan - Growth Option,Nippon India Mutual Fund,Open Ended Schemes,Equity Scheme - Large Cap Fund,2021-02-04,43.7496,2026-06-23T05:29:58.847318+00:00,https://api.mfapi.in/mf/118632
118632,Nippon Large Cap,118632,Nippon India Large Cap Fund - Direct Plan Growth Plan - Growth Option,Nippon India Mutual Fund,Open Ended Schemes,Equity Scheme - Large Cap Fund,2021-02-03,43.3242,2026-06-23T05:29:58.847318+00:00,https://api.mfapi.in/mf/118632
118632,Nippon Large Cap,118632,Nippon India Large Cap Fund - Direct Plan Growth Plan - Growth Option,Nippon India Mutual Fund,Open Ended Schemes,Equity Scheme - Large Cap Fund,2021-02-02,42.8596,2026-06-23T05:29:58.847318+00:00,https://api.mfapi.in/mf/118632
118632,Nippon Large Cap,118632,Nippon India Large Cap Fund - Direct Plan Growth Plan - Growth Option,Nippon India Mutual Fund,Open Ended Schemes,Equity Scheme - Large Cap Fund,2021-02-01,41.8157,2026-06-23T05:29:58.847318+00:00,https://api.mfapi.in/mf/118632
118632,Nippon Large Cap,118632,Nippon India Large Cap Fund - Direct Plan Growth Plan - Growth Option,Nippon India Mutual Fund,Open Ended Schemes,Equity Scheme - Large Cap Fund,2021-01-29,39.9285,2026-06-23T05:29:58.847318+00:00,https://api.mfapi.in/mf/118632
118632,Nippon Large Cap,118632,Nippon India Large Cap Fund - Direct Plan Growth Plan - Growth Option,Nippon India Mutual Fund,Open Ended Schemes,Equity Scheme - Large Cap Fund,2021-01-28,40.3096,2026-06-23T05:29:58.847318+00:00,https://api.mfapi.in/mf/118632
118632,Nippon Large Cap,118632,Nippon India Large Cap Fund - Direct Plan Growth Plan - Growth Option,Nippon India Mutual Fund,Open Ended Schemes,Equity Scheme - Large Cap Fund,2021-01-27,40.5252,2026-06-23T05:29:58.847318+00:00,https://api.mfapi.in/mf/118632
118632,Nippon Large Cap,118632,Nippon India Large Cap Fund - Direct Plan Growth Plan - Growth Option,Nippon India Mutual Fund,Open Ended Schemes,Equity Scheme - Large Cap Fund,2021-01-25,41.3069,2026-06-23T05:29:58.847318+00:00,https://api.mfapi.in/mf/118632
118632,Nippon Large Cap,118632,Nippon India Large Cap Fund - Direct Plan Growth Plan - Growth Option,Nippon India Mutual Fund,Open Ended Schemes,Equity Scheme - Large Cap Fund,2021-01-22,41.7735,2026-06-23T05:29:58.847318+00:00,https://api.mfapi.in/mf/118632
118632,Nippon Large Cap,118632,Nippon India Large Cap Fund - Direct Plan Growth Plan - Growth Option,Nippon India Mutual Fund,Open Ended Schemes,Equity Scheme - Large Cap Fund,2021-01-21,42.3683,2026-06-23T05:29:58.847318+00:00,https://api.mfapi.in/mf/118632
118632,Nippon Large Cap,118632,Nippon India Large Cap Fund - Direct Plan Growth Plan - Growth Option,Nippon India Mutual Fund,Open Ended Schemes,Equity Scheme - Large Cap Fund,2021-01-20,42.6989,2026-06-23T05:29:58.847318+00:00,https://api.mfapi.in/mf/118632
118632,Nippon Large Cap,118632,Nippon India Large Cap Fund - Direct Plan Growth Plan - Growth Option,Nippon India Mutual Fund,Open Ended Schemes,Equity Scheme - Large Cap Fund,2021-01-19,42.3529,2026-06-23T05:29:58.847318+00:00,https://api.mfapi.in/mf/118632
118632,Nippon Large Cap,118632,Nippon India Large Cap Fund - Direct Plan Growth Plan - Growth Option,Nippon India Mutual Fund,Open Ended Schemes,Equity Scheme - Large Cap Fund,2021-01-18,41.7673,2026-06-23T05:29:58.847318+00:00,https://api.mfapi.in/mf/118632
118632,Nippon Large Cap,118632,Nippon India Large Cap Fund - Direct Plan Growth Plan - Growth Option,Nippon India Mutual Fund,Open Ended Schemes,Equity Scheme - Large Cap Fund,2021-01-15,42.3289,2026-06-23T05:29:58.847318+00:00,https://api.mfapi.in/mf/118632
118632,Nippon Large Cap,118632,Nippon India Large Cap Fund - Direct Plan Growth Plan - Growth Option,Nippon India Mutual Fund,Open Ended Schemes,Equity Scheme - Large Cap Fund,2021-01-14,42.7469,2026-06-23T05:29:58.847318+00:00,https://api.mfapi.in/mf/118632
118632,Nippon Large Cap,118632,Nippon India Large Cap Fund - Direct Plan Growth Plan - Growth Option,Nippon India Mutual Fund,Open Ended Schemes,Equity Scheme - Large Cap Fund,2021-01-13,42.6892,2026-06-23T05:29:58.847318+00:00,https://api.mfapi.in/mf/118632
118632,Nippon Large Cap,118632,Nippon India Large Cap Fund - Direct Plan Growth Plan - Growth Option,Nippon India Mutual Fund,Open Ended Schemes,Equity Scheme - Large Cap Fund,2021-01-12,42.3527,2026-06-23T05:29:58.847318+00:00,https://api.mfapi.in/mf/118632
118632,Nippon Large Cap,118632,Nippon India Large Cap Fund - Direct Plan Growth Plan - Growth Option,Nippon India Mutual Fund,Open Ended Schemes,Equity Scheme - Large Cap Fund,2021-01-11,41.9657,2026-06-23T05:29:58.847318+00:00,https://api.mfapi.in/mf/118632
118632,Nippon Large Cap,118632,Nippon India Large Cap Fund - Direct Plan Growth Plan - Growth Option,Nippon India Mutual Fund,Open Ended Schemes,Equity Scheme - Large Cap Fund,2021-01-08,41.6488,2026-06-23T05:29:58.847318+00:00,https://api.mfapi.in/mf/118632
118632,Nippon Large Cap,118632,Nippon India Large Cap Fund - Direct Plan Growth Plan - Growth Option,Nippon India Mutual Fund,Open Ended Schemes,Equity Scheme - Large Cap Fund,2021-01-07,41.2561,2026-06-23T05:29:58.847318+00:00,https://api.mfapi.in/mf/118632
118632,Nippon Large Cap,118632,Nippon India Large Cap Fund - Direct Plan Growth Plan - Growth Option,Nippon India Mutual Fund,Open Ended Schemes,Equity Scheme - Large Cap Fund,2021-01-06,41.0522,2026-06-23T05:29:58.847318+00:00,https://api.mfapi.in/mf/118632
118632,Nippon Large Cap,118632,Nippon India Large Cap Fund - Direct Plan Growth Plan - Growth Option,Nippon India Mutual Fund,Open Ended Schemes,Equity Scheme - Large Cap Fund,2021-01-05,41.091,2026-06-23T05:29:58.847318+00:00,https://api.mfapi.in/mf/118632
118632,Nippon Large Cap,118632,Nippon India Large Cap Fund - Direct Plan Growth Plan - Growth Option,Nippon India Mutual Fund,Open Ended Schemes,Equity Scheme - Large Cap Fund,2021-01-04,40.9828,2026-06-23T05:29:58.847318+00:00,https://api.mfapi.in/mf/118632
118632,Nippon Large Cap,118632,Nippon India Large Cap Fund - Direct Plan Growth Plan - Growth Option,Nippon India Mutual Fund,Open Ended Schemes,Equity Scheme - Large Cap Fund,2021-01-01,40.4005,2026-06-23T05:29:58.847318+00:00,https://api.mfapi.in/mf/118632
118632,Nippon Large Cap,118632,Nippon India Large Cap Fund - Direct Plan Growth Plan - Growth Option,Nippon India Mutual Fund,Open Ended Schemes,Equity Scheme - Large Cap Fund,2020-12-31,40.1811,2026-06-23T05:29:58.847318+00:00,https://api.mfapi.in/mf/118632
118632,Nippon Large Cap,118632,Nippon India Large Cap Fund - Direct Plan Growth Plan - Growth Option,Nippon India Mutual Fund,Open Ended Schemes,Equity Scheme - Large Cap Fund,2020-12-30,40.141,2026-06-23T05:29:58.847318+00:00,https://api.mfapi.in/mf/118632
118632,Nippon Large Cap,118632,Nippon India Large Cap Fund - Direct Plan Growth Plan - Growth Option,Nippon India Mutual Fund,Open Ended Schemes,Equity Scheme - Large Cap Fund,2020-12-29,40.0964,2026-06-23T05:29:58.847318+00:00,https://api.mfapi.in/mf/118632
118632,Nippon Large Cap,118632,Nippon India Large Cap Fund - Direct Plan Growth Plan - Growth Option,Nippon India Mutual Fund,Open Ended Schemes,Equity Scheme - Large Cap Fund,2020-12-28,39.9554,2026-06-23T05:29:58.847318+00:00,https://api.mfapi.in/mf/118632
118632,Nippon Large Cap,118632,Nippon India Large Cap Fund - Direct Plan Growth Plan - Growth Option,Nippon India Mutual Fund,Open Ended Schemes,Equity Scheme - Large Cap Fund,2020-12-24,39.6489,2026-06-23T05:29:58.847318+00:00,https://api.mfapi.in/mf/118632
118632,Nippon Large Cap,118632,Nippon India Large Cap Fund - Direct Plan Growth Plan - Growth Option,Nippon India Mutual Fund,Open Ended Schemes,Equity Scheme - Large Cap Fund,2020-12-23,39.1941,2026-06-23T05:29:58.847318+00:00,https://api.mfapi.in/mf/118632
118632,Nippon Large Cap,118632,Nippon India Large Cap Fund - Direct Plan Growth Plan - Growth Option,Nippon India Mutual Fund,Open Ended Schemes,Equity Scheme - Large Cap Fund,2020-12-22,38.529,2026-06-23T05:29:58.847318+00:00,https://api.mfapi.in/mf/118632
118632,Nippon Large Cap,118632,Nippon India Large Cap Fund - Direct Plan Growth Plan - Growth Option,Nippon India Mutual Fund,Open Ended Schemes,Equity Scheme - Large Cap Fund,2020-12-21,38.0794,2026-06-23T05:29:58.847318+00:00,https://api.mfapi.in/mf/118632
118632,Nippon Large Cap,118632,Nippon India Large Cap Fund - Direct Plan Growth Plan - Growth Option,Nippon India Mutual Fund,Open Ended Schemes,Equity Scheme - Large Cap Fund,2020-12-18,39.6981,2026-06-23T05:29:58.847318+00:00,https://api.mfapi.in/mf/118632
118632,Nippon Large Cap,118632,Nippon India Large Cap Fund - Direct Plan Growth Plan - Growth Option,Nippon India Mutual Fund,Open Ended Schemes,Equity Scheme - Large Cap Fund,2020-12-17,39.6127,2026-06-23T05:29:58.847318+00:00,https://api.mfapi.in/mf/118632
118632,Nippon Large Cap,118632,Nippon India Large Cap Fund - Direct Plan Growth Plan - Growth Option,Nippon India Mutual Fund,Open Ended Schemes,Equity Scheme - Large Cap Fund,2020-12-16,39.5649,2026-06-23T05:29:58.847318+00:00,https://api.mfapi.in/mf/118632
118632,Nippon Large Cap,118632,Nippon India Large Cap Fund - Direct Plan Growth Plan - Growth Option,Nippon India Mutual Fund,Open Ended Schemes,Equity Scheme - Large Cap Fund,2020-12-15,39.2438,2026-06-23T05:29:58.847318+00:00,https://api.mfapi.in/mf/118632
118632,Nippon Large Cap,118632,Nippon India Large Cap Fund - Direct Plan Growth Plan - Growth Option,Nippon India Mutual Fund,Open Ended Schemes,Equity Scheme - Large Cap Fund,2020-12-14,39.3381,2026-06-23T05:29:58.847318+00:00,https://api.mfapi.in/mf/118632
118632,Nippon Large Cap,118632,Nippon India Large Cap Fund - Direct Plan Growth Plan - Growth Option,Nippon India Mutual Fund,Open Ended Schemes,Equity Scheme - Large Cap Fund,2020-12-11,39.0473,2026-06-23T05:29:58.847318+00:00,https://api.mfapi.in/mf/118632
118632,Nippon Large Cap,118632,Nippon India Large Cap Fund - Direct Plan Growth Plan - Growth Option,Nippon India Mutual Fund,Open Ended Schemes,Equity Scheme - Large Cap Fund,2020-12-10,38.8646,2026-06-23T05:29:58.847318+00:00,https://api.mfapi.in/mf/118632
118632,Nippon Large Cap,118632,Nippon India Large Cap Fund - Direct Plan Growth Plan - Growth Option,Nippon India Mutual Fund,Open Ended Schemes,Equity Scheme - Large Cap Fund,2020-12-09,39.0437,2026-06-23T05:29:58.847318+00:00,https://api.mfapi.in/mf/118632
118632,Nippon Large Cap,118632,Nippon India Large Cap Fund - Direct Plan Growth Plan - Growth Option,Nippon India Mutual Fund,Open Ended Schemes,Equity Scheme - Large Cap Fund,2020-12-08,38.7901,2026-06-23T05:29:58.847318+00:00,https://api.mfapi.in/mf/118632
118632,Nippon Large Cap,118632,Nippon India Large Cap Fund - Direct Plan Growth Plan - Growth Option,Nippon India Mutual Fund,Open Ended Schemes,Equity Scheme - Large Cap Fund,2020-12-07,38.7575,2026-06-23T05:29:58.847318+00:00,https://api.mfapi.in/mf/118632
118632,Nippon Large Cap,118632,Nippon India Large Cap Fund - Direct Plan Growth Plan - Growth Option,Nippon India Mutual Fund,Open Ended Schemes,Equity Scheme - Large Cap Fund,2020-12-04,38.245,2026-06-23T05:29:58.847318+00:00,https://api.mfapi.in/mf/118632
118632,Nippon Large Cap,118632,Nippon India Large Cap Fund - Direct Plan Growth Plan - Growth Option,Nippon India Mutual Fund,Open Ended Schemes,Equity Scheme - Large Cap Fund,2020-12-03,37.821,2026-06-23T05:29:58.847318+00:00,https://api.mfapi.in/mf/118632
118632,Nippon Large Cap,118632,Nippon India Large Cap Fund - Direct Plan Growth Plan - Growth Option,Nippon India Mutual Fund,Open Ended Schemes,Equity Scheme - Large Cap Fund,2020-12-02,37.5432,2026-06-23T05:29:58.847318+00:00,https://api.mfapi.in/mf/118632
118632,Nippon Large Cap,118632,Nippon India Large Cap Fund - Direct Plan Growth Plan - Growth Option,Nippon India Mutual Fund,Open Ended Schemes,Equity Scheme - Large Cap Fund,2020-12-01,37.3095,2026-06-23T05:29:58.847318+00:00,https://api.mfapi.in/mf/118632
118632,Nippon Large Cap,118632,Nippon India Large Cap Fund - Direct Plan Growth Plan - Growth Option,Nippon India Mutual Fund,Open Ended Schemes,Equity Scheme - Large Cap Fund,2020-11-27,36.7874,2026-06-23T05:29:58.847318+00:00,https://api.mfapi.in/mf/118632
118632,Nippon Large Cap,118632,Nippon India Large Cap Fund - Direct Plan Growth Plan - Growth Option,Nippon India Mutual Fund,Open Ended Schemes,Equity Scheme - Large Cap Fund,2020-11-26,36.8286,2026-06-23T05:29:58.847318+00:00,https://api.mfapi.in/mf/118632
118632,Nippon Large Cap,118632,Nippon India Large Cap Fund - Direct Plan Growth Plan - Growth Option,Nippon India Mutual Fund,Open Ended Schemes,Equity Scheme - Large Cap Fund,2020-11-25,36.3933,2026-06-23T05:29:58.847318+00:00,https://api.mfapi.in/mf/118632
118632,Nippon Large Cap,118632,Nippon India Large Cap Fund - Direct Plan Growth Plan - Growth Option,Nippon India Mutual Fund,Open Ended Schemes,Equity Scheme - Large Cap Fund,2020-11-24,36.9157,2026-06-23T05:29:58.847318+00:00,https://api.mfapi.in/mf/118632
118632,Nippon Large Cap,118632,Nippon India Large Cap Fund - Direct Plan Growth Plan - Growth Option,Nippon India Mutual Fund,Open Ended Schemes,Equity Scheme - Large Cap Fund,2020-11-23,36.5889,2026-06-23T05:29:58.847318+00:00,https://api.mfapi.in/mf/118632
118632,Nippon Large Cap,118632,Nippon India Large Cap Fund - Direct Plan Growth Plan - Growth Option,Nippon India Mutual Fund,Open Ended Schemes,Equity Scheme - Large Cap Fund,2020-11-20,36.5221,2026-06-23T05:29:58.847318+00:00,https://api.mfapi.in/mf/118632
118632,Nippon Large Cap,118632,Nippon India Large Cap Fund - Direct Plan Growth Plan - Growth Option,Nippon India Mutual Fund,Open Ended Schemes,Equity Scheme - Large Cap Fund,2020-11-19,36.3504,2026-06-23T05:29:58.847318+00:00,https://api.mfapi.in/mf/118632
118632,Nippon Large Cap,118632,Nippon India Large Cap Fund - Direct Plan Growth Plan - Growth Option,Nippon India Mutual Fund,Open Ended Schemes,Equity Scheme - Large Cap Fund,2020-11-18,36.8277,2026-06-23T05:29:58.847318+00:00,https://api.mfapi.in/mf/118632
118632,Nippon Large Cap,118632,Nippon India Large Cap Fund - Direct Plan Growth Plan - Growth Option,Nippon India Mutual Fund,Open Ended Schemes,Equity Scheme - Large Cap Fund,2020-11-17,36.5781,2026-06-23T05:29:58.847318+00:00,https://api.mfapi.in/mf/118632
118632,Nippon Large Cap,118632,Nippon India Large Cap Fund - Direct Plan Growth Plan - Growth Option,Nippon India Mutual Fund,Open Ended Schemes,Equity Scheme - Large Cap Fund,2020-11-13,35.9169,2026-06-23T05:29:58.847318+00:00,https://api.mfapi.in/mf/118632
118632,Nippon Large Cap,118632,Nippon India Large Cap Fund - Direct Plan Growth Plan - Growth Option,Nippon India Mutual Fund,Open Ended Schemes,Equity Scheme - Large Cap Fund,2020-11-12,35.7895,2026-06-23T05:29:58.847318+00:00,https://api.mfapi.in/mf/118632
118632,Nippon Large Cap,118632,Nippon India Large Cap Fund - Direct Plan Growth Plan - Growth Option,Nippon India Mutual Fund,Open Ended Schemes,Equity Scheme - Large Cap Fund,2020-11-11,35.9428,2026-06-23T05:29:58.847318+00:00,https://api.mfapi.in/mf/118632
118632,Nippon Large Cap,118632,Nippon India Large Cap Fund - Direct Plan Growth Plan - Growth Option,Nippon India Mutual Fund,Open Ended Schemes,Equity Scheme - Large Cap Fund,2020-11-10,35.5366,2026-06-23T05:29:58.847318+00:00,https://api.mfapi.in/mf/118632
118632,Nippon Large Cap,118632,Nippon India Large Cap Fund - Direct Plan Growth Plan - Growth Option,Nippon India Mutual Fund,Open Ended Schemes,Equity Scheme - Large Cap Fund,2020-11-09,34.9766,2026-06-23T05:29:58.847318+00:00,https://api.mfapi.in/mf/118632
118632,Nippon Large Cap,118632,Nippon India Large Cap Fund - Direct Plan Growth Plan - Growth Option,Nippon India Mutual Fund,Open Ended Schemes,Equity Scheme - Large Cap Fund,2020-11-06,34.3419,2026-06-23T05:29:58.847318+00:00,https://api.mfapi.in/mf/118632
118632,Nippon Large Cap,118632,Nippon India Large Cap Fund - Direct Plan Growth Plan - Growth Option,Nippon India Mutual Fund,Open Ended Schemes,Equity Scheme - Large Cap Fund,2020-11-05,34.062,2026-06-23T05:29:58.847318+00:00,https://api.mfapi.in/mf/118632
118632,Nippon Large Cap,118632,Nippon India Large Cap Fund - Direct Plan Growth Plan - Growth Option,Nippon India Mutual Fund,Open Ended Schemes,Equity Scheme - Large Cap Fund,2020-11-04,33.3429,2026-06-23T05:29:58.847318+00:00,https://api.mfapi.in/mf/118632
118632,Nippon Large Cap,118632,Nippon India Large Cap Fund - Direct Plan Growth Plan - Growth Option,Nippon India Mutual Fund,Open Ended Schemes,Equity Scheme - Large Cap Fund,2020-11-03,33.1525,2026-06-23T05:29:58.847318+00:00,https://api.mfapi.in/mf/118632
118632,Nippon Large Cap,118632,Nippon India Large Cap Fund - Direct Plan Growth Plan - Growth Option,Nippon India Mutual Fund,Open Ended Schemes,Equity Scheme - Large Cap Fund,2020-11-02,32.7807,2026-06-23T05:29:58.847318+00:00,https://api.mfapi.in/mf/118632
118632,Nippon Large Cap,118632,Nippon India Large Cap Fund - Direct Plan Growth Plan - Growth Option,Nippon India Mutual Fund,Open Ended Schemes,Equity Scheme - Large Cap Fund,2020-10-30,32.4778,2026-06-23T05:29:58.847318+00:00,https://api.mfapi.in/mf/118632
118632,Nippon Large Cap,118632,Nippon India Large Cap Fund - Direct Plan Growth Plan - Growth Option,Nippon India Mutual Fund,Open Ended Schemes,Equity Scheme - Large Cap Fund,2020-10-29,32.5079,2026-06-23T05:29:58.847318+00:00,https://api.mfapi.in/mf/118632
118632,Nippon Large Cap,118632,Nippon India Large Cap Fund - Direct Plan Growth Plan - Growth Option,Nippon India Mutual Fund,Open Ended Schemes,Equity Scheme - Large Cap Fund,2020-10-28,32.7227,2026-06-23T05:29:58.847318+00:00,https://api.mfapi.in/mf/118632
118632,Nippon Large Cap,118632,Nippon India Large Cap Fund - Direct Plan Growth Plan - Growth Option,Nippon India Mutual Fund,Open Ended Schemes,Equity Scheme - Large Cap Fund,2020-10-27,33.1139,2026-06-23T05:29:58.847318+00:00,https://api.mfapi.in/mf/118632
118632,Nippon Large Cap,118632,Nippon India Large Cap Fund - Direct Plan Growth Plan - Growth Option,Nippon India Mutual Fund,Open Ended Schemes,Equity Scheme - Large Cap Fund,2020-10-26,32.9727,2026-06-23T05:29:58.847318+00:00,https://api.mfapi.in/mf/118632
118632,Nippon Large Cap,118632,Nippon India Large Cap Fund - Direct Plan Growth Plan - Growth Option,Nippon India Mutual Fund,Open Ended Schemes,Equity Scheme - Large Cap Fund,2020-10-23,33.5848,2026-06-23T05:29:58.847318+00:00,https://api.mfapi.in/mf/118632
118632,Nippon Large Cap,118632,Nippon India Large Cap Fund - Direct Plan Growth Plan - Growth Option,Nippon India Mutual Fund,Open Ended Schemes,Equity Scheme - Large Cap Fund,2020-10-22,33.3529,2026-06-23T05:29:58.847318+00:00,https://api.mfapi.in/mf/118632
118632,Nippon Large Cap,118632,Nippon India Large Cap Fund - Direct Plan Growth Plan - Growth Option,Nippon India Mutual Fund,Open Ended Schemes,Equity Scheme - Large Cap Fund,2020-10-21,33.2768,2026-06-23T05:29:58.847318+00:00,https://api.mfapi.in/mf/118632
118632,Nippon Large Cap,118632,Nippon India Large Cap Fund - Direct Plan Growth Plan - Growth Option,Nippon India Mutual Fund,Open Ended Schemes,Equity Scheme - Large Cap Fund,2020-10-20,33.0023,2026-06-23T05:29:58.847318+00:00,https://api.mfapi.in/mf/118632
118632,Nippon Large Cap,118632,Nippon India Large Cap Fund - Direct Plan Growth Plan - Growth Option,Nippon India Mutual Fund,Open Ended Schemes,Equity Scheme - Large Cap Fund,2020-10-19,32.9438,2026-06-23T05:29:58.847318+00:00,https://api.mfapi.in/mf/118632
118632,Nippon Large Cap,118632,Nippon India Large Cap Fund - Direct Plan Growth Plan - Growth Option,Nippon India Mutual Fund,Open Ended Schemes,Equity Scheme - Large Cap Fund,2020-10-16,32.5203,2026-06-23T05:29:58.847318+00:00,https://api.mfapi.in/mf/118632
118632,Nippon Large Cap,118632,Nippon India Large Cap Fund - Direct Plan Growth Plan - Growth Option,Nippon India Mutual Fund,Open Ended Schemes,Equity Scheme - Large Cap Fund,2020-10-15,32.1632,2026-06-23T05:29:58.847318+00:00,https://api.mfapi.in/mf/118632
118632,Nippon Large Cap,118632,Nippon India Large Cap Fund - Direct Plan Growth Plan - Growth Option,Nippon India Mutual Fund,Open Ended Schemes,Equity Scheme - Large Cap Fund,2020-10-14,32.938,2026-06-23T05:29:58.847318+00:00,https://api.mfapi.in/mf/118632
118632,Nippon Large Cap,118632,Nippon India Large Cap Fund - Direct Plan Growth Plan - Growth Option,Nippon India Mutual Fund,Open Ended Schemes,Equity Scheme - Large Cap Fund,2020-10-13,32.9097,2026-06-23T05:29:58.847318+00:00,https://api.mfapi.in/mf/118632
118632,Nippon Large Cap,118632,Nippon India Large Cap Fund - Direct Plan Growth Plan - Growth Option,Nippon India Mutual Fund,Open Ended Schemes,Equity Scheme - Large Cap Fund,2020-10-12,32.9711,2026-06-23T05:29:58.847318+00:00,https://api.mfapi.in/mf/118632
118632,Nippon Large Cap,118632,Nippon India Large Cap Fund - Direct Plan Growth Plan - Growth Option,Nippon India Mutual Fund,Open Ended Schemes,Equity Scheme - Large Cap Fund,2020-10-09,33.0317,2026-06-23T05:29:58.847318+00:00,https://api.mfapi.in/mf/118632
118632,Nippon Large Cap,118632,Nippon India Large Cap Fund - Direct Plan Growth Plan - Growth Option,Nippon India Mutual Fund,Open Ended Schemes,Equity Scheme - Large Cap Fund,2020-10-08,32.7154,2026-06-23T05:29:58.847318+00:00,https://api.mfapi.in/mf/118632
118632,Nippon Large Cap,118632,Nippon India Large Cap Fund - Direct Plan Growth Plan - Growth Option,Nippon India Mutual Fund,Open Ended Schemes,Equity Scheme - Large Cap Fund,2020-10-07,32.5833,2026-06-23T05:29:58.847318+00:00,https://api.mfapi.in/mf/118632
118632,Nippon Large Cap,118632,Nippon India Large Cap Fund - Direct Plan Growth Plan - Growth Option,Nippon India Mutual Fund,Open Ended Schemes,Equity Scheme - Large Cap Fund,2020-10-06,32.6001,2026-06-23T05:29:58.847318+00:00,https://api.mfapi.in/mf/118632
118632,Nippon Large Cap,118632,Nippon India Large Cap Fund - Direct Plan Growth Plan - Growth Option,Nippon India Mutual Fund,Open Ended Schemes,Equity Scheme - Large Cap Fund,2020-10-05,32.3962,2026-06-23T05:29:58.847318+00:00,https://api.mfapi.in/mf/118632
118632,Nippon Large Cap,118632,Nippon India Large Cap Fund - Direct Plan Growth Plan - Growth Option,Nippon India Mutual Fund,Open Ended Schemes,Equity Scheme - Large Cap Fund,2020-10-01,32.1394,2026-06-23T05:29:58.847318+00:00,https://api.mfapi.in/mf/118632
118632,Nippon Large Cap,118632,Nippon India Large Cap Fund - Direct Plan Growth Plan - Growth Option,Nippon India Mutual Fund,Open Ended Schemes,Equity Scheme - Large Cap Fund,2020-09-30,31.7045,2026-06-23T05:29:58.847318+00:00,https://api.mfapi.in/mf/118632
118632,Nippon Large Cap,118632,Nippon India Large Cap Fund - Direct Plan Growth Plan - Growth Option,Nippon India Mutual Fund,Open Ended Schemes,Equity Scheme - Large Cap Fund,2020-09-29,31.8695,2026-06-23T05:29:58.847318+00:00,https://api.mfapi.in/mf/118632
118632,Nippon Large Cap,118632,Nippon India Large Cap Fund - Direct Plan Growth Plan - Growth Option,Nippon India Mutual Fund,Open Ended Schemes,Equity Scheme - Large Cap Fund,2020-09-28,32.1213,2026-06-23T05:29:58.847318+00:00,https://api.mfapi.in/mf/118632
118632,Nippon Large Cap,118632,Nippon India Large Cap Fund - Direct Plan Growth Plan - Growth Option,Nippon India Mutual Fund,Open Ended Schemes,Equity Scheme - Large Cap Fund,2020-09-25,31.5077,2026-06-23T05:29:58.847318+00:00,https://api.mfapi.in/mf/118632
118632,Nippon Large Cap,118632,Nippon India Large Cap Fund - Direct Plan Growth Plan - Growth Option,Nippon India Mutual Fund,Open Ended Schemes,Equity Scheme - Large Cap Fund,2020-09-24,30.6627,2026-06-23T05:29:58.847318+00:00,https://api.mfapi.in/mf/118632
118632,Nippon Large Cap,118632,Nippon India Large Cap Fund - Direct Plan Growth Plan - Growth Option,Nippon India Mutual Fund,Open Ended Schemes,Equity Scheme - Large Cap Fund,2020-09-23,31.6872,2026-06-23T05:29:58.847318+00:00,https://api.mfapi.in/mf/118632
118632,Nippon Large Cap,118632,Nippon India Large Cap Fund - Direct Plan Growth Plan - Growth Option,Nippon India Mutual Fund,Open Ended Schemes,Equity Scheme - Large Cap Fund,2020-09-22,31.9912,2026-06-23T05:29:58.847318+00:00,https://api.mfapi.in/mf/118632
118632,Nippon Large Cap,118632,Nippon India Large Cap Fund - Direct Plan Growth Plan - Growth Option,Nippon India Mutual Fund,Open Ended Schemes,Equity Scheme - Large Cap Fund,2020-09-21,32.2026,2026-06-23T05:29:58.847318+00:00,https://api.mfapi.in/mf/118632
118632,Nippon Large Cap,118632,Nippon India Large Cap Fund - Direct Plan Growth Plan - Growth Option,Nippon India Mutual Fund,Open Ended Schemes,Equity Scheme - Large Cap Fund,2020-09-18,33.1958,2026-06-23T05:29:58.847318+00:00,https://api.mfapi.in/mf/118632
118632,Nippon Large Cap,118632,Nippon India Large Cap Fund - Direct Plan Growth Plan - Growth Option,Nippon India Mutual Fund,Open Ended Schemes,Equity Scheme - Large Cap Fund,2020-09-17,33.2161,2026-06-23T05:29:58.847318+00:00,https://api.mfapi.in/mf/118632
118632,Nippon Large Cap,118632,Nippon India Large Cap Fund - Direct Plan Growth Plan - Growth Option,Nippon India Mutual Fund,Open Ended Schemes,Equity Scheme - Large Cap Fund,2020-09-16,33.4909,2026-06-23T05:29:58.847318+00:00,https://api.mfapi.in/mf/118632
118632,Nippon Large Cap,118632,Nippon India Large Cap Fund - Direct Plan Growth Plan - Growth Option,Nippon India Mutual Fund,Open Ended Schemes,Equity Scheme - Large Cap Fund,2020-09-15,33.4069,2026-06-23T05:29:58.847318+00:00,https://api.mfapi.in/mf/118632
118632,Nippon Large Cap,118632,Nippon India Large Cap Fund - Direct Plan Growth Plan - Growth Option,Nippon India Mutual Fund,Open Ended Schemes,Equity Scheme - Large Cap Fund,2020-09-14,33.136,2026-06-23T05:29:58.847318+00:00,https://api.mfapi.in/mf/118632
118632,Nippon Large Cap,118632,Nippon India Large Cap Fund - Direct Plan Growth Plan - Growth Option,Nippon India Mutual Fund,Open Ended Schemes,Equity Scheme - Large Cap Fund,2020-09-11,32.9639,2026-06-23T05:29:58.847318+00:00,https://api.mfapi.in/mf/118632
118632,Nippon Large Cap,118632,Nippon India Large Cap Fund - Direct Plan Growth Plan - Growth Option,Nippon India Mutual Fund,Open Ended Schemes,Equity Scheme - Large Cap Fund,2020-09-10,32.9323,2026-06-23T05:29:58.847318+00:00,https://api.mfapi.in/mf/118632
118632,Nippon Large Cap,118632,Nippon India Large Cap Fund - Direct Plan Growth Plan - Growth Option,Nippon India Mutual Fund,Open Ended Schemes,Equity Scheme - Large Cap Fund,2020-09-09,32.5343,2026-06-23T05:29:58.847318+00:00,https://api.mfapi.in/mf/118632
118632,Nippon Large Cap,118632,Nippon India Large Cap Fund - Direct Plan Growth Plan - Growth Option,Nippon India Mutual Fund,Open Ended Schemes,Equity Scheme - Large Cap Fund,2020-09-08,32.8204,2026-06-23T05:29:58.847318+00:00,https://api.mfapi.in/mf/118632
118632,Nippon Large Cap,118632,Nippon India Large Cap Fund - Direct Plan Growth Plan - Growth Option,Nippon India Mutual Fund,Open Ended Schemes,Equity Scheme - Large Cap Fund,2020-09-07,33.2136,2026-06-23T05:29:58.847318+00:00,https://api.mfapi.in/mf/118632
118632,Nippon Large Cap,118632,Nippon India Large Cap Fund - Direct Plan Growth Plan - Growth Option,Nippon India Mutual Fund,Open Ended Schemes,Equity Scheme - Large Cap Fund,2020-09-04,33.208,2026-06-23T05:29:58.847318+00:00,https://api.mfapi.in/mf/118632
118632,Nippon Large Cap,118632,Nippon India Large Cap Fund - Direct Plan Growth Plan - Growth Option,Nippon India Mutual Fund,Open Ended Schemes,Equity Scheme - Large Cap Fund,2020-09-03,33.9705,2026-06-23T05:29:58.847318+00:00,https://api.mfapi.in/mf/118632
118632,Nippon Large Cap,118632,Nippon India Large Cap Fund - Direct Plan Growth Plan - Growth Option,Nippon India Mutual Fund,Open Ended Schemes,Equity Scheme - Large Cap Fund,2020-09-02,34.0984,2026-06-23T05:29:58.847318+00:00,https://api.mfapi.in/mf/118632
118632,Nippon Large Cap,118632,Nippon India Large Cap Fund - Direct Plan Growth Plan - Growth Option,Nippon India Mutual Fund,Open Ended Schemes,Equity Scheme - Large Cap Fund,2020-09-01,33.8474,2026-06-23T05:29:58.847318+00:00,https://api.mfapi.in/mf/118632
118632,Nippon Large Cap,118632,Nippon India Large Cap Fund - Direct Plan Growth Plan - Growth Option,Nippon India Mutual Fund,Open Ended Schemes,Equity Scheme - Large Cap Fund,2020-08-31,33.6171,2026-06-23T05:29:58.847318+00:00,https://api.mfapi.in/mf/118632
118632,Nippon Large Cap,118632,Nippon India Large Cap Fund - Direct Plan Growth Plan - Growth Option,Nippon India Mutual Fund,Open Ended Schemes,Equity Scheme - Large Cap Fund,2020-08-28,34.6885,2026-06-23T05:29:58.847318+00:00,https://api.mfapi.in/mf/118632
118632,Nippon Large Cap,118632,Nippon India Large Cap Fund - Direct Plan Growth Plan - Growth Option,Nippon India Mutual Fund,Open Ended Schemes,Equity Scheme - Large Cap Fund,2020-08-27,34.3118,2026-06-23T05:29:58.847318+00:00,https://api.mfapi.in/mf/118632
118632,Nippon Large Cap,118632,Nippon India Large Cap Fund - Direct Plan Growth Plan - Growth Option,Nippon India Mutual Fund,Open Ended Schemes,Equity Scheme - Large Cap Fund,2020-08-26,34.2236,2026-06-23T05:29:58.847318+00:00,https://api.mfapi.in/mf/118632
118632,Nippon Large Cap,118632,Nippon India Large Cap Fund - Direct Plan Growth Plan - Growth Option,Nippon India Mutual Fund,Open Ended Schemes,Equity Scheme - Large Cap Fund,2020-08-25,34.0593,2026-06-23T05:29:58.847318+00:00,https://api.mfapi.in/mf/118632
118632,Nippon Large Cap,118632,Nippon India Large Cap Fund - Direct Plan Growth Plan - Growth Option,Nippon India Mutual Fund,Open Ended Schemes,Equity Scheme - Large Cap Fund,2020-08-24,33.9332,2026-06-23T05:29:58.847318+00:00,https://api.mfapi.in/mf/118632
118632,Nippon Large Cap,118632,Nippon India Large Cap Fund - Direct Plan Growth Plan - Growth Option,Nippon India Mutual Fund,Open Ended Schemes,Equity Scheme - Large Cap Fund,2020-08-21,33.7538,2026-06-23T05:29:58.847318+00:00,https://api.mfapi.in/mf/118632
118632,Nippon Large Cap,118632,Nippon India Large Cap Fund - Direct Plan Growth Plan - Growth Option,Nippon India Mutual Fund,Open Ended Schemes,Equity Scheme - Large Cap Fund,2020-08-20,33.4968,2026-06-23T05:29:58.847318+00:00,https://api.mfapi.in/mf/118632
118632,Nippon Large Cap,118632,Nippon India Large Cap Fund - Direct Plan Growth Plan - Growth Option,Nippon India Mutual Fund,Open Ended Schemes,Equity Scheme - Large Cap Fund,2020-08-19,33.4298,2026-06-23T05:29:58.847318+00:00,https://api.mfapi.in/mf/118632
118632,Nippon Large Cap,118632,Nippon India Large Cap Fund - Direct Plan Growth Plan - Growth Option,Nippon India Mutual Fund,Open Ended Schemes,Equity Scheme - Large Cap Fund,2020-08-18,33.2615,2026-06-23T05:29:58.847318+00:00,https://api.mfapi.in/mf/118632
118632,Nippon Large Cap,118632,Nippon India Large Cap Fund - Direct Plan Growth Plan - Growth Option,Nippon India Mutual Fund,Open Ended Schemes,Equity Scheme - Large Cap Fund,2020-08-17,32.8813,2026-06-23T05:29:58.847318+00:00,https://api.mfapi.in/mf/118632
118632,Nippon Large Cap,118632,Nippon India Large Cap Fund - Direct Plan Growth Plan - Growth Option,Nippon India Mutual Fund,Open Ended Schemes,Equity Scheme - Large Cap Fund,2020-08-14,32.7296,2026-06-23T05:29:58.847318+00:00,https://api.mfapi.in/mf/118632
118632,Nippon Large Cap,118632,Nippon India Large Cap Fund - Direct Plan Growth Plan - Growth Option,Nippon India Mutual Fund,Open Ended Schemes,Equity Scheme - Large Cap Fund,2020-08-13,33.1484,2026-06-23T05:29:58.847318+00:00,https://api.mfapi.in/mf/118632
118632,Nippon Large Cap,118632,Nippon India Large Cap Fund - Direct Plan Growth Plan - Growth Option,Nippon India Mutual Fund,Open Ended Schemes,Equity Scheme - Large Cap Fund,2020-08-12,32.8053,2026-06-23T05:29:58.847318+00:00,https://api.mfapi.in/mf/118632
118632,Nippon Large Cap,118632,Nippon India Large Cap Fund - Direct Plan Growth Plan - Growth Option,Nippon India Mutual Fund,Open Ended Schemes,Equity Scheme - Large Cap Fund,2020-08-11,32.6573,2026-06-23T05:29:58.847318+00:00,https://api.mfapi.in/mf/118632
118632,Nippon Large Cap,118632,Nippon India Large Cap Fund - Direct Plan Growth Plan - Growth Option,Nippon India Mutual Fund,Open Ended Schemes,Equity Scheme - Large Cap Fund,2020-08-10,32.4045,2026-06-23T05:29:58.847318+00:00,https://api.mfapi.in/mf/118632
118632,Nippon Large Cap,118632,Nippon India Large Cap Fund - Direct Plan Growth Plan - Growth Option,Nippon India Mutual Fund,Open Ended Schemes,Equity Scheme - Large Cap Fund,2020-08-07,31.9881,2026-06-23T05:29:58.847318+00:00,https://api.mfapi.in/mf/118632
118632,Nippon Large Cap,118632,Nippon India Large Cap Fund - Direct Plan Growth Plan - Growth Option,Nippon India Mutual Fund,Open Ended Schemes,Equity Scheme - Large Cap Fund,2020-08-06,31.8681,2026-06-23T05:29:58.847318+00:00,https://api.mfapi.in/mf/118632
118632,Nippon Large Cap,118632,Nippon India Large Cap Fund - Direct Plan Growth Plan - Growth Option,Nippon India Mutual Fund,Open Ended Schemes,Equity Scheme - Large Cap Fund,2020-08-05,31.6211,2026-06-23T05:29:58.847318+00:00,https://api.mfapi.in/mf/118632
118632,Nippon Large Cap,118632,Nippon India Large Cap Fund - Direct Plan Growth Plan - Growth Option,Nippon India Mutual Fund,Open Ended Schemes,Equity Scheme - Large Cap Fund,2020-08-04,31.5038,2026-06-23T05:29:58.847318+00:00,https://api.mfapi.in/mf/118632
118632,Nippon Large Cap,118632,Nippon India Large Cap Fund - Direct Plan Growth Plan - Growth Option,Nippon India Mutual Fund,Open Ended Schemes,Equity Scheme - Large Cap Fund,2020-08-03,31.1644,2026-06-23T05:29:58.847318+00:00,https://api.mfapi.in/mf/118632
118632,Nippon Large Cap,118632,Nippon India Large Cap Fund - Direct Plan Growth Plan - Growth Option,Nippon India Mutual Fund,Open Ended Schemes,Equity Scheme - Large Cap Fund,2020-07-31,31.3942,2026-06-23T05:29:58.847318+00:00,https://api.mfapi.in/mf/118632
118632,Nippon Large Cap,118632,Nippon India Large Cap Fund - Direct Plan Growth Plan - Growth Option,Nippon India Mutual Fund,Open Ended Schemes,Equity Scheme - Large Cap Fund,2020-07-30,31.3484,2026-06-23T05:29:58.847318+00:00,https://api.mfapi.in/mf/118632
118632,Nippon Large Cap,118632,Nippon India Large Cap Fund - Direct Plan Growth Plan - Growth Option,Nippon India Mutual Fund,Open Ended Schemes,Equity Scheme - Large Cap Fund,2020-07-29,31.7587,2026-06-23T05:29:58.847318+00:00,https://api.mfapi.in/mf/118632
118632,Nippon Large Cap,118632,Nippon India Large Cap Fund - Direct Plan Growth Plan - Growth Option,Nippon India Mutual Fund,Open Ended Schemes,Equity Scheme - Large Cap Fund,2020-07-28,31.8804,2026-06-23T05:29:58.847318+00:00,https://api.mfapi.in/mf/118632
118632,Nippon Large Cap,118632,Nippon India Large Cap Fund - Direct Plan Growth Plan - Growth Option,Nippon India Mutual Fund,Open Ended Schemes,Equity Scheme - Large Cap Fund,2020-07-27,31.6541,2026-06-23T05:29:58.847318+00:00,https://api.mfapi.in/mf/118632
118632,Nippon Large Cap,118632,Nippon India Large Cap Fund - Direct Plan Growth Plan - Growth Option,Nippon India Mutual Fund,Open Ended Schemes,Equity Scheme - Large Cap Fund,2020-07-24,31.9681,2026-06-23T05:29:58.847318+00:00,https://api.mfapi.in/mf/118632
118632,Nippon Large Cap,118632,Nippon India Large Cap Fund - Direct Plan Growth Plan - Growth Option,Nippon India Mutual Fund,Open Ended Schemes,Equity Scheme - Large Cap Fund,2020-07-23,32.2036,2026-06-23T05:29:58.847318+00:00,https://api.mfapi.in/mf/118632
118632,Nippon Large Cap,118632,Nippon India Large Cap Fund - Direct Plan Growth Plan - Growth Option,Nippon India Mutual Fund,Open Ended Schemes,Equity Scheme - Large Cap Fund,2020-07-22,31.9028,2026-06-23T05:29:58.847318+00:00,https://api.mfapi.in/mf/118632
118632,Nippon Large Cap,118632,Nippon India Large Cap Fund - Direct Plan Growth Plan - Growth Option,Nippon India Mutual Fund,Open Ended Schemes,Equity Scheme - Large Cap Fund,2020-07-21,31.9174,2026-06-23T05:29:58.847318+00:00,https://api.mfapi.in/mf/118632
118632,Nippon Large Cap,118632,Nippon India Large Cap Fund - Direct Plan Growth Plan - Growth Option,Nippon India Mutual Fund,Open Ended Schemes,Equity Scheme - Large Cap Fund,2020-07-20,31.5268,2026-06-23T05:29:58.847318+00:00,https://api.mfapi.in/mf/118632
118632,Nippon Large Cap,118632,Nippon India Large Cap Fund - Direct Plan Growth Plan - Growth Option,Nippon India Mutual Fund,Open Ended Schemes,Equity Scheme - Large Cap Fund,2020-07-17,31.2684,2026-06-23T05:29:58.847318+00:00,https://api.mfapi.in/mf/118632
118632,Nippon Large Cap,118632,Nippon India Large Cap Fund - Direct Plan Growth Plan - Growth Option,Nippon India Mutual Fund,Open Ended Schemes,Equity Scheme - Large Cap Fund,2020-07-16,30.7245,2026-06-23T05:29:58.847318+00:00,https://api.mfapi.in/mf/118632
118632,Nippon Large Cap,118632,Nippon India Large Cap Fund - Direct Plan Growth Plan - Growth Option,Nippon India Mutual Fund,Open Ended Schemes,Equity Scheme - Large Cap Fund,2020-07-15,30.3927,2026-06-23T05:29:58.847318+00:00,https://api.mfapi.in/mf/118632
118632,Nippon Large Cap,118632,Nippon India Large Cap Fund - Direct Plan Growth Plan - Growth Option,Nippon India Mutual Fund,Open Ended Schemes,Equity Scheme - Large Cap Fund,2020-07-14,30.5009,2026-06-23T05:29:58.847318+00:00,https://api.mfapi.in/mf/118632
118632,Nippon Large Cap,118632,Nippon India Large Cap Fund - Direct Plan Growth Plan - Growth Option,Nippon India Mutual Fund,Open Ended Schemes,Equity Scheme - Large Cap Fund,2020-07-13,31.0347,2026-06-23T05:29:58.847318+00:00,https://api.mfapi.in/mf/118632
118632,Nippon Large Cap,118632,Nippon India Large Cap Fund - Direct Plan Growth Plan - Growth Option,Nippon India Mutual Fund,Open Ended Schemes,Equity Scheme - Large Cap Fund,2020-07-10,30.9371,2026-06-23T05:29:58.847318+00:00,https://api.mfapi.in/mf/118632
118632,Nippon Large Cap,118632,Nippon India Large Cap Fund - Direct Plan Growth Plan - Growth Option,Nippon India Mutual Fund,Open Ended Schemes,Equity Scheme - Large Cap Fund,2020-07-09,31.1314,2026-06-23T05:29:58.847318+00:00,https://api.mfapi.in/mf/118632
118632,Nippon Large Cap,118632,Nippon India Large Cap Fund - Direct Plan Growth Plan - Growth Option,Nippon India Mutual Fund,Open Ended Schemes,Equity Scheme - Large Cap Fund,2020-07-08,30.9103,2026-06-23T05:29:58.847318+00:00,https://api.mfapi.in/mf/118632
118632,Nippon Large Cap,118632,Nippon India Large Cap Fund - Direct Plan Growth Plan - Growth Option,Nippon India Mutual Fund,Open Ended Schemes,Equity Scheme - Large Cap Fund,2020-07-07,31.0631,2026-06-23T05:29:58.847318+00:00,https://api.mfapi.in/mf/118632
118632,Nippon Large Cap,118632,Nippon India Large Cap Fund - Direct Plan Growth Plan - Growth Option,Nippon India Mutual Fund,Open Ended Schemes,Equity Scheme - Large Cap Fund,2020-07-06,31.0298,2026-06-23T05:29:58.847318+00:00,https://api.mfapi.in/mf/118632
118632,Nippon Large Cap,118632,Nippon India Large Cap Fund - Direct Plan Growth Plan - Growth Option,Nippon India Mutual Fund,Open Ended Schemes,Equity Scheme - Large Cap Fund,2020-07-03,30.6066,2026-06-23T05:29:58.847318+00:00,https://api.mfapi.in/mf/118632
118632,Nippon Large Cap,118632,Nippon India Large Cap Fund - Direct Plan Growth Plan - Growth Option,Nippon India Mutual Fund,Open Ended Schemes,Equity Scheme - Large Cap Fund,2020-07-02,30.4217,2026-06-23T05:29:58.847318+00:00,https://api.mfapi.in/mf/118632
118632,Nippon Large Cap,118632,Nippon India Large Cap Fund - Direct Plan Growth Plan - Growth Option,Nippon India Mutual Fund,Open Ended Schemes,Equity Scheme - Large Cap Fund,2020-07-01,30.1676,2026-06-23T05:29:58.847318+00:00,https://api.mfapi.in/mf/118632
118632,Nippon Large Cap,118632,Nippon India Large Cap Fund - Direct Plan Growth Plan - Growth Option,Nippon India Mutual Fund,Open Ended Schemes,Equity Scheme - Large Cap Fund,2020-06-30,29.7608,2026-06-23T05:29:58.847318+00:00,https://api.mfapi.in/mf/118632
118632,Nippon Large Cap,118632,Nippon India Large Cap Fund - Direct Plan Growth Plan - Growth Option,Nippon India Mutual Fund,Open Ended Schemes,Equity Scheme - Large Cap Fund,2020-06-29,29.8369,2026-06-23T05:29:58.847318+00:00,https://api.mfapi.in/mf/118632
118632,Nippon Large Cap,118632,Nippon India Large Cap Fund - Direct Plan Growth Plan - Growth Option,Nippon India Mutual Fund,Open Ended Schemes,Equity Scheme - Large Cap Fund,2020-06-26,30.3769,2026-06-23T05:29:58.847318+00:00,https://api.mfapi.in/mf/118632
118632,Nippon Large Cap,118632,Nippon India Large Cap Fund - Direct Plan Growth Plan - Growth Option,Nippon India Mutual Fund,Open Ended Schemes,Equity Scheme - Large Cap Fund,2020-06-25,30.1346,2026-06-23T05:29:58.847318+00:00,https://api.mfapi.in/mf/118632
118632,Nippon Large Cap,118632,Nippon India Large Cap Fund - Direct Plan Growth Plan - Growth Option,Nippon India Mutual Fund,Open Ended Schemes,Equity Scheme - Large Cap Fund,2020-06-24,30.127,2026-06-23T05:29:58.847318+00:00,https://api.mfapi.in/mf/118632
118632,Nippon Large Cap,118632,Nippon India Large Cap Fund - Direct Plan Growth Plan - Growth Option,Nippon India Mutual Fund,Open Ended Schemes,Equity Scheme - Large Cap Fund,2020-06-23,30.7012,2026-06-23T05:29:58.847318+00:00,https://api.mfapi.in/mf/118632
118632,Nippon Large Cap,118632,Nippon India Large Cap Fund - Direct Plan Growth Plan - Growth Option,Nippon India Mutual Fund,Open Ended Schemes,Equity Scheme - Large Cap Fund,2020-06-22,30.2699,2026-06-23T05:29:58.847318+00:00,https://api.mfapi.in/mf/118632
118632,Nippon Large Cap,118632,Nippon India Large Cap Fund - Direct Plan Growth Plan - Growth Option,Nippon India Mutual Fund,Open Ended Schemes,Equity Scheme - Large Cap Fund,2020-06-19,29.8342,2026-06-23T05:29:58.847318+00:00,https://api.mfapi.in/mf/118632
118632,Nippon Large Cap,118632,Nippon India Large Cap Fund - Direct Plan Growth Plan - Growth Option,Nippon India Mutual Fund,Open Ended Schemes,Equity Scheme - Large Cap Fund,2020-06-18,29.3334,2026-06-23T05:29:58.847318+00:00,https://api.mfapi.in/mf/118632
118632,Nippon Large Cap,118632,Nippon India Large Cap Fund - Direct Plan Growth Plan - Growth Option,Nippon India Mutual Fund,Open Ended Schemes,Equity Scheme - Large Cap Fund,2020-06-17,28.7239,2026-06-23T05:29:58.847318+00:00,https://api.mfapi.in/mf/118632
118632,Nippon Large Cap,118632,Nippon India Large Cap Fund - Direct Plan Growth Plan - Growth Option,Nippon India Mutual Fund,Open Ended Schemes,Equity Scheme - Large Cap Fund,2020-06-16,28.7353,2026-06-23T05:29:58.847318+00:00,https://api.mfapi.in/mf/118632
118632,Nippon Large Cap,118632,Nippon India Large Cap Fund - Direct Plan Growth Plan - Growth Option,Nippon India Mutual Fund,Open Ended Schemes,Equity Scheme - Large Cap Fund,2020-06-15,28.7242,2026-06-23T05:29:58.847318+00:00,https://api.mfapi.in/mf/118632
118632,Nippon Large Cap,118632,Nippon India Large Cap Fund - Direct Plan Growth Plan - Growth Option,Nippon India Mutual Fund,Open Ended Schemes,Equity Scheme - Large Cap Fund,2020-06-12,29.2344,2026-06-23T05:29:58.847318+00:00,https://api.mfapi.in/mf/118632
118632,Nippon Large Cap,118632,Nippon India Large Cap Fund - Direct Plan Growth Plan - Growth Option,Nippon India Mutual Fund,Open Ended Schemes,Equity Scheme - Large Cap Fund,2020-06-11,29.0615,2026-06-23T05:29:58.847318+00:00,https://api.mfapi.in/mf/118632
118632,Nippon Large Cap,118632,Nippon India Large Cap Fund - Direct Plan Growth Plan - Growth Option,Nippon India Mutual Fund,Open Ended Schemes,Equity Scheme - Large Cap Fund,2020-06-10,29.7963,2026-06-23T05:29:58.847318+00:00,https://api.mfapi.in/mf/118632
118632,Nippon Large Cap,118632,Nippon India Large Cap Fund - Direct Plan Growth Plan - Growth Option,Nippon India Mutual Fund,Open Ended Schemes,Equity Scheme - Large Cap Fund,2020-06-09,29.7598,2026-06-23T05:29:58.847318+00:00,https://api.mfapi.in/mf/118632
118632,Nippon Large Cap,118632,Nippon India Large Cap Fund - Direct Plan Growth Plan - Growth Option,Nippon India Mutual Fund,Open Ended Schemes,Equity Scheme - Large Cap Fund,2020-06-08,30.1996,2026-06-23T05:29:58.847318+00:00,https://api.mfapi.in/mf/118632
118632,Nippon Large Cap,118632,Nippon India Large Cap Fund - Direct Plan Growth Plan - Growth Option,Nippon India Mutual Fund,Open Ended Schemes,Equity Scheme - Large Cap Fund,2020-06-05,29.8914,2026-06-23T05:29:58.847318+00:00,https://api.mfapi.in/mf/118632
118632,Nippon Large Cap,118632,Nippon India Large Cap Fund - Direct Plan Growth Plan - Growth Option,Nippon India Mutual Fund,Open Ended Schemes,Equity Scheme - Large Cap Fund,2020-06-04,29.0746,2026-06-23T05:29:58.847318+00:00,https://api.mfapi.in/mf/118632
118632,Nippon Large Cap,118632,Nippon India Large Cap Fund - Direct Plan Growth Plan - Growth Option,Nippon India Mutual Fund,Open Ended Schemes,Equity Scheme - Large Cap Fund,2020-06-03,29.0246,2026-06-23T05:29:58.847318+00:00,https://api.mfapi.in/mf/118632
118632,Nippon Large Cap,118632,Nippon India Large Cap Fund - Direct Plan Growth Plan - Growth Option,Nippon India Mutual Fund,Open Ended Schemes,Equity Scheme - Large Cap Fund,2020-06-02,28.8451,2026-06-23T05:29:58.847318+00:00,https://api.mfapi.in/mf/118632
118632,Nippon Large Cap,118632,Nippon India Large Cap Fund - Direct Plan Growth Plan - Growth Option,Nippon India Mutual Fund,Open Ended Schemes,Equity Scheme - Large Cap Fund,2020-06-01,28.6179,2026-06-23T05:29:58.847318+00:00,https://api.mfapi.in/mf/118632
118632,Nippon Large Cap,118632,Nippon India Large Cap Fund - Direct Plan Growth Plan - Growth Option,Nippon India Mutual Fund,Open Ended Schemes,Equity Scheme - Large Cap Fund,2020-05-29,27.8111,2026-06-23T05:29:58.847318+00:00,https://api.mfapi.in/mf/118632
118632,Nippon Large Cap,118632,Nippon India Large Cap Fund - Direct Plan Growth Plan - Growth Option,Nippon India Mutual Fund,Open Ended Schemes,Equity Scheme - Large Cap Fund,2020-05-28,27.3793,2026-06-23T05:29:58.847318+00:00,https://api.mfapi.in/mf/118632
118632,Nippon Large Cap,118632,Nippon India Large Cap Fund - Direct Plan Growth Plan - Growth Option,Nippon India Mutual Fund,Open Ended Schemes,Equity Scheme - Large Cap Fund,2020-05-27,26.8846,2026-06-23T05:29:58.847318+00:00,https://api.mfapi.in/mf/118632
118632,Nippon Large Cap,118632,Nippon India Large Cap Fund - Direct Plan Growth Plan - Growth Option,Nippon India Mutual Fund,Open Ended Schemes,Equity Scheme - Large Cap Fund,2020-05-26,26.2028,2026-06-23T05:29:58.847318+00:00,https://api.mfapi.in/mf/118632
118632,Nippon Large Cap,118632,Nippon India Large Cap Fund - Direct Plan Growth Plan - Growth Option,Nippon India Mutual Fund,Open Ended Schemes,Equity Scheme - Large Cap Fund,2020-05-22,26.2503,2026-06-23T05:29:58.847318+00:00,https://api.mfapi.in/mf/118632
118632,Nippon Large Cap,118632,Nippon India Large Cap Fund - Direct Plan Growth Plan - Growth Option,Nippon India Mutual Fund,Open Ended Schemes,Equity Scheme - Large Cap Fund,2020-05-21,26.5825,2026-06-23T05:29:58.847318+00:00,https://api.mfapi.in/mf/118632
118632,Nippon Large Cap,118632,Nippon India Large Cap Fund - Direct Plan Growth Plan - Growth Option,Nippon India Mutual Fund,Open Ended Schemes,Equity Scheme - Large Cap Fund,2020-05-20,26.2835,2026-06-23T05:29:58.847318+00:00,https://api.mfapi.in/mf/118632
118632,Nippon Large Cap,118632,Nippon India Large Cap Fund - Direct Plan Growth Plan - Growth Option,Nippon India Mutual Fund,Open Ended Schemes,Equity Scheme - Large Cap Fund,2020-05-19,25.7962,2026-06-23T05:29:58.847318+00:00,https://api.mfapi.in/mf/118632
118632,Nippon Large Cap,118632,Nippon India Large Cap Fund - Direct Plan Growth Plan - Growth Option,Nippon India Mutual Fund,Open Ended Schemes,Equity Scheme - Large Cap Fund,2020-05-18,25.6605,2026-06-23T05:29:58.847318+00:00,https://api.mfapi.in/mf/118632
118632,Nippon Large Cap,118632,Nippon India Large Cap Fund - Direct Plan Growth Plan - Growth Option,Nippon India Mutual Fund,Open Ended Schemes,Equity Scheme - Large Cap Fund,2020-05-15,26.757,2026-06-23T05:29:58.847318+00:00,https://api.mfapi.in/mf/118632
118632,Nippon Large Cap,118632,Nippon India Large Cap Fund - Direct Plan Growth Plan - Growth Option,Nippon India Mutual Fund,Open Ended Schemes,Equity Scheme - Large Cap Fund,2020-05-14,26.8248,2026-06-23T05:29:58.847318+00:00,https://api.mfapi.in/mf/118632
118632,Nippon Large Cap,118632,Nippon India Large Cap Fund - Direct Plan Growth Plan - Growth Option,Nippon India Mutual Fund,Open Ended Schemes,Equity Scheme - Large Cap Fund,2020-05-13,27.3614,2026-06-23T05:29:58.847318+00:00,https://api.mfapi.in/mf/118632
118632,Nippon Large Cap,118632,Nippon India Large Cap Fund - Direct Plan Growth Plan - Growth Option,Nippon India Mutual Fund,Open Ended Schemes,Equity Scheme - Large Cap Fund,2020-05-12,26.7675,2026-06-23T05:29:58.847318+00:00,https://api.mfapi.in/mf/118632
118632,Nippon Large Cap,118632,Nippon India Large Cap Fund - Direct Plan Growth Plan - Growth Option,Nippon India Mutual Fund,Open Ended Schemes,Equity Scheme - Large Cap Fund,2020-05-11,26.7118,2026-06-23T05:29:58.847318+00:00,https://api.mfapi.in/mf/118632
118632,Nippon Large Cap,118632,Nippon India Large Cap Fund - Direct Plan Growth Plan - Growth Option,Nippon India Mutual Fund,Open Ended Schemes,Equity Scheme - Large Cap Fund,2020-05-08,26.7445,2026-06-23T05:29:58.847318+00:00,https://api.mfapi.in/mf/118632
118632,Nippon Large Cap,118632,Nippon India Large Cap Fund - Direct Plan Growth Plan - Growth Option,Nippon India Mutual Fund,Open Ended Schemes,Equity Scheme - Large Cap Fund,2020-05-07,26.8711,2026-06-23T05:29:58.847318+00:00,https://api.mfapi.in/mf/118632
118632,Nippon Large Cap,118632,Nippon India Large Cap Fund - Direct Plan Growth Plan - Growth Option,Nippon India Mutual Fund,Open Ended Schemes,Equity Scheme - Large Cap Fund,2020-05-06,27.1651,2026-06-23T05:29:58.847318+00:00,https://api.mfapi.in/mf/118632
118632,Nippon Large Cap,118632,Nippon India Large Cap Fund - Direct Plan Growth Plan - Growth Option,Nippon India Mutual Fund,Open Ended Schemes,Equity Scheme - Large Cap Fund,2020-05-05,27.154,2026-06-23T05:29:58.847318+00:00,https://api.mfapi.in/mf/118632
118632,Nippon Large Cap,118632,Nippon India Large Cap Fund - Direct Plan Growth Plan - Growth Option,Nippon India Mutual Fund,Open Ended Schemes,Equity Scheme - Large Cap Fund,2020-05-04,27.499,2026-06-23T05:29:58.847318+00:00,https://api.mfapi.in/mf/118632
118632,Nippon Large Cap,118632,Nippon India Large Cap Fund - Direct Plan Growth Plan - Growth Option,Nippon India Mutual Fund,Open Ended Schemes,Equity Scheme - Large Cap Fund,2020-04-30,29.0772,2026-06-23T05:29:58.847318+00:00,https://api.mfapi.in/mf/118632
118632,Nippon Large Cap,118632,Nippon India Large Cap Fund - Direct Plan Growth Plan - Growth Option,Nippon India Mutual Fund,Open Ended Schemes,Equity Scheme - Large Cap Fund,2020-04-29,28.1232,2026-06-23T05:29:58.847318+00:00,https://api.mfapi.in/mf/118632
118632,Nippon Large Cap,118632,Nippon India Large Cap Fund - Direct Plan Growth Plan - Growth Option,Nippon India Mutual Fund,Open Ended Schemes,Equity Scheme - Large Cap Fund,2020-04-28,27.5841,2026-06-23T05:29:58.847318+00:00,https://api.mfapi.in/mf/118632
118632,Nippon Large Cap,118632,Nippon India Large Cap Fund - Direct Plan Growth Plan - Growth Option,Nippon India Mutual Fund,Open Ended Schemes,Equity Scheme - Large Cap Fund,2020-04-27,27.4545,2026-06-23T05:29:58.847318+00:00,https://api.mfapi.in/mf/118632
118632,Nippon Large Cap,118632,Nippon India Large Cap Fund - Direct Plan Growth Plan - Growth Option,Nippon India Mutual Fund,Open Ended Schemes,Equity Scheme - Large Cap Fund,2020-04-24,27.2358,2026-06-23T05:29:58.847318+00:00,https://api.mfapi.in/mf/118632
118632,Nippon Large Cap,118632,Nippon India Large Cap Fund - Direct Plan Growth Plan - Growth Option,Nippon India Mutual Fund,Open Ended Schemes,Equity Scheme - Large Cap Fund,2020-04-23,27.7376,2026-06-23T05:29:58.847318+00:00,https://api.mfapi.in/mf/118632
118632,Nippon Large Cap,118632,Nippon India Large Cap Fund - Direct Plan Growth Plan - Growth Option,Nippon India Mutual Fund,Open Ended Schemes,Equity Scheme - Large Cap Fund,2020-04-22,27.6074,2026-06-23T05:29:58.847318+00:00,https://api.mfapi.in/mf/118632
118632,Nippon Large Cap,118632,Nippon India Large Cap Fund - Direct Plan Growth Plan - Growth Option,Nippon India Mutual Fund,Open Ended Schemes,Equity Scheme - Large Cap Fund,2020-04-21,27.3648,2026-06-23T05:29:58.847318+00:00,https://api.mfapi.in/mf/118632
118632,Nippon Large Cap,118632,Nippon India Large Cap Fund - Direct Plan Growth Plan - Growth Option,Nippon India Mutual Fund,Open Ended Schemes,Equity Scheme - Large Cap Fund,2020-04-20,28.2958,2026-06-23T05:29:58.847318+00:00,https://api.mfapi.in/mf/118632
118632,Nippon Large Cap,118632,Nippon India Large Cap Fund - Direct Plan Growth Plan - Growth Option,Nippon India Mutual Fund,Open Ended Schemes,Equity Scheme - Large Cap Fund,2020-04-17,28.2597,2026-06-23T05:29:58.847318+00:00,https://api.mfapi.in/mf/118632
118632,Nippon Large Cap,118632,Nippon India Large Cap Fund - Direct Plan Growth Plan - Growth Option,Nippon India Mutual Fund,Open Ended Schemes,Equity Scheme - Large Cap Fund,2020-04-16,27.5178,2026-06-23T05:29:58.847318+00:00,https://api.mfapi.in/mf/118632
118632,Nippon Large Cap,118632,Nippon India Large Cap Fund - Direct Plan Growth Plan - Growth Option,Nippon India Mutual Fund,Open Ended Schemes,Equity Scheme - Large Cap Fund,2020-04-15,27.1964,2026-06-23T05:29:58.847318+00:00,https://api.mfapi.in/mf/118632
118632,Nippon Large Cap,118632,Nippon India Large Cap Fund - Direct Plan Growth Plan - Growth Option,Nippon India Mutual Fund,Open Ended Schemes,Equity Scheme - Large Cap Fund,2020-04-13,27.1091,2026-06-23T05:29:58.847318+00:00,https://api.mfapi.in/mf/118632
118632,Nippon Large Cap,118632,Nippon India Large Cap Fund - Direct Plan Growth Plan - Growth Option,Nippon India Mutual Fund,Open Ended Schemes,Equity Scheme - Large Cap Fund,2020-04-09,27.2096,2026-06-23T05:29:58.847318+00:00,https://api.mfapi.in/mf/118632
118632,Nippon Large Cap,118632,Nippon India Large Cap Fund - Direct Plan Growth Plan - Growth Option,Nippon India Mutual Fund,Open Ended Schemes,Equity Scheme - Large Cap Fund,2020-04-08,26.2099,2026-06-23T05:29:58.847318+00:00,https://api.mfapi.in/mf/118632
118632,Nippon Large Cap,118632,Nippon India Large Cap Fund - Direct Plan Growth Plan - Growth Option,Nippon India Mutual Fund,Open Ended Schemes,Equity Scheme - Large Cap Fund,2020-04-07,26.1117,2026-06-23T05:29:58.847318+00:00,https://api.mfapi.in/mf/118632
118632,Nippon Large Cap,118632,Nippon India Large Cap Fund - Direct Plan Growth Plan - Growth Option,Nippon India Mutual Fund,Open Ended Schemes,Equity Scheme - Large Cap Fund,2020-04-03,24.394,2026-06-23T05:29:58.847318+00:00,https://api.mfapi.in/mf/118632
118632,Nippon Large Cap,118632,Nippon India Large Cap Fund - Direct Plan Growth Plan - Growth Option,Nippon India Mutual Fund,Open Ended Schemes,Equity Scheme - Large Cap Fund,2020-04-01,24.836,2026-06-23T05:29:58.847318+00:00,https://api.mfapi.in/mf/118632
118632,Nippon Large Cap,118632,Nippon India Large Cap Fund - Direct Plan Growth Plan - Growth Option,Nippon India Mutual Fund,Open Ended Schemes,Equity Scheme - Large Cap Fund,2020-03-31,25.7754,2026-06-23T05:29:58.847318+00:00,https://api.mfapi.in/mf/118632
118632,Nippon Large Cap,118632,Nippon India Large Cap Fund - Direct Plan Growth Plan - Growth Option,Nippon India Mutual Fund,Open Ended Schemes,Equity Scheme - Large Cap Fund,2020-03-30,24.722,2026-06-23T05:29:58.847318+00:00,https://api.mfapi.in/mf/118632
118632,Nippon Large Cap,118632,Nippon India Large Cap Fund - Direct Plan Growth Plan - Growth Option,Nippon India Mutual Fund,Open Ended Schemes,Equity Scheme - Large Cap Fund,2020-03-27,25.6579,2026-06-23T05:29:58.847318+00:00,https://api.mfapi.in/mf/118632
118632,Nippon Large Cap,118632,Nippon India Large Cap Fund - Direct Plan Growth Plan - Growth Option,Nippon India Mutual Fund,Open Ended Schemes,Equity Scheme - Large Cap Fund,2020-03-26,25.7611,2026-06-23T05:29:58.847318+00:00,https://api.mfapi.in/mf/118632
118632,Nippon Large Cap,118632,Nippon India Large Cap Fund - Direct Plan Growth Plan - Growth Option,Nippon India Mutual Fund,Open Ended Schemes,Equity Scheme - Large Cap Fund,2020-03-25,24.8444,2026-06-23T05:29:58.847318+00:00,https://api.mfapi.in/mf/118632
118632,Nippon Large Cap,118632,Nippon India Large Cap Fund - Direct Plan Growth Plan - Growth Option,Nippon India Mutual Fund,Open Ended Schemes,Equity Scheme - Large Cap Fund,2020-03-24,23.8439,2026-06-23T05:29:58.847318+00:00,https://api.mfapi.in/mf/118632
118632,Nippon Large Cap,118632,Nippon India Large Cap Fund - Direct Plan Growth Plan - Growth Option,Nippon India Mutual Fund,Open Ended Schemes,Equity Scheme - Large Cap Fund,2020-03-23,23.4673,2026-06-23T05:29:58.847318+00:00,https://api.mfapi.in/mf/118632
118632,Nippon Large Cap,118632,Nippon India Large Cap Fund - Direct Plan Growth Plan - Growth Option,Nippon India Mutual Fund,Open Ended Schemes,Equity Scheme - Large Cap Fund,2020-03-20,26.9588,2026-06-23T05:29:58.847318+00:00,https://api.mfapi.in/mf/118632
118632,Nippon Large Cap,118632,Nippon India Large Cap Fund - Direct Plan Growth Plan - Growth Option,Nippon India Mutual Fund,Open Ended Schemes,Equity Scheme - Large Cap Fund,2020-03-19,25.8841,2026-06-23T05:29:58.847318+00:00,https://api.mfapi.in/mf/118632
118632,Nippon Large Cap,118632,Nippon India Large Cap Fund - Direct Plan Growth Plan - Growth Option,Nippon India Mutual Fund,Open Ended Schemes,Equity Scheme - Large Cap Fund,2020-03-18,26.7113,2026-06-23T05:29:58.847318+00:00,https://api.mfapi.in/mf/118632
118632,Nippon Large Cap,118632,Nippon India Large Cap Fund - Direct Plan Growth Plan - Growth Option,Nippon India Mutual Fund,Open Ended Schemes,Equity Scheme - Large Cap Fund,2020-03-17,27.9135,2026-06-23T05:29:58.847318+00:00,https://api.mfapi.in/mf/118632
118632,Nippon Large Cap,118632,Nippon India Large Cap Fund - Direct Plan Growth Plan - Growth Option,Nippon India Mutual Fund,Open Ended Schemes,Equity Scheme - Large Cap Fund,2020-03-16,28.5456,2026-06-23T05:29:58.847318+00:00,https://api.mfapi.in/mf/118632
118632,Nippon Large Cap,118632,Nippon India Large Cap Fund - Direct Plan Growth Plan - Growth Option,Nippon India Mutual Fund,Open Ended Schemes,Equity Scheme - Large Cap Fund,2020-03-13,30.5589,2026-06-23T05:29:58.847318+00:00,https://api.mfapi.in/mf/118632
118632,Nippon Large Cap,118632,Nippon India Large Cap Fund - Direct Plan Growth Plan - Growth Option,Nippon India Mutual Fund,Open Ended Schemes,Equity Scheme - Large Cap Fund,2020-03-12,29.1242,2026-06-23T05:29:58.847318+00:00,https://api.mfapi.in/mf/118632
118632,Nippon Large Cap,118632,Nippon India Large Cap Fund - Direct Plan Growth Plan - Growth Option,Nippon India Mutual Fund,Open Ended Schemes,Equity Scheme - Large Cap Fund,2020-03-11,32.0067,2026-06-23T05:29:58.847318+00:00,https://api.mfapi.in/mf/118632
118632,Nippon Large Cap,118632,Nippon India Large Cap Fund - Direct Plan Growth Plan - Growth Option,Nippon India Mutual Fund,Open Ended Schemes,Equity Scheme - Large Cap Fund,2020-03-09,32.3964,2026-06-23T05:29:58.847318+00:00,https://api.mfapi.in/mf/118632
118632,Nippon Large Cap,118632,Nippon India Large Cap Fund - Direct Plan Growth Plan - Growth Option,Nippon India Mutual Fund,Open Ended Schemes,Equity Scheme - Large Cap Fund,2020-03-06,33.8975,2026-06-23T05:29:58.847318+00:00,https://api.mfapi.in/mf/118632
118632,Nippon Large Cap,118632,Nippon India Large Cap Fund - Direct Plan Growth Plan - Growth Option,Nippon India Mutual Fund,Open Ended Schemes,Equity Scheme - Large Cap Fund,2020-03-05,34.7965,2026-06-23T05:29:58.847318+00:00,https://api.mfapi.in/mf/118632
118632,Nippon Large Cap,118632,Nippon India Large Cap Fund - Direct Plan Growth Plan - Growth Option,Nippon India Mutual Fund,Open Ended Schemes,Equity Scheme - Large Cap Fund,2020-03-04,34.7438,2026-06-23T05:29:58.847318+00:00,https://api.mfapi.in/mf/118632
118632,Nippon Large Cap,118632,Nippon India Large Cap Fund - Direct Plan Growth Plan - Growth Option,Nippon India Mutual Fund,Open Ended Schemes,Equity Scheme - Large Cap Fund,2020-03-03,35.0947,2026-06-23T05:29:58.847318+00:00,https://api.mfapi.in/mf/118632
118632,Nippon Large Cap,118632,Nippon India Large Cap Fund - Direct Plan Growth Plan - Growth Option,Nippon India Mutual Fund,Open Ended Schemes,Equity Scheme - Large Cap Fund,2020-03-02,34.5233,2026-06-23T05:29:58.847318+00:00,https://api.mfapi.in/mf/118632
118632,Nippon Large Cap,118632,Nippon India Large Cap Fund - Direct Plan Growth Plan - Growth Option,Nippon India Mutual Fund,Open Ended Schemes,Equity Scheme - Large Cap Fund,2020-02-28,34.9635,2026-06-23T05:29:58.847318+00:00,https://api.mfapi.in/mf/118632
118632,Nippon Large Cap,118632,Nippon India Large Cap Fund - Direct Plan Growth Plan - Growth Option,Nippon India Mutual Fund,Open Ended Schemes,Equity Scheme - Large Cap Fund,2020-02-27,36.2362,2026-06-23T05:29:58.847318+00:00,https://api.mfapi.in/mf/118632
118632,Nippon Large Cap,118632,Nippon India Large Cap Fund - Direct Plan Growth Plan - Growth Option,Nippon India Mutual Fund,Open Ended Schemes,Equity Scheme - Large Cap Fund,2020-02-26,36.4536,2026-06-23T05:29:58.847318+00:00,https://api.mfapi.in/mf/118632
118632,Nippon Large Cap,118632,Nippon India Large Cap Fund - Direct Plan Growth Plan - Growth Option,Nippon India Mutual Fund,Open Ended Schemes,Equity Scheme - Large Cap Fund,2020-02-25,36.8522,2026-06-23T05:29:58.847318+00:00,https://api.mfapi.in/mf/118632
118632,Nippon Large Cap,118632,Nippon India Large Cap Fund - Direct Plan Growth Plan - Growth Option,Nippon India Mutual Fund,Open Ended Schemes,Equity Scheme - Large Cap Fund,2020-02-24,37.031,2026-06-23T05:29:58.847318+00:00,https://api.mfapi.in/mf/118632
118632,Nippon Large Cap,118632,Nippon India Large Cap Fund - Direct Plan Growth Plan - Growth Option,Nippon India Mutual Fund,Open Ended Schemes,Equity Scheme - Large Cap Fund,2020-02-20,37.8452,2026-06-23T05:29:58.847318+00:00,https://api.mfapi.in/mf/118632
118632,Nippon Large Cap,118632,Nippon India Large Cap Fund - Direct Plan Growth Plan - Growth Option,Nippon India Mutual Fund,Open Ended Schemes,Equity Scheme - Large Cap Fund,2020-02-19,37.7032,2026-06-23T05:29:58.847318+00:00,https://api.mfapi.in/mf/118632
118632,Nippon Large Cap,118632,Nippon India Large Cap Fund - Direct Plan Growth Plan - Growth Option,Nippon India Mutual Fund,Open Ended Schemes,Equity Scheme - Large Cap Fund,2020-02-18,37.3789,2026-06-23T05:29:58.847318+00:00,https://api.mfapi.in/mf/118632
118632,Nippon Large Cap,118632,Nippon India Large Cap Fund - Direct Plan Growth Plan - Growth Option,Nippon India Mutual Fund,Open Ended Schemes,Equity Scheme - Large Cap Fund,2020-02-17,37.4953,2026-06-23T05:29:58.847318+00:00,https://api.mfapi.in/mf/118632
118632,Nippon Large Cap,118632,Nippon India Large Cap Fund - Direct Plan Growth Plan - Growth Option,Nippon India Mutual Fund,Open Ended Schemes,Equity Scheme - Large Cap Fund,2020-02-14,37.8171,2026-06-23T05:29:58.847318+00:00,https://api.mfapi.in/mf/118632
118632,Nippon Large Cap,118632,Nippon India Large Cap Fund - Direct Plan Growth Plan - Growth Option,Nippon India Mutual Fund,Open Ended Schemes,Equity Scheme - Large Cap Fund,2020-02-13,38.0694,2026-06-23T05:29:58.847318+00:00,https://api.mfapi.in/mf/118632
118632,Nippon Large Cap,118632,Nippon India Large Cap Fund - Direct Plan Growth Plan - Growth Option,Nippon India Mutual Fund,Open Ended Schemes,Equity Scheme - Large Cap Fund,2020-02-12,38.1116,2026-06-23T05:29:58.847318+00:00,https://api.mfapi.in/mf/118632
118632,Nippon Large Cap,118632,Nippon India Large Cap Fund - Direct Plan Growth Plan - Growth Option,Nippon India Mutual Fund,Open Ended Schemes,Equity Scheme - Large Cap Fund,2020-02-11,38.1614,2026-06-23T05:29:58.847318+00:00,https://api.mfapi.in/mf/118632
118632,Nippon Large Cap,118632,Nippon India Large Cap Fund - Direct Plan Growth Plan - Growth Option,Nippon India Mutual Fund,Open Ended Schemes,Equity Scheme - Large Cap Fund,2020-02-10,37.8178,2026-06-23T05:29:58.847318+00:00,https://api.mfapi.in/mf/118632
118632,Nippon Large Cap,118632,Nippon India Large Cap Fund - Direct Plan Growth Plan - Growth Option,Nippon India Mutual Fund,Open Ended Schemes,Equity Scheme - Large Cap Fund,2020-02-07,38.2086,2026-06-23T05:29:58.847318+00:00,https://api.mfapi.in/mf/118632
118632,Nippon Large Cap,118632,Nippon India Large Cap Fund - Direct Plan Growth Plan - Growth Option,Nippon India Mutual Fund,Open Ended Schemes,Equity Scheme - Large Cap Fund,2020-02-06,38.2093,2026-06-23T05:29:58.847318+00:00,https://api.mfapi.in/mf/118632
118632,Nippon Large Cap,118632,Nippon India Large Cap Fund - Direct Plan Growth Plan - Growth Option,Nippon India Mutual Fund,Open Ended Schemes,Equity Scheme - Large Cap Fund,2020-02-05,37.8623,2026-06-23T05:29:58.847318+00:00,https://api.mfapi.in/mf/118632
118632,Nippon Large Cap,118632,Nippon India Large Cap Fund - Direct Plan Growth Plan - Growth Option,Nippon India Mutual Fund,Open Ended Schemes,Equity Scheme - Large Cap Fund,2020-02-04,37.2406,2026-06-23T05:29:58.847318+00:00,https://api.mfapi.in/mf/118632
118632,Nippon Large Cap,118632,Nippon India Large Cap Fund - Direct Plan Growth Plan - Growth Option,Nippon India Mutual Fund,Open Ended Schemes,Equity Scheme - Large Cap Fund,2020-02-03,36.3634,2026-06-23T05:29:58.847318+00:00,https://api.mfapi.in/mf/118632
118632,Nippon Large Cap,118632,Nippon India Large Cap Fund - Direct Plan Growth Plan - Growth Option,Nippon India Mutual Fund,Open Ended Schemes,Equity Scheme - Large Cap Fund,2020-01-31,37.6321,2026-06-23T05:29:58.847318+00:00,https://api.mfapi.in/mf/118632
118632,Nippon Large Cap,118632,Nippon India Large Cap Fund - Direct Plan Growth Plan - Growth Option,Nippon India Mutual Fund,Open Ended Schemes,Equity Scheme - Large Cap Fund,2020-01-30,37.8884,2026-06-23T05:29:58.847318+00:00,https://api.mfapi.in/mf/118632
118632,Nippon Large Cap,118632,Nippon India Large Cap Fund - Direct Plan Growth Plan - Growth Option,Nippon India Mutual Fund,Open Ended Schemes,Equity Scheme - Large Cap Fund,2020-01-29,38.1615,2026-06-23T05:29:58.847318+00:00,https://api.mfapi.in/mf/118632
118632,Nippon Large Cap,118632,Nippon India Large Cap Fund - Direct Plan Growth Plan - Growth Option,Nippon India Mutual Fund,Open Ended Schemes,Equity Scheme - Large Cap Fund,2020-01-28,37.9095,2026-06-23T05:29:58.847318+00:00,https://api.mfapi.in/mf/118632
118632,Nippon Large Cap,118632,Nippon India Large Cap Fund - Direct Plan Growth Plan - Growth Option,Nippon India Mutual Fund,Open Ended Schemes,Equity Scheme - Large Cap Fund,2020-01-27,38.1205,2026-06-23T05:29:58.847318+00:00,https://api.mfapi.in/mf/118632
118632,Nippon Large Cap,118632,Nippon India Large Cap Fund - Direct Plan Growth Plan - Growth Option,Nippon India Mutual Fund,Open Ended Schemes,Equity Scheme - Large Cap Fund,2020-01-24,38.5493,2026-06-23T05:29:58.847318+00:00,https://api.mfapi.in/mf/118632
118632,Nippon Large Cap,118632,Nippon India Large Cap Fund - Direct Plan Growth Plan - Growth Option,Nippon India Mutual Fund,Open Ended Schemes,Equity Scheme - Large Cap Fund,2020-01-23,38.3177,2026-06-23T05:29:58.847318+00:00,https://api.mfapi.in/mf/118632
118632,Nippon Large Cap,118632,Nippon India Large Cap Fund - Direct Plan Growth Plan - Growth Option,Nippon India Mutual Fund,Open Ended Schemes,Equity Scheme - Large Cap Fund,2020-01-22,37.9228,2026-06-23T05:29:58.847318+00:00,https://api.mfapi.in/mf/118632
118632,Nippon Large Cap,118632,Nippon India Large Cap Fund - Direct Plan Growth Plan - Growth Option,Nippon India Mutual Fund,Open Ended Schemes,Equity Scheme - Large Cap Fund,2020-01-21,38.0925,2026-06-23T05:29:58.847318+00:00,https://api.mfapi.in/mf/118632
118632,Nippon Large Cap,118632,Nippon India Large Cap Fund - Direct Plan Growth Plan - Growth Option,Nippon India Mutual Fund,Open Ended Schemes,Equity Scheme - Large Cap Fund,2020-01-20,38.2913,2026-06-23T05:29:58.847318+00:00,https://api.mfapi.in/mf/118632
118632,Nippon Large Cap,118632,Nippon India Large Cap Fund - Direct Plan Growth Plan - Growth Option,Nippon India Mutual Fund,Open Ended Schemes,Equity Scheme - Large Cap Fund,2020-01-17,38.5397,2026-06-23T05:29:58.847318+00:00,https://api.mfapi.in/mf/118632
118632,Nippon Large Cap,118632,Nippon India Large Cap Fund - Direct Plan Growth Plan - Growth Option,Nippon India Mutual Fund,Open Ended Schemes,Equity Scheme - Large Cap Fund,2020-01-16,38.5237,2026-06-23T05:29:58.847318+00:00,https://api.mfapi.in/mf/118632
118632,Nippon Large Cap,118632,Nippon India Large Cap Fund - Direct Plan Growth Plan - Growth Option,Nippon India Mutual Fund,Open Ended Schemes,Equity Scheme - Large Cap Fund,2020-01-15,38.5216,2026-06-23T05:29:58.847318+00:00,https://api.mfapi.in/mf/118632
118632,Nippon Large Cap,118632,Nippon India Large Cap Fund - Direct Plan Growth Plan - Growth Option,Nippon India Mutual Fund,Open Ended Schemes,Equity Scheme - Large Cap Fund,2020-01-14,38.5546,2026-06-23T05:29:58.847318+00:00,https://api.mfapi.in/mf/118632
118632,Nippon Large Cap,118632,Nippon India Large Cap Fund - Direct Plan Growth Plan - Growth Option,Nippon India Mutual Fund,Open Ended Schemes,Equity Scheme - Large Cap Fund,2020-01-13,38.427,2026-06-23T05:29:58.847318+00:00,https://api.mfapi.in/mf/118632
118632,Nippon Large Cap,118632,Nippon India Large Cap Fund - Direct Plan Growth Plan - Growth Option,Nippon India Mutual Fund,Open Ended Schemes,Equity Scheme - Large Cap Fund,2020-01-10,38.2168,2026-06-23T05:29:58.847318+00:00,https://api.mfapi.in/mf/118632
118632,Nippon Large Cap,118632,Nippon India Large Cap Fund - Direct Plan Growth Plan - Growth Option,Nippon India Mutual Fund,Open Ended Schemes,Equity Scheme - Large Cap Fund,2020-01-09,38.064,2026-06-23T05:29:58.847318+00:00,https://api.mfapi.in/mf/118632
118632,Nippon Large Cap,118632,Nippon India Large Cap Fund - Direct Plan Growth Plan - Growth Option,Nippon India Mutual Fund,Open Ended Schemes,Equity Scheme - Large Cap Fund,2020-01-08,37.3886,2026-06-23T05:29:58.847318+00:00,https://api.mfapi.in/mf/118632
118632,Nippon Large Cap,118632,Nippon India Large Cap Fund - Direct Plan Growth Plan - Growth Option,Nippon India Mutual Fund,Open Ended Schemes,Equity Scheme - Large Cap Fund,2020-01-07,37.5129,2026-06-23T05:29:58.847318+00:00,https://api.mfapi.in/mf/118632
118632,Nippon Large Cap,118632,Nippon India Large Cap Fund - Direct Plan Growth Plan - Growth Option,Nippon India Mutual Fund,Open Ended Schemes,Equity Scheme - Large Cap Fund,2020-01-06,37.4068,2026-06-23T05:29:58.847318+00:00,https://api.mfapi.in/mf/118632
118632,Nippon Large Cap,118632,Nippon India Large Cap Fund - Direct Plan Growth Plan - Growth Option,Nippon India Mutual Fund,Open Ended Schemes,Equity Scheme - Large Cap Fund,2020-01-03,38.2715,2026-06-23T05:29:58.847318+00:00,https://api.mfapi.in/mf/118632
118632,Nippon Large Cap,118632,Nippon India Large Cap Fund - Direct Plan Growth Plan - Growth Option,Nippon India Mutual Fund,Open Ended Schemes,Equity Scheme - Large Cap Fund,2020-01-02,38.4483,2026-06-23T05:29:58.847318+00:00,https://api.mfapi.in/mf/118632
118632,Nippon Large Cap,118632,Nippon India Large Cap Fund - Direct Plan Growth Plan - Growth Option,Nippon India Mutual Fund,Open Ended Schemes,Equity Scheme - Large Cap Fund,2020-01-01,37.9668,2026-06-23T05:29:58.847318+00:00,https://api.mfapi.in/mf/118632
118632,Nippon Large Cap,118632,Nippon India Large Cap Fund - Direct Plan Growth Plan - Growth Option,Nippon India Mutual Fund,Open Ended Schemes,Equity Scheme - Large Cap Fund,2019-12-31,37.9594,2026-06-23T05:29:58.847318+00:00,https://api.mfapi.in/mf/118632
118632,Nippon Large Cap,118632,Nippon India Large Cap Fund - Direct Plan Growth Plan - Growth Option,Nippon India Mutual Fund,Open Ended Schemes,Equity Scheme - Large Cap Fund,2019-12-30,38.1381,2026-06-23T05:29:58.847318+00:00,https://api.mfapi.in/mf/118632
118632,Nippon Large Cap,118632,Nippon India Large Cap Fund - Direct Plan Growth Plan - Growth Option,Nippon India Mutual Fund,Open Ended Schemes,Equity Scheme - Large Cap Fund,2019-12-27,38.0682,2026-06-23T05:29:58.847318+00:00,https://api.mfapi.in/mf/118632
118632,Nippon Large Cap,118632,Nippon India Large Cap Fund - Direct Plan Growth Plan - Growth Option,Nippon India Mutual Fund,Open Ended Schemes,Equity Scheme - Large Cap Fund,2019-12-26,37.5389,2026-06-23T05:29:58.847318+00:00,https://api.mfapi.in/mf/118632
118632,Nippon Large Cap,118632,Nippon India Large Cap Fund - Direct Plan Growth Plan - Growth Option,Nippon India Mutual Fund,Open Ended Schemes,Equity Scheme - Large Cap Fund,2019-12-24,37.7657,2026-06-23T05:29:58.847318+00:00,https://api.mfapi.in/mf/118632
118632,Nippon Large Cap,118632,Nippon India Large Cap Fund - Direct Plan Growth Plan - Growth Option,Nippon India Mutual Fund,Open Ended Schemes,Equity Scheme - Large Cap Fund,2019-12-23,37.8912,2026-06-23T05:29:58.847318+00:00,https://api.mfapi.in/mf/118632
118632,Nippon Large Cap,118632,Nippon India Large Cap Fund - Direct Plan Growth Plan - Growth Option,Nippon India Mutual Fund,Open Ended Schemes,Equity Scheme - Large Cap Fund,2019-12-20,37.9728,2026-06-23T05:29:58.847318+00:00,https://api.mfapi.in/mf/118632
118632,Nippon Large Cap,118632,Nippon India Large Cap Fund - Direct Plan Growth Plan - Growth Option,Nippon India Mutual Fund,Open Ended Schemes,Equity Scheme - Large Cap Fund,2019-12-19,37.848,2026-06-23T05:29:58.847318+00:00,https://api.mfapi.in/mf/118632
118632,Nippon Large Cap,118632,Nippon India Large Cap Fund - Direct Plan Growth Plan - Growth Option,Nippon India Mutual Fund,Open Ended Schemes,Equity Scheme - Large Cap Fund,2019-12-18,37.7713,2026-06-23T05:29:58.847318+00:00,https://api.mfapi.in/mf/118632
118632,Nippon Large Cap,118632,Nippon India Large Cap Fund - Direct Plan Growth Plan - Growth Option,Nippon India Mutual Fund,Open Ended Schemes,Equity Scheme - Large Cap Fund,2019-12-17,37.8179,2026-06-23T05:29:58.847318+00:00,https://api.mfapi.in/mf/118632
118632,Nippon Large Cap,118632,Nippon India Large Cap Fund - Direct Plan Growth Plan - Growth Option,Nippon India Mutual Fund,Open Ended Schemes,Equity Scheme - Large Cap Fund,2019-12-16,37.3559,2026-06-23T05:29:58.847318+00:00,https://api.mfapi.in/mf/118632
118632,Nippon Large Cap,118632,Nippon India Large Cap Fund - Direct Plan Growth Plan - Growth Option,Nippon India Mutual Fund,Open Ended Schemes,Equity Scheme - Large Cap Fund,2019-12-13,37.5064,2026-06-23T05:29:58.847318+00:00,https://api.mfapi.in/mf/118632
118632,Nippon Large Cap,118632,Nippon India Large Cap Fund - Direct Plan Growth Plan - Growth Option,Nippon India Mutual Fund,Open Ended Schemes,Equity Scheme - Large Cap Fund,2019-12-12,36.954,2026-06-23T05:29:58.847318+00:00,https://api.mfapi.in/mf/118632
118632,Nippon Large Cap,118632,Nippon India Large Cap Fund - Direct Plan Growth Plan - Growth Option,Nippon India Mutual Fund,Open Ended Schemes,Equity Scheme - Large Cap Fund,2019-12-11,36.5698,2026-06-23T05:29:58.847318+00:00,https://api.mfapi.in/mf/118632
118632,Nippon Large Cap,118632,Nippon India Large Cap Fund - Direct Plan Growth Plan - Growth Option,Nippon India Mutual Fund,Open Ended Schemes,Equity Scheme - Large Cap Fund,2019-12-10,36.4552,2026-06-23T05:29:58.847318+00:00,https://api.mfapi.in/mf/118632
118632,Nippon Large Cap,118632,Nippon India Large Cap Fund - Direct Plan Growth Plan - Growth Option,Nippon India Mutual Fund,Open Ended Schemes,Equity Scheme - Large Cap Fund,2019-12-09,36.7694,2026-06-23T05:29:58.847318+00:00,https://api.mfapi.in/mf/118632
118632,Nippon Large Cap,118632,Nippon India Large Cap Fund - Direct Plan Growth Plan - Growth Option,Nippon India Mutual Fund,Open Ended Schemes,Equity Scheme - Large Cap Fund,2019-12-06,36.7408,2026-06-23T05:29:58.847318+00:00,https://api.mfapi.in/mf/118632
118632,Nippon Large Cap,118632,Nippon India Large Cap Fund - Direct Plan Growth Plan - Growth Option,Nippon India Mutual Fund,Open Ended Schemes,Equity Scheme - Large Cap Fund,2019-12-05,37.2128,2026-06-23T05:29:58.847318+00:00,https://api.mfapi.in/mf/118632
118632,Nippon Large Cap,118632,Nippon India Large Cap Fund - Direct Plan Growth Plan - Growth Option,Nippon India Mutual Fund,Open Ended Schemes,Equity Scheme - Large Cap Fund,2019-12-04,37.4698,2026-06-23T05:29:58.847318+00:00,https://api.mfapi.in/mf/118632
118632,Nippon Large Cap,118632,Nippon India Large Cap Fund - Direct Plan Growth Plan - Growth Option,Nippon India Mutual Fund,Open Ended Schemes,Equity Scheme - Large Cap Fund,2019-12-03,37.2069,2026-06-23T05:29:58.847318+00:00,https://api.mfapi.in/mf/118632
118632,Nippon Large Cap,118632,Nippon India Large Cap Fund - Direct Plan Growth Plan - Growth Option,Nippon India Mutual Fund,Open Ended Schemes,Equity Scheme - Large Cap Fund,2019-12-02,37.5274,2026-06-23T05:29:58.847318+00:00,https://api.mfapi.in/mf/118632
118632,Nippon Large Cap,118632,Nippon India Large Cap Fund - Direct Plan Growth Plan - Growth Option,Nippon India Mutual Fund,Open Ended Schemes,Equity Scheme - Large Cap Fund,2019-11-29,37.6232,2026-06-23T05:29:58.847318+00:00,https://api.mfapi.in/mf/118632
118632,Nippon Large Cap,118632,Nippon India Large Cap Fund - Direct Plan Growth Plan - Growth Option,Nippon India Mutual Fund,Open Ended Schemes,Equity Scheme - Large Cap Fund,2019-11-28,37.8833,2026-06-23T05:29:58.847318+00:00,https://api.mfapi.in/mf/118632
118632,Nippon Large Cap,118632,Nippon India Large Cap Fund - Direct Plan Growth Plan - Growth Option,Nippon India Mutual Fund,Open Ended Schemes,Equity Scheme - Large Cap Fund,2019-11-27,37.7095,2026-06-23T05:29:58.847318+00:00,https://api.mfapi.in/mf/118632
118632,Nippon Large Cap,118632,Nippon India Large Cap Fund - Direct Plan Growth Plan - Growth Option,Nippon India Mutual Fund,Open Ended Schemes,Equity Scheme - Large Cap Fund,2019-11-26,37.5389,2026-06-23T05:29:58.847318+00:00,https://api.mfapi.in/mf/118632
118632,Nippon Large Cap,118632,Nippon India Large Cap Fund - Direct Plan Growth Plan - Growth Option,Nippon India Mutual Fund,Open Ended Schemes,Equity Scheme - Large Cap Fund,2019-11-25,37.7165,2026-06-23T05:29:58.847318+00:00,https://api.mfapi.in/mf/118632
118632,Nippon Large Cap,118632,Nippon India Large Cap Fund - Direct Plan Growth Plan - Growth Option,Nippon India Mutual Fund,Open Ended Schemes,Equity Scheme - Large Cap Fund,2019-11-22,37.2019,2026-06-23T05:29:58.847318+00:00,https://api.mfapi.in/mf/118632
118632,Nippon Large Cap,118632,Nippon India Large Cap Fund - Direct Plan Growth Plan - Growth Option,Nippon India Mutual Fund,Open Ended Schemes,Equity Scheme - Large Cap Fund,2019-11-21,37.3604,2026-06-23T05:29:58.847318+00:00,https://api.mfapi.in/mf/118632
118632,Nippon Large Cap,118632,Nippon India Large Cap Fund - Direct Plan Growth Plan - Growth Option,Nippon India Mutual Fund,Open Ended Schemes,Equity Scheme - Large Cap Fund,2019-11-20,37.5524,2026-06-23T05:29:58.847318+00:00,https://api.mfapi.in/mf/118632
118632,Nippon Large Cap,118632,Nippon India Large Cap Fund - Direct Plan Growth Plan - Growth Option,Nippon India Mutual Fund,Open Ended Schemes,Equity Scheme - Large Cap Fund,2019-11-19,37.4003,2026-06-23T05:29:58.847318+00:00,https://api.mfapi.in/mf/118632
118632,Nippon Large Cap,118632,Nippon India Large Cap Fund - Direct Plan Growth Plan - Growth Option,Nippon India Mutual Fund,Open Ended Schemes,Equity Scheme - Large Cap Fund,2019-11-18,37.1266,2026-06-23T05:29:58.847318+00:00,https://api.mfapi.in/mf/118632
118632,Nippon Large Cap,118632,Nippon India Large Cap Fund - Direct Plan Growth Plan - Growth Option,Nippon India Mutual Fund,Open Ended Schemes,Equity Scheme - Large Cap Fund,2019-11-15,36.9168,2026-06-23T05:29:58.847318+00:00,https://api.mfapi.in/mf/118632
118632,Nippon Large Cap,118632,Nippon India Large Cap Fund - Direct Plan Growth Plan - Growth Option,Nippon India Mutual Fund,Open Ended Schemes,Equity Scheme - Large Cap Fund,2019-11-14,36.6681,2026-06-23T05:29:58.847318+00:00,https://api.mfapi.in/mf/118632
118632,Nippon Large Cap,118632,Nippon India Large Cap Fund - Direct Plan Growth Plan - Growth Option,Nippon India Mutual Fund,Open Ended Schemes,Equity Scheme - Large Cap Fund,2019-11-13,36.6968,2026-06-23T05:29:58.847318+00:00,https://api.mfapi.in/mf/118632
118632,Nippon Large Cap,118632,Nippon India Large Cap Fund - Direct Plan Growth Plan - Growth Option,Nippon India Mutual Fund,Open Ended Schemes,Equity Scheme - Large Cap Fund,2019-11-11,37.0639,2026-06-23T05:29:58.847318+00:00,https://api.mfapi.in/mf/118632
118632,Nippon Large Cap,118632,Nippon India Large Cap Fund - Direct Plan Growth Plan - Growth Option,Nippon India Mutual Fund,Open Ended Schemes,Equity Scheme - Large Cap Fund,2019-11-08,36.8802,2026-06-23T05:29:58.847318+00:00,https://api.mfapi.in/mf/118632
118632,Nippon Large Cap,118632,Nippon India Large Cap Fund - Direct Plan Growth Plan - Growth Option,Nippon India Mutual Fund,Open Ended Schemes,Equity Scheme - Large Cap Fund,2019-11-07,37.3476,2026-06-23T05:29:58.847318+00:00,https://api.mfapi.in/mf/118632
118632,Nippon Large Cap,118632,Nippon India Large Cap Fund - Direct Plan Growth Plan - Growth Option,Nippon India Mutual Fund,Open Ended Schemes,Equity Scheme - Large Cap Fund,2019-11-06,37.396,2026-06-23T05:29:58.847318+00:00,https://api.mfapi.in/mf/118632
118632,Nippon Large Cap,118632,Nippon India Large Cap Fund - Direct Plan Growth Plan - Growth Option,Nippon India Mutual Fund,Open Ended Schemes,Equity Scheme - Large Cap Fund,2019-11-05,37.2677,2026-06-23T05:29:58.847318+00:00,https://api.mfapi.in/mf/118632
118632,Nippon Large Cap,118632,Nippon India Large Cap Fund - Direct Plan Growth Plan - Growth Option,Nippon India Mutual Fund,Open Ended Schemes,Equity Scheme - Large Cap Fund,2019-11-04,37.4373,2026-06-23T05:29:58.847318+00:00,https://api.mfapi.in/mf/118632
118632,Nippon Large Cap,118632,Nippon India Large Cap Fund - Direct Plan Growth Plan - Growth Option,Nippon India Mutual Fund,Open Ended Schemes,Equity Scheme - Large Cap Fund,2019-11-01,37.3083,2026-06-23T05:29:58.847318+00:00,https://api.mfapi.in/mf/118632
118632,Nippon Large Cap,118632,Nippon India Large Cap Fund - Direct Plan Growth Plan - Growth Option,Nippon India Mutual Fund,Open Ended Schemes,Equity Scheme - Large Cap Fund,2019-10-31,37.2339,2026-06-23T05:29:58.847318+00:00,https://api.mfapi.in/mf/118632
118632,Nippon Large Cap,118632,Nippon India Large Cap Fund - Direct Plan Growth Plan - Growth Option,Nippon India Mutual Fund,Open Ended Schemes,Equity Scheme - Large Cap Fund,2019-10-30,36.9824,2026-06-23T05:29:58.847318+00:00,https://api.mfapi.in/mf/118632
118632,Nippon Large Cap,118632,Nippon India Large Cap Fund - Direct Plan Growth Plan - Growth Option,Nippon India Mutual Fund,Open Ended Schemes,Equity Scheme - Large Cap Fund,2019-10-29,36.6798,2026-06-23T05:29:58.847318+00:00,https://api.mfapi.in/mf/118632
118632,Nippon Large Cap,118632,Nippon India Large Cap Fund - Direct Plan Growth Plan - Growth Option,Nippon India Mutual Fund,Open Ended Schemes,Equity Scheme - Large Cap Fund,2019-10-25,35.8285,2026-06-23T05:29:58.847318+00:00,https://api.mfapi.in/mf/118632
118632,Nippon Large Cap,118632,Nippon India Large Cap Fund - Direct Plan Growth Plan - Growth Option,Nippon India Mutual Fund,Open Ended Schemes,Equity Scheme - Large Cap Fund,2019-10-24,35.625,2026-06-23T05:29:58.847318+00:00,https://api.mfapi.in/mf/118632
118632,Nippon Large Cap,118632,Nippon India Large Cap Fund - Direct Plan Growth Plan - Growth Option,Nippon India Mutual Fund,Open Ended Schemes,Equity Scheme - Large Cap Fund,2019-10-23,35.9625,2026-06-23T05:29:58.847318+00:00,https://api.mfapi.in/mf/118632
118632,Nippon Large Cap,118632,Nippon India Large Cap Fund - Direct Plan Growth Plan - Growth Option,Nippon India Mutual Fund,Open Ended Schemes,Equity Scheme - Large Cap Fund,2019-10-22,35.8852,2026-06-23T05:29:58.847318+00:00,https://api.mfapi.in/mf/118632
118632,Nippon Large Cap,118632,Nippon India Large Cap Fund - Direct Plan Growth Plan - Growth Option,Nippon India Mutual Fund,Open Ended Schemes,Equity Scheme - Large Cap Fund,2019-10-18,35.9705,2026-06-23T05:29:58.847318+00:00,https://api.mfapi.in/mf/118632
118632,Nippon Large Cap,118632,Nippon India Large Cap Fund - Direct Plan Growth Plan - Growth Option,Nippon India Mutual Fund,Open Ended Schemes,Equity Scheme - Large Cap Fund,2019-10-17,35.6993,2026-06-23T05:29:58.847318+00:00,https://api.mfapi.in/mf/118632
118632,Nippon Large Cap,118632,Nippon India Large Cap Fund - Direct Plan Growth Plan - Growth Option,Nippon India Mutual Fund,Open Ended Schemes,Equity Scheme - Large Cap Fund,2019-10-16,35.2173,2026-06-23T05:29:58.847318+00:00,https://api.mfapi.in/mf/118632
118632,Nippon Large Cap,118632,Nippon India Large Cap Fund - Direct Plan Growth Plan - Growth Option,Nippon India Mutual Fund,Open Ended Schemes,Equity Scheme - Large Cap Fund,2019-10-15,35.1765,2026-06-23T05:29:58.847318+00:00,https://api.mfapi.in/mf/118632
118632,Nippon Large Cap,118632,Nippon India Large Cap Fund - Direct Plan Growth Plan - Growth Option,Nippon India Mutual Fund,Open Ended Schemes,Equity Scheme - Large Cap Fund,2019-10-14,34.9781,2026-06-23T05:29:58.847318+00:00,https://api.mfapi.in/mf/118632
118632,Nippon Large Cap,118632,Nippon India Large Cap Fund - Direct Plan Growth Plan - Growth Option,Nippon India Mutual Fund,Open Ended Schemes,Equity Scheme - Large Cap Fund,2019-10-11,34.8641,2026-06-23T05:29:58.847318+00:00,https://api.mfapi.in/mf/118632
118632,Nippon Large Cap,118632,Nippon India Large Cap Fund - Direct Plan Growth Plan - Growth Option,Nippon India Mutual Fund,Open Ended Schemes,Equity Scheme - Large Cap Fund,2019-10-10,34.6615,2026-06-23T05:29:58.847318+00:00,https://api.mfapi.in/mf/118632
118632,Nippon Large Cap,118632,Nippon India Large Cap Fund - Direct Plan Growth Plan - Growth Option,Nippon India Mutual Fund,Open Ended Schemes,Equity Scheme - Large Cap Fund,2019-10-09,35.0899,2026-06-23T05:29:58.847318+00:00,https://api.mfapi.in/mf/118632
118632,Nippon Large Cap,118632,Nippon India Large Cap Fund - Direct Plan Growth Plan - Growth Option,Nippon India Mutual Fund,Open Ended Schemes,Equity Scheme - Large Cap Fund,2019-10-07,34.4231,2026-06-23T05:29:58.847318+00:00,https://api.mfapi.in/mf/118632
118632,Nippon Large Cap,118632,Nippon India Large Cap Fund - Direct Plan Growth Plan - Growth Option,Nippon India Mutual Fund,Open Ended Schemes,Equity Scheme - Large Cap Fund,2019-10-04,34.7243,2026-06-23T05:29:58.847318+00:00,https://api.mfapi.in/mf/118632
118632,Nippon Large Cap,118632,Nippon India Large Cap Fund - Direct Plan Growth Plan - Growth Option,Nippon India Mutual Fund,Open Ended Schemes,Equity Scheme - Large Cap Fund,2019-10-03,35.233,2026-06-23T05:29:58.847318+00:00,https://api.mfapi.in/mf/118632
118632,Nippon Large Cap,118632,Nippon India Large Cap Fund - Direct Plan Growth Plan - Growth Option,Nippon India Mutual Fund,Open Ended Schemes,Equity Scheme - Large Cap Fund,2019-10-01,35.232,2026-06-23T05:29:58.847318+00:00,https://api.mfapi.in/mf/118632
118632,Nippon Large Cap,118632,Nippon India Large Cap Fund - Direct Plan Growth Plan - Growth Option,Nippon India Mutual Fund,Open Ended Schemes,Equity Scheme - Large Cap Fund,2019-09-30,35.6992,2026-06-23T05:29:58.847318+00:00,https://api.mfapi.in/mf/118632
118632,Nippon Large Cap,118632,Nippon India Large Cap Fund - Direct Plan Growth Plan - Growth Option,Nippon India Mutual Fund,Open Ended Schemes,Equity Scheme - Large Cap Fund,2019-09-27,35.8985,2026-06-23T05:29:58.847318+00:00,https://api.mfapi.in/mf/118632
118632,Nippon Large Cap,118632,Nippon India Large Cap Fund - Direct Plan Growth Plan - Growth Option,Nippon India Mutual Fund,Open Ended Schemes,Equity Scheme - Large Cap Fund,2019-09-26,36.0798,2026-06-23T05:29:58.847318+00:00,https://api.mfapi.in/mf/118632
118632,Nippon Large Cap,118632,Nippon India Large Cap Fund - Direct Plan Growth Plan - Growth Option,Nippon India Mutual Fund,Open Ended Schemes,Equity Scheme - Large Cap Fund,2019-09-25,35.541,2026-06-23T05:29:58.847318+00:00,https://api.mfapi.in/mf/118632
118632,Nippon Large Cap,118632,Nippon India Large Cap Fund - Direct Plan Growth Plan - Growth Option,Nippon India Mutual Fund,Open Ended Schemes,Equity Scheme - Large Cap Fund,2019-09-24,36.3133,2026-06-23T05:29:58.847318+00:00,https://api.mfapi.in/mf/118632
118632,Nippon Large Cap,118632,Nippon India Large Cap Fund - Direct Plan Growth Plan - Growth Option,Nippon India Mutual Fund,Open Ended Schemes,Equity Scheme - Large Cap Fund,2019-09-23,36.5689,2026-06-23T05:29:58.847318+00:00,https://api.mfapi.in/mf/118632
118632,Nippon Large Cap,118632,Nippon India Large Cap Fund - Direct Plan Growth Plan - Growth Option,Nippon India Mutual Fund,Open Ended Schemes,Equity Scheme - Large Cap Fund,2019-09-20,35.105,2026-06-23T05:29:58.847318+00:00,https://api.mfapi.in/mf/118632
118632,Nippon Large Cap,118632,Nippon India Large Cap Fund - Direct Plan Growth Plan - Growth Option,Nippon India Mutual Fund,Open Ended Schemes,Equity Scheme - Large Cap Fund,2019-09-19,33.0899,2026-06-23T05:29:58.847318+00:00,https://api.mfapi.in/mf/118632
118632,Nippon Large Cap,118632,Nippon India Large Cap Fund - Direct Plan Growth Plan - Growth Option,Nippon India Mutual Fund,Open Ended Schemes,Equity Scheme - Large Cap Fund,2019-09-18,33.5375,2026-06-23T05:29:58.847318+00:00,https://api.mfapi.in/mf/118632
118632,Nippon Large Cap,118632,Nippon India Large Cap Fund - Direct Plan Growth Plan - Growth Option,Nippon India Mutual Fund,Open Ended Schemes,Equity Scheme - Large Cap Fund,2019-09-17,33.3565,2026-06-23T05:29:58.847318+00:00,https://api.mfapi.in/mf/118632
118632,Nippon Large Cap,118632,Nippon India Large Cap Fund - Direct Plan Growth Plan - Growth Option,Nippon India Mutual Fund,Open Ended Schemes,Equity Scheme - Large Cap Fund,2019-09-16,34.1575,2026-06-23T05:29:58.847318+00:00,https://api.mfapi.in/mf/118632
118632,Nippon Large Cap,118632,Nippon India Large Cap Fund - Direct Plan Growth Plan - Growth Option,Nippon India Mutual Fund,Open Ended Schemes,Equity Scheme - Large Cap Fund,2019-09-13,34.4118,2026-06-23T05:29:58.847318+00:00,https://api.mfapi.in/mf/118632
118632,Nippon Large Cap,118632,Nippon India Large Cap Fund - Direct Plan Growth Plan - Growth Option,Nippon India Mutual Fund,Open Ended Schemes,Equity Scheme - Large Cap Fund,2019-09-12,34.1039,2026-06-23T05:29:58.847318+00:00,https://api.mfapi.in/mf/118632
118632,Nippon Large Cap,118632,Nippon India Large Cap Fund - Direct Plan Growth Plan - Growth Option,Nippon India Mutual Fund,Open Ended Schemes,Equity Scheme - Large Cap Fund,2019-09-11,34.1812,2026-06-23T05:29:58.847318+00:00,https://api.mfapi.in/mf/118632
118632,Nippon Large Cap,118632,Nippon India Large Cap Fund - Direct Plan Growth Plan - Growth Option,Nippon India Mutual Fund,Open Ended Schemes,Equity Scheme - Large Cap Fund,2019-09-09,33.9053,2026-06-23T05:29:58.847318+00:00,https://api.mfapi.in/mf/118632
118632,Nippon Large Cap,118632,Nippon India Large Cap Fund - Direct Plan Growth Plan - Growth Option,Nippon India Mutual Fund,Open Ended Schemes,Equity Scheme - Large Cap Fund,2019-09-06,33.6463,2026-06-23T05:29:58.847318+00:00,https://api.mfapi.in/mf/118632
118632,Nippon Large Cap,118632,Nippon India Large Cap Fund - Direct Plan Growth Plan - Growth Option,Nippon India Mutual Fund,Open Ended Schemes,Equity Scheme - Large Cap Fund,2019-09-05,33.3774,2026-06-23T05:29:58.847318+00:00,https://api.mfapi.in/mf/118632
118632,Nippon Large Cap,118632,Nippon India Large Cap Fund - Direct Plan Growth Plan - Growth Option,Nippon India Mutual Fund,Open Ended Schemes,Equity Scheme - Large Cap Fund,2019-09-04,33.192,2026-06-23T05:29:58.847318+00:00,https://api.mfapi.in/mf/118632
118632,Nippon Large Cap,118632,Nippon India Large Cap Fund - Direct Plan Growth Plan - Growth Option,Nippon India Mutual Fund,Open Ended Schemes,Equity Scheme - Large Cap Fund,2019-09-03,32.9684,2026-06-23T05:29:58.847318+00:00,https://api.mfapi.in/mf/118632
118632,Nippon Large Cap,118632,Nippon India Large Cap Fund - Direct Plan Growth Plan - Growth Option,Nippon India Mutual Fund,Open Ended Schemes,Equity Scheme - Large Cap Fund,2019-08-30,33.5968,2026-06-23T05:29:58.847318+00:00,https://api.mfapi.in/mf/118632
118632,Nippon Large Cap,118632,Nippon India Large Cap Fund - Direct Plan Growth Plan - Growth Option,Nippon India Mutual Fund,Open Ended Schemes,Equity Scheme - Large Cap Fund,2019-08-29,33.3824,2026-06-23T05:29:58.847318+00:00,https://api.mfapi.in/mf/118632
118632,Nippon Large Cap,118632,Nippon India Large Cap Fund - Direct Plan Growth Plan - Growth Option,Nippon India Mutual Fund,Open Ended Schemes,Equity Scheme - Large Cap Fund,2019-08-28,33.7103,2026-06-23T05:29:58.847318+00:00,https://api.mfapi.in/mf/118632
118632,Nippon Large Cap,118632,Nippon India Large Cap Fund - Direct Plan Growth Plan - Growth Option,Nippon India Mutual Fund,Open Ended Schemes,Equity Scheme - Large Cap Fund,2019-08-27,33.9802,2026-06-23T05:29:58.847318+00:00,https://api.mfapi.in/mf/118632
118632,Nippon Large Cap,118632,Nippon India Large Cap Fund - Direct Plan Growth Plan - Growth Option,Nippon India Mutual Fund,Open Ended Schemes,Equity Scheme - Large Cap Fund,2019-08-26,33.6593,2026-06-23T05:29:58.847318+00:00,https://api.mfapi.in/mf/118632
118632,Nippon Large Cap,118632,Nippon India Large Cap Fund - Direct Plan Growth Plan - Growth Option,Nippon India Mutual Fund,Open Ended Schemes,Equity Scheme - Large Cap Fund,2019-08-23,33.0437,2026-06-23T05:29:58.847318+00:00,https://api.mfapi.in/mf/118632
118632,Nippon Large Cap,118632,Nippon India Large Cap Fund - Direct Plan Growth Plan - Growth Option,Nippon India Mutual Fund,Open Ended Schemes,Equity Scheme - Large Cap Fund,2019-08-22,32.7704,2026-06-23T05:29:58.847318+00:00,https://api.mfapi.in/mf/118632
118632,Nippon Large Cap,118632,Nippon India Large Cap Fund - Direct Plan Growth Plan - Growth Option,Nippon India Mutual Fund,Open Ended Schemes,Equity Scheme - Large Cap Fund,2019-08-21,33.3619,2026-06-23T05:29:58.847318+00:00,https://api.mfapi.in/mf/118632
118632,Nippon Large Cap,118632,Nippon India Large Cap Fund - Direct Plan Growth Plan - Growth Option,Nippon India Mutual Fund,Open Ended Schemes,Equity Scheme - Large Cap Fund,2019-08-20,33.8628,2026-06-23T05:29:58.847318+00:00,https://api.mfapi.in/mf/118632
118632,Nippon Large Cap,118632,Nippon India Large Cap Fund - Direct Plan Growth Plan - Growth Option,Nippon India Mutual Fund,Open Ended Schemes,Equity Scheme - Large Cap Fund,2019-08-19,34.0837,2026-06-23T05:29:58.847318+00:00,https://api.mfapi.in/mf/118632
118632,Nippon Large Cap,118632,Nippon India Large Cap Fund - Direct Plan Growth Plan - Growth Option,Nippon India Mutual Fund,Open Ended Schemes,Equity Scheme - Large Cap Fund,2019-08-16,34.0542,2026-06-23T05:29:58.847318+00:00,https://api.mfapi.in/mf/118632
118632,Nippon Large Cap,118632,Nippon India Large Cap Fund - Direct Plan Growth Plan - Growth Option,Nippon India Mutual Fund,Open Ended Schemes,Equity Scheme - Large Cap Fund,2019-08-14,33.9639,2026-06-23T05:29:58.847318+00:00,https://api.mfapi.in/mf/118632
118632,Nippon Large Cap,118632,Nippon India Large Cap Fund - Direct Plan Growth Plan - Growth Option,Nippon India Mutual Fund,Open Ended Schemes,Equity Scheme - Large Cap Fund,2019-08-13,33.5822,2026-06-23T05:29:58.847318+00:00,https://api.mfapi.in/mf/118632
118632,Nippon Large Cap,118632,Nippon India Large Cap Fund - Direct Plan Growth Plan - Growth Option,Nippon India Mutual Fund,Open Ended Schemes,Equity Scheme - Large Cap Fund,2019-08-09,34.3629,2026-06-23T05:29:58.847318+00:00,https://api.mfapi.in/mf/118632
118632,Nippon Large Cap,118632,Nippon India Large Cap Fund - Direct Plan Growth Plan - Growth Option,Nippon India Mutual Fund,Open Ended Schemes,Equity Scheme - Large Cap Fund,2019-08-08,34.2803,2026-06-23T05:29:58.847318+00:00,https://api.mfapi.in/mf/118632
118632,Nippon Large Cap,118632,Nippon India Large Cap Fund - Direct Plan Growth Plan - Growth Option,Nippon India Mutual Fund,Open Ended Schemes,Equity Scheme - Large Cap Fund,2019-08-07,33.8466,2026-06-23T05:29:58.847318+00:00,https://api.mfapi.in/mf/118632
118632,Nippon Large Cap,118632,Nippon India Large Cap Fund - Direct Plan Growth Plan - Growth Option,Nippon India Mutual Fund,Open Ended Schemes,Equity Scheme - Large Cap Fund,2019-08-06,34.3933,2026-06-23T05:29:58.847318+00:00,https://api.mfapi.in/mf/118632
118632,Nippon Large Cap,118632,Nippon India Large Cap Fund - Direct Plan Growth Plan - Growth Option,Nippon India Mutual Fund,Open Ended Schemes,Equity Scheme - Large Cap Fund,2019-08-05,34.0276,2026-06-23T05:29:58.847318+00:00,https://api.mfapi.in/mf/118632
118632,Nippon Large Cap,118632,Nippon India Large Cap Fund - Direct Plan Growth Plan - Growth Option,Nippon India Mutual Fund,Open Ended Schemes,Equity Scheme - Large Cap Fund,2019-08-02,34.4649,2026-06-23T05:29:58.847318+00:00,https://api.mfapi.in/mf/118632
118632,Nippon Large Cap,118632,Nippon India Large Cap Fund - Direct Plan Growth Plan - Growth Option,Nippon India Mutual Fund,Open Ended Schemes,Equity Scheme - Large Cap Fund,2019-08-01,34.6488,2026-06-23T05:29:58.847318+00:00,https://api.mfapi.in/mf/118632
118632,Nippon Large Cap,118632,Nippon India Large Cap Fund - Direct Plan Growth Plan - Growth Option,Nippon India Mutual Fund,Open Ended Schemes,Equity Scheme - Large Cap Fund,2019-07-31,35.3053,2026-06-23T05:29:58.847318+00:00,https://api.mfapi.in/mf/118632
118632,Nippon Large Cap,118632,Nippon India Large Cap Fund - Direct Plan Growth Plan - Growth Option,Nippon India Mutual Fund,Open Ended Schemes,Equity Scheme - Large Cap Fund,2019-07-30,34.9848,2026-06-23T05:29:58.847318+00:00,https://api.mfapi.in/mf/118632
118632,Nippon Large Cap,118632,Nippon India Large Cap Fund - Direct Plan Growth Plan - Growth Option,Nippon India Mutual Fund,Open Ended Schemes,Equity Scheme - Large Cap Fund,2019-07-29,35.585,2026-06-23T05:29:58.847318+00:00,https://api.mfapi.in/mf/118632
118632,Nippon Large Cap,118632,Nippon India Large Cap Fund - Direct Plan Growth Plan - Growth Option,Nippon India Mutual Fund,Open Ended Schemes,Equity Scheme - Large Cap Fund,2019-07-26,35.9704,2026-06-23T05:29:58.847318+00:00,https://api.mfapi.in/mf/118632
118632,Nippon Large Cap,118632,Nippon India Large Cap Fund - Direct Plan Growth Plan - Growth Option,Nippon India Mutual Fund,Open Ended Schemes,Equity Scheme - Large Cap Fund,2019-07-25,35.8082,2026-06-23T05:29:58.847318+00:00,https://api.mfapi.in/mf/118632
118632,Nippon Large Cap,118632,Nippon India Large Cap Fund - Direct Plan Growth Plan - Growth Option,Nippon India Mutual Fund,Open Ended Schemes,Equity Scheme - Large Cap Fund,2019-07-24,35.8253,2026-06-23T05:29:58.847318+00:00,https://api.mfapi.in/mf/118632
118632,Nippon Large Cap,118632,Nippon India Large Cap Fund - Direct Plan Growth Plan - Growth Option,Nippon India Mutual Fund,Open Ended Schemes,Equity Scheme - Large Cap Fund,2019-07-23,36.2009,2026-06-23T05:29:58.847318+00:00,https://api.mfapi.in/mf/118632
118632,Nippon Large Cap,118632,Nippon India Large Cap Fund - Direct Plan Growth Plan - Growth Option,Nippon India Mutual Fund,Open Ended Schemes,Equity Scheme - Large Cap Fund,2019-07-22,36.3464,2026-06-23T05:29:58.847318+00:00,https://api.mfapi.in/mf/118632
118632,Nippon Large Cap,118632,Nippon India Large Cap Fund - Direct Plan Growth Plan - Growth Option,Nippon India Mutual Fund,Open Ended Schemes,Equity Scheme - Large Cap Fund,2019-07-19,36.3675,2026-06-23T05:29:58.847318+00:00,https://api.mfapi.in/mf/118632
118632,Nippon Large Cap,118632,Nippon India Large Cap Fund - Direct Plan Growth Plan - Growth Option,Nippon India Mutual Fund,Open Ended Schemes,Equity Scheme - Large Cap Fund,2019-07-18,36.9506,2026-06-23T05:29:58.847318+00:00,https://api.mfapi.in/mf/118632
118632,Nippon Large Cap,118632,Nippon India Large Cap Fund - Direct Plan Growth Plan - Growth Option,Nippon India Mutual Fund,Open Ended Schemes,Equity Scheme - Large Cap Fund,2019-07-17,37.5002,2026-06-23T05:29:58.847318+00:00,https://api.mfapi.in/mf/118632
118632,Nippon Large Cap,118632,Nippon India Large Cap Fund - Direct Plan Growth Plan - Growth Option,Nippon India Mutual Fund,Open Ended Schemes,Equity Scheme - Large Cap Fund,2019-07-16,37.4458,2026-06-23T05:29:58.847318+00:00,https://api.mfapi.in/mf/118632
118632,Nippon Large Cap,118632,Nippon India Large Cap Fund - Direct Plan Growth Plan - Growth Option,Nippon India Mutual Fund,Open Ended Schemes,Equity Scheme - Large Cap Fund,2019-07-15,37.076,2026-06-23T05:29:58.847318+00:00,https://api.mfapi.in/mf/118632
118632,Nippon Large Cap,118632,Nippon India Large Cap Fund - Direct Plan Growth Plan - Growth Option,Nippon India Mutual Fund,Open Ended Schemes,Equity Scheme - Large Cap Fund,2019-07-12,37.2259,2026-06-23T05:29:58.847318+00:00,https://api.mfapi.in/mf/118632
118632,Nippon Large Cap,118632,Nippon India Large Cap Fund - Direct Plan Growth Plan - Growth Option,Nippon India Mutual Fund,Open Ended Schemes,Equity Scheme - Large Cap Fund,2019-07-11,37.21,2026-06-23T05:29:58.847318+00:00,https://api.mfapi.in/mf/118632
118632,Nippon Large Cap,118632,Nippon India Large Cap Fund - Direct Plan Growth Plan - Growth Option,Nippon India Mutual Fund,Open Ended Schemes,Equity Scheme - Large Cap Fund,2019-07-10,36.8628,2026-06-23T05:29:58.847318+00:00,https://api.mfapi.in/mf/118632
118632,Nippon Large Cap,118632,Nippon India Large Cap Fund - Direct Plan Growth Plan - Growth Option,Nippon India Mutual Fund,Open Ended Schemes,Equity Scheme - Large Cap Fund,2019-07-09,37.2295,2026-06-23T05:29:58.847318+00:00,https://api.mfapi.in/mf/118632
118632,Nippon Large Cap,118632,Nippon India Large Cap Fund - Direct Plan Growth Plan - Growth Option,Nippon India Mutual Fund,Open Ended Schemes,Equity Scheme - Large Cap Fund,2019-07-08,36.9659,2026-06-23T05:29:58.847318+00:00,https://api.mfapi.in/mf/118632
118632,Nippon Large Cap,118632,Nippon India Large Cap Fund - Direct Plan Growth Plan - Growth Option,Nippon India Mutual Fund,Open Ended Schemes,Equity Scheme - Large Cap Fund,2019-07-05,37.8995,2026-06-23T05:29:58.847318+00:00,https://api.mfapi.in/mf/118632
118632,Nippon Large Cap,118632,Nippon India Large Cap Fund - Direct Plan Growth Plan - Growth Option,Nippon India Mutual Fund,Open Ended Schemes,Equity Scheme - Large Cap Fund,2019-07-04,38.4089,2026-06-23T05:29:58.847318+00:00,https://api.mfapi.in/mf/118632
118632,Nippon Large Cap,118632,Nippon India Large Cap Fund - Direct Plan Growth Plan - Growth Option,Nippon India Mutual Fund,Open Ended Schemes,Equity Scheme - Large Cap Fund,2019-07-03,38.2732,2026-06-23T05:29:58.847318+00:00,https://api.mfapi.in/mf/118632
118632,Nippon Large Cap,118632,Nippon India Large Cap Fund - Direct Plan Growth Plan - Growth Option,Nippon India Mutual Fund,Open Ended Schemes,Equity Scheme - Large Cap Fund,2019-07-02,38.1492,2026-06-23T05:29:58.847318+00:00,https://api.mfapi.in/mf/118632
118632,Nippon Large Cap,118632,Nippon India Large Cap Fund - Direct Plan Growth Plan - Growth Option,Nippon India Mutual Fund,Open Ended Schemes,Equity Scheme - Large Cap Fund,2019-07-01,38.1294,2026-06-23T05:29:58.847318+00:00,https://api.mfapi.in/mf/118632
118632,Nippon Large Cap,118632,Nippon India Large Cap Fund - Direct Plan Growth Plan - Growth Option,Nippon India Mutual Fund,Open Ended Schemes,Equity Scheme - Large Cap Fund,2019-06-28,38.0432,2026-06-23T05:29:58.847318+00:00,https://api.mfapi.in/mf/118632
118632,Nippon Large Cap,118632,Nippon India Large Cap Fund - Direct Plan Growth Plan - Growth Option,Nippon India Mutual Fund,Open Ended Schemes,Equity Scheme - Large Cap Fund,2019-06-27,38.0638,2026-06-23T05:29:58.847318+00:00,https://api.mfapi.in/mf/118632
118632,Nippon Large Cap,118632,Nippon India Large Cap Fund - Direct Plan Growth Plan - Growth Option,Nippon India Mutual Fund,Open Ended Schemes,Equity Scheme - Large Cap Fund,2019-06-26,37.8804,2026-06-23T05:29:58.847318+00:00,https://api.mfapi.in/mf/118632
118632,Nippon Large Cap,118632,Nippon India Large Cap Fund - Direct Plan Growth Plan - Growth Option,Nippon India Mutual Fund,Open Ended Schemes,Equity Scheme - Large Cap Fund,2019-06-25,37.597,2026-06-23T05:29:58.847318+00:00,https://api.mfapi.in/mf/118632
118632,Nippon Large Cap,118632,Nippon India Large Cap Fund - Direct Plan Growth Plan - Growth Option,Nippon India Mutual Fund,Open Ended Schemes,Equity Scheme - Large Cap Fund,2019-06-24,37.2818,2026-06-23T05:29:58.847318+00:00,https://api.mfapi.in/mf/118632
118632,Nippon Large Cap,118632,Nippon India Large Cap Fund - Direct Plan Growth Plan - Growth Option,Nippon India Mutual Fund,Open Ended Schemes,Equity Scheme - Large Cap Fund,2019-06-21,37.2956,2026-06-23T05:29:58.847318+00:00,https://api.mfapi.in/mf/118632
118632,Nippon Large Cap,118632,Nippon India Large Cap Fund - Direct Plan Growth Plan - Growth Option,Nippon India Mutual Fund,Open Ended Schemes,Equity Scheme - Large Cap Fund,2019-06-20,37.5214,2026-06-23T05:29:58.847318+00:00,https://api.mfapi.in/mf/118632
118632,Nippon Large Cap,118632,Nippon India Large Cap Fund - Direct Plan Growth Plan - Growth Option,Nippon India Mutual Fund,Open Ended Schemes,Equity Scheme - Large Cap Fund,2019-06-19,36.9091,2026-06-23T05:29:58.847318+00:00,https://api.mfapi.in/mf/118632
118632,Nippon Large Cap,118632,Nippon India Large Cap Fund - Direct Plan Growth Plan - Growth Option,Nippon India Mutual Fund,Open Ended Schemes,Equity Scheme - Large Cap Fund,2019-06-18,37.0431,2026-06-23T05:29:58.847318+00:00,https://api.mfapi.in/mf/118632
118632,Nippon Large Cap,118632,Nippon India Large Cap Fund - Direct Plan Growth Plan - Growth Option,Nippon India Mutual Fund,Open Ended Schemes,Equity Scheme - Large Cap Fund,2019-06-17,36.9296,2026-06-23T05:29:58.847318+00:00,https://api.mfapi.in/mf/118632
118632,Nippon Large Cap,118632,Nippon India Large Cap Fund - Direct Plan Growth Plan - Growth Option,Nippon India Mutual Fund,Open Ended Schemes,Equity Scheme - Large Cap Fund,2019-06-14,37.518,2026-06-23T05:29:58.847318+00:00,https://api.mfapi.in/mf/118632
118632,Nippon Large Cap,118632,Nippon India Large Cap Fund - Direct Plan Growth Plan - Growth Option,Nippon India Mutual Fund,Open Ended Schemes,Equity Scheme - Large Cap Fund,2019-06-13,37.8104,2026-06-23T05:29:58.847318+00:00,https://api.mfapi.in/mf/118632
118632,Nippon Large Cap,118632,Nippon India Large Cap Fund - Direct Plan Growth Plan - Growth Option,Nippon India Mutual Fund,Open Ended Schemes,Equity Scheme - Large Cap Fund,2019-06-12,37.7824,2026-06-23T05:29:58.847318+00:00,https://api.mfapi.in/mf/118632
118632,Nippon Large Cap,118632,Nippon India Large Cap Fund - Direct Plan Growth Plan - Growth Option,Nippon India Mutual Fund,Open Ended Schemes,Equity Scheme - Large Cap Fund,2019-06-11,37.9905,2026-06-23T05:29:58.847318+00:00,https://api.mfapi.in/mf/118632
118632,Nippon Large Cap,118632,Nippon India Large Cap Fund - Direct Plan Growth Plan - Growth Option,Nippon India Mutual Fund,Open Ended Schemes,Equity Scheme - Large Cap Fund,2019-06-10,37.824,2026-06-23T05:29:58.847318+00:00,https://api.mfapi.in/mf/118632
118632,Nippon Large Cap,118632,Nippon India Large Cap Fund - Direct Plan Growth Plan - Growth Option,Nippon India Mutual Fund,Open Ended Schemes,Equity Scheme - Large Cap Fund,2019-06-07,37.7513,2026-06-23T05:29:58.847318+00:00,https://api.mfapi.in/mf/118632
118632,Nippon Large Cap,118632,Nippon India Large Cap Fund - Direct Plan Growth Plan - Growth Option,Nippon India Mutual Fund,Open Ended Schemes,Equity Scheme - Large Cap Fund,2019-06-06,37.7242,2026-06-23T05:29:58.847318+00:00,https://api.mfapi.in/mf/118632
118632,Nippon Large Cap,118632,Nippon India Large Cap Fund - Direct Plan Growth Plan - Growth Option,Nippon India Mutual Fund,Open Ended Schemes,Equity Scheme - Large Cap Fund,2019-06-04,38.5849,2026-06-23T05:29:58.847318+00:00,https://api.mfapi.in/mf/118632
118632,Nippon Large Cap,118632,Nippon India Large Cap Fund - Direct Plan Growth Plan - Growth Option,Nippon India Mutual Fund,Open Ended Schemes,Equity Scheme - Large Cap Fund,2019-06-03,38.7646,2026-06-23T05:29:58.847318+00:00,https://api.mfapi.in/mf/118632
118632,Nippon Large Cap,118632,Nippon India Large Cap Fund - Direct Plan Growth Plan - Growth Option,Nippon India Mutual Fund,Open Ended Schemes,Equity Scheme - Large Cap Fund,2019-05-31,38.5553,2026-06-23T05:29:58.847318+00:00,https://api.mfapi.in/mf/118632
118632,Nippon Large Cap,118632,Nippon India Large Cap Fund - Direct Plan Growth Plan - Growth Option,Nippon India Mutual Fund,Open Ended Schemes,Equity Scheme - Large Cap Fund,2019-05-30,38.6557,2026-06-23T05:29:58.847318+00:00,https://api.mfapi.in/mf/118632
118632,Nippon Large Cap,118632,Nippon India Large Cap Fund - Direct Plan Growth Plan - Growth Option,Nippon India Mutual Fund,Open Ended Schemes,Equity Scheme - Large Cap Fund,2019-05-29,38.4652,2026-06-23T05:29:58.847318+00:00,https://api.mfapi.in/mf/118632
118632,Nippon Large Cap,118632,Nippon India Large Cap Fund - Direct Plan Growth Plan - Growth Option,Nippon India Mutual Fund,Open Ended Schemes,Equity Scheme - Large Cap Fund,2019-05-28,38.9715,2026-06-23T05:29:58.847318+00:00,https://api.mfapi.in/mf/118632
118632,Nippon Large Cap,118632,Nippon India Large Cap Fund - Direct Plan Growth Plan - Growth Option,Nippon India Mutual Fund,Open Ended Schemes,Equity Scheme - Large Cap Fund,2019-05-27,39.0866,2026-06-23T05:29:58.847318+00:00,https://api.mfapi.in/mf/118632
118632,Nippon Large Cap,118632,Nippon India Large Cap Fund - Direct Plan Growth Plan - Growth Option,Nippon India Mutual Fund,Open Ended Schemes,Equity Scheme - Large Cap Fund,2019-05-24,38.4286,2026-06-23T05:29:58.847318+00:00,https://api.mfapi.in/mf/118632
118632,Nippon Large Cap,118632,Nippon India Large Cap Fund - Direct Plan Growth Plan - Growth Option,Nippon India Mutual Fund,Open Ended Schemes,Equity Scheme - Large Cap Fund,2019-05-23,37.3326,2026-06-23T05:29:58.847318+00:00,https://api.mfapi.in/mf/118632
118632,Nippon Large Cap,118632,Nippon India Large Cap Fund - Direct Plan Growth Plan - Growth Option,Nippon India Mutual Fund,Open Ended Schemes,Equity Scheme - Large Cap Fund,2019-05-22,37.4346,2026-06-23T05:29:58.847318+00:00,https://api.mfapi.in/mf/118632
118632,Nippon Large Cap,118632,Nippon India Large Cap Fund - Direct Plan Growth Plan - Growth Option,Nippon India Mutual Fund,Open Ended Schemes,Equity Scheme - Large Cap Fund,2019-05-21,37.3059,2026-06-23T05:29:58.847318+00:00,https://api.mfapi.in/mf/118632
118632,Nippon Large Cap,118632,Nippon India Large Cap Fund - Direct Plan Growth Plan - Growth Option,Nippon India Mutual Fund,Open Ended Schemes,Equity Scheme - Large Cap Fund,2019-05-20,37.8009,2026-06-23T05:29:58.847318+00:00,https://api.mfapi.in/mf/118632
118632,Nippon Large Cap,118632,Nippon India Large Cap Fund - Direct Plan Growth Plan - Growth Option,Nippon India Mutual Fund,Open Ended Schemes,Equity Scheme - Large Cap Fund,2019-05-17,36.1511,2026-06-23T05:29:58.847318+00:00,https://api.mfapi.in/mf/118632
118632,Nippon Large Cap,118632,Nippon India Large Cap Fund - Direct Plan Growth Plan - Growth Option,Nippon India Mutual Fund,Open Ended Schemes,Equity Scheme - Large Cap Fund,2019-05-16,35.8849,2026-06-23T05:29:58.847318+00:00,https://api.mfapi.in/mf/118632
118632,Nippon Large Cap,118632,Nippon India Large Cap Fund - Direct Plan Growth Plan - Growth Option,Nippon India Mutual Fund,Open Ended Schemes,Equity Scheme - Large Cap Fund,2019-05-15,35.5507,2026-06-23T05:29:58.847318+00:00,https://api.mfapi.in/mf/118632
118632,Nippon Large Cap,118632,Nippon India Large Cap Fund - Direct Plan Growth Plan - Growth Option,Nippon India Mutual Fund,Open Ended Schemes,Equity Scheme - Large Cap Fund,2019-05-14,35.8303,2026-06-23T05:29:58.847318+00:00,https://api.mfapi.in/mf/118632
118632,Nippon Large Cap,118632,Nippon India Large Cap Fund - Direct Plan Growth Plan - Growth Option,Nippon India Mutual Fund,Open Ended Schemes,Equity Scheme - Large Cap Fund,2019-05-13,35.3901,2026-06-23T05:29:58.847318+00:00,https://api.mfapi.in/mf/118632
118632,Nippon Large Cap,118632,Nippon India Large Cap Fund - Direct Plan Growth Plan - Growth Option,Nippon India Mutual Fund,Open Ended Schemes,Equity Scheme - Large Cap Fund,2019-05-10,36.1112,2026-06-23T05:29:58.847318+00:00,https://api.mfapi.in/mf/118632
118632,Nippon Large Cap,118632,Nippon India Large Cap Fund - Direct Plan Growth Plan - Growth Option,Nippon India Mutual Fund,Open Ended Schemes,Equity Scheme - Large Cap Fund,2019-05-09,36.1098,2026-06-23T05:29:58.847318+00:00,https://api.mfapi.in/mf/118632
118632,Nippon Large Cap,118632,Nippon India Large Cap Fund - Direct Plan Growth Plan - Growth Option,Nippon India Mutual Fund,Open Ended Schemes,Equity Scheme - Large Cap Fund,2019-05-08,36.2878,2026-06-23T05:29:58.847318+00:00,https://api.mfapi.in/mf/118632
118632,Nippon Large Cap,118632,Nippon India Large Cap Fund - Direct Plan Growth Plan - Growth Option,Nippon India Mutual Fund,Open Ended Schemes,Equity Scheme - Large Cap Fund,2019-05-07,36.7143,2026-06-23T05:29:58.847318+00:00,https://api.mfapi.in/mf/118632
118632,Nippon Large Cap,118632,Nippon India Large Cap Fund - Direct Plan Growth Plan - Growth Option,Nippon India Mutual Fund,Open Ended Schemes,Equity Scheme - Large Cap Fund,2019-05-06,37.1291,2026-06-23T05:29:58.847318+00:00,https://api.mfapi.in/mf/118632
118632,Nippon Large Cap,118632,Nippon India Large Cap Fund - Direct Plan Growth Plan - Growth Option,Nippon India Mutual Fund,Open Ended Schemes,Equity Scheme - Large Cap Fund,2019-05-03,37.396,2026-06-23T05:29:58.847318+00:00,https://api.mfapi.in/mf/118632
118632,Nippon Large Cap,118632,Nippon India Large Cap Fund - Direct Plan Growth Plan - Growth Option,Nippon India Mutual Fund,Open Ended Schemes,Equity Scheme - Large Cap Fund,2019-05-02,37.2702,2026-06-23T05:29:58.847318+00:00,https://api.mfapi.in/mf/118632
118632,Nippon Large Cap,118632,Nippon India Large Cap Fund - Direct Plan Growth Plan - Growth Option,Nippon India Mutual Fund,Open Ended Schemes,Equity Scheme - Large Cap Fund,2019-04-30,37.5606,2026-06-23T05:29:58.847318+00:00,https://api.mfapi.in/mf/118632
118632,Nippon Large Cap,118632,Nippon India Large Cap Fund - Direct Plan Growth Plan - Growth Option,Nippon India Mutual Fund,Open Ended Schemes,Equity Scheme - Large Cap Fund,2019-04-26,37.6251,2026-06-23T05:29:58.847318+00:00,https://api.mfapi.in/mf/118632
118632,Nippon Large Cap,118632,Nippon India Large Cap Fund - Direct Plan Growth Plan - Growth Option,Nippon India Mutual Fund,Open Ended Schemes,Equity Scheme - Large Cap Fund,2019-04-25,37.2307,2026-06-23T05:29:58.847318+00:00,https://api.mfapi.in/mf/118632
118632,Nippon Large Cap,118632,Nippon India Large Cap Fund - Direct Plan Growth Plan - Growth Option,Nippon India Mutual Fund,Open Ended Schemes,Equity Scheme - Large Cap Fund,2019-04-24,37.4677,2026-06-23T05:29:58.847318+00:00,https://api.mfapi.in/mf/118632
118632,Nippon Large Cap,118632,Nippon India Large Cap Fund - Direct Plan Growth Plan - Growth Option,Nippon India Mutual Fund,Open Ended Schemes,Equity Scheme - Large Cap Fund,2019-04-23,37.1199,2026-06-23T05:29:58.847318+00:00,https://api.mfapi.in/mf/118632
118632,Nippon Large Cap,118632,Nippon India Large Cap Fund - Direct Plan Growth Plan - Growth Option,Nippon India Mutual Fund,Open Ended Schemes,Equity Scheme - Large Cap Fund,2019-04-22,37.1965,2026-06-23T05:29:58.847318+00:00,https://api.mfapi.in/mf/118632
118632,Nippon Large Cap,118632,Nippon India Large Cap Fund - Direct Plan Growth Plan - Growth Option,Nippon India Mutual Fund,Open Ended Schemes,Equity Scheme - Large Cap Fund,2019-04-18,37.723,2026-06-23T05:29:58.847318+00:00,https://api.mfapi.in/mf/118632
118632,Nippon Large Cap,118632,Nippon India Large Cap Fund - Direct Plan Growth Plan - Growth Option,Nippon India Mutual Fund,Open Ended Schemes,Equity Scheme - Large Cap Fund,2019-04-16,37.9269,2026-06-23T05:29:58.847318+00:00,https://api.mfapi.in/mf/118632
118632,Nippon Large Cap,118632,Nippon India Large Cap Fund - Direct Plan Growth Plan - Growth Option,Nippon India Mutual Fund,Open Ended Schemes,Equity Scheme - Large Cap Fund,2019-04-15,37.7808,2026-06-23T05:29:58.847318+00:00,https://api.mfapi.in/mf/118632
118632,Nippon Large Cap,118632,Nippon India Large Cap Fund - Direct Plan Growth Plan - Growth Option,Nippon India Mutual Fund,Open Ended Schemes,Equity Scheme - Large Cap Fund,2019-04-12,37.6532,2026-06-23T05:29:58.847318+00:00,https://api.mfapi.in/mf/118632
118632,Nippon Large Cap,118632,Nippon India Large Cap Fund - Direct Plan Growth Plan - Growth Option,Nippon India Mutual Fund,Open Ended Schemes,Equity Scheme - Large Cap Fund,2019-04-11,37.4361,2026-06-23T05:29:58.847318+00:00,https://api.mfapi.in/mf/118632
118632,Nippon Large Cap,118632,Nippon India Large Cap Fund - Direct Plan Growth Plan - Growth Option,Nippon India Mutual Fund,Open Ended Schemes,Equity Scheme - Large Cap Fund,2019-04-10,37.378,2026-06-23T05:29:58.847318+00:00,https://api.mfapi.in/mf/118632
118632,Nippon Large Cap,118632,Nippon India Large Cap Fund - Direct Plan Growth Plan - Growth Option,Nippon India Mutual Fund,Open Ended Schemes,Equity Scheme - Large Cap Fund,2019-04-09,37.5077,2026-06-23T05:29:58.847318+00:00,https://api.mfapi.in/mf/118632
118632,Nippon Large Cap,118632,Nippon India Large Cap Fund - Direct Plan Growth Plan - Growth Option,Nippon India Mutual Fund,Open Ended Schemes,Equity Scheme - Large Cap Fund,2019-04-08,37.2241,2026-06-23T05:29:58.847318+00:00,https://api.mfapi.in/mf/118632
118632,Nippon Large Cap,118632,Nippon India Large Cap Fund - Direct Plan Growth Plan - Growth Option,Nippon India Mutual Fund,Open Ended Schemes,Equity Scheme - Large Cap Fund,2019-04-05,37.5191,2026-06-23T05:29:58.847318+00:00,https://api.mfapi.in/mf/118632
118632,Nippon Large Cap,118632,Nippon India Large Cap Fund - Direct Plan Growth Plan - Growth Option,Nippon India Mutual Fund,Open Ended Schemes,Equity Scheme - Large Cap Fund,2019-04-04,37.3202,2026-06-23T05:29:58.847318+00:00,https://api.mfapi.in/mf/118632
118632,Nippon Large Cap,118632,Nippon India Large Cap Fund - Direct Plan Growth Plan - Growth Option,Nippon India Mutual Fund,Open Ended Schemes,Equity Scheme - Large Cap Fund,2019-04-03,37.434,2026-06-23T05:29:58.847318+00:00,https://api.mfapi.in/mf/118632
118632,Nippon Large Cap,118632,Nippon India Large Cap Fund - Direct Plan Growth Plan - Growth Option,Nippon India Mutual Fund,Open Ended Schemes,Equity Scheme - Large Cap Fund,2019-04-02,37.8738,2026-06-23T05:29:58.847318+00:00,https://api.mfapi.in/mf/118632
118632,Nippon Large Cap,118632,Nippon India Large Cap Fund - Direct Plan Growth Plan - Growth Option,Nippon India Mutual Fund,Open Ended Schemes,Equity Scheme - Large Cap Fund,2019-04-01,37.7396,2026-06-23T05:29:58.847318+00:00,https://api.mfapi.in/mf/118632
118632,Nippon Large Cap,118632,Nippon India Large Cap Fund - Direct Plan Growth Plan - Growth Option,Nippon India Mutual Fund,Open Ended Schemes,Equity Scheme - Large Cap Fund,2019-03-29,37.4949,2026-06-23T05:29:58.847318+00:00,https://api.mfapi.in/mf/118632
118632,Nippon Large Cap,118632,Nippon India Large Cap Fund - Direct Plan Growth Plan - Growth Option,Nippon India Mutual Fund,Open Ended Schemes,Equity Scheme - Large Cap Fund,2019-03-28,37.2335,2026-06-23T05:29:58.847318+00:00,https://api.mfapi.in/mf/118632
118632,Nippon Large Cap,118632,Nippon India Large Cap Fund - Direct Plan Growth Plan - Growth Option,Nippon India Mutual Fund,Open Ended Schemes,Equity Scheme - Large Cap Fund,2019-03-27,36.7212,2026-06-23T05:29:58.847318+00:00,https://api.mfapi.in/mf/118632
118632,Nippon Large Cap,118632,Nippon India Large Cap Fund - Direct Plan Growth Plan - Growth Option,Nippon India Mutual Fund,Open Ended Schemes,Equity Scheme - Large Cap Fund,2019-03-26,36.7706,2026-06-23T05:29:58.847318+00:00,https://api.mfapi.in/mf/118632
118632,Nippon Large Cap,118632,Nippon India Large Cap Fund - Direct Plan Growth Plan - Growth Option,Nippon India Mutual Fund,Open Ended Schemes,Equity Scheme - Large Cap Fund,2019-03-25,36.3979,2026-06-23T05:29:58.847318+00:00,https://api.mfapi.in/mf/118632
118632,Nippon Large Cap,118632,Nippon India Large Cap Fund - Direct Plan Growth Plan - Growth Option,Nippon India Mutual Fund,Open Ended Schemes,Equity Scheme - Large Cap Fund,2019-03-22,36.6517,2026-06-23T05:29:58.847318+00:00,https://api.mfapi.in/mf/118632
118632,Nippon Large Cap,118632,Nippon India Large Cap Fund - Direct Plan Growth Plan - Growth Option,Nippon India Mutual Fund,Open Ended Schemes,Equity Scheme - Large Cap Fund,2019-03-20,36.8944,2026-06-23T05:29:58.847318+00:00,https://api.mfapi.in/mf/118632
118632,Nippon Large Cap,118632,Nippon India Large Cap Fund - Direct Plan Growth Plan - Growth Option,Nippon India Mutual Fund,Open Ended Schemes,Equity Scheme - Large Cap Fund,2019-03-19,37.0419,2026-06-23T05:29:58.847318+00:00,https://api.mfapi.in/mf/118632
118632,Nippon Large Cap,118632,Nippon India Large Cap Fund - Direct Plan Growth Plan - Growth Option,Nippon India Mutual Fund,Open Ended Schemes,Equity Scheme - Large Cap Fund,2019-03-18,36.842,2026-06-23T05:29:58.847318+00:00,https://api.mfapi.in/mf/118632
118632,Nippon Large Cap,118632,Nippon India Large Cap Fund - Direct Plan Growth Plan - Growth Option,Nippon India Mutual Fund,Open Ended Schemes,Equity Scheme - Large Cap Fund,2019-03-15,36.7007,2026-06-23T05:29:58.847318+00:00,https://api.mfapi.in/mf/118632
118632,Nippon Large Cap,118632,Nippon India Large Cap Fund - Direct Plan Growth Plan - Growth Option,Nippon India Mutual Fund,Open Ended Schemes,Equity Scheme - Large Cap Fund,2019-03-14,36.4598,2026-06-23T05:29:58.847318+00:00,https://api.mfapi.in/mf/118632
118632,Nippon Large Cap,118632,Nippon India Large Cap Fund - Direct Plan Growth Plan - Growth Option,Nippon India Mutual Fund,Open Ended Schemes,Equity Scheme - Large Cap Fund,2019-03-13,36.4739,2026-06-23T05:29:58.847318+00:00,https://api.mfapi.in/mf/118632
118632,Nippon Large Cap,118632,Nippon India Large Cap Fund - Direct Plan Growth Plan - Growth Option,Nippon India Mutual Fund,Open Ended Schemes,Equity Scheme - Large Cap Fund,2019-03-12,36.4004,2026-06-23T05:29:58.847318+00:00,https://api.mfapi.in/mf/118632
118632,Nippon Large Cap,118632,Nippon India Large Cap Fund - Direct Plan Growth Plan - Growth Option,Nippon India Mutual Fund,Open Ended Schemes,Equity Scheme - Large Cap Fund,2019-03-11,36.0421,2026-06-23T05:29:58.847318+00:00,https://api.mfapi.in/mf/118632
118632,Nippon Large Cap,118632,Nippon India Large Cap Fund - Direct Plan Growth Plan - Growth Option,Nippon India Mutual Fund,Open Ended Schemes,Equity Scheme - Large Cap Fund,2019-03-08,35.4924,2026-06-23T05:29:58.847318+00:00,https://api.mfapi.in/mf/118632
118632,Nippon Large Cap,118632,Nippon India Large Cap Fund - Direct Plan Growth Plan - Growth Option,Nippon India Mutual Fund,Open Ended Schemes,Equity Scheme - Large Cap Fund,2019-03-07,35.5907,2026-06-23T05:29:58.847318+00:00,https://api.mfapi.in/mf/118632
118632,Nippon Large Cap,118632,Nippon India Large Cap Fund - Direct Plan Growth Plan - Growth Option,Nippon India Mutual Fund,Open Ended Schemes,Equity Scheme - Large Cap Fund,2019-03-06,35.5201,2026-06-23T05:29:58.847318+00:00,https://api.mfapi.in/mf/118632
118632,Nippon Large Cap,118632,Nippon India Large Cap Fund - Direct Plan Growth Plan - Growth Option,Nippon India Mutual Fund,Open Ended Schemes,Equity Scheme - Large Cap Fund,2019-03-05,35.4016,2026-06-23T05:29:58.847318+00:00,https://api.mfapi.in/mf/118632
118632,Nippon Large Cap,118632,Nippon India Large Cap Fund - Direct Plan Growth Plan - Growth Option,Nippon India Mutual Fund,Open Ended Schemes,Equity Scheme - Large Cap Fund,2019-03-01,34.7149,2026-06-23T05:29:58.847318+00:00,https://api.mfapi.in/mf/118632
118632,Nippon Large Cap,118632,Nippon India Large Cap Fund - Direct Plan Growth Plan - Growth Option,Nippon India Mutual Fund,Open Ended Schemes,Equity Scheme - Large Cap Fund,2019-02-28,34.3414,2026-06-23T05:29:58.847318+00:00,https://api.mfapi.in/mf/118632
118632,Nippon Large Cap,118632,Nippon India Large Cap Fund - Direct Plan Growth Plan - Growth Option,Nippon India Mutual Fund,Open Ended Schemes,Equity Scheme - Large Cap Fund,2019-02-27,34.2767,2026-06-23T05:29:58.847318+00:00,https://api.mfapi.in/mf/118632
118632,Nippon Large Cap,118632,Nippon India Large Cap Fund - Direct Plan Growth Plan - Growth Option,Nippon India Mutual Fund,Open Ended Schemes,Equity Scheme - Large Cap Fund,2019-02-26,34.2692,2026-06-23T05:29:58.847318+00:00,https://api.mfapi.in/mf/118632
118632,Nippon Large Cap,118632,Nippon India Large Cap Fund - Direct Plan Growth Plan - Growth Option,Nippon India Mutual Fund,Open Ended Schemes,Equity Scheme - Large Cap Fund,2019-02-25,34.3686,2026-06-23T05:29:58.847318+00:00,https://api.mfapi.in/mf/118632
118632,Nippon Large Cap,118632,Nippon India Large Cap Fund - Direct Plan Growth Plan - Growth Option,Nippon India Mutual Fund,Open Ended Schemes,Equity Scheme - Large Cap Fund,2019-02-22,34.2343,2026-06-23T05:29:58.847318+00:00,https://api.mfapi.in/mf/118632
118632,Nippon Large Cap,118632,Nippon India Large Cap Fund - Direct Plan Growth Plan - Growth Option,Nippon India Mutual Fund,Open Ended Schemes,Equity Scheme - Large Cap Fund,2019-02-21,34.028,2026-06-23T05:29:58.847318+00:00,https://api.mfapi.in/mf/118632
118632,Nippon Large Cap,118632,Nippon India Large Cap Fund - Direct Plan Growth Plan - Growth Option,Nippon India Mutual Fund,Open Ended Schemes,Equity Scheme - Large Cap Fund,2019-02-20,33.7654,2026-06-23T05:29:58.847318+00:00,https://api.mfapi.in/mf/118632
118632,Nippon Large Cap,118632,Nippon India Large Cap Fund - Direct Plan Growth Plan - Growth Option,Nippon India Mutual Fund,Open Ended Schemes,Equity Scheme - Large Cap Fund,2019-02-19,33.3508,2026-06-23T05:29:58.847318+00:00,https://api.mfapi.in/mf/118632
118632,Nippon Large Cap,118632,Nippon India Large Cap Fund - Direct Plan Growth Plan - Growth Option,Nippon India Mutual Fund,Open Ended Schemes,Equity Scheme - Large Cap Fund,2019-02-18,33.22,2026-06-23T05:29:58.847318+00:00,https://api.mfapi.in/mf/118632
118632,Nippon Large Cap,118632,Nippon India Large Cap Fund - Direct Plan Growth Plan - Growth Option,Nippon India Mutual Fund,Open Ended Schemes,Equity Scheme - Large Cap Fund,2019-02-15,33.4974,2026-06-23T05:29:58.847318+00:00,https://api.mfapi.in/mf/118632
118632,Nippon Large Cap,118632,Nippon India Large Cap Fund - Direct Plan Growth Plan - Growth Option,Nippon India Mutual Fund,Open Ended Schemes,Equity Scheme - Large Cap Fund,2019-02-14,33.7264,2026-06-23T05:29:58.847318+00:00,https://api.mfapi.in/mf/118632
118632,Nippon Large Cap,118632,Nippon India Large Cap Fund - Direct Plan Growth Plan - Growth Option,Nippon India Mutual Fund,Open Ended Schemes,Equity Scheme - Large Cap Fund,2019-02-13,33.8343,2026-06-23T05:29:58.847318+00:00,https://api.mfapi.in/mf/118632
118632,Nippon Large Cap,118632,Nippon India Large Cap Fund - Direct Plan Growth Plan - Growth Option,Nippon India Mutual Fund,Open Ended Schemes,Equity Scheme - Large Cap Fund,2019-02-12,34.0735,2026-06-23T05:29:58.847318+00:00,https://api.mfapi.in/mf/118632
118632,Nippon Large Cap,118632,Nippon India Large Cap Fund - Direct Plan Growth Plan - Growth Option,Nippon India Mutual Fund,Open Ended Schemes,Equity Scheme - Large Cap Fund,2019-02-11,34.1241,2026-06-23T05:29:58.847318+00:00,https://api.mfapi.in/mf/118632
118632,Nippon Large Cap,118632,Nippon India Large Cap Fund - Direct Plan Growth Plan - Growth Option,Nippon India Mutual Fund,Open Ended Schemes,Equity Scheme - Large Cap Fund,2019-02-08,34.4331,2026-06-23T05:29:58.847318+00:00,https://api.mfapi.in/mf/118632
118632,Nippon Large Cap,118632,Nippon India Large Cap Fund - Direct Plan Growth Plan - Growth Option,Nippon India Mutual Fund,Open Ended Schemes,Equity Scheme - Large Cap Fund,2019-02-07,35.0078,2026-06-23T05:29:58.847318+00:00,https://api.mfapi.in/mf/118632
118632,Nippon Large Cap,118632,Nippon India Large Cap Fund - Direct Plan Growth Plan - Growth Option,Nippon India Mutual Fund,Open Ended Schemes,Equity Scheme - Large Cap Fund,2019-02-06,34.8702,2026-06-23T05:29:58.847318+00:00,https://api.mfapi.in/mf/118632
118632,Nippon Large Cap,118632,Nippon India Large Cap Fund - Direct Plan Growth Plan - Growth Option,Nippon India Mutual Fund,Open Ended Schemes,Equity Scheme - Large Cap Fund,2019-02-05,34.4663,2026-06-23T05:29:58.847318+00:00,https://api.mfapi.in/mf/118632
118632,Nippon Large Cap,118632,Nippon India Large Cap Fund - Direct Plan Growth Plan - Growth Option,Nippon India Mutual Fund,Open Ended Schemes,Equity Scheme - Large Cap Fund,2019-02-04,34.5859,2026-06-23T05:29:58.847318+00:00,https://api.mfapi.in/mf/118632
118632,Nippon Large Cap,118632,Nippon India Large Cap Fund - Direct Plan Growth Plan - Growth Option,Nippon India Mutual Fund,Open Ended Schemes,Equity Scheme - Large Cap Fund,2019-02-01,34.7678,2026-06-23T05:29:58.847318+00:00,https://api.mfapi.in/mf/118632
118632,Nippon Large Cap,118632,Nippon India Large Cap Fund - Direct Plan Growth Plan - Growth Option,Nippon India Mutual Fund,Open Ended Schemes,Equity Scheme - Large Cap Fund,2019-01-31,34.8539,2026-06-23T05:29:58.847318+00:00,https://api.mfapi.in/mf/118632
118632,Nippon Large Cap,118632,Nippon India Large Cap Fund - Direct Plan Growth Plan - Growth Option,Nippon India Mutual Fund,Open Ended Schemes,Equity Scheme - Large Cap Fund,2019-01-30,34.3406,2026-06-23T05:29:58.847318+00:00,https://api.mfapi.in/mf/118632
118632,Nippon Large Cap,118632,Nippon India Large Cap Fund - Direct Plan Growth Plan - Growth Option,Nippon India Mutual Fund,Open Ended Schemes,Equity Scheme - Large Cap Fund,2019-01-29,34.0023,2026-06-23T05:29:58.847318+00:00,https://api.mfapi.in/mf/118632
118632,Nippon Large Cap,118632,Nippon India Large Cap Fund - Direct Plan Growth Plan - Growth Option,Nippon India Mutual Fund,Open Ended Schemes,Equity Scheme - Large Cap Fund,2019-01-28,33.8254,2026-06-23T05:29:58.847318+00:00,https://api.mfapi.in/mf/118632
118632,Nippon Large Cap,118632,Nippon India Large Cap Fund - Direct Plan Growth Plan - Growth Option,Nippon India Mutual Fund,Open Ended Schemes,Equity Scheme - Large Cap Fund,2019-01-25,34.3971,2026-06-23T05:29:58.847318+00:00,https://api.mfapi.in/mf/118632
118632,Nippon Large Cap,118632,Nippon India Large Cap Fund - Direct Plan Growth Plan - Growth Option,Nippon India Mutual Fund,Open Ended Schemes,Equity Scheme - Large Cap Fund,2019-01-24,34.5476,2026-06-23T05:29:58.847318+00:00,https://api.mfapi.in/mf/118632
118632,Nippon Large Cap,118632,Nippon India Large Cap Fund - Direct Plan Growth Plan - Growth Option,Nippon India Mutual Fund,Open Ended Schemes,Equity Scheme - Large Cap Fund,2019-01-23,34.6741,2026-06-23T05:29:58.847318+00:00,https://api.mfapi.in/mf/118632
118632,Nippon Large Cap,118632,Nippon India Large Cap Fund - Direct Plan Growth Plan - Growth Option,Nippon India Mutual Fund,Open Ended Schemes,Equity Scheme - Large Cap Fund,2019-01-22,34.868,2026-06-23T05:29:58.847318+00:00,https://api.mfapi.in/mf/118632
118632,Nippon Large Cap,118632,Nippon India Large Cap Fund - Direct Plan Growth Plan - Growth Option,Nippon India Mutual Fund,Open Ended Schemes,Equity Scheme - Large Cap Fund,2019-01-21,34.8657,2026-06-23T05:29:58.847318+00:00,https://api.mfapi.in/mf/118632
118632,Nippon Large Cap,118632,Nippon India Large Cap Fund - Direct Plan Growth Plan - Growth Option,Nippon India Mutual Fund,Open Ended Schemes,Equity Scheme - Large Cap Fund,2019-01-18,34.9364,2026-06-23T05:29:58.847318+00:00,https://api.mfapi.in/mf/118632
118632,Nippon Large Cap,118632,Nippon India Large Cap Fund - Direct Plan Growth Plan - Growth Option,Nippon India Mutual Fund,Open Ended Schemes,Equity Scheme - Large Cap Fund,2019-01-17,35.3235,2026-06-23T05:29:58.847318+00:00,https://api.mfapi.in/mf/118632
118632,Nippon Large Cap,118632,Nippon India Large Cap Fund - Direct Plan Growth Plan - Growth Option,Nippon India Mutual Fund,Open Ended Schemes,Equity Scheme - Large Cap Fund,2019-01-16,35.374,2026-06-23T05:29:58.847318+00:00,https://api.mfapi.in/mf/118632
118632,Nippon Large Cap,118632,Nippon India Large Cap Fund - Direct Plan Growth Plan - Growth Option,Nippon India Mutual Fund,Open Ended Schemes,Equity Scheme - Large Cap Fund,2019-01-15,35.3664,2026-06-23T05:29:58.847318+00:00,https://api.mfapi.in/mf/118632
118632,Nippon Large Cap,118632,Nippon India Large Cap Fund - Direct Plan Growth Plan - Growth Option,Nippon India Mutual Fund,Open Ended Schemes,Equity Scheme - Large Cap Fund,2019-01-14,35.0726,2026-06-23T05:29:58.847318+00:00,https://api.mfapi.in/mf/118632
118632,Nippon Large Cap,118632,Nippon India Large Cap Fund - Direct Plan Growth Plan - Growth Option,Nippon India Mutual Fund,Open Ended Schemes,Equity Scheme - Large Cap Fund,2019-01-11,35.2316,2026-06-23T05:29:58.847318+00:00,https://api.mfapi.in/mf/118632
118632,Nippon Large Cap,118632,Nippon India Large Cap Fund - Direct Plan Growth Plan - Growth Option,Nippon India Mutual Fund,Open Ended Schemes,Equity Scheme - Large Cap Fund,2019-01-10,35.3285,2026-06-23T05:29:58.847318+00:00,https://api.mfapi.in/mf/118632
118632,Nippon Large Cap,118632,Nippon India Large Cap Fund - Direct Plan Growth Plan - Growth Option,Nippon India Mutual Fund,Open Ended Schemes,Equity Scheme - Large Cap Fund,2019-01-09,35.2384,2026-06-23T05:29:58.847318+00:00,https://api.mfapi.in/mf/118632
118632,Nippon Large Cap,118632,Nippon India Large Cap Fund - Direct Plan Growth Plan - Growth Option,Nippon India Mutual Fund,Open Ended Schemes,Equity Scheme - Large Cap Fund,2019-01-08,35.1267,2026-06-23T05:29:58.847318+00:00,https://api.mfapi.in/mf/118632
118632,Nippon Large Cap,118632,Nippon India Large Cap Fund - Direct Plan Growth Plan - Growth Option,Nippon India Mutual Fund,Open Ended Schemes,Equity Scheme - Large Cap Fund,2019-01-07,34.8727,2026-06-23T05:29:58.847318+00:00,https://api.mfapi.in/mf/118632
118632,Nippon Large Cap,118632,Nippon India Large Cap Fund - Direct Plan Growth Plan - Growth Option,Nippon India Mutual Fund,Open Ended Schemes,Equity Scheme - Large Cap Fund,2019-01-04,34.7714,2026-06-23T05:29:58.847318+00:00,https://api.mfapi.in/mf/118632
118632,Nippon Large Cap,118632,Nippon India Large Cap Fund - Direct Plan Growth Plan - Growth Option,Nippon India Mutual Fund,Open Ended Schemes,Equity Scheme - Large Cap Fund,2019-01-03,34.5153,2026-06-23T05:29:58.847318+00:00,https://api.mfapi.in/mf/118632
118632,Nippon Large Cap,118632,Nippon India Large Cap Fund - Direct Plan Growth Plan - Growth Option,Nippon India Mutual Fund,Open Ended Schemes,Equity Scheme - Large Cap Fund,2019-01-02,34.8637,2026-06-23T05:29:58.847318+00:00,https://api.mfapi.in/mf/118632
118632,Nippon Large Cap,118632,Nippon India Large Cap Fund - Direct Plan Growth Plan - Growth Option,Nippon India Mutual Fund,Open Ended Schemes,Equity Scheme - Large Cap Fund,2019-01-01,35.3061,2026-06-23T05:29:58.847318+00:00,https://api.mfapi.in/mf/118632
118632,Nippon Large Cap,118632,Nippon India Large Cap Fund - Direct Plan Growth Plan - Growth Option,Nippon India Mutual Fund,Open Ended Schemes,Equity Scheme - Large Cap Fund,2018-12-31,35.0999,2026-06-23T05:29:58.847318+00:00,https://api.mfapi.in/mf/118632
118632,Nippon Large Cap,118632,Nippon India Large Cap Fund - Direct Plan Growth Plan - Growth Option,Nippon India Mutual Fund,Open Ended Schemes,Equity Scheme - Large Cap Fund,2018-12-28,35.0331,2026-06-23T05:29:58.847318+00:00,https://api.mfapi.in/mf/118632
118632,Nippon Large Cap,118632,Nippon India Large Cap Fund - Direct Plan Growth Plan - Growth Option,Nippon India Mutual Fund,Open Ended Schemes,Equity Scheme - Large Cap Fund,2018-12-27,34.6762,2026-06-23T05:29:58.847318+00:00,https://api.mfapi.in/mf/118632
118632,Nippon Large Cap,118632,Nippon India Large Cap Fund - Direct Plan Growth Plan - Growth Option,Nippon India Mutual Fund,Open Ended Schemes,Equity Scheme - Large Cap Fund,2018-12-26,34.6407,2026-06-23T05:29:58.847318+00:00,https://api.mfapi.in/mf/118632
118632,Nippon Large Cap,118632,Nippon India Large Cap Fund - Direct Plan Growth Plan - Growth Option,Nippon India Mutual Fund,Open Ended Schemes,Equity Scheme - Large Cap Fund,2018-12-24,34.467,2026-06-23T05:29:58.847318+00:00,https://api.mfapi.in/mf/118632
118632,Nippon Large Cap,118632,Nippon India Large Cap Fund - Direct Plan Growth Plan - Growth Option,Nippon India Mutual Fund,Open Ended Schemes,Equity Scheme - Large Cap Fund,2018-12-21,34.7041,2026-06-23T05:29:58.847318+00:00,https://api.mfapi.in/mf/118632
118632,Nippon Large Cap,118632,Nippon India Large Cap Fund - Direct Plan Growth Plan - Growth Option,Nippon India Mutual Fund,Open Ended Schemes,Equity Scheme - Large Cap Fund,2018-12-20,35.1521,2026-06-23T05:29:58.847318+00:00,https://api.mfapi.in/mf/118632
118632,Nippon Large Cap,118632,Nippon India Large Cap Fund - Direct Plan Growth Plan - Growth Option,Nippon India Mutual Fund,Open Ended Schemes,Equity Scheme - Large Cap Fund,2018-12-19,35.2629,2026-06-23T05:29:58.847318+00:00,https://api.mfapi.in/mf/118632
118632,Nippon Large Cap,118632,Nippon India Large Cap Fund - Direct Plan Growth Plan - Growth Option,Nippon India Mutual Fund,Open Ended Schemes,Equity Scheme - Large Cap Fund,2018-12-18,34.9366,2026-06-23T05:29:58.847318+00:00,https://api.mfapi.in/mf/118632
118632,Nippon Large Cap,118632,Nippon India Large Cap Fund - Direct Plan Growth Plan - Growth Option,Nippon India Mutual Fund,Open Ended Schemes,Equity Scheme - Large Cap Fund,2018-12-17,34.8087,2026-06-23T05:29:58.847318+00:00,https://api.mfapi.in/mf/118632
118632,Nippon Large Cap,118632,Nippon India Large Cap Fund - Direct Plan Growth Plan - Growth Option,Nippon India Mutual Fund,Open Ended Schemes,Equity Scheme - Large Cap Fund,2018-12-14,34.6099,2026-06-23T05:29:58.847318+00:00,https://api.mfapi.in/mf/118632
118632,Nippon Large Cap,118632,Nippon India Large Cap Fund - Direct Plan Growth Plan - Growth Option,Nippon India Mutual Fund,Open Ended Schemes,Equity Scheme - Large Cap Fund,2018-12-13,34.5441,2026-06-23T05:29:58.847318+00:00,https://api.mfapi.in/mf/118632
118632,Nippon Large Cap,118632,Nippon India Large Cap Fund - Direct Plan Growth Plan - Growth Option,Nippon India Mutual Fund,Open Ended Schemes,Equity Scheme - Large Cap Fund,2018-12-12,34.4292,2026-06-23T05:29:58.847318+00:00,https://api.mfapi.in/mf/118632
118632,Nippon Large Cap,118632,Nippon India Large Cap Fund - Direct Plan Growth Plan - Growth Option,Nippon India Mutual Fund,Open Ended Schemes,Equity Scheme - Large Cap Fund,2018-12-11,33.7144,2026-06-23T05:29:58.847318+00:00,https://api.mfapi.in/mf/118632
118632,Nippon Large Cap,118632,Nippon India Large Cap Fund - Direct Plan Growth Plan - Growth Option,Nippon India Mutual Fund,Open Ended Schemes,Equity Scheme - Large Cap Fund,2018-12-10,33.3958,2026-06-23T05:29:58.847318+00:00,https://api.mfapi.in/mf/118632
118632,Nippon Large Cap,118632,Nippon India Large Cap Fund - Direct Plan Growth Plan - Growth Option,Nippon India Mutual Fund,Open Ended Schemes,Equity Scheme - Large Cap Fund,2018-12-07,33.8079,2026-06-23T05:29:58.847318+00:00,https://api.mfapi.in/mf/118632
118632,Nippon Large Cap,118632,Nippon India Large Cap Fund - Direct Plan Growth Plan - Growth Option,Nippon India Mutual Fund,Open Ended Schemes,Equity Scheme - Large Cap Fund,2018-12-06,33.7422,2026-06-23T05:29:58.847318+00:00,https://api.mfapi.in/mf/118632
118632,Nippon Large Cap,118632,Nippon India Large Cap Fund - Direct Plan Growth Plan - Growth Option,Nippon India Mutual Fund,Open Ended Schemes,Equity Scheme - Large Cap Fund,2018-12-05,34.1841,2026-06-23T05:29:58.847318+00:00,https://api.mfapi.in/mf/118632
118632,Nippon Large Cap,118632,Nippon India Large Cap Fund - Direct Plan Growth Plan - Growth Option,Nippon India Mutual Fund,Open Ended Schemes,Equity Scheme - Large Cap Fund,2018-12-04,34.7341,2026-06-23T05:29:58.847318+00:00,https://api.mfapi.in/mf/118632
118632,Nippon Large Cap,118632,Nippon India Large Cap Fund - Direct Plan Growth Plan - Growth Option,Nippon India Mutual Fund,Open Ended Schemes,Equity Scheme - Large Cap Fund,2018-12-03,34.6368,2026-06-23T05:29:58.847318+00:00,https://api.mfapi.in/mf/118632
118632,Nippon Large Cap,118632,Nippon India Large Cap Fund - Direct Plan Growth Plan - Growth Option,Nippon India Mutual Fund,Open Ended Schemes,Equity Scheme - Large Cap Fund,2018-11-30,34.6195,2026-06-23T05:29:58.847318+00:00,https://api.mfapi.in/mf/118632
118632,Nippon Large Cap,118632,Nippon India Large Cap Fund - Direct Plan Growth Plan - Growth Option,Nippon India Mutual Fund,Open Ended Schemes,Equity Scheme - Large Cap Fund,2018-11-29,34.5976,2026-06-23T05:29:58.847318+00:00,https://api.mfapi.in/mf/118632
118632,Nippon Large Cap,118632,Nippon India Large Cap Fund - Direct Plan Growth Plan - Growth Option,Nippon India Mutual Fund,Open Ended Schemes,Equity Scheme - Large Cap Fund,2018-11-28,34.2506,2026-06-23T05:29:58.847318+00:00,https://api.mfapi.in/mf/118632
118632,Nippon Large Cap,118632,Nippon India Large Cap Fund - Direct Plan Growth Plan - Growth Option,Nippon India Mutual Fund,Open Ended Schemes,Equity Scheme - Large Cap Fund,2018-11-27,34.4933,2026-06-23T05:29:58.847318+00:00,https://api.mfapi.in/mf/118632
118632,Nippon Large Cap,118632,Nippon India Large Cap Fund - Direct Plan Growth Plan - Growth Option,Nippon India Mutual Fund,Open Ended Schemes,Equity Scheme - Large Cap Fund,2018-11-26,34.3768,2026-06-23T05:29:58.847318+00:00,https://api.mfapi.in/mf/118632
118632,Nippon Large Cap,118632,Nippon India Large Cap Fund - Direct Plan Growth Plan - Growth Option,Nippon India Mutual Fund,Open Ended Schemes,Equity Scheme - Large Cap Fund,2018-11-22,34.1882,2026-06-23T05:29:58.847318+00:00,https://api.mfapi.in/mf/118632
118632,Nippon Large Cap,118632,Nippon India Large Cap Fund - Direct Plan Growth Plan - Growth Option,Nippon India Mutual Fund,Open Ended Schemes,Equity Scheme - Large Cap Fund,2018-11-21,34.4915,2026-06-23T05:29:58.847318+00:00,https://api.mfapi.in/mf/118632
118632,Nippon Large Cap,118632,Nippon India Large Cap Fund - Direct Plan Growth Plan - Growth Option,Nippon India Mutual Fund,Open Ended Schemes,Equity Scheme - Large Cap Fund,2018-11-20,34.3544,2026-06-23T05:29:58.847318+00:00,https://api.mfapi.in/mf/118632
118632,Nippon Large Cap,118632,Nippon India Large Cap Fund - Direct Plan Growth Plan - Growth Option,Nippon India Mutual Fund,Open Ended Schemes,Equity Scheme - Large Cap Fund,2018-11-19,34.7194,2026-06-23T05:29:58.847318+00:00,https://api.mfapi.in/mf/118632
118632,Nippon Large Cap,118632,Nippon India Large Cap Fund - Direct Plan Growth Plan - Growth Option,Nippon India Mutual Fund,Open Ended Schemes,Equity Scheme - Large Cap Fund,2018-11-16,34.6407,2026-06-23T05:29:58.847318+00:00,https://api.mfapi.in/mf/118632
118632,Nippon Large Cap,118632,Nippon India Large Cap Fund - Direct Plan Growth Plan - Growth Option,Nippon India Mutual Fund,Open Ended Schemes,Equity Scheme - Large Cap Fund,2018-11-15,34.4793,2026-06-23T05:29:58.847318+00:00,https://api.mfapi.in/mf/118632
118632,Nippon Large Cap,118632,Nippon India Large Cap Fund - Direct Plan Growth Plan - Growth Option,Nippon India Mutual Fund,Open Ended Schemes,Equity Scheme - Large Cap Fund,2018-11-14,34.1979,2026-06-23T05:29:58.847318+00:00,https://api.mfapi.in/mf/118632
118632,Nippon Large Cap,118632,Nippon India Large Cap Fund - Direct Plan Growth Plan - Growth Option,Nippon India Mutual Fund,Open Ended Schemes,Equity Scheme - Large Cap Fund,2018-11-13,34.1687,2026-06-23T05:29:58.847318+00:00,https://api.mfapi.in/mf/118632
118632,Nippon Large Cap,118632,Nippon India Large Cap Fund - Direct Plan Growth Plan - Growth Option,Nippon India Mutual Fund,Open Ended Schemes,Equity Scheme - Large Cap Fund,2018-11-12,33.9351,2026-06-23T05:29:58.847318+00:00,https://api.mfapi.in/mf/118632
118632,Nippon Large Cap,118632,Nippon India Large Cap Fund - Direct Plan Growth Plan - Growth Option,Nippon India Mutual Fund,Open Ended Schemes,Equity Scheme - Large Cap Fund,2018-11-09,34.3811,2026-06-23T05:29:58.847318+00:00,https://api.mfapi.in/mf/118632
118632,Nippon Large Cap,118632,Nippon India Large Cap Fund - Direct Plan Growth Plan - Growth Option,Nippon India Mutual Fund,Open Ended Schemes,Equity Scheme - Large Cap Fund,2018-11-06,34.1348,2026-06-23T05:29:58.847318+00:00,https://api.mfapi.in/mf/118632
118632,Nippon Large Cap,118632,Nippon India Large Cap Fund - Direct Plan Growth Plan - Growth Option,Nippon India Mutual Fund,Open Ended Schemes,Equity Scheme - Large Cap Fund,2018-11-05,34.3161,2026-06-23T05:29:58.847318+00:00,https://api.mfapi.in/mf/118632
118632,Nippon Large Cap,118632,Nippon India Large Cap Fund - Direct Plan Growth Plan - Growth Option,Nippon India Mutual Fund,Open Ended Schemes,Equity Scheme - Large Cap Fund,2018-11-02,34.3998,2026-06-23T05:29:58.847318+00:00,https://api.mfapi.in/mf/118632
118632,Nippon Large Cap,118632,Nippon India Large Cap Fund - Direct Plan Growth Plan - Growth Option,Nippon India Mutual Fund,Open Ended Schemes,Equity Scheme - Large Cap Fund,2018-11-01,33.9584,2026-06-23T05:29:58.847318+00:00,https://api.mfapi.in/mf/118632
118632,Nippon Large Cap,118632,Nippon India Large Cap Fund - Direct Plan Growth Plan - Growth Option,Nippon India Mutual Fund,Open Ended Schemes,Equity Scheme - Large Cap Fund,2018-10-31,33.7681,2026-06-23T05:29:58.847318+00:00,https://api.mfapi.in/mf/118632
118632,Nippon Large Cap,118632,Nippon India Large Cap Fund - Direct Plan Growth Plan - Growth Option,Nippon India Mutual Fund,Open Ended Schemes,Equity Scheme - Large Cap Fund,2018-10-30,33.1305,2026-06-23T05:29:58.847318+00:00,https://api.mfapi.in/mf/118632
118632,Nippon Large Cap,118632,Nippon India Large Cap Fund - Direct Plan Growth Plan - Growth Option,Nippon India Mutual Fund,Open Ended Schemes,Equity Scheme - Large Cap Fund,2018-10-29,33.0937,2026-06-23T05:29:58.847318+00:00,https://api.mfapi.in/mf/118632
118632,Nippon Large Cap,118632,Nippon India Large Cap Fund - Direct Plan Growth Plan - Growth Option,Nippon India Mutual Fund,Open Ended Schemes,Equity Scheme - Large Cap Fund,2018-10-26,31.9937,2026-06-23T05:29:58.847318+00:00,https://api.mfapi.in/mf/118632
118632,Nippon Large Cap,118632,Nippon India Large Cap Fund - Direct Plan Growth Plan - Growth Option,Nippon India Mutual Fund,Open Ended Schemes,Equity Scheme - Large Cap Fund,2018-10-25,32.141,2026-06-23T05:29:58.847318+00:00,https://api.mfapi.in/mf/118632
118632,Nippon Large Cap,118632,Nippon India Large Cap Fund - Direct Plan Growth Plan - Growth Option,Nippon India Mutual Fund,Open Ended Schemes,Equity Scheme - Large Cap Fund,2018-10-24,32.3693,2026-06-23T05:29:58.847318+00:00,https://api.mfapi.in/mf/118632
118632,Nippon Large Cap,118632,Nippon India Large Cap Fund - Direct Plan Growth Plan - Growth Option,Nippon India Mutual Fund,Open Ended Schemes,Equity Scheme - Large Cap Fund,2018-10-23,32.0403,2026-06-23T05:29:58.847318+00:00,https://api.mfapi.in/mf/118632
118632,Nippon Large Cap,118632,Nippon India Large Cap Fund - Direct Plan Growth Plan - Growth Option,Nippon India Mutual Fund,Open Ended Schemes,Equity Scheme - Large Cap Fund,2018-10-22,32.3955,2026-06-23T05:29:58.847318+00:00,https://api.mfapi.in/mf/118632
118632,Nippon Large Cap,118632,Nippon India Large Cap Fund - Direct Plan Growth Plan - Growth Option,Nippon India Mutual Fund,Open Ended Schemes,Equity Scheme - Large Cap Fund,2018-10-19,32.5449,2026-06-23T05:29:58.847318+00:00,https://api.mfapi.in/mf/118632
118632,Nippon Large Cap,118632,Nippon India Large Cap Fund - Direct Plan Growth Plan - Growth Option,Nippon India Mutual Fund,Open Ended Schemes,Equity Scheme - Large Cap Fund,2018-10-17,32.7194,2026-06-23T05:29:58.847318+00:00,https://api.mfapi.in/mf/118632
118632,Nippon Large Cap,118632,Nippon India Large Cap Fund - Direct Plan Growth Plan - Growth Option,Nippon India Mutual Fund,Open Ended Schemes,Equity Scheme - Large Cap Fund,2018-10-16,33.2969,2026-06-23T05:29:58.847318+00:00,https://api.mfapi.in/mf/118632
118632,Nippon Large Cap,118632,Nippon India Large Cap Fund - Direct Plan Growth Plan - Growth Option,Nippon India Mutual Fund,Open Ended Schemes,Equity Scheme - Large Cap Fund,2018-10-15,32.9868,2026-06-23T05:29:58.847318+00:00,https://api.mfapi.in/mf/118632
118632,Nippon Large Cap,118632,Nippon India Large Cap Fund - Direct Plan Growth Plan - Growth Option,Nippon India Mutual Fund,Open Ended Schemes,Equity Scheme - Large Cap Fund,2018-10-12,32.8517,2026-06-23T05:29:58.847318+00:00,https://api.mfapi.in/mf/118632
118632,Nippon Large Cap,118632,Nippon India Large Cap Fund - Direct Plan Growth Plan - Growth Option,Nippon India Mutual Fund,Open Ended Schemes,Equity Scheme - Large Cap Fund,2018-10-11,32.2514,2026-06-23T05:29:58.847318+00:00,https://api.mfapi.in/mf/118632
118632,Nippon Large Cap,118632,Nippon India Large Cap Fund - Direct Plan Growth Plan - Growth Option,Nippon India Mutual Fund,Open Ended Schemes,Equity Scheme - Large Cap Fund,2018-10-10,33.0232,2026-06-23T05:29:58.847318+00:00,https://api.mfapi.in/mf/118632
118632,Nippon Large Cap,118632,Nippon India Large Cap Fund - Direct Plan Growth Plan - Growth Option,Nippon India Mutual Fund,Open Ended Schemes,Equity Scheme - Large Cap Fund,2018-10-09,32.2168,2026-06-23T05:29:58.847318+00:00,https://api.mfapi.in/mf/118632
118632,Nippon Large Cap,118632,Nippon India Large Cap Fund - Direct Plan Growth Plan - Growth Option,Nippon India Mutual Fund,Open Ended Schemes,Equity Scheme - Large Cap Fund,2018-10-08,32.371,2026-06-23T05:29:58.847318+00:00,https://api.mfapi.in/mf/118632
118632,Nippon Large Cap,118632,Nippon India Large Cap Fund - Direct Plan Growth Plan - Growth Option,Nippon India Mutual Fund,Open Ended Schemes,Equity Scheme - Large Cap Fund,2018-10-05,32.5654,2026-06-23T05:29:58.847318+00:00,https://api.mfapi.in/mf/118632
118632,Nippon Large Cap,118632,Nippon India Large Cap Fund - Direct Plan Growth Plan - Growth Option,Nippon India Mutual Fund,Open Ended Schemes,Equity Scheme - Large Cap Fund,2018-10-04,33.5729,2026-06-23T05:29:58.847318+00:00,https://api.mfapi.in/mf/118632
118632,Nippon Large Cap,118632,Nippon India Large Cap Fund - Direct Plan Growth Plan - Growth Option,Nippon India Mutual Fund,Open Ended Schemes,Equity Scheme - Large Cap Fund,2018-10-03,34.1188,2026-06-23T05:29:58.847318+00:00,https://api.mfapi.in/mf/118632
118632,Nippon Large Cap,118632,Nippon India Large Cap Fund - Direct Plan Growth Plan - Growth Option,Nippon India Mutual Fund,Open Ended Schemes,Equity Scheme - Large Cap Fund,2018-10-01,34.388,2026-06-23T05:29:58.847318+00:00,https://api.mfapi.in/mf/118632
118632,Nippon Large Cap,118632,Nippon India Large Cap Fund - Direct Plan Growth Plan - Growth Option,Nippon India Mutual Fund,Open Ended Schemes,Equity Scheme - Large Cap Fund,2018-09-28,34.2138,2026-06-23T05:29:58.847318+00:00,https://api.mfapi.in/mf/118632
118632,Nippon Large Cap,118632,Nippon India Large Cap Fund - Direct Plan Growth Plan - Growth Option,Nippon India Mutual Fund,Open Ended Schemes,Equity Scheme - Large Cap Fund,2018-09-27,34.5134,2026-06-23T05:29:58.847318+00:00,https://api.mfapi.in/mf/118632
118632,Nippon Large Cap,118632,Nippon India Large Cap Fund - Direct Plan Growth Plan - Growth Option,Nippon India Mutual Fund,Open Ended Schemes,Equity Scheme - Large Cap Fund,2018-09-26,34.9064,2026-06-23T05:29:58.847318+00:00,https://api.mfapi.in/mf/118632
118632,Nippon Large Cap,118632,Nippon India Large Cap Fund - Direct Plan Growth Plan - Growth Option,Nippon India Mutual Fund,Open Ended Schemes,Equity Scheme - Large Cap Fund,2018-09-25,34.9495,2026-06-23T05:29:58.847318+00:00,https://api.mfapi.in/mf/118632
118632,Nippon Large Cap,118632,Nippon India Large Cap Fund - Direct Plan Growth Plan - Growth Option,Nippon India Mutual Fund,Open Ended Schemes,Equity Scheme - Large Cap Fund,2018-09-24,34.6484,2026-06-23T05:29:58.847318+00:00,https://api.mfapi.in/mf/118632
118632,Nippon Large Cap,118632,Nippon India Large Cap Fund - Direct Plan Growth Plan - Growth Option,Nippon India Mutual Fund,Open Ended Schemes,Equity Scheme - Large Cap Fund,2018-09-21,35.3925,2026-06-23T05:29:58.847318+00:00,https://api.mfapi.in/mf/118632
118632,Nippon Large Cap,118632,Nippon India Large Cap Fund - Direct Plan Growth Plan - Growth Option,Nippon India Mutual Fund,Open Ended Schemes,Equity Scheme - Large Cap Fund,2018-09-19,35.6203,2026-06-23T05:29:58.847318+00:00,https://api.mfapi.in/mf/118632
118632,Nippon Large Cap,118632,Nippon India Large Cap Fund - Direct Plan Growth Plan - Growth Option,Nippon India Mutual Fund,Open Ended Schemes,Equity Scheme - Large Cap Fund,2018-09-18,35.6478,2026-06-23T05:29:58.847318+00:00,https://api.mfapi.in/mf/118632
118632,Nippon Large Cap,118632,Nippon India Large Cap Fund - Direct Plan Growth Plan - Growth Option,Nippon India Mutual Fund,Open Ended Schemes,Equity Scheme - Large Cap Fund,2018-09-17,36.2336,2026-06-23T05:29:58.847318+00:00,https://api.mfapi.in/mf/118632
118632,Nippon Large Cap,118632,Nippon India Large Cap Fund - Direct Plan Growth Plan - Growth Option,Nippon India Mutual Fund,Open Ended Schemes,Equity Scheme - Large Cap Fund,2018-09-14,36.6182,2026-06-23T05:29:58.847318+00:00,https://api.mfapi.in/mf/118632
118632,Nippon Large Cap,118632,Nippon India Large Cap Fund - Direct Plan Growth Plan - Growth Option,Nippon India Mutual Fund,Open Ended Schemes,Equity Scheme - Large Cap Fund,2018-09-12,36.1758,2026-06-23T05:29:58.847318+00:00,https://api.mfapi.in/mf/118632
118632,Nippon Large Cap,118632,Nippon India Large Cap Fund - Direct Plan Growth Plan - Growth Option,Nippon India Mutual Fund,Open Ended Schemes,Equity Scheme - Large Cap Fund,2018-09-11,35.9588,2026-06-23T05:29:58.847318+00:00,https://api.mfapi.in/mf/118632
118632,Nippon Large Cap,118632,Nippon India Large Cap Fund - Direct Plan Growth Plan - Growth Option,Nippon India Mutual Fund,Open Ended Schemes,Equity Scheme - Large Cap Fund,2018-09-10,36.4594,2026-06-23T05:29:58.847318+00:00,https://api.mfapi.in/mf/118632
118632,Nippon Large Cap,118632,Nippon India Large Cap Fund - Direct Plan Growth Plan - Growth Option,Nippon India Mutual Fund,Open Ended Schemes,Equity Scheme - Large Cap Fund,2018-09-07,36.8595,2026-06-23T05:29:58.847318+00:00,https://api.mfapi.in/mf/118632
118632,Nippon Large Cap,118632,Nippon India Large Cap Fund - Direct Plan Growth Plan - Growth Option,Nippon India Mutual Fund,Open Ended Schemes,Equity Scheme - Large Cap Fund,2018-09-06,36.5036,2026-06-23T05:29:58.847318+00:00,https://api.mfapi.in/mf/118632
118632,Nippon Large Cap,118632,Nippon India Large Cap Fund - Direct Plan Growth Plan - Growth Option,Nippon India Mutual Fund,Open Ended Schemes,Equity Scheme - Large Cap Fund,2018-09-05,36.2032,2026-06-23T05:29:58.847318+00:00,https://api.mfapi.in/mf/118632
118632,Nippon Large Cap,118632,Nippon India Large Cap Fund - Direct Plan Growth Plan - Growth Option,Nippon India Mutual Fund,Open Ended Schemes,Equity Scheme - Large Cap Fund,2018-09-04,36.2352,2026-06-23T05:29:58.847318+00:00,https://api.mfapi.in/mf/118632
118632,Nippon Large Cap,118632,Nippon India Large Cap Fund - Direct Plan Growth Plan - Growth Option,Nippon India Mutual Fund,Open Ended Schemes,Equity Scheme - Large Cap Fund,2018-09-03,36.7355,2026-06-23T05:29:58.847318+00:00,https://api.mfapi.in/mf/118632
118632,Nippon Large Cap,118632,Nippon India Large Cap Fund - Direct Plan Growth Plan - Growth Option,Nippon India Mutual Fund,Open Ended Schemes,Equity Scheme - Large Cap Fund,2018-08-31,37.0172,2026-06-23T05:29:58.847318+00:00,https://api.mfapi.in/mf/118632
118632,Nippon Large Cap,118632,Nippon India Large Cap Fund - Direct Plan Growth Plan - Growth Option,Nippon India Mutual Fund,Open Ended Schemes,Equity Scheme - Large Cap Fund,2018-08-30,36.845,2026-06-23T05:29:58.847318+00:00,https://api.mfapi.in/mf/118632
118632,Nippon Large Cap,118632,Nippon India Large Cap Fund - Direct Plan Growth Plan - Growth Option,Nippon India Mutual Fund,Open Ended Schemes,Equity Scheme - Large Cap Fund,2018-08-29,36.6525,2026-06-23T05:29:58.847318+00:00,https://api.mfapi.in/mf/118632
118632,Nippon Large Cap,118632,Nippon India Large Cap Fund - Direct Plan Growth Plan - Growth Option,Nippon India Mutual Fund,Open Ended Schemes,Equity Scheme - Large Cap Fund,2018-08-28,36.5015,2026-06-23T05:29:58.847318+00:00,https://api.mfapi.in/mf/118632
118632,Nippon Large Cap,118632,Nippon India Large Cap Fund - Direct Plan Growth Plan - Growth Option,Nippon India Mutual Fund,Open Ended Schemes,Equity Scheme - Large Cap Fund,2018-08-27,36.5961,2026-06-23T05:29:58.847318+00:00,https://api.mfapi.in/mf/118632
118632,Nippon Large Cap,118632,Nippon India Large Cap Fund - Direct Plan Growth Plan - Growth Option,Nippon India Mutual Fund,Open Ended Schemes,Equity Scheme - Large Cap Fund,2018-08-24,36.1827,2026-06-23T05:29:58.847318+00:00,https://api.mfapi.in/mf/118632
118632,Nippon Large Cap,118632,Nippon India Large Cap Fund - Direct Plan Growth Plan - Growth Option,Nippon India Mutual Fund,Open Ended Schemes,Equity Scheme - Large Cap Fund,2018-08-23,36.3233,2026-06-23T05:29:58.847318+00:00,https://api.mfapi.in/mf/118632
118632,Nippon Large Cap,118632,Nippon India Large Cap Fund - Direct Plan Growth Plan - Growth Option,Nippon India Mutual Fund,Open Ended Schemes,Equity Scheme - Large Cap Fund,2018-08-21,36.2978,2026-06-23T05:29:58.847318+00:00,https://api.mfapi.in/mf/118632
118632,Nippon Large Cap,118632,Nippon India Large Cap Fund - Direct Plan Growth Plan - Growth Option,Nippon India Mutual Fund,Open Ended Schemes,Equity Scheme - Large Cap Fund,2018-08-20,36.178,2026-06-23T05:29:58.847318+00:00,https://api.mfapi.in/mf/118632
118632,Nippon Large Cap,118632,Nippon India Large Cap Fund - Direct Plan Growth Plan - Growth Option,Nippon India Mutual Fund,Open Ended Schemes,Equity Scheme - Large Cap Fund,2018-08-17,35.724,2026-06-23T05:29:58.847318+00:00,https://api.mfapi.in/mf/118632
118632,Nippon Large Cap,118632,Nippon India Large Cap Fund - Direct Plan Growth Plan - Growth Option,Nippon India Mutual Fund,Open Ended Schemes,Equity Scheme - Large Cap Fund,2018-08-16,35.3442,2026-06-23T05:29:58.847318+00:00,https://api.mfapi.in/mf/118632
118632,Nippon Large Cap,118632,Nippon India Large Cap Fund - Direct Plan Growth Plan - Growth Option,Nippon India Mutual Fund,Open Ended Schemes,Equity Scheme - Large Cap Fund,2018-08-14,35.3932,2026-06-23T05:29:58.847318+00:00,https://api.mfapi.in/mf/118632
118632,Nippon Large Cap,118632,Nippon India Large Cap Fund - Direct Plan Growth Plan - Growth Option,Nippon India Mutual Fund,Open Ended Schemes,Equity Scheme - Large Cap Fund,2018-08-13,35.0787,2026-06-23T05:29:58.847318+00:00,https://api.mfapi.in/mf/118632
118632,Nippon Large Cap,118632,Nippon India Large Cap Fund - Direct Plan Growth Plan - Growth Option,Nippon India Mutual Fund,Open Ended Schemes,Equity Scheme - Large Cap Fund,2018-08-10,35.3667,2026-06-23T05:29:58.847318+00:00,https://api.mfapi.in/mf/118632
118632,Nippon Large Cap,118632,Nippon India Large Cap Fund - Direct Plan Growth Plan - Growth Option,Nippon India Mutual Fund,Open Ended Schemes,Equity Scheme - Large Cap Fund,2018-08-09,35.6865,2026-06-23T05:29:58.847318+00:00,https://api.mfapi.in/mf/118632
118632,Nippon Large Cap,118632,Nippon India Large Cap Fund - Direct Plan Growth Plan - Growth Option,Nippon India Mutual Fund,Open Ended Schemes,Equity Scheme - Large Cap Fund,2018-08-08,35.4928,2026-06-23T05:29:58.847318+00:00,https://api.mfapi.in/mf/118632
118632,Nippon Large Cap,118632,Nippon India Large Cap Fund - Direct Plan Growth Plan - Growth Option,Nippon India Mutual Fund,Open Ended Schemes,Equity Scheme - Large Cap Fund,2018-08-07,35.3674,2026-06-23T05:29:58.847318+00:00,https://api.mfapi.in/mf/118632
118632,Nippon Large Cap,118632,Nippon India Large Cap Fund - Direct Plan Growth Plan - Growth Option,Nippon India Mutual Fund,Open Ended Schemes,Equity Scheme - Large Cap Fund,2018-08-06,35.4678,2026-06-23T05:29:58.847318+00:00,https://api.mfapi.in/mf/118632
118632,Nippon Large Cap,118632,Nippon India Large Cap Fund - Direct Plan Growth Plan - Growth Option,Nippon India Mutual Fund,Open Ended Schemes,Equity Scheme - Large Cap Fund,2018-08-03,35.3753,2026-06-23T05:29:58.847318+00:00,https://api.mfapi.in/mf/118632
118632,Nippon Large Cap,118632,Nippon India Large Cap Fund - Direct Plan Growth Plan - Growth Option,Nippon India Mutual Fund,Open Ended Schemes,Equity Scheme - Large Cap Fund,2018-08-02,34.989,2026-06-23T05:29:58.847318+00:00,https://api.mfapi.in/mf/118632
118632,Nippon Large Cap,118632,Nippon India Large Cap Fund - Direct Plan Growth Plan - Growth Option,Nippon India Mutual Fund,Open Ended Schemes,Equity Scheme - Large Cap Fund,2018-08-01,35.1089,2026-06-23T05:29:58.847318+00:00,https://api.mfapi.in/mf/118632
118632,Nippon Large Cap,118632,Nippon India Large Cap Fund - Direct Plan Growth Plan - Growth Option,Nippon India Mutual Fund,Open Ended Schemes,Equity Scheme - Large Cap Fund,2018-07-31,35.068,2026-06-23T05:29:58.847318+00:00,https://api.mfapi.in/mf/118632
118632,Nippon Large Cap,118632,Nippon India Large Cap Fund - Direct Plan Growth Plan - Growth Option,Nippon India Mutual Fund,Open Ended Schemes,Equity Scheme - Large Cap Fund,2018-07-30,35.0847,2026-06-23T05:29:58.847318+00:00,https://api.mfapi.in/mf/118632
118632,Nippon Large Cap,118632,Nippon India Large Cap Fund - Direct Plan Growth Plan - Growth Option,Nippon India Mutual Fund,Open Ended Schemes,Equity Scheme - Large Cap Fund,2018-07-27,34.8745,2026-06-23T05:29:58.847318+00:00,https://api.mfapi.in/mf/118632
118632,Nippon Large Cap,118632,Nippon India Large Cap Fund - Direct Plan Growth Plan - Growth Option,Nippon India Mutual Fund,Open Ended Schemes,Equity Scheme - Large Cap Fund,2018-07-26,34.4358,2026-06-23T05:29:58.847318+00:00,https://api.mfapi.in/mf/118632
118632,Nippon Large Cap,118632,Nippon India Large Cap Fund - Direct Plan Growth Plan - Growth Option,Nippon India Mutual Fund,Open Ended Schemes,Equity Scheme - Large Cap Fund,2018-07-25,34.1491,2026-06-23T05:29:58.847318+00:00,https://api.mfapi.in/mf/118632
118632,Nippon Large Cap,118632,Nippon India Large Cap Fund - Direct Plan Growth Plan - Growth Option,Nippon India Mutual Fund,Open Ended Schemes,Equity Scheme - Large Cap Fund,2018-07-24,34.0694,2026-06-23T05:29:58.847318+00:00,https://api.mfapi.in/mf/118632
118632,Nippon Large Cap,118632,Nippon India Large Cap Fund - Direct Plan Growth Plan - Growth Option,Nippon India Mutual Fund,Open Ended Schemes,Equity Scheme - Large Cap Fund,2018-07-23,33.6369,2026-06-23T05:29:58.847318+00:00,https://api.mfapi.in/mf/118632
118632,Nippon Large Cap,118632,Nippon India Large Cap Fund - Direct Plan Growth Plan - Growth Option,Nippon India Mutual Fund,Open Ended Schemes,Equity Scheme - Large Cap Fund,2018-07-20,33.2484,2026-06-23T05:29:58.847318+00:00,https://api.mfapi.in/mf/118632
118632,Nippon Large Cap,118632,Nippon India Large Cap Fund - Direct Plan Growth Plan - Growth Option,Nippon India Mutual Fund,Open Ended Schemes,Equity Scheme - Large Cap Fund,2018-07-19,33.0304,2026-06-23T05:29:58.847318+00:00,https://api.mfapi.in/mf/118632
118632,Nippon Large Cap,118632,Nippon India Large Cap Fund - Direct Plan Growth Plan - Growth Option,Nippon India Mutual Fund,Open Ended Schemes,Equity Scheme - Large Cap Fund,2018-07-18,33.1707,2026-06-23T05:29:58.847318+00:00,https://api.mfapi.in/mf/118632
118632,Nippon Large Cap,118632,Nippon India Large Cap Fund - Direct Plan Growth Plan - Growth Option,Nippon India Mutual Fund,Open Ended Schemes,Equity Scheme - Large Cap Fund,2018-07-17,33.292,2026-06-23T05:29:58.847318+00:00,https://api.mfapi.in/mf/118632
118632,Nippon Large Cap,118632,Nippon India Large Cap Fund - Direct Plan Growth Plan - Growth Option,Nippon India Mutual Fund,Open Ended Schemes,Equity Scheme - Large Cap Fund,2018-07-16,32.8552,2026-06-23T05:29:58.847318+00:00,https://api.mfapi.in/mf/118632
118632,Nippon Large Cap,118632,Nippon India Large Cap Fund - Direct Plan Growth Plan - Growth Option,Nippon India Mutual Fund,Open Ended Schemes,Equity Scheme - Large Cap Fund,2018-07-13,33.5276,2026-06-23T05:29:58.847318+00:00,https://api.mfapi.in/mf/118632
118632,Nippon Large Cap,118632,Nippon India Large Cap Fund - Direct Plan Growth Plan - Growth Option,Nippon India Mutual Fund,Open Ended Schemes,Equity Scheme - Large Cap Fund,2018-07-12,33.7237,2026-06-23T05:29:58.847318+00:00,https://api.mfapi.in/mf/118632
118632,Nippon Large Cap,118632,Nippon India Large Cap Fund - Direct Plan Growth Plan - Growth Option,Nippon India Mutual Fund,Open Ended Schemes,Equity Scheme - Large Cap Fund,2018-07-11,33.6146,2026-06-23T05:29:58.847318+00:00,https://api.mfapi.in/mf/118632
118632,Nippon Large Cap,118632,Nippon India Large Cap Fund - Direct Plan Growth Plan - Growth Option,Nippon India Mutual Fund,Open Ended Schemes,Equity Scheme - Large Cap Fund,2018-07-10,33.7515,2026-06-23T05:29:58.847318+00:00,https://api.mfapi.in/mf/118632
118632,Nippon Large Cap,118632,Nippon India Large Cap Fund - Direct Plan Growth Plan - Growth Option,Nippon India Mutual Fund,Open Ended Schemes,Equity Scheme - Large Cap Fund,2018-07-09,33.4895,2026-06-23T05:29:58.847318+00:00,https://api.mfapi.in/mf/118632
118632,Nippon Large Cap,118632,Nippon India Large Cap Fund - Direct Plan Growth Plan - Growth Option,Nippon India Mutual Fund,Open Ended Schemes,Equity Scheme - Large Cap Fund,2018-07-06,33.1586,2026-06-23T05:29:58.847318+00:00,https://api.mfapi.in/mf/118632
118632,Nippon Large Cap,118632,Nippon India Large Cap Fund - Direct Plan Growth Plan - Growth Option,Nippon India Mutual Fund,Open Ended Schemes,Equity Scheme - Large Cap Fund,2018-07-05,33.1059,2026-06-23T05:29:58.847318+00:00,https://api.mfapi.in/mf/118632
118632,Nippon Large Cap,118632,Nippon India Large Cap Fund - Direct Plan Growth Plan - Growth Option,Nippon India Mutual Fund,Open Ended Schemes,Equity Scheme - Large Cap Fund,2018-07-04,33.2067,2026-06-23T05:29:58.847318+00:00,https://api.mfapi.in/mf/118632
118632,Nippon Large Cap,118632,Nippon India Large Cap Fund - Direct Plan Growth Plan - Growth Option,Nippon India Mutual Fund,Open Ended Schemes,Equity Scheme - Large Cap Fund,2018-07-03,33.0748,2026-06-23T05:29:58.847318+00:00,https://api.mfapi.in/mf/118632
118632,Nippon Large Cap,118632,Nippon India Large Cap Fund - Direct Plan Growth Plan - Growth Option,Nippon India Mutual Fund,Open Ended Schemes,Equity Scheme - Large Cap Fund,2018-07-02,32.9111,2026-06-23T05:29:58.847318+00:00,https://api.mfapi.in/mf/118632
118632,Nippon Large Cap,118632,Nippon India Large Cap Fund - Direct Plan Growth Plan - Growth Option,Nippon India Mutual Fund,Open Ended Schemes,Equity Scheme - Large Cap Fund,2018-06-29,33.0638,2026-06-23T05:29:58.847318+00:00,https://api.mfapi.in/mf/118632
118632,Nippon Large Cap,118632,Nippon India Large Cap Fund - Direct Plan Growth Plan - Growth Option,Nippon India Mutual Fund,Open Ended Schemes,Equity Scheme - Large Cap Fund,2018-06-28,32.5668,2026-06-23T05:29:58.847318+00:00,https://api.mfapi.in/mf/118632
118632,Nippon Large Cap,118632,Nippon India Large Cap Fund - Direct Plan Growth Plan - Growth Option,Nippon India Mutual Fund,Open Ended Schemes,Equity Scheme - Large Cap Fund,2018-06-27,32.9556,2026-06-23T05:29:58.847318+00:00,https://api.mfapi.in/mf/118632
118632,Nippon Large Cap,118632,Nippon India Large Cap Fund - Direct Plan Growth Plan - Growth Option,Nippon India Mutual Fund,Open Ended Schemes,Equity Scheme - Large Cap Fund,2018-06-26,33.4689,2026-06-23T05:29:58.847318+00:00,https://api.mfapi.in/mf/118632
118632,Nippon Large Cap,118632,Nippon India Large Cap Fund - Direct Plan Growth Plan - Growth Option,Nippon India Mutual Fund,Open Ended Schemes,Equity Scheme - Large Cap Fund,2018-06-25,33.4904,2026-06-23T05:29:58.847318+00:00,https://api.mfapi.in/mf/118632
118632,Nippon Large Cap,118632,Nippon India Large Cap Fund - Direct Plan Growth Plan - Growth Option,Nippon India Mutual Fund,Open Ended Schemes,Equity Scheme - Large Cap Fund,2018-06-22,33.8415,2026-06-23T05:29:58.847318+00:00,https://api.mfapi.in/mf/118632
118632,Nippon Large Cap,118632,Nippon India Large Cap Fund - Direct Plan Growth Plan - Growth Option,Nippon India Mutual Fund,Open Ended Schemes,Equity Scheme - Large Cap Fund,2018-06-21,33.5211,2026-06-23T05:29:58.847318+00:00,https://api.mfapi.in/mf/118632
118632,Nippon Large Cap,118632,Nippon India Large Cap Fund - Direct Plan Growth Plan - Growth Option,Nippon India Mutual Fund,Open Ended Schemes,Equity Scheme - Large Cap Fund,2018-06-20,33.6973,2026-06-23T05:29:58.847318+00:00,https://api.mfapi.in/mf/118632
118632,Nippon Large Cap,118632,Nippon India Large Cap Fund - Direct Plan Growth Plan - Growth Option,Nippon India Mutual Fund,Open Ended Schemes,Equity Scheme - Large Cap Fund,2018-06-19,33.6461,2026-06-23T05:29:58.847318+00:00,https://api.mfapi.in/mf/118632
118632,Nippon Large Cap,118632,Nippon India Large Cap Fund - Direct Plan Growth Plan - Growth Option,Nippon India Mutual Fund,Open Ended Schemes,Equity Scheme - Large Cap Fund,2018-06-18,33.8859,2026-06-23T05:29:58.847318+00:00,https://api.mfapi.in/mf/118632
118632,Nippon Large Cap,118632,Nippon India Large Cap Fund - Direct Plan Growth Plan - Growth Option,Nippon India Mutual Fund,Open Ended Schemes,Equity Scheme - Large Cap Fund,2018-06-15,33.9204,2026-06-23T05:29:58.847318+00:00,https://api.mfapi.in/mf/118632
118632,Nippon Large Cap,118632,Nippon India Large Cap Fund - Direct Plan Growth Plan - Growth Option,Nippon India Mutual Fund,Open Ended Schemes,Equity Scheme - Large Cap Fund,2018-06-14,34.0272,2026-06-23T05:29:58.847318+00:00,https://api.mfapi.in/mf/118632
118632,Nippon Large Cap,118632,Nippon India Large Cap Fund - Direct Plan Growth Plan - Growth Option,Nippon India Mutual Fund,Open Ended Schemes,Equity Scheme - Large Cap Fund,2018-06-13,34.1271,2026-06-23T05:29:58.847318+00:00,https://api.mfapi.in/mf/118632
118632,Nippon Large Cap,118632,Nippon India Large Cap Fund - Direct Plan Growth Plan - Growth Option,Nippon India Mutual Fund,Open Ended Schemes,Equity Scheme - Large Cap Fund,2018-06-12,34.1387,2026-06-23T05:29:58.847318+00:00,https://api.mfapi.in/mf/118632
118632,Nippon Large Cap,118632,Nippon India Large Cap Fund - Direct Plan Growth Plan - Growth Option,Nippon India Mutual Fund,Open Ended Schemes,Equity Scheme - Large Cap Fund,2018-06-11,33.8679,2026-06-23T05:29:58.847318+00:00,https://api.mfapi.in/mf/118632
118632,Nippon Large Cap,118632,Nippon India Large Cap Fund - Direct Plan Growth Plan - Growth Option,Nippon India Mutual Fund,Open Ended Schemes,Equity Scheme - Large Cap Fund,2018-06-08,33.8405,2026-06-23T05:29:58.847318+00:00,https://api.mfapi.in/mf/118632
118632,Nippon Large Cap,118632,Nippon India Large Cap Fund - Direct Plan Growth Plan - Growth Option,Nippon India Mutual Fund,Open Ended Schemes,Equity Scheme - Large Cap Fund,2018-06-07,33.7109,2026-06-23T05:29:58.847318+00:00,https://api.mfapi.in/mf/118632
118632,Nippon Large Cap,118632,Nippon India Large Cap Fund - Direct Plan Growth Plan - Growth Option,Nippon India Mutual Fund,Open Ended Schemes,Equity Scheme - Large Cap Fund,2018-06-06,33.387,2026-06-23T05:29:58.847318+00:00,https://api.mfapi.in/mf/118632
118632,Nippon Large Cap,118632,Nippon India Large Cap Fund - Direct Plan Growth Plan - Growth Option,Nippon India Mutual Fund,Open Ended Schemes,Equity Scheme - Large Cap Fund,2018-06-05,32.9146,2026-06-23T05:29:58.847318+00:00,https://api.mfapi.in/mf/118632
118632,Nippon Large Cap,118632,Nippon India Large Cap Fund - Direct Plan Growth Plan - Growth Option,Nippon India Mutual Fund,Open Ended Schemes,Equity Scheme - Large Cap Fund,2018-06-04,33.0834,2026-06-23T05:29:58.847318+00:00,https://api.mfapi.in/mf/118632
118632,Nippon Large Cap,118632,Nippon India Large Cap Fund - Direct Plan Growth Plan - Growth Option,Nippon India Mutual Fund,Open Ended Schemes,Equity Scheme - Large Cap Fund,2018-06-01,33.3544,2026-06-23T05:29:58.847318+00:00,https://api.mfapi.in/mf/118632
118632,Nippon Large Cap,118632,Nippon India Large Cap Fund - Direct Plan Growth Plan - Growth Option,Nippon India Mutual Fund,Open Ended Schemes,Equity Scheme - Large Cap Fund,2018-05-31,33.6207,2026-06-23T05:29:58.847318+00:00,https://api.mfapi.in/mf/118632
118632,Nippon Large Cap,118632,Nippon India Large Cap Fund - Direct Plan Growth Plan - Growth Option,Nippon India Mutual Fund,Open Ended Schemes,Equity Scheme - Large Cap Fund,2018-05-30,33.4538,2026-06-23T05:29:58.847318+00:00,https://api.mfapi.in/mf/118632
118632,Nippon Large Cap,118632,Nippon India Large Cap Fund - Direct Plan Growth Plan - Growth Option,Nippon India Mutual Fund,Open Ended Schemes,Equity Scheme - Large Cap Fund,2018-05-29,33.4931,2026-06-23T05:29:58.847318+00:00,https://api.mfapi.in/mf/118632
118632,Nippon Large Cap,118632,Nippon India Large Cap Fund - Direct Plan Growth Plan - Growth Option,Nippon India Mutual Fund,Open Ended Schemes,Equity Scheme - Large Cap Fund,2018-05-28,33.5888,2026-06-23T05:29:58.847318+00:00,https://api.mfapi.in/mf/118632
118632,Nippon Large Cap,118632,Nippon India Large Cap Fund - Direct Plan Growth Plan - Growth Option,Nippon India Mutual Fund,Open Ended Schemes,Equity Scheme - Large Cap Fund,2018-05-25,33.1979,2026-06-23T05:29:58.847318+00:00,https://api.mfapi.in/mf/118632
118632,Nippon Large Cap,118632,Nippon India Large Cap Fund - Direct Plan Growth Plan - Growth Option,Nippon India Mutual Fund,Open Ended Schemes,Equity Scheme - Large Cap Fund,2018-05-24,32.8756,2026-06-23T05:29:58.847318+00:00,https://api.mfapi.in/mf/118632
118632,Nippon Large Cap,118632,Nippon India Large Cap Fund - Direct Plan Growth Plan - Growth Option,Nippon India Mutual Fund,Open Ended Schemes,Equity Scheme - Large Cap Fund,2018-05-23,32.7218,2026-06-23T05:29:58.847318+00:00,https://api.mfapi.in/mf/118632
118632,Nippon Large Cap,118632,Nippon India Large Cap Fund - Direct Plan Growth Plan - Growth Option,Nippon India Mutual Fund,Open Ended Schemes,Equity Scheme - Large Cap Fund,2018-05-22,32.9824,2026-06-23T05:29:58.847318+00:00,https://api.mfapi.in/mf/118632
118632,Nippon Large Cap,118632,Nippon India Large Cap Fund - Direct Plan Growth Plan - Growth Option,Nippon India Mutual Fund,Open Ended Schemes,Equity Scheme - Large Cap Fund,2018-05-21,32.7378,2026-06-23T05:29:58.847318+00:00,https://api.mfapi.in/mf/118632
118632,Nippon Large Cap,118632,Nippon India Large Cap Fund - Direct Plan Growth Plan - Growth Option,Nippon India Mutual Fund,Open Ended Schemes,Equity Scheme - Large Cap Fund,2018-05-18,33.1041,2026-06-23T05:29:58.847318+00:00,https://api.mfapi.in/mf/118632
118632,Nippon Large Cap,118632,Nippon India Large Cap Fund - Direct Plan Growth Plan - Growth Option,Nippon India Mutual Fund,Open Ended Schemes,Equity Scheme - Large Cap Fund,2018-05-17,33.483,2026-06-23T05:29:58.847318+00:00,https://api.mfapi.in/mf/118632
118632,Nippon Large Cap,118632,Nippon India Large Cap Fund - Direct Plan Growth Plan - Growth Option,Nippon India Mutual Fund,Open Ended Schemes,Equity Scheme - Large Cap Fund,2018-05-16,33.5043,2026-06-23T05:29:58.847318+00:00,https://api.mfapi.in/mf/118632
118632,Nippon Large Cap,118632,Nippon India Large Cap Fund - Direct Plan Growth Plan - Growth Option,Nippon India Mutual Fund,Open Ended Schemes,Equity Scheme - Large Cap Fund,2018-05-15,33.7484,2026-06-23T05:29:58.847318+00:00,https://api.mfapi.in/mf/118632
118632,Nippon Large Cap,118632,Nippon India Large Cap Fund - Direct Plan Growth Plan - Growth Option,Nippon India Mutual Fund,Open Ended Schemes,Equity Scheme - Large Cap Fund,2018-05-14,33.9888,2026-06-23T05:29:58.847318+00:00,https://api.mfapi.in/mf/118632
118632,Nippon Large Cap,118632,Nippon India Large Cap Fund - Direct Plan Growth Plan - Growth Option,Nippon India Mutual Fund,Open Ended Schemes,Equity Scheme - Large Cap Fund,2018-05-11,34.1106,2026-06-23T05:29:58.847318+00:00,https://api.mfapi.in/mf/118632
118632,Nippon Large Cap,118632,Nippon India Large Cap Fund - Direct Plan Growth Plan - Growth Option,Nippon India Mutual Fund,Open Ended Schemes,Equity Scheme - Large Cap Fund,2018-05-10,33.9535,2026-06-23T05:29:58.847318+00:00,https://api.mfapi.in/mf/118632
118632,Nippon Large Cap,118632,Nippon India Large Cap Fund - Direct Plan Growth Plan - Growth Option,Nippon India Mutual Fund,Open Ended Schemes,Equity Scheme - Large Cap Fund,2018-05-09,34.1515,2026-06-23T05:29:58.847318+00:00,https://api.mfapi.in/mf/118632
118632,Nippon Large Cap,118632,Nippon India Large Cap Fund - Direct Plan Growth Plan - Growth Option,Nippon India Mutual Fund,Open Ended Schemes,Equity Scheme - Large Cap Fund,2018-05-08,34.1955,2026-06-23T05:29:58.847318+00:00,https://api.mfapi.in/mf/118632
118632,Nippon Large Cap,118632,Nippon India Large Cap Fund - Direct Plan Growth Plan - Growth Option,Nippon India Mutual Fund,Open Ended Schemes,Equity Scheme - Large Cap Fund,2018-05-07,34.1863,2026-06-23T05:29:58.847318+00:00,https://api.mfapi.in/mf/118632
118632,Nippon Large Cap,118632,Nippon India Large Cap Fund - Direct Plan Growth Plan - Growth Option,Nippon India Mutual Fund,Open Ended Schemes,Equity Scheme - Large Cap Fund,2018-05-04,33.8283,2026-06-23T05:29:58.847318+00:00,https://api.mfapi.in/mf/118632
118632,Nippon Large Cap,118632,Nippon India Large Cap Fund - Direct Plan Growth Plan - Growth Option,Nippon India Mutual Fund,Open Ended Schemes,Equity Scheme - Large Cap Fund,2018-05-03,34.0608,2026-06-23T05:29:58.847318+00:00,https://api.mfapi.in/mf/118632
118632,Nippon Large Cap,118632,Nippon India Large Cap Fund - Direct Plan Growth Plan - Growth Option,Nippon India Mutual Fund,Open Ended Schemes,Equity Scheme - Large Cap Fund,2018-05-02,34.2246,2026-06-23T05:29:58.847318+00:00,https://api.mfapi.in/mf/118632
118632,Nippon Large Cap,118632,Nippon India Large Cap Fund - Direct Plan Growth Plan - Growth Option,Nippon India Mutual Fund,Open Ended Schemes,Equity Scheme - Large Cap Fund,2018-04-30,34.361,2026-06-23T05:29:58.847318+00:00,https://api.mfapi.in/mf/118632
118632,Nippon Large Cap,118632,Nippon India Large Cap Fund - Direct Plan Growth Plan - Growth Option,Nippon India Mutual Fund,Open Ended Schemes,Equity Scheme - Large Cap Fund,2018-04-27,34.139,2026-06-23T05:29:58.847318+00:00,https://api.mfapi.in/mf/118632
118632,Nippon Large Cap,118632,Nippon India Large Cap Fund - Direct Plan Growth Plan - Growth Option,Nippon India Mutual Fund,Open Ended Schemes,Equity Scheme - Large Cap Fund,2018-04-26,33.7207,2026-06-23T05:29:58.847318+00:00,https://api.mfapi.in/mf/118632
118632,Nippon Large Cap,118632,Nippon India Large Cap Fund - Direct Plan Growth Plan - Growth Option,Nippon India Mutual Fund,Open Ended Schemes,Equity Scheme - Large Cap Fund,2018-04-25,33.7541,2026-06-23T05:29:58.847318+00:00,https://api.mfapi.in/mf/118632
118632,Nippon Large Cap,118632,Nippon India Large Cap Fund - Direct Plan Growth Plan - Growth Option,Nippon India Mutual Fund,Open Ended Schemes,Equity Scheme - Large Cap Fund,2018-04-24,33.9256,2026-06-23T05:29:58.847318+00:00,https://api.mfapi.in/mf/118632
118632,Nippon Large Cap,118632,Nippon India Large Cap Fund - Direct Plan Growth Plan - Growth Option,Nippon India Mutual Fund,Open Ended Schemes,Equity Scheme - Large Cap Fund,2018-04-23,33.8532,2026-06-23T05:29:58.847318+00:00,https://api.mfapi.in/mf/118632
118632,Nippon Large Cap,118632,Nippon India Large Cap Fund - Direct Plan Growth Plan - Growth Option,Nippon India Mutual Fund,Open Ended Schemes,Equity Scheme - Large Cap Fund,2018-04-20,33.7163,2026-06-23T05:29:58.847318+00:00,https://api.mfapi.in/mf/118632
118632,Nippon Large Cap,118632,Nippon India Large Cap Fund - Direct Plan Growth Plan - Growth Option,Nippon India Mutual Fund,Open Ended Schemes,Equity Scheme - Large Cap Fund,2018-04-19,33.7213,2026-06-23T05:29:58.847318+00:00,https://api.mfapi.in/mf/118632
118632,Nippon Large Cap,118632,Nippon India Large Cap Fund - Direct Plan Growth Plan - Growth Option,Nippon India Mutual Fund,Open Ended Schemes,Equity Scheme - Large Cap Fund,2018-04-18,33.6279,2026-06-23T05:29:58.847318+00:00,https://api.mfapi.in/mf/118632
118632,Nippon Large Cap,118632,Nippon India Large Cap Fund - Direct Plan Growth Plan - Growth Option,Nippon India Mutual Fund,Open Ended Schemes,Equity Scheme - Large Cap Fund,2018-04-17,33.6914,2026-06-23T05:29:58.847318+00:00,https://api.mfapi.in/mf/118632
118632,Nippon Large Cap,118632,Nippon India Large Cap Fund - Direct Plan Growth Plan - Growth Option,Nippon India Mutual Fund,Open Ended Schemes,Equity Scheme - Large Cap Fund,2018-04-16,33.5668,2026-06-23T05:29:58.847318+00:00,https://api.mfapi.in/mf/118632
118632,Nippon Large Cap,118632,Nippon India Large Cap Fund - Direct Plan Growth Plan - Growth Option,Nippon India Mutual Fund,Open Ended Schemes,Equity Scheme - Large Cap Fund,2018-04-13,33.4774,2026-06-23T05:29:58.847318+00:00,https://api.mfapi.in/mf/118632
118632,Nippon Large Cap,118632,Nippon India Large Cap Fund - Direct Plan Growth Plan - Growth Option,Nippon India Mutual Fund,Open Ended Schemes,Equity Scheme - Large Cap Fund,2018-04-12,33.5214,2026-06-23T05:29:58.847318+00:00,https://api.mfapi.in/mf/118632
118632,Nippon Large Cap,118632,Nippon India Large Cap Fund - Direct Plan Growth Plan - Growth Option,Nippon India Mutual Fund,Open Ended Schemes,Equity Scheme - Large Cap Fund,2018-04-11,33.4863,2026-06-23T05:29:58.847318+00:00,https://api.mfapi.in/mf/118632
118632,Nippon Large Cap,118632,Nippon India Large Cap Fund - Direct Plan Growth Plan - Growth Option,Nippon India Mutual Fund,Open Ended Schemes,Equity Scheme - Large Cap Fund,2018-04-10,33.6416,2026-06-23T05:29:58.847318+00:00,https://api.mfapi.in/mf/118632
118632,Nippon Large Cap,118632,Nippon India Large Cap Fund - Direct Plan Growth Plan - Growth Option,Nippon India Mutual Fund,Open Ended Schemes,Equity Scheme - Large Cap Fund,2018-04-09,33.4945,2026-06-23T05:29:58.847318+00:00,https://api.mfapi.in/mf/118632
118632,Nippon Large Cap,118632,Nippon India Large Cap Fund - Direct Plan Growth Plan - Growth Option,Nippon India Mutual Fund,Open Ended Schemes,Equity Scheme - Large Cap Fund,2018-04-06,33.3987,2026-06-23T05:29:58.847318+00:00,https://api.mfapi.in/mf/118632
118632,Nippon Large Cap,118632,Nippon India Large Cap Fund - Direct Plan Growth Plan - Growth Option,Nippon India Mutual Fund,Open Ended Schemes,Equity Scheme - Large Cap Fund,2018-04-05,33.295,2026-06-23T05:29:58.847318+00:00,https://api.mfapi.in/mf/118632
118632,Nippon Large Cap,118632,Nippon India Large Cap Fund - Direct Plan Growth Plan - Growth Option,Nippon India Mutual Fund,Open Ended Schemes,Equity Scheme - Large Cap Fund,2018-04-04,32.7241,2026-06-23T05:29:58.847318+00:00,https://api.mfapi.in/mf/118632
118632,Nippon Large Cap,118632,Nippon India Large Cap Fund - Direct Plan Growth Plan - Growth Option,Nippon India Mutual Fund,Open Ended Schemes,Equity Scheme - Large Cap Fund,2018-04-03,33.0696,2026-06-23T05:29:58.847318+00:00,https://api.mfapi.in/mf/118632
118632,Nippon Large Cap,118632,Nippon India Large Cap Fund - Direct Plan Growth Plan - Growth Option,Nippon India Mutual Fund,Open Ended Schemes,Equity Scheme - Large Cap Fund,2018-04-02,32.7923,2026-06-23T05:29:58.847318+00:00,https://api.mfapi.in/mf/118632
118632,Nippon Large Cap,118632,Nippon India Large Cap Fund - Direct Plan Growth Plan - Growth Option,Nippon India Mutual Fund,Open Ended Schemes,Equity Scheme - Large Cap Fund,2018-03-28,32.4779,2026-06-23T05:29:58.847318+00:00,https://api.mfapi.in/mf/118632
118632,Nippon Large Cap,118632,Nippon India Large Cap Fund - Direct Plan Growth Plan - Growth Option,Nippon India Mutual Fund,Open Ended Schemes,Equity Scheme - Large Cap Fund,2018-03-27,32.6602,2026-06-23T05:29:58.847318+00:00,https://api.mfapi.in/mf/118632
118632,Nippon Large Cap,118632,Nippon India Large Cap Fund - Direct Plan Growth Plan - Growth Option,Nippon India Mutual Fund,Open Ended Schemes,Equity Scheme - Large Cap Fund,2018-03-26,32.3705,2026-06-23T05:29:58.847318+00:00,https://api.mfapi.in/mf/118632
118632,Nippon Large Cap,118632,Nippon India Large Cap Fund - Direct Plan Growth Plan - Growth Option,Nippon India Mutual Fund,Open Ended Schemes,Equity Scheme - Large Cap Fund,2018-03-23,31.9377,2026-06-23T05:29:58.847318+00:00,https://api.mfapi.in/mf/118632
118632,Nippon Large Cap,118632,Nippon India Large Cap Fund - Direct Plan Growth Plan - Growth Option,Nippon India Mutual Fund,Open Ended Schemes,Equity Scheme - Large Cap Fund,2018-03-22,32.3204,2026-06-23T05:29:58.847318+00:00,https://api.mfapi.in/mf/118632
118632,Nippon Large Cap,118632,Nippon India Large Cap Fund - Direct Plan Growth Plan - Growth Option,Nippon India Mutual Fund,Open Ended Schemes,Equity Scheme - Large Cap Fund,2018-03-21,32.623,2026-06-23T05:29:58.847318+00:00,https://api.mfapi.in/mf/118632
118632,Nippon Large Cap,118632,Nippon India Large Cap Fund - Direct Plan Growth Plan - Growth Option,Nippon India Mutual Fund,Open Ended Schemes,Equity Scheme - Large Cap Fund,2018-03-20,32.5822,2026-06-23T05:29:58.847318+00:00,https://api.mfapi.in/mf/118632
118632,Nippon Large Cap,118632,Nippon India Large Cap Fund - Direct Plan Growth Plan - Growth Option,Nippon India Mutual Fund,Open Ended Schemes,Equity Scheme - Large Cap Fund,2018-03-19,32.496,2026-06-23T05:29:58.847318+00:00,https://api.mfapi.in/mf/118632
118632,Nippon Large Cap,118632,Nippon India Large Cap Fund - Direct Plan Growth Plan - Growth Option,Nippon India Mutual Fund,Open Ended Schemes,Equity Scheme - Large Cap Fund,2018-03-16,32.9216,2026-06-23T05:29:58.847318+00:00,https://api.mfapi.in/mf/118632
118632,Nippon Large Cap,118632,Nippon India Large Cap Fund - Direct Plan Growth Plan - Growth Option,Nippon India Mutual Fund,Open Ended Schemes,Equity Scheme - Large Cap Fund,2018-03-15,33.4466,2026-06-23T05:29:58.847318+00:00,https://api.mfapi.in/mf/118632
118632,Nippon Large Cap,118632,Nippon India Large Cap Fund - Direct Plan Growth Plan - Growth Option,Nippon India Mutual Fund,Open Ended Schemes,Equity Scheme - Large Cap Fund,2018-03-14,33.5449,2026-06-23T05:29:58.847318+00:00,https://api.mfapi.in/mf/118632
118632,Nippon Large Cap,118632,Nippon India Large Cap Fund - Direct Plan Growth Plan - Growth Option,Nippon India Mutual Fund,Open Ended Schemes,Equity Scheme - Large Cap Fund,2018-03-13,33.5543,2026-06-23T05:29:58.847318+00:00,https://api.mfapi.in/mf/118632
118632,Nippon Large Cap,118632,Nippon India Large Cap Fund - Direct Plan Growth Plan - Growth Option,Nippon India Mutual Fund,Open Ended Schemes,Equity Scheme - Large Cap Fund,2018-03-12,33.4068,2026-06-23T05:29:58.847318+00:00,https://api.mfapi.in/mf/118632
118632,Nippon Large Cap,118632,Nippon India Large Cap Fund - Direct Plan Growth Plan - Growth Option,Nippon India Mutual Fund,Open Ended Schemes,Equity Scheme - Large Cap Fund,2018-03-09,32.9489,2026-06-23T05:29:58.847318+00:00,https://api.mfapi.in/mf/118632
118632,Nippon Large Cap,118632,Nippon India Large Cap Fund - Direct Plan Growth Plan - Growth Option,Nippon India Mutual Fund,Open Ended Schemes,Equity Scheme - Large Cap Fund,2018-03-08,33.0565,2026-06-23T05:29:58.847318+00:00,https://api.mfapi.in/mf/118632
118632,Nippon Large Cap,118632,Nippon India Large Cap Fund - Direct Plan Growth Plan - Growth Option,Nippon India Mutual Fund,Open Ended Schemes,Equity Scheme - Large Cap Fund,2018-03-07,32.8094,2026-06-23T05:29:58.847318+00:00,https://api.mfapi.in/mf/118632
118632,Nippon Large Cap,118632,Nippon India Large Cap Fund - Direct Plan Growth Plan - Growth Option,Nippon India Mutual Fund,Open Ended Schemes,Equity Scheme - Large Cap Fund,2018-03-06,33.2481,2026-06-23T05:29:58.847318+00:00,https://api.mfapi.in/mf/118632
118632,Nippon Large Cap,118632,Nippon India Large Cap Fund - Direct Plan Growth Plan - Growth Option,Nippon India Mutual Fund,Open Ended Schemes,Equity Scheme - Large Cap Fund,2018-03-05,33.5489,2026-06-23T05:29:58.847318+00:00,https://api.mfapi.in/mf/118632
118632,Nippon Large Cap,118632,Nippon India Large Cap Fund - Direct Plan Growth Plan - Growth Option,Nippon India Mutual Fund,Open Ended Schemes,Equity Scheme - Large Cap Fund,2018-03-01,33.9327,2026-06-23T05:29:58.847318+00:00,https://api.mfapi.in/mf/118632
118632,Nippon Large Cap,118632,Nippon India Large Cap Fund - Direct Plan Growth Plan - Growth Option,Nippon India Mutual Fund,Open Ended Schemes,Equity Scheme - Large Cap Fund,2018-02-28,34.0453,2026-06-23T05:29:58.847318+00:00,https://api.mfapi.in/mf/118632
118632,Nippon Large Cap,118632,Nippon India Large Cap Fund - Direct Plan Growth Plan - Growth Option,Nippon India Mutual Fund,Open Ended Schemes,Equity Scheme - Large Cap Fund,2018-02-27,34.1761,2026-06-23T05:29:58.847318+00:00,https://api.mfapi.in/mf/118632
118632,Nippon Large Cap,118632,Nippon India Large Cap Fund - Direct Plan Growth Plan - Growth Option,Nippon India Mutual Fund,Open Ended Schemes,Equity Scheme - Large Cap Fund,2018-02-26,34.2737,2026-06-23T05:29:58.847318+00:00,https://api.mfapi.in/mf/118632
118632,Nippon Large Cap,118632,Nippon India Large Cap Fund - Direct Plan Growth Plan - Growth Option,Nippon India Mutual Fund,Open Ended Schemes,Equity Scheme - Large Cap Fund,2018-02-23,33.9973,2026-06-23T05:29:58.847318+00:00,https://api.mfapi.in/mf/118632
118632,Nippon Large Cap,118632,Nippon India Large Cap Fund - Direct Plan Growth Plan - Growth Option,Nippon India Mutual Fund,Open Ended Schemes,Equity Scheme - Large Cap Fund,2018-02-22,33.5514,2026-06-23T05:29:58.847318+00:00,https://api.mfapi.in/mf/118632
118632,Nippon Large Cap,118632,Nippon India Large Cap Fund - Direct Plan Growth Plan - Growth Option,Nippon India Mutual Fund,Open Ended Schemes,Equity Scheme - Large Cap Fund,2018-02-21,33.6898,2026-06-23T05:29:58.847318+00:00,https://api.mfapi.in/mf/118632
118632,Nippon Large Cap,118632,Nippon India Large Cap Fund - Direct Plan Growth Plan - Growth Option,Nippon India Mutual Fund,Open Ended Schemes,Equity Scheme - Large Cap Fund,2018-02-20,33.6253,2026-06-23T05:29:58.847318+00:00,https://api.mfapi.in/mf/118632
118632,Nippon Large Cap,118632,Nippon India Large Cap Fund - Direct Plan Growth Plan - Growth Option,Nippon India Mutual Fund,Open Ended Schemes,Equity Scheme - Large Cap Fund,2018-02-19,33.6931,2026-06-23T05:29:58.847318+00:00,https://api.mfapi.in/mf/118632
118632,Nippon Large Cap,118632,Nippon India Large Cap Fund - Direct Plan Growth Plan - Growth Option,Nippon India Mutual Fund,Open Ended Schemes,Equity Scheme - Large Cap Fund,2018-02-16,34.0648,2026-06-23T05:29:58.847318+00:00,https://api.mfapi.in/mf/118632
118632,Nippon Large Cap,118632,Nippon India Large Cap Fund - Direct Plan Growth Plan - Growth Option,Nippon India Mutual Fund,Open Ended Schemes,Equity Scheme - Large Cap Fund,2018-02-15,34.3508,2026-06-23T05:29:58.847318+00:00,https://api.mfapi.in/mf/118632
118632,Nippon Large Cap,118632,Nippon India Large Cap Fund - Direct Plan Growth Plan - Growth Option,Nippon India Mutual Fund,Open Ended Schemes,Equity Scheme - Large Cap Fund,2018-02-14,34.3877,2026-06-23T05:29:58.847318+00:00,https://api.mfapi.in/mf/118632
118632,Nippon Large Cap,118632,Nippon India Large Cap Fund - Direct Plan Growth Plan - Growth Option,Nippon India Mutual Fund,Open Ended Schemes,Equity Scheme - Large Cap Fund,2018-02-12,34.6196,2026-06-23T05:29:58.847318+00:00,https://api.mfapi.in/mf/118632
118632,Nippon Large Cap,118632,Nippon India Large Cap Fund - Direct Plan Growth Plan - Growth Option,Nippon India Mutual Fund,Open Ended Schemes,Equity Scheme - Large Cap Fund,2018-02-09,34.4287,2026-06-23T05:29:58.847318+00:00,https://api.mfapi.in/mf/118632
118632,Nippon Large Cap,118632,Nippon India Large Cap Fund - Direct Plan Growth Plan - Growth Option,Nippon India Mutual Fund,Open Ended Schemes,Equity Scheme - Large Cap Fund,2018-02-08,34.7053,2026-06-23T05:29:58.847318+00:00,https://api.mfapi.in/mf/118632
118632,Nippon Large Cap,118632,Nippon India Large Cap Fund - Direct Plan Growth Plan - Growth Option,Nippon India Mutual Fund,Open Ended Schemes,Equity Scheme - Large Cap Fund,2018-02-07,34.131,2026-06-23T05:29:58.847318+00:00,https://api.mfapi.in/mf/118632
118632,Nippon Large Cap,118632,Nippon India Large Cap Fund - Direct Plan Growth Plan - Growth Option,Nippon India Mutual Fund,Open Ended Schemes,Equity Scheme - Large Cap Fund,2018-02-06,34.1225,2026-06-23T05:29:58.847318+00:00,https://api.mfapi.in/mf/118632
118632,Nippon Large Cap,118632,Nippon India Large Cap Fund - Direct Plan Growth Plan - Growth Option,Nippon India Mutual Fund,Open Ended Schemes,Equity Scheme - Large Cap Fund,2018-02-05,34.6657,2026-06-23T05:29:58.847318+00:00,https://api.mfapi.in/mf/118632
118632,Nippon Large Cap,118632,Nippon India Large Cap Fund - Direct Plan Growth Plan - Growth Option,Nippon India Mutual Fund,Open Ended Schemes,Equity Scheme - Large Cap Fund,2018-02-02,34.7973,2026-06-23T05:29:58.847318+00:00,https://api.mfapi.in/mf/118632
118632,Nippon Large Cap,118632,Nippon India Large Cap Fund - Direct Plan Growth Plan - Growth Option,Nippon India Mutual Fund,Open Ended Schemes,Equity Scheme - Large Cap Fund,2018-02-01,35.7358,2026-06-23T05:29:58.847318+00:00,https://api.mfapi.in/mf/118632
118632,Nippon Large Cap,118632,Nippon India Large Cap Fund - Direct Plan Growth Plan - Growth Option,Nippon India Mutual Fund,Open Ended Schemes,Equity Scheme - Large Cap Fund,2018-01-31,35.6854,2026-06-23T05:29:58.847318+00:00,https://api.mfapi.in/mf/118632
118632,Nippon Large Cap,118632,Nippon India Large Cap Fund - Direct Plan Growth Plan - Growth Option,Nippon India Mutual Fund,Open Ended Schemes,Equity Scheme - Large Cap Fund,2018-01-30,35.8854,2026-06-23T05:29:58.847318+00:00,https://api.mfapi.in/mf/118632
118632,Nippon Large Cap,118632,Nippon India Large Cap Fund - Direct Plan Growth Plan - Growth Option,Nippon India Mutual Fund,Open Ended Schemes,Equity Scheme - Large Cap Fund,2018-01-29,36.0769,2026-06-23T05:29:58.847318+00:00,https://api.mfapi.in/mf/118632
118632,Nippon Large Cap,118632,Nippon India Large Cap Fund - Direct Plan Growth Plan - Growth Option,Nippon India Mutual Fund,Open Ended Schemes,Equity Scheme - Large Cap Fund,2018-01-25,36.2022,2026-06-23T05:29:58.847318+00:00,https://api.mfapi.in/mf/118632
118632,Nippon Large Cap,118632,Nippon India Large Cap Fund - Direct Plan Growth Plan - Growth Option,Nippon India Mutual Fund,Open Ended Schemes,Equity Scheme - Large Cap Fund,2018-01-24,36.4318,2026-06-23T05:29:58.847318+00:00,https://api.mfapi.in/mf/118632
118632,Nippon Large Cap,118632,Nippon India Large Cap Fund - Direct Plan Growth Plan - Growth Option,Nippon India Mutual Fund,Open Ended Schemes,Equity Scheme - Large Cap Fund,2018-01-23,36.4055,2026-06-23T05:29:58.847318+00:00,https://api.mfapi.in/mf/118632
118632,Nippon Large Cap,118632,Nippon India Large Cap Fund - Direct Plan Growth Plan - Growth Option,Nippon India Mutual Fund,Open Ended Schemes,Equity Scheme - Large Cap Fund,2018-01-22,35.9831,2026-06-23T05:29:58.847318+00:00,https://api.mfapi.in/mf/118632
118632,Nippon Large Cap,118632,Nippon India Large Cap Fund - Direct Plan Growth Plan - Growth Option,Nippon India Mutual Fund,Open Ended Schemes,Equity Scheme - Large Cap Fund,2018-01-19,35.8535,2026-06-23T05:29:58.847318+00:00,https://api.mfapi.in/mf/118632
118632,Nippon Large Cap,118632,Nippon India Large Cap Fund - Direct Plan Growth Plan - Growth Option,Nippon India Mutual Fund,Open Ended Schemes,Equity Scheme - Large Cap Fund,2018-01-18,35.5717,2026-06-23T05:29:58.847318+00:00,https://api.mfapi.in/mf/118632
118632,Nippon Large Cap,118632,Nippon India Large Cap Fund - Direct Plan Growth Plan - Growth Option,Nippon India Mutual Fund,Open Ended Schemes,Equity Scheme - Large Cap Fund,2018-01-17,35.745,2026-06-23T05:29:58.847318+00:00,https://api.mfapi.in/mf/118632
118632,Nippon Large Cap,118632,Nippon India Large Cap Fund - Direct Plan Growth Plan - Growth Option,Nippon India Mutual Fund,Open Ended Schemes,Equity Scheme - Large Cap Fund,2018-01-16,35.3059,2026-06-23T05:29:58.847318+00:00,https://api.mfapi.in/mf/118632
118632,Nippon Large Cap,118632,Nippon India Large Cap Fund - Direct Plan Growth Plan - Growth Option,Nippon India Mutual Fund,Open Ended Schemes,Equity Scheme - Large Cap Fund,2018-01-15,35.4,2026-06-23T05:29:58.847318+00:00,https://api.mfapi.in/mf/118632
118632,Nippon Large Cap,118632,Nippon India Large Cap Fund - Direct Plan Growth Plan - Growth Option,Nippon India Mutual Fund,Open Ended Schemes,Equity Scheme - Large Cap Fund,2018-01-12,35.3194,2026-06-23T05:29:58.847318+00:00,https://api.mfapi.in/mf/118632
118632,Nippon Large Cap,118632,Nippon India Large Cap Fund - Direct Plan Growth Plan - Growth Option,Nippon India Mutual Fund,Open Ended Schemes,Equity Scheme - Large Cap Fund,2018-01-11,35.2637,2026-06-23T05:29:58.847318+00:00,https://api.mfapi.in/mf/118632
118632,Nippon Large Cap,118632,Nippon India Large Cap Fund - Direct Plan Growth Plan - Growth Option,Nippon India Mutual Fund,Open Ended Schemes,Equity Scheme - Large Cap Fund,2018-01-10,35.1768,2026-06-23T05:29:58.847318+00:00,https://api.mfapi.in/mf/118632
118632,Nippon Large Cap,118632,Nippon India Large Cap Fund - Direct Plan Growth Plan - Growth Option,Nippon India Mutual Fund,Open Ended Schemes,Equity Scheme - Large Cap Fund,2018-01-09,35.3117,2026-06-23T05:29:58.847318+00:00,https://api.mfapi.in/mf/118632
118632,Nippon Large Cap,118632,Nippon India Large Cap Fund - Direct Plan Growth Plan - Growth Option,Nippon India Mutual Fund,Open Ended Schemes,Equity Scheme - Large Cap Fund,2018-01-08,35.419,2026-06-23T05:29:58.847318+00:00,https://api.mfapi.in/mf/118632
118632,Nippon Large Cap,118632,Nippon India Large Cap Fund - Direct Plan Growth Plan - Growth Option,Nippon India Mutual Fund,Open Ended Schemes,Equity Scheme - Large Cap Fund,2018-01-05,35.2026,2026-06-23T05:29:58.847318+00:00,https://api.mfapi.in/mf/118632
118632,Nippon Large Cap,118632,Nippon India Large Cap Fund - Direct Plan Growth Plan - Growth Option,Nippon India Mutual Fund,Open Ended Schemes,Equity Scheme - Large Cap Fund,2018-01-04,34.9609,2026-06-23T05:29:58.847318+00:00,https://api.mfapi.in/mf/118632
118632,Nippon Large Cap,118632,Nippon India Large Cap Fund - Direct Plan Growth Plan - Growth Option,Nippon India Mutual Fund,Open Ended Schemes,Equity Scheme - Large Cap Fund,2018-01-03,34.6333,2026-06-23T05:29:58.847318+00:00,https://api.mfapi.in/mf/118632
118632,Nippon Large Cap,118632,Nippon India Large Cap Fund - Direct Plan Growth Plan - Growth Option,Nippon India Mutual Fund,Open Ended Schemes,Equity Scheme - Large Cap Fund,2018-01-02,34.5302,2026-06-23T05:29:58.847318+00:00,https://api.mfapi.in/mf/118632
118632,Nippon Large Cap,118632,Nippon India Large Cap Fund - Direct Plan Growth Plan - Growth Option,Nippon India Mutual Fund,Open Ended Schemes,Equity Scheme - Large Cap Fund,2018-01-01,34.6262,2026-06-23T05:29:58.847318+00:00,https://api.mfapi.in/mf/118632
118632,Nippon Large Cap,118632,Nippon India Large Cap Fund - Direct Plan Growth Plan - Growth Option,Nippon India Mutual Fund,Open Ended Schemes,Equity Scheme - Large Cap Fund,2017-12-29,34.7983,2026-06-23T05:29:58.847318+00:00,https://api.mfapi.in/mf/118632
118632,Nippon Large Cap,118632,Nippon India Large Cap Fund - Direct Plan Growth Plan - Growth Option,Nippon India Mutual Fund,Open Ended Schemes,Equity Scheme - Large Cap Fund,2017-12-28,34.6846,2026-06-23T05:29:58.847318+00:00,https://api.mfapi.in/mf/118632
118632,Nippon Large Cap,118632,Nippon India Large Cap Fund - Direct Plan Growth Plan - Growth Option,Nippon India Mutual Fund,Open Ended Schemes,Equity Scheme - Large Cap Fund,2017-12-27,34.7596,2026-06-23T05:29:58.847318+00:00,https://api.mfapi.in/mf/118632
118632,Nippon Large Cap,118632,Nippon India Large Cap Fund - Direct Plan Growth Plan - Growth Option,Nippon India Mutual Fund,Open Ended Schemes,Equity Scheme - Large Cap Fund,2017-12-26,34.851,2026-06-23T05:29:58.847318+00:00,https://api.mfapi.in/mf/118632
118632,Nippon Large Cap,118632,Nippon India Large Cap Fund - Direct Plan Growth Plan - Growth Option,Nippon India Mutual Fund,Open Ended Schemes,Equity Scheme - Large Cap Fund,2017-12-22,34.7028,2026-06-23T05:29:58.847318+00:00,https://api.mfapi.in/mf/118632
118632,Nippon Large Cap,118632,Nippon India Large Cap Fund - Direct Plan Growth Plan - Growth Option,Nippon India Mutual Fund,Open Ended Schemes,Equity Scheme - Large Cap Fund,2017-12-21,34.6126,2026-06-23T05:29:58.847318+00:00,https://api.mfapi.in/mf/118632
118632,Nippon Large Cap,118632,Nippon India Large Cap Fund - Direct Plan Growth Plan - Growth Option,Nippon India Mutual Fund,Open Ended Schemes,Equity Scheme - Large Cap Fund,2017-12-20,34.5071,2026-06-23T05:29:58.847318+00:00,https://api.mfapi.in/mf/118632
118632,Nippon Large Cap,118632,Nippon India Large Cap Fund - Direct Plan Growth Plan - Growth Option,Nippon India Mutual Fund,Open Ended Schemes,Equity Scheme - Large Cap Fund,2017-12-19,34.5252,2026-06-23T05:29:58.847318+00:00,https://api.mfapi.in/mf/118632
118632,Nippon Large Cap,118632,Nippon India Large Cap Fund - Direct Plan Growth Plan - Growth Option,Nippon India Mutual Fund,Open Ended Schemes,Equity Scheme - Large Cap Fund,2017-12-18,34.284,2026-06-23T05:29:58.847318+00:00,https://api.mfapi.in/mf/118632
118632,Nippon Large Cap,118632,Nippon India Large Cap Fund - Direct Plan Growth Plan - Growth Option,Nippon India Mutual Fund,Open Ended Schemes,Equity Scheme - Large Cap Fund,2017-12-15,34.0192,2026-06-23T05:29:58.847318+00:00,https://api.mfapi.in/mf/118632
118632,Nippon Large Cap,118632,Nippon India Large Cap Fund - Direct Plan Growth Plan - Growth Option,Nippon India Mutual Fund,Open Ended Schemes,Equity Scheme - Large Cap Fund,2017-12-14,33.8275,2026-06-23T05:29:58.847318+00:00,https://api.mfapi.in/mf/118632
118632,Nippon Large Cap,118632,Nippon India Large Cap Fund - Direct Plan Growth Plan - Growth Option,Nippon India Mutual Fund,Open Ended Schemes,Equity Scheme - Large Cap Fund,2017-12-13,33.6733,2026-06-23T05:29:58.847318+00:00,https://api.mfapi.in/mf/118632
118632,Nippon Large Cap,118632,Nippon India Large Cap Fund - Direct Plan Growth Plan - Growth Option,Nippon India Mutual Fund,Open Ended Schemes,Equity Scheme - Large Cap Fund,2017-12-12,33.885,2026-06-23T05:29:58.847318+00:00,https://api.mfapi.in/mf/118632
118632,Nippon Large Cap,118632,Nippon India Large Cap Fund - Direct Plan Growth Plan - Growth Option,Nippon India Mutual Fund,Open Ended Schemes,Equity Scheme - Large Cap Fund,2017-12-11,34.0329,2026-06-23T05:29:58.847318+00:00,https://api.mfapi.in/mf/118632
118632,Nippon Large Cap,118632,Nippon India Large Cap Fund - Direct Plan Growth Plan - Growth Option,Nippon India Mutual Fund,Open Ended Schemes,Equity Scheme - Large Cap Fund,2017-12-08,33.871,2026-06-23T05:29:58.847318+00:00,https://api.mfapi.in/mf/118632
118632,Nippon Large Cap,118632,Nippon India Large Cap Fund - Direct Plan Growth Plan - Growth Option,Nippon India Mutual Fund,Open Ended Schemes,Equity Scheme - Large Cap Fund,2017-12-07,33.6118,2026-06-23T05:29:58.847318+00:00,https://api.mfapi.in/mf/118632
118632,Nippon Large Cap,118632,Nippon India Large Cap Fund - Direct Plan Growth Plan - Growth Option,Nippon India Mutual Fund,Open Ended Schemes,Equity Scheme - Large Cap Fund,2017-12-06,33.1637,2026-06-23T05:29:58.847318+00:00,https://api.mfapi.in/mf/118632
118632,Nippon Large Cap,118632,Nippon India Large Cap Fund - Direct Plan Growth Plan - Growth Option,Nippon India Mutual Fund,Open Ended Schemes,Equity Scheme - Large Cap Fund,2017-12-05,33.4891,2026-06-23T05:29:58.847318+00:00,https://api.mfapi.in/mf/118632
118632,Nippon Large Cap,118632,Nippon India Large Cap Fund - Direct Plan Growth Plan - Growth Option,Nippon India Mutual Fund,Open Ended Schemes,Equity Scheme - Large Cap Fund,2017-12-04,33.4572,2026-06-23T05:29:58.847318+00:00,https://api.mfapi.in/mf/118632
118632,Nippon Large Cap,118632,Nippon India Large Cap Fund - Direct Plan Growth Plan - Growth Option,Nippon India Mutual Fund,Open Ended Schemes,Equity Scheme - Large Cap Fund,2017-12-01,33.4223,2026-06-23T05:29:58.847318+00:00,https://api.mfapi.in/mf/118632
118632,Nippon Large Cap,118632,Nippon India Large Cap Fund - Direct Plan Growth Plan - Growth Option,Nippon India Mutual Fund,Open Ended Schemes,Equity Scheme - Large Cap Fund,2017-11-30,33.7852,2026-06-23T05:29:58.847318+00:00,https://api.mfapi.in/mf/118632
118632,Nippon Large Cap,118632,Nippon India Large Cap Fund - Direct Plan Growth Plan - Growth Option,Nippon India Mutual Fund,Open Ended Schemes,Equity Scheme - Large Cap Fund,2017-11-29,34.1414,2026-06-23T05:29:58.847318+00:00,https://api.mfapi.in/mf/118632
118632,Nippon Large Cap,118632,Nippon India Large Cap Fund - Direct Plan Growth Plan - Growth Option,Nippon India Mutual Fund,Open Ended Schemes,Equity Scheme - Large Cap Fund,2017-11-28,34.1058,2026-06-23T05:29:58.847318+00:00,https://api.mfapi.in/mf/118632
118632,Nippon Large Cap,118632,Nippon India Large Cap Fund - Direct Plan Growth Plan - Growth Option,Nippon India Mutual Fund,Open Ended Schemes,Equity Scheme - Large Cap Fund,2017-11-27,34.1131,2026-06-23T05:29:58.847318+00:00,https://api.mfapi.in/mf/118632
118632,Nippon Large Cap,118632,Nippon India Large Cap Fund - Direct Plan Growth Plan - Growth Option,Nippon India Mutual Fund,Open Ended Schemes,Equity Scheme - Large Cap Fund,2017-11-24,34.029,2026-06-23T05:29:58.847318+00:00,https://api.mfapi.in/mf/118632
118632,Nippon Large Cap,118632,Nippon India Large Cap Fund - Direct Plan Growth Plan - Growth Option,Nippon India Mutual Fund,Open Ended Schemes,Equity Scheme - Large Cap Fund,2017-11-23,33.9246,2026-06-23T05:29:58.847318+00:00,https://api.mfapi.in/mf/118632
118632,Nippon Large Cap,118632,Nippon India Large Cap Fund - Direct Plan Growth Plan - Growth Option,Nippon India Mutual Fund,Open Ended Schemes,Equity Scheme - Large Cap Fund,2017-11-22,33.886,2026-06-23T05:29:58.847318+00:00,https://api.mfapi.in/mf/118632
118632,Nippon Large Cap,118632,Nippon India Large Cap Fund - Direct Plan Growth Plan - Growth Option,Nippon India Mutual Fund,Open Ended Schemes,Equity Scheme - Large Cap Fund,2017-11-21,33.7963,2026-06-23T05:29:58.847318+00:00,https://api.mfapi.in/mf/118632
118632,Nippon Large Cap,118632,Nippon India Large Cap Fund - Direct Plan Growth Plan - Growth Option,Nippon India Mutual Fund,Open Ended Schemes,Equity Scheme - Large Cap Fund,2017-11-20,33.6442,2026-06-23T05:29:58.847318+00:00,https://api.mfapi.in/mf/118632
118632,Nippon Large Cap,118632,Nippon India Large Cap Fund - Direct Plan Growth Plan - Growth Option,Nippon India Mutual Fund,Open Ended Schemes,Equity Scheme - Large Cap Fund,2017-11-17,33.7037,2026-06-23T05:29:58.847318+00:00,https://api.mfapi.in/mf/118632
118632,Nippon Large Cap,118632,Nippon India Large Cap Fund - Direct Plan Growth Plan - Growth Option,Nippon India Mutual Fund,Open Ended Schemes,Equity Scheme - Large Cap Fund,2017-11-16,33.4248,2026-06-23T05:29:58.847318+00:00,https://api.mfapi.in/mf/118632
118632,Nippon Large Cap,118632,Nippon India Large Cap Fund - Direct Plan Growth Plan - Growth Option,Nippon India Mutual Fund,Open Ended Schemes,Equity Scheme - Large Cap Fund,2017-11-15,33.1299,2026-06-23T05:29:58.847318+00:00,https://api.mfapi.in/mf/118632
118632,Nippon Large Cap,118632,Nippon India Large Cap Fund - Direct Plan Growth Plan - Growth Option,Nippon India Mutual Fund,Open Ended Schemes,Equity Scheme - Large Cap Fund,2017-11-14,33.3065,2026-06-23T05:29:58.847318+00:00,https://api.mfapi.in/mf/118632
118632,Nippon Large Cap,118632,Nippon India Large Cap Fund - Direct Plan Growth Plan - Growth Option,Nippon India Mutual Fund,Open Ended Schemes,Equity Scheme - Large Cap Fund,2017-11-13,33.4465,2026-06-23T05:29:58.847318+00:00,https://api.mfapi.in/mf/118632
118632,Nippon Large Cap,118632,Nippon India Large Cap Fund - Direct Plan Growth Plan - Growth Option,Nippon India Mutual Fund,Open Ended Schemes,Equity Scheme - Large Cap Fund,2017-11-10,33.6443,2026-06-23T05:29:58.847318+00:00,https://api.mfapi.in/mf/118632
118632,Nippon Large Cap,118632,Nippon India Large Cap Fund - Direct Plan Growth Plan - Growth Option,Nippon India Mutual Fund,Open Ended Schemes,Equity Scheme - Large Cap Fund,2017-11-09,33.4535,2026-06-23T05:29:58.847318+00:00,https://api.mfapi.in/mf/118632
118632,Nippon Large Cap,118632,Nippon India Large Cap Fund - Direct Plan Growth Plan - Growth Option,Nippon India Mutual Fund,Open Ended Schemes,Equity Scheme - Large Cap Fund,2017-11-08,33.4258,2026-06-23T05:29:58.847318+00:00,https://api.mfapi.in/mf/118632
118632,Nippon Large Cap,118632,Nippon India Large Cap Fund - Direct Plan Growth Plan - Growth Option,Nippon India Mutual Fund,Open Ended Schemes,Equity Scheme - Large Cap Fund,2017-11-07,33.6005,2026-06-23T05:29:58.847318+00:00,https://api.mfapi.in/mf/118632
118632,Nippon Large Cap,118632,Nippon India Large Cap Fund - Direct Plan Growth Plan - Growth Option,Nippon India Mutual Fund,Open Ended Schemes,Equity Scheme - Large Cap Fund,2017-11-06,33.9914,2026-06-23T05:29:58.847318+00:00,https://api.mfapi.in/mf/118632
118632,Nippon Large Cap,118632,Nippon India Large Cap Fund - Direct Plan Growth Plan - Growth Option,Nippon India Mutual Fund,Open Ended Schemes,Equity Scheme - Large Cap Fund,2017-11-03,33.9577,2026-06-23T05:29:58.847318+00:00,https://api.mfapi.in/mf/118632
118632,Nippon Large Cap,118632,Nippon India Large Cap Fund - Direct Plan Growth Plan - Growth Option,Nippon India Mutual Fund,Open Ended Schemes,Equity Scheme - Large Cap Fund,2017-11-02,33.8467,2026-06-23T05:29:58.847318+00:00,https://api.mfapi.in/mf/118632
118632,Nippon Large Cap,118632,Nippon India Large Cap Fund - Direct Plan Growth Plan - Growth Option,Nippon India Mutual Fund,Open Ended Schemes,Equity Scheme - Large Cap Fund,2017-11-01,33.6633,2026-06-23T05:29:58.847318+00:00,https://api.mfapi.in/mf/118632
118632,Nippon Large Cap,118632,Nippon India Large Cap Fund - Direct Plan Growth Plan - Growth Option,Nippon India Mutual Fund,Open Ended Schemes,Equity Scheme - Large Cap Fund,2017-10-31,33.2403,2026-06-23T05:29:58.847318+00:00,https://api.mfapi.in/mf/118632
118632,Nippon Large Cap,118632,Nippon India Large Cap Fund - Direct Plan Growth Plan - Growth Option,Nippon India Mutual Fund,Open Ended Schemes,Equity Scheme - Large Cap Fund,2017-10-30,33.2462,2026-06-23T05:29:58.847318+00:00,https://api.mfapi.in/mf/118632
118632,Nippon Large Cap,118632,Nippon India Large Cap Fund - Direct Plan Growth Plan - Growth Option,Nippon India Mutual Fund,Open Ended Schemes,Equity Scheme - Large Cap Fund,2017-10-27,33.0506,2026-06-23T05:29:58.847318+00:00,https://api.mfapi.in/mf/118632
118632,Nippon Large Cap,118632,Nippon India Large Cap Fund - Direct Plan Growth Plan - Growth Option,Nippon India Mutual Fund,Open Ended Schemes,Equity Scheme - Large Cap Fund,2017-10-26,33.0916,2026-06-23T05:29:58.847318+00:00,https://api.mfapi.in/mf/118632
118632,Nippon Large Cap,118632,Nippon India Large Cap Fund - Direct Plan Growth Plan - Growth Option,Nippon India Mutual Fund,Open Ended Schemes,Equity Scheme - Large Cap Fund,2017-10-25,32.9617,2026-06-23T05:29:58.847318+00:00,https://api.mfapi.in/mf/118632
118632,Nippon Large Cap,118632,Nippon India Large Cap Fund - Direct Plan Growth Plan - Growth Option,Nippon India Mutual Fund,Open Ended Schemes,Equity Scheme - Large Cap Fund,2017-10-24,32.2031,2026-06-23T05:29:58.847318+00:00,https://api.mfapi.in/mf/118632
118632,Nippon Large Cap,118632,Nippon India Large Cap Fund - Direct Plan Growth Plan - Growth Option,Nippon India Mutual Fund,Open Ended Schemes,Equity Scheme - Large Cap Fund,2017-10-23,32.0093,2026-06-23T05:29:58.847318+00:00,https://api.mfapi.in/mf/118632
118632,Nippon Large Cap,118632,Nippon India Large Cap Fund - Direct Plan Growth Plan - Growth Option,Nippon India Mutual Fund,Open Ended Schemes,Equity Scheme - Large Cap Fund,2017-10-18,32.0621,2026-06-23T05:29:58.847318+00:00,https://api.mfapi.in/mf/118632
118632,Nippon Large Cap,118632,Nippon India Large Cap Fund - Direct Plan Growth Plan - Growth Option,Nippon India Mutual Fund,Open Ended Schemes,Equity Scheme - Large Cap Fund,2017-10-17,32.3031,2026-06-23T05:29:58.847318+00:00,https://api.mfapi.in/mf/118632
118632,Nippon Large Cap,118632,Nippon India Large Cap Fund - Direct Plan Growth Plan - Growth Option,Nippon India Mutual Fund,Open Ended Schemes,Equity Scheme - Large Cap Fund,2017-10-16,32.2992,2026-06-23T05:29:58.847318+00:00,https://api.mfapi.in/mf/118632
118632,Nippon Large Cap,118632,Nippon India Large Cap Fund - Direct Plan Growth Plan - Growth Option,Nippon India Mutual Fund,Open Ended Schemes,Equity Scheme - Large Cap Fund,2017-10-13,32.1021,2026-06-23T05:29:58.847318+00:00,https://api.mfapi.in/mf/118632
118632,Nippon Large Cap,118632,Nippon India Large Cap Fund - Direct Plan Growth Plan - Growth Option,Nippon India Mutual Fund,Open Ended Schemes,Equity Scheme - Large Cap Fund,2017-10-12,32.0301,2026-06-23T05:29:58.847318+00:00,https://api.mfapi.in/mf/118632
118632,Nippon Large Cap,118632,Nippon India Large Cap Fund - Direct Plan Growth Plan - Growth Option,Nippon India Mutual Fund,Open Ended Schemes,Equity Scheme - Large Cap Fund,2017-10-11,31.7567,2026-06-23T05:29:58.847318+00:00,https://api.mfapi.in/mf/118632
118632,Nippon Large Cap,118632,Nippon India Large Cap Fund - Direct Plan Growth Plan - Growth Option,Nippon India Mutual Fund,Open Ended Schemes,Equity Scheme - Large Cap Fund,2017-10-10,31.9242,2026-06-23T05:29:58.847318+00:00,https://api.mfapi.in/mf/118632
118632,Nippon Large Cap,118632,Nippon India Large Cap Fund - Direct Plan Growth Plan - Growth Option,Nippon India Mutual Fund,Open Ended Schemes,Equity Scheme - Large Cap Fund,2017-10-09,31.8386,2026-06-23T05:29:58.847318+00:00,https://api.mfapi.in/mf/118632
118632,Nippon Large Cap,118632,Nippon India Large Cap Fund - Direct Plan Growth Plan - Growth Option,Nippon India Mutual Fund,Open Ended Schemes,Equity Scheme - Large Cap Fund,2017-10-06,31.8248,2026-06-23T05:29:58.847318+00:00,https://api.mfapi.in/mf/118632
118632,Nippon Large Cap,118632,Nippon India Large Cap Fund - Direct Plan Growth Plan - Growth Option,Nippon India Mutual Fund,Open Ended Schemes,Equity Scheme - Large Cap Fund,2017-10-05,31.483,2026-06-23T05:29:58.847318+00:00,https://api.mfapi.in/mf/118632
118632,Nippon Large Cap,118632,Nippon India Large Cap Fund - Direct Plan Growth Plan - Growth Option,Nippon India Mutual Fund,Open Ended Schemes,Equity Scheme - Large Cap Fund,2017-10-04,31.5247,2026-06-23T05:29:58.847318+00:00,https://api.mfapi.in/mf/118632
118632,Nippon Large Cap,118632,Nippon India Large Cap Fund - Direct Plan Growth Plan - Growth Option,Nippon India Mutual Fund,Open Ended Schemes,Equity Scheme - Large Cap Fund,2017-10-03,31.4069,2026-06-23T05:29:58.847318+00:00,https://api.mfapi.in/mf/118632
118632,Nippon Large Cap,118632,Nippon India Large Cap Fund - Direct Plan Growth Plan - Growth Option,Nippon India Mutual Fund,Open Ended Schemes,Equity Scheme - Large Cap Fund,2017-09-29,31.1989,2026-06-23T05:29:58.847318+00:00,https://api.mfapi.in/mf/118632
118632,Nippon Large Cap,118632,Nippon India Large Cap Fund - Direct Plan Growth Plan - Growth Option,Nippon India Mutual Fund,Open Ended Schemes,Equity Scheme - Large Cap Fund,2017-09-28,31.055,2026-06-23T05:29:58.847318+00:00,https://api.mfapi.in/mf/118632
118632,Nippon Large Cap,118632,Nippon India Large Cap Fund - Direct Plan Growth Plan - Growth Option,Nippon India Mutual Fund,Open Ended Schemes,Equity Scheme - Large Cap Fund,2017-09-27,30.9123,2026-06-23T05:29:58.847318+00:00,https://api.mfapi.in/mf/118632
118632,Nippon Large Cap,118632,Nippon India Large Cap Fund - Direct Plan Growth Plan - Growth Option,Nippon India Mutual Fund,Open Ended Schemes,Equity Scheme - Large Cap Fund,2017-09-26,31.4674,2026-06-23T05:29:58.847318+00:00,https://api.mfapi.in/mf/118632
118632,Nippon Large Cap,118632,Nippon India Large Cap Fund - Direct Plan Growth Plan - Growth Option,Nippon India Mutual Fund,Open Ended Schemes,Equity Scheme - Large Cap Fund,2017-09-25,31.3525,2026-06-23T05:29:58.847318+00:00,https://api.mfapi.in/mf/118632
118632,Nippon Large Cap,118632,Nippon India Large Cap Fund - Direct Plan Growth Plan - Growth Option,Nippon India Mutual Fund,Open Ended Schemes,Equity Scheme - Large Cap Fund,2017-09-22,31.7583,2026-06-23T05:29:58.847318+00:00,https://api.mfapi.in/mf/118632
118632,Nippon Large Cap,118632,Nippon India Large Cap Fund - Direct Plan Growth Plan - Growth Option,Nippon India Mutual Fund,Open Ended Schemes,Equity Scheme - Large Cap Fund,2017-09-21,32.3494,2026-06-23T05:29:58.847318+00:00,https://api.mfapi.in/mf/118632
118632,Nippon Large Cap,118632,Nippon India Large Cap Fund - Direct Plan Growth Plan - Growth Option,Nippon India Mutual Fund,Open Ended Schemes,Equity Scheme - Large Cap Fund,2017-09-20,32.3893,2026-06-23T05:29:58.847318+00:00,https://api.mfapi.in/mf/118632
118632,Nippon Large Cap,118632,Nippon India Large Cap Fund - Direct Plan Growth Plan - Growth Option,Nippon India Mutual Fund,Open Ended Schemes,Equity Scheme - Large Cap Fund,2017-09-19,32.3193,2026-06-23T05:29:58.847318+00:00,https://api.mfapi.in/mf/118632
118632,Nippon Large Cap,118632,Nippon India Large Cap Fund - Direct Plan Growth Plan - Growth Option,Nippon India Mutual Fund,Open Ended Schemes,Equity Scheme - Large Cap Fund,2017-09-18,32.3021,2026-06-23T05:29:58.847318+00:00,https://api.mfapi.in/mf/118632
118632,Nippon Large Cap,118632,Nippon India Large Cap Fund - Direct Plan Growth Plan - Growth Option,Nippon India Mutual Fund,Open Ended Schemes,Equity Scheme - Large Cap Fund,2017-09-15,32.1804,2026-06-23T05:29:58.847318+00:00,https://api.mfapi.in/mf/118632
118632,Nippon Large Cap,118632,Nippon India Large Cap Fund - Direct Plan Growth Plan - Growth Option,Nippon India Mutual Fund,Open Ended Schemes,Equity Scheme - Large Cap Fund,2017-09-14,32.2205,2026-06-23T05:29:58.847318+00:00,https://api.mfapi.in/mf/118632
118632,Nippon Large Cap,118632,Nippon India Large Cap Fund - Direct Plan Growth Plan - Growth Option,Nippon India Mutual Fund,Open Ended Schemes,Equity Scheme - Large Cap Fund,2017-09-13,31.9919,2026-06-23T05:29:58.847318+00:00,https://api.mfapi.in/mf/118632
118632,Nippon Large Cap,118632,Nippon India Large Cap Fund - Direct Plan Growth Plan - Growth Option,Nippon India Mutual Fund,Open Ended Schemes,Equity Scheme - Large Cap Fund,2017-09-12,32.094,2026-06-23T05:29:58.847318+00:00,https://api.mfapi.in/mf/118632
118632,Nippon Large Cap,118632,Nippon India Large Cap Fund - Direct Plan Growth Plan - Growth Option,Nippon India Mutual Fund,Open Ended Schemes,Equity Scheme - Large Cap Fund,2017-09-11,31.6347,2026-06-23T05:29:58.847318+00:00,https://api.mfapi.in/mf/118632
118632,Nippon Large Cap,118632,Nippon India Large Cap Fund - Direct Plan Growth Plan - Growth Option,Nippon India Mutual Fund,Open Ended Schemes,Equity Scheme - Large Cap Fund,2017-09-08,31.4232,2026-06-23T05:29:58.847318+00:00,https://api.mfapi.in/mf/118632
118632,Nippon Large Cap,118632,Nippon India Large Cap Fund - Direct Plan Growth Plan - Growth Option,Nippon India Mutual Fund,Open Ended Schemes,Equity Scheme - Large Cap Fund,2017-09-07,31.4877,2026-06-23T05:29:58.847318+00:00,https://api.mfapi.in/mf/118632
118632,Nippon Large Cap,118632,Nippon India Large Cap Fund - Direct Plan Growth Plan - Growth Option,Nippon India Mutual Fund,Open Ended Schemes,Equity Scheme - Large Cap Fund,2017-09-06,31.3772,2026-06-23T05:29:58.847318+00:00,https://api.mfapi.in/mf/118632
118632,Nippon Large Cap,118632,Nippon India Large Cap Fund - Direct Plan Growth Plan - Growth Option,Nippon India Mutual Fund,Open Ended Schemes,Equity Scheme - Large Cap Fund,2017-09-05,31.5585,2026-06-23T05:29:58.847318+00:00,https://api.mfapi.in/mf/118632
118632,Nippon Large Cap,118632,Nippon India Large Cap Fund - Direct Plan Growth Plan - Growth Option,Nippon India Mutual Fund,Open Ended Schemes,Equity Scheme - Large Cap Fund,2017-09-04,31.4361,2026-06-23T05:29:58.847318+00:00,https://api.mfapi.in/mf/118632
118632,Nippon Large Cap,118632,Nippon India Large Cap Fund - Direct Plan Growth Plan - Growth Option,Nippon India Mutual Fund,Open Ended Schemes,Equity Scheme - Large Cap Fund,2017-09-01,31.6691,2026-06-23T05:29:58.847318+00:00,https://api.mfapi.in/mf/118632
118632,Nippon Large Cap,118632,Nippon India Large Cap Fund - Direct Plan Growth Plan - Growth Option,Nippon India Mutual Fund,Open Ended Schemes,Equity Scheme - Large Cap Fund,2017-08-31,31.4141,2026-06-23T05:29:58.847318+00:00,https://api.mfapi.in/mf/118632
118632,Nippon Large Cap,118632,Nippon India Large Cap Fund - Direct Plan Growth Plan - Growth Option,Nippon India Mutual Fund,Open Ended Schemes,Equity Scheme - Large Cap Fund,2017-08-30,31.4015,2026-06-23T05:29:58.847318+00:00,https://api.mfapi.in/mf/118632
118632,Nippon Large Cap,118632,Nippon India Large Cap Fund - Direct Plan Growth Plan - Growth Option,Nippon India Mutual Fund,Open Ended Schemes,Equity Scheme - Large Cap Fund,2017-08-29,31.1049,2026-06-23T05:29:58.847318+00:00,https://api.mfapi.in/mf/118632
118632,Nippon Large Cap,118632,Nippon India Large Cap Fund - Direct Plan Growth Plan - Growth Option,Nippon India Mutual Fund,Open Ended Schemes,Equity Scheme - Large Cap Fund,2017-08-28,31.4622,2026-06-23T05:29:58.847318+00:00,https://api.mfapi.in/mf/118632
118632,Nippon Large Cap,118632,Nippon India Large Cap Fund - Direct Plan Growth Plan - Growth Option,Nippon India Mutual Fund,Open Ended Schemes,Equity Scheme - Large Cap Fund,2017-08-24,31.2131,2026-06-23T05:29:58.847318+00:00,https://api.mfapi.in/mf/118632
118632,Nippon Large Cap,118632,Nippon India Large Cap Fund - Direct Plan Growth Plan - Growth Option,Nippon India Mutual Fund,Open Ended Schemes,Equity Scheme - Large Cap Fund,2017-08-23,31.1119,2026-06-23T05:29:58.847318+00:00,https://api.mfapi.in/mf/118632
118632,Nippon Large Cap,118632,Nippon India Large Cap Fund - Direct Plan Growth Plan - Growth Option,Nippon India Mutual Fund,Open Ended Schemes,Equity Scheme - Large Cap Fund,2017-08-22,30.7924,2026-06-23T05:29:58.847318+00:00,https://api.mfapi.in/mf/118632
118632,Nippon Large Cap,118632,Nippon India Large Cap Fund - Direct Plan Growth Plan - Growth Option,Nippon India Mutual Fund,Open Ended Schemes,Equity Scheme - Large Cap Fund,2017-08-21,30.7548,2026-06-23T05:29:58.847318+00:00,https://api.mfapi.in/mf/118632
118632,Nippon Large Cap,118632,Nippon India Large Cap Fund - Direct Plan Growth Plan - Growth Option,Nippon India Mutual Fund,Open Ended Schemes,Equity Scheme - Large Cap Fund,2017-08-18,31.117,2026-06-23T05:29:58.847318+00:00,https://api.mfapi.in/mf/118632
118632,Nippon Large Cap,118632,Nippon India Large Cap Fund - Direct Plan Growth Plan - Growth Option,Nippon India Mutual Fund,Open Ended Schemes,Equity Scheme - Large Cap Fund,2017-08-17,31.4255,2026-06-23T05:29:58.847318+00:00,https://api.mfapi.in/mf/118632
118632,Nippon Large Cap,118632,Nippon India Large Cap Fund - Direct Plan Growth Plan - Growth Option,Nippon India Mutual Fund,Open Ended Schemes,Equity Scheme - Large Cap Fund,2017-08-16,31.4207,2026-06-23T05:29:58.847318+00:00,https://api.mfapi.in/mf/118632
118632,Nippon Large Cap,118632,Nippon India Large Cap Fund - Direct Plan Growth Plan - Growth Option,Nippon India Mutual Fund,Open Ended Schemes,Equity Scheme - Large Cap Fund,2017-08-14,31.0202,2026-06-23T05:29:58.847318+00:00,https://api.mfapi.in/mf/118632
118632,Nippon Large Cap,118632,Nippon India Large Cap Fund - Direct Plan Growth Plan - Growth Option,Nippon India Mutual Fund,Open Ended Schemes,Equity Scheme - Large Cap Fund,2017-08-11,30.6617,2026-06-23T05:29:58.847318+00:00,https://api.mfapi.in/mf/118632
118632,Nippon Large Cap,118632,Nippon India Large Cap Fund - Direct Plan Growth Plan - Growth Option,Nippon India Mutual Fund,Open Ended Schemes,Equity Scheme - Large Cap Fund,2017-08-10,30.9067,2026-06-23T05:29:58.847318+00:00,https://api.mfapi.in/mf/118632
118632,Nippon Large Cap,118632,Nippon India Large Cap Fund - Direct Plan Growth Plan - Growth Option,Nippon India Mutual Fund,Open Ended Schemes,Equity Scheme - Large Cap Fund,2017-08-09,31.2446,2026-06-23T05:29:58.847318+00:00,https://api.mfapi.in/mf/118632
118632,Nippon Large Cap,118632,Nippon India Large Cap Fund - Direct Plan Growth Plan - Growth Option,Nippon India Mutual Fund,Open Ended Schemes,Equity Scheme - Large Cap Fund,2017-08-08,31.6179,2026-06-23T05:29:58.847318+00:00,https://api.mfapi.in/mf/118632
118632,Nippon Large Cap,118632,Nippon India Large Cap Fund - Direct Plan Growth Plan - Growth Option,Nippon India Mutual Fund,Open Ended Schemes,Equity Scheme - Large Cap Fund,2017-08-07,31.8846,2026-06-23T05:29:58.847318+00:00,https://api.mfapi.in/mf/118632
118632,Nippon Large Cap,118632,Nippon India Large Cap Fund - Direct Plan Growth Plan - Growth Option,Nippon India Mutual Fund,Open Ended Schemes,Equity Scheme - Large Cap Fund,2017-08-04,31.7571,2026-06-23T05:29:58.847318+00:00,https://api.mfapi.in/mf/118632
118632,Nippon Large Cap,118632,Nippon India Large Cap Fund - Direct Plan Growth Plan - Growth Option,Nippon India Mutual Fund,Open Ended Schemes,Equity Scheme - Large Cap Fund,2017-08-03,31.6737,2026-06-23T05:29:58.847318+00:00,https://api.mfapi.in/mf/118632
118632,Nippon Large Cap,118632,Nippon India Large Cap Fund - Direct Plan Growth Plan - Growth Option,Nippon India Mutual Fund,Open Ended Schemes,Equity Scheme - Large Cap Fund,2017-08-02,32.0117,2026-06-23T05:29:58.847318+00:00,https://api.mfapi.in/mf/118632
118632,Nippon Large Cap,118632,Nippon India Large Cap Fund - Direct Plan Growth Plan - Growth Option,Nippon India Mutual Fund,Open Ended Schemes,Equity Scheme - Large Cap Fund,2017-08-01,32.1063,2026-06-23T05:29:58.847318+00:00,https://api.mfapi.in/mf/118632
118632,Nippon Large Cap,118632,Nippon India Large Cap Fund - Direct Plan Growth Plan - Growth Option,Nippon India Mutual Fund,Open Ended Schemes,Equity Scheme - Large Cap Fund,2017-07-31,32.0535,2026-06-23T05:29:58.847318+00:00,https://api.mfapi.in/mf/118632
118632,Nippon Large Cap,118632,Nippon India Large Cap Fund - Direct Plan Growth Plan - Growth Option,Nippon India Mutual Fund,Open Ended Schemes,Equity Scheme - Large Cap Fund,2017-07-28,31.8224,2026-06-23T05:29:58.847318+00:00,https://api.mfapi.in/mf/118632
118632,Nippon Large Cap,118632,Nippon India Large Cap Fund - Direct Plan Growth Plan - Growth Option,Nippon India Mutual Fund,Open Ended Schemes,Equity Scheme - Large Cap Fund,2017-07-27,31.8026,2026-06-23T05:29:58.847318+00:00,https://api.mfapi.in/mf/118632
118632,Nippon Large Cap,118632,Nippon India Large Cap Fund - Direct Plan Growth Plan - Growth Option,Nippon India Mutual Fund,Open Ended Schemes,Equity Scheme - Large Cap Fund,2017-07-26,31.8441,2026-06-23T05:29:58.847318+00:00,https://api.mfapi.in/mf/118632
118632,Nippon Large Cap,118632,Nippon India Large Cap Fund - Direct Plan Growth Plan - Growth Option,Nippon India Mutual Fund,Open Ended Schemes,Equity Scheme - Large Cap Fund,2017-07-25,31.7053,2026-06-23T05:29:58.847318+00:00,https://api.mfapi.in/mf/118632
118632,Nippon Large Cap,118632,Nippon India Large Cap Fund - Direct Plan Growth Plan - Growth Option,Nippon India Mutual Fund,Open Ended Schemes,Equity Scheme - Large Cap Fund,2017-07-24,31.6634,2026-06-23T05:29:58.847318+00:00,https://api.mfapi.in/mf/118632
118632,Nippon Large Cap,118632,Nippon India Large Cap Fund - Direct Plan Growth Plan - Growth Option,Nippon India Mutual Fund,Open Ended Schemes,Equity Scheme - Large Cap Fund,2017-07-21,31.6364,2026-06-23T05:29:58.847318+00:00,https://api.mfapi.in/mf/118632
118632,Nippon Large Cap,118632,Nippon India Large Cap Fund - Direct Plan Growth Plan - Growth Option,Nippon India Mutual Fund,Open Ended Schemes,Equity Scheme - Large Cap Fund,2017-07-20,31.6109,2026-06-23T05:29:58.847318+00:00,https://api.mfapi.in/mf/118632
118632,Nippon Large Cap,118632,Nippon India Large Cap Fund - Direct Plan Growth Plan - Growth Option,Nippon India Mutual Fund,Open Ended Schemes,Equity Scheme - Large Cap Fund,2017-07-19,31.6947,2026-06-23T05:29:58.847318+00:00,https://api.mfapi.in/mf/118632
118632,Nippon Large Cap,118632,Nippon India Large Cap Fund - Direct Plan Growth Plan - Growth Option,Nippon India Mutual Fund,Open Ended Schemes,Equity Scheme - Large Cap Fund,2017-07-18,31.4552,2026-06-23T05:29:58.847318+00:00,https://api.mfapi.in/mf/118632
118632,Nippon Large Cap,118632,Nippon India Large Cap Fund - Direct Plan Growth Plan - Growth Option,Nippon India Mutual Fund,Open Ended Schemes,Equity Scheme - Large Cap Fund,2017-07-17,31.6883,2026-06-23T05:29:58.847318+00:00,https://api.mfapi.in/mf/118632
118632,Nippon Large Cap,118632,Nippon India Large Cap Fund - Direct Plan Growth Plan - Growth Option,Nippon India Mutual Fund,Open Ended Schemes,Equity Scheme - Large Cap Fund,2017-07-14,31.5794,2026-06-23T05:29:58.847318+00:00,https://api.mfapi.in/mf/118632
118632,Nippon Large Cap,118632,Nippon India Large Cap Fund - Direct Plan Growth Plan - Growth Option,Nippon India Mutual Fund,Open Ended Schemes,Equity Scheme - Large Cap Fund,2017-07-13,31.4959,2026-06-23T05:29:58.847318+00:00,https://api.mfapi.in/mf/118632
118632,Nippon Large Cap,118632,Nippon India Large Cap Fund - Direct Plan Growth Plan - Growth Option,Nippon India Mutual Fund,Open Ended Schemes,Equity Scheme - Large Cap Fund,2017-07-12,31.2596,2026-06-23T05:29:58.847318+00:00,https://api.mfapi.in/mf/118632
118632,Nippon Large Cap,118632,Nippon India Large Cap Fund - Direct Plan Growth Plan - Growth Option,Nippon India Mutual Fund,Open Ended Schemes,Equity Scheme - Large Cap Fund,2017-07-11,31.1432,2026-06-23T05:29:58.847318+00:00,https://api.mfapi.in/mf/118632
118632,Nippon Large Cap,118632,Nippon India Large Cap Fund - Direct Plan Growth Plan - Growth Option,Nippon India Mutual Fund,Open Ended Schemes,Equity Scheme - Large Cap Fund,2017-07-10,31.2073,2026-06-23T05:29:58.847318+00:00,https://api.mfapi.in/mf/118632
118632,Nippon Large Cap,118632,Nippon India Large Cap Fund - Direct Plan Growth Plan - Growth Option,Nippon India Mutual Fund,Open Ended Schemes,Equity Scheme - Large Cap Fund,2017-07-07,30.9141,2026-06-23T05:29:58.847318+00:00,https://api.mfapi.in/mf/118632
118632,Nippon Large Cap,118632,Nippon India Large Cap Fund - Direct Plan Growth Plan - Growth Option,Nippon India Mutual Fund,Open Ended Schemes,Equity Scheme - Large Cap Fund,2017-07-06,30.9183,2026-06-23T05:29:58.847318+00:00,https://api.mfapi.in/mf/118632
118632,Nippon Large Cap,118632,Nippon India Large Cap Fund - Direct Plan Growth Plan - Growth Option,Nippon India Mutual Fund,Open Ended Schemes,Equity Scheme - Large Cap Fund,2017-07-05,30.7453,2026-06-23T05:29:58.847318+00:00,https://api.mfapi.in/mf/118632
118632,Nippon Large Cap,118632,Nippon India Large Cap Fund - Direct Plan Growth Plan - Growth Option,Nippon India Mutual Fund,Open Ended Schemes,Equity Scheme - Large Cap Fund,2017-07-04,30.6469,2026-06-23T05:29:58.847318+00:00,https://api.mfapi.in/mf/118632
118632,Nippon Large Cap,118632,Nippon India Large Cap Fund - Direct Plan Growth Plan - Growth Option,Nippon India Mutual Fund,Open Ended Schemes,Equity Scheme - Large Cap Fund,2017-07-03,30.7076,2026-06-23T05:29:58.847318+00:00,https://api.mfapi.in/mf/118632
118632,Nippon Large Cap,118632,Nippon India Large Cap Fund - Direct Plan Growth Plan - Growth Option,Nippon India Mutual Fund,Open Ended Schemes,Equity Scheme - Large Cap Fund,2017-06-30,30.4672,2026-06-23T05:29:58.847318+00:00,https://api.mfapi.in/mf/118632
118632,Nippon Large Cap,118632,Nippon India Large Cap Fund - Direct Plan Growth Plan - Growth Option,Nippon India Mutual Fund,Open Ended Schemes,Equity Scheme - Large Cap Fund,2017-06-29,30.2774,2026-06-23T05:29:58.847318+00:00,https://api.mfapi.in/mf/118632
118632,Nippon Large Cap,118632,Nippon India Large Cap Fund - Direct Plan Growth Plan - Growth Option,Nippon India Mutual Fund,Open Ended Schemes,Equity Scheme - Large Cap Fund,2017-06-28,30.1719,2026-06-23T05:29:58.847318+00:00,https://api.mfapi.in/mf/118632
118632,Nippon Large Cap,118632,Nippon India Large Cap Fund - Direct Plan Growth Plan - Growth Option,Nippon India Mutual Fund,Open Ended Schemes,Equity Scheme - Large Cap Fund,2017-06-27,30.1895,2026-06-23T05:29:58.847318+00:00,https://api.mfapi.in/mf/118632
118632,Nippon Large Cap,118632,Nippon India Large Cap Fund - Direct Plan Growth Plan - Growth Option,Nippon India Mutual Fund,Open Ended Schemes,Equity Scheme - Large Cap Fund,2017-06-23,30.4523,2026-06-23T05:29:58.847318+00:00,https://api.mfapi.in/mf/118632
118632,Nippon Large Cap,118632,Nippon India Large Cap Fund - Direct Plan Growth Plan - Growth Option,Nippon India Mutual Fund,Open Ended Schemes,Equity Scheme - Large Cap Fund,2017-06-22,30.6326,2026-06-23T05:29:58.847318+00:00,https://api.mfapi.in/mf/118632
118632,Nippon Large Cap,118632,Nippon India Large Cap Fund - Direct Plan Growth Plan - Growth Option,Nippon India Mutual Fund,Open Ended Schemes,Equity Scheme - Large Cap Fund,2017-06-21,30.6339,2026-06-23T05:29:58.847318+00:00,https://api.mfapi.in/mf/118632
118632,Nippon Large Cap,118632,Nippon India Large Cap Fund - Direct Plan Growth Plan - Growth Option,Nippon India Mutual Fund,Open Ended Schemes,Equity Scheme - Large Cap Fund,2017-06-20,30.6466,2026-06-23T05:29:58.847318+00:00,https://api.mfapi.in/mf/118632
118632,Nippon Large Cap,118632,Nippon India Large Cap Fund - Direct Plan Growth Plan - Growth Option,Nippon India Mutual Fund,Open Ended Schemes,Equity Scheme - Large Cap Fund,2017-06-19,30.6373,2026-06-23T05:29:58.847318+00:00,https://api.mfapi.in/mf/118632
118632,Nippon Large Cap,118632,Nippon India Large Cap Fund - Direct Plan Growth Plan - Growth Option,Nippon India Mutual Fund,Open Ended Schemes,Equity Scheme - Large Cap Fund,2017-06-16,30.488,2026-06-23T05:29:58.847318+00:00,https://api.mfapi.in/mf/118632
118632,Nippon Large Cap,118632,Nippon India Large Cap Fund - Direct Plan Growth Plan - Growth Option,Nippon India Mutual Fund,Open Ended Schemes,Equity Scheme - Large Cap Fund,2017-06-15,30.4269,2026-06-23T05:29:58.847318+00:00,https://api.mfapi.in/mf/118632
118632,Nippon Large Cap,118632,Nippon India Large Cap Fund - Direct Plan Growth Plan - Growth Option,Nippon India Mutual Fund,Open Ended Schemes,Equity Scheme - Large Cap Fund,2017-06-14,30.3841,2026-06-23T05:29:58.847318+00:00,https://api.mfapi.in/mf/118632
118632,Nippon Large Cap,118632,Nippon India Large Cap Fund - Direct Plan Growth Plan - Growth Option,Nippon India Mutual Fund,Open Ended Schemes,Equity Scheme - Large Cap Fund,2017-06-13,30.4037,2026-06-23T05:29:58.847318+00:00,https://api.mfapi.in/mf/118632
118632,Nippon Large Cap,118632,Nippon India Large Cap Fund - Direct Plan Growth Plan - Growth Option,Nippon India Mutual Fund,Open Ended Schemes,Equity Scheme - Large Cap Fund,2017-06-12,30.3447,2026-06-23T05:29:58.847318+00:00,https://api.mfapi.in/mf/118632
118632,Nippon Large Cap,118632,Nippon India Large Cap Fund - Direct Plan Growth Plan - Growth Option,Nippon India Mutual Fund,Open Ended Schemes,Equity Scheme - Large Cap Fund,2017-06-09,30.5259,2026-06-23T05:29:58.847318+00:00,https://api.mfapi.in/mf/118632
118632,Nippon Large Cap,118632,Nippon India Large Cap Fund - Direct Plan Growth Plan - Growth Option,Nippon India Mutual Fund,Open Ended Schemes,Equity Scheme - Large Cap Fund,2017-06-08,30.506,2026-06-23T05:29:58.847318+00:00,https://api.mfapi.in/mf/118632
118632,Nippon Large Cap,118632,Nippon India Large Cap Fund - Direct Plan Growth Plan - Growth Option,Nippon India Mutual Fund,Open Ended Schemes,Equity Scheme - Large Cap Fund,2017-06-07,30.4099,2026-06-23T05:29:58.847318+00:00,https://api.mfapi.in/mf/118632
118632,Nippon Large Cap,118632,Nippon India Large Cap Fund - Direct Plan Growth Plan - Growth Option,Nippon India Mutual Fund,Open Ended Schemes,Equity Scheme - Large Cap Fund,2017-06-06,30.229,2026-06-23T05:29:58.847318+00:00,https://api.mfapi.in/mf/118632
118632,Nippon Large Cap,118632,Nippon India Large Cap Fund - Direct Plan Growth Plan - Growth Option,Nippon India Mutual Fund,Open Ended Schemes,Equity Scheme - Large Cap Fund,2017-06-05,30.3514,2026-06-23T05:29:58.847318+00:00,https://api.mfapi.in/mf/118632
118632,Nippon Large Cap,118632,Nippon India Large Cap Fund - Direct Plan Growth Plan - Growth Option,Nippon India Mutual Fund,Open Ended Schemes,Equity Scheme - Large Cap Fund,2017-06-02,30.3031,2026-06-23T05:29:58.847318+00:00,https://api.mfapi.in/mf/118632
118632,Nippon Large Cap,118632,Nippon India Large Cap Fund - Direct Plan Growth Plan - Growth Option,Nippon India Mutual Fund,Open Ended Schemes,Equity Scheme - Large Cap Fund,2017-06-01,30.1327,2026-06-23T05:29:58.847318+00:00,https://api.mfapi.in/mf/118632
118632,Nippon Large Cap,118632,Nippon India Large Cap Fund - Direct Plan Growth Plan - Growth Option,Nippon India Mutual Fund,Open Ended Schemes,Equity Scheme - Large Cap Fund,2017-05-31,30.1017,2026-06-23T05:29:58.847318+00:00,https://api.mfapi.in/mf/118632
118632,Nippon Large Cap,118632,Nippon India Large Cap Fund - Direct Plan Growth Plan - Growth Option,Nippon India Mutual Fund,Open Ended Schemes,Equity Scheme - Large Cap Fund,2017-05-30,29.9735,2026-06-23T05:29:58.847318+00:00,https://api.mfapi.in/mf/118632
118632,Nippon Large Cap,118632,Nippon India Large Cap Fund - Direct Plan Growth Plan - Growth Option,Nippon India Mutual Fund,Open Ended Schemes,Equity Scheme - Large Cap Fund,2017-05-29,29.8361,2026-06-23T05:29:58.847318+00:00,https://api.mfapi.in/mf/118632
118632,Nippon Large Cap,118632,Nippon India Large Cap Fund - Direct Plan Growth Plan - Growth Option,Nippon India Mutual Fund,Open Ended Schemes,Equity Scheme - Large Cap Fund,2017-05-26,29.9662,2026-06-23T05:29:58.847318+00:00,https://api.mfapi.in/mf/118632
118632,Nippon Large Cap,118632,Nippon India Large Cap Fund - Direct Plan Growth Plan - Growth Option,Nippon India Mutual Fund,Open Ended Schemes,Equity Scheme - Large Cap Fund,2017-05-25,29.59,2026-06-23T05:29:58.847318+00:00,https://api.mfapi.in/mf/118632
118632,Nippon Large Cap,118632,Nippon India Large Cap Fund - Direct Plan Growth Plan - Growth Option,Nippon India Mutual Fund,Open Ended Schemes,Equity Scheme - Large Cap Fund,2017-05-24,29.1671,2026-06-23T05:29:58.847318+00:00,https://api.mfapi.in/mf/118632
118632,Nippon Large Cap,118632,Nippon India Large Cap Fund - Direct Plan Growth Plan - Growth Option,Nippon India Mutual Fund,Open Ended Schemes,Equity Scheme - Large Cap Fund,2017-05-23,29.4538,2026-06-23T05:29:58.847318+00:00,https://api.mfapi.in/mf/118632
118632,Nippon Large Cap,118632,Nippon India Large Cap Fund - Direct Plan Growth Plan - Growth Option,Nippon India Mutual Fund,Open Ended Schemes,Equity Scheme - Large Cap Fund,2017-05-22,29.7612,2026-06-23T05:29:58.847318+00:00,https://api.mfapi.in/mf/118632
118632,Nippon Large Cap,118632,Nippon India Large Cap Fund - Direct Plan Growth Plan - Growth Option,Nippon India Mutual Fund,Open Ended Schemes,Equity Scheme - Large Cap Fund,2017-05-19,29.8971,2026-06-23T05:29:58.847318+00:00,https://api.mfapi.in/mf/118632
118632,Nippon Large Cap,118632,Nippon India Large Cap Fund - Direct Plan Growth Plan - Growth Option,Nippon India Mutual Fund,Open Ended Schemes,Equity Scheme - Large Cap Fund,2017-05-18,29.9507,2026-06-23T05:29:58.847318+00:00,https://api.mfapi.in/mf/118632
118632,Nippon Large Cap,118632,Nippon India Large Cap Fund - Direct Plan Growth Plan - Growth Option,Nippon India Mutual Fund,Open Ended Schemes,Equity Scheme - Large Cap Fund,2017-05-17,30.3774,2026-06-23T05:29:58.847318+00:00,https://api.mfapi.in/mf/118632
118632,Nippon Large Cap,118632,Nippon India Large Cap Fund - Direct Plan Growth Plan - Growth Option,Nippon India Mutual Fund,Open Ended Schemes,Equity Scheme - Large Cap Fund,2017-05-16,30.3329,2026-06-23T05:29:58.847318+00:00,https://api.mfapi.in/mf/118632
118632,Nippon Large Cap,118632,Nippon India Large Cap Fund - Direct Plan Growth Plan - Growth Option,Nippon India Mutual Fund,Open Ended Schemes,Equity Scheme - Large Cap Fund,2017-05-15,30.1935,2026-06-23T05:29:58.847318+00:00,https://api.mfapi.in/mf/118632
118632,Nippon Large Cap,118632,Nippon India Large Cap Fund - Direct Plan Growth Plan - Growth Option,Nippon India Mutual Fund,Open Ended Schemes,Equity Scheme - Large Cap Fund,2017-05-12,29.9322,2026-06-23T05:29:58.847318+00:00,https://api.mfapi.in/mf/118632
118632,Nippon Large Cap,118632,Nippon India Large Cap Fund - Direct Plan Growth Plan - Growth Option,Nippon India Mutual Fund,Open Ended Schemes,Equity Scheme - Large Cap Fund,2017-05-11,30.031,2026-06-23T05:29:58.847318+00:00,https://api.mfapi.in/mf/118632
118632,Nippon Large Cap,118632,Nippon India Large Cap Fund - Direct Plan Growth Plan - Growth Option,Nippon India Mutual Fund,Open Ended Schemes,Equity Scheme - Large Cap Fund,2017-05-10,29.9594,2026-06-23T05:29:58.847318+00:00,https://api.mfapi.in/mf/118632
118632,Nippon Large Cap,118632,Nippon India Large Cap Fund - Direct Plan Growth Plan - Growth Option,Nippon India Mutual Fund,Open Ended Schemes,Equity Scheme - Large Cap Fund,2017-05-09,29.6765,2026-06-23T05:29:58.847318+00:00,https://api.mfapi.in/mf/118632
118632,Nippon Large Cap,118632,Nippon India Large Cap Fund - Direct Plan Growth Plan - Growth Option,Nippon India Mutual Fund,Open Ended Schemes,Equity Scheme - Large Cap Fund,2017-05-08,29.5504,2026-06-23T05:29:58.847318+00:00,https://api.mfapi.in/mf/118632
118632,Nippon Large Cap,118632,Nippon India Large Cap Fund - Direct Plan Growth Plan - Growth Option,Nippon India Mutual Fund,Open Ended Schemes,Equity Scheme - Large Cap Fund,2017-05-05,29.4109,2026-06-23T05:29:58.847318+00:00,https://api.mfapi.in/mf/118632
118632,Nippon Large Cap,118632,Nippon India Large Cap Fund - Direct Plan Growth Plan - Growth Option,Nippon India Mutual Fund,Open Ended Schemes,Equity Scheme - Large Cap Fund,2017-05-04,29.6105,2026-06-23T05:29:58.847318+00:00,https://api.mfapi.in/mf/118632
118632,Nippon Large Cap,118632,Nippon India Large Cap Fund - Direct Plan Growth Plan - Growth Option,Nippon India Mutual Fund,Open Ended Schemes,Equity Scheme - Large Cap Fund,2017-05-03,29.4667,2026-06-23T05:29:58.847318+00:00,https://api.mfapi.in/mf/118632
118632,Nippon Large Cap,118632,Nippon India Large Cap Fund - Direct Plan Growth Plan - Growth Option,Nippon India Mutual Fund,Open Ended Schemes,Equity Scheme - Large Cap Fund,2017-05-02,29.46,2026-06-23T05:29:58.847318+00:00,https://api.mfapi.in/mf/118632
118632,Nippon Large Cap,118632,Nippon India Large Cap Fund - Direct Plan Growth Plan - Growth Option,Nippon India Mutual Fund,Open Ended Schemes,Equity Scheme - Large Cap Fund,2017-04-28,29.4278,2026-06-23T05:29:58.847318+00:00,https://api.mfapi.in/mf/118632
118632,Nippon Large Cap,118632,Nippon India Large Cap Fund - Direct Plan Growth Plan - Growth Option,Nippon India Mutual Fund,Open Ended Schemes,Equity Scheme - Large Cap Fund,2017-04-27,29.4387,2026-06-23T05:29:58.847318+00:00,https://api.mfapi.in/mf/118632
118632,Nippon Large Cap,118632,Nippon India Large Cap Fund - Direct Plan Growth Plan - Growth Option,Nippon India Mutual Fund,Open Ended Schemes,Equity Scheme - Large Cap Fund,2017-04-26,29.5173,2026-06-23T05:29:58.847318+00:00,https://api.mfapi.in/mf/118632
118632,Nippon Large Cap,118632,Nippon India Large Cap Fund - Direct Plan Growth Plan - Growth Option,Nippon India Mutual Fund,Open Ended Schemes,Equity Scheme - Large Cap Fund,2017-04-25,29.3921,2026-06-23T05:29:58.847318+00:00,https://api.mfapi.in/mf/118632
118632,Nippon Large Cap,118632,Nippon India Large Cap Fund - Direct Plan Growth Plan - Growth Option,Nippon India Mutual Fund,Open Ended Schemes,Equity Scheme - Large Cap Fund,2017-04-24,29.1286,2026-06-23T05:29:58.847318+00:00,https://api.mfapi.in/mf/118632
118632,Nippon Large Cap,118632,Nippon India Large Cap Fund - Direct Plan Growth Plan - Growth Option,Nippon India Mutual Fund,Open Ended Schemes,Equity Scheme - Large Cap Fund,2017-04-21,28.8038,2026-06-23T05:29:58.847318+00:00,https://api.mfapi.in/mf/118632
118632,Nippon Large Cap,118632,Nippon India Large Cap Fund - Direct Plan Growth Plan - Growth Option,Nippon India Mutual Fund,Open Ended Schemes,Equity Scheme - Large Cap Fund,2017-04-20,28.863,2026-06-23T05:29:58.847318+00:00,https://api.mfapi.in/mf/118632
118632,Nippon Large Cap,118632,Nippon India Large Cap Fund - Direct Plan Growth Plan - Growth Option,Nippon India Mutual Fund,Open Ended Schemes,Equity Scheme - Large Cap Fund,2017-04-19,28.7578,2026-06-23T05:29:58.847318+00:00,https://api.mfapi.in/mf/118632
118632,Nippon Large Cap,118632,Nippon India Large Cap Fund - Direct Plan Growth Plan - Growth Option,Nippon India Mutual Fund,Open Ended Schemes,Equity Scheme - Large Cap Fund,2017-04-18,28.7691,2026-06-23T05:29:58.847318+00:00,https://api.mfapi.in/mf/118632
118632,Nippon Large Cap,118632,Nippon India Large Cap Fund - Direct Plan Growth Plan - Growth Option,Nippon India Mutual Fund,Open Ended Schemes,Equity Scheme - Large Cap Fund,2017-04-17,28.9722,2026-06-23T05:29:58.847318+00:00,https://api.mfapi.in/mf/118632
118632,Nippon Large Cap,118632,Nippon India Large Cap Fund - Direct Plan Growth Plan - Growth Option,Nippon India Mutual Fund,Open Ended Schemes,Equity Scheme - Large Cap Fund,2017-04-13,29.0791,2026-06-23T05:29:58.847318+00:00,https://api.mfapi.in/mf/118632
118632,Nippon Large Cap,118632,Nippon India Large Cap Fund - Direct Plan Growth Plan - Growth Option,Nippon India Mutual Fund,Open Ended Schemes,Equity Scheme - Large Cap Fund,2017-04-12,29.2211,2026-06-23T05:29:58.847318+00:00,https://api.mfapi.in/mf/118632
118632,Nippon Large Cap,118632,Nippon India Large Cap Fund - Direct Plan Growth Plan - Growth Option,Nippon India Mutual Fund,Open Ended Schemes,Equity Scheme - Large Cap Fund,2017-04-11,29.3229,2026-06-23T05:29:58.847318+00:00,https://api.mfapi.in/mf/118632
118632,Nippon Large Cap,118632,Nippon India Large Cap Fund - Direct Plan Growth Plan - Growth Option,Nippon India Mutual Fund,Open Ended Schemes,Equity Scheme - Large Cap Fund,2017-04-10,29.0389,2026-06-23T05:29:58.847318+00:00,https://api.mfapi.in/mf/118632
118632,Nippon Large Cap,118632,Nippon India Large Cap Fund - Direct Plan Growth Plan - Growth Option,Nippon India Mutual Fund,Open Ended Schemes,Equity Scheme - Large Cap Fund,2017-04-07,28.95,2026-06-23T05:29:58.847318+00:00,https://api.mfapi.in/mf/118632
118632,Nippon Large Cap,118632,Nippon India Large Cap Fund - Direct Plan Growth Plan - Growth Option,Nippon India Mutual Fund,Open Ended Schemes,Equity Scheme - Large Cap Fund,2017-04-06,28.9812,2026-06-23T05:29:58.847318+00:00,https://api.mfapi.in/mf/118632
118632,Nippon Large Cap,118632,Nippon India Large Cap Fund - Direct Plan Growth Plan - Growth Option,Nippon India Mutual Fund,Open Ended Schemes,Equity Scheme - Large Cap Fund,2017-04-05,29.0429,2026-06-23T05:29:58.847318+00:00,https://api.mfapi.in/mf/118632
118632,Nippon Large Cap,118632,Nippon India Large Cap Fund - Direct Plan Growth Plan - Growth Option,Nippon India Mutual Fund,Open Ended Schemes,Equity Scheme - Large Cap Fund,2017-04-03,28.911,2026-06-23T05:29:58.847318+00:00,https://api.mfapi.in/mf/118632
118632,Nippon Large Cap,118632,Nippon India Large Cap Fund - Direct Plan Growth Plan - Growth Option,Nippon India Mutual Fund,Open Ended Schemes,Equity Scheme - Large Cap Fund,2017-03-31,28.6533,2026-06-23T05:29:58.847318+00:00,https://api.mfapi.in/mf/118632
118632,Nippon Large Cap,118632,Nippon India Large Cap Fund - Direct Plan Growth Plan - Growth Option,Nippon India Mutual Fund,Open Ended Schemes,Equity Scheme - Large Cap Fund,2017-03-30,28.5509,2026-06-23T05:29:58.847318+00:00,https://api.mfapi.in/mf/118632
118632,Nippon Large Cap,118632,Nippon India Large Cap Fund - Direct Plan Growth Plan - Growth Option,Nippon India Mutual Fund,Open Ended Schemes,Equity Scheme - Large Cap Fund,2017-03-29,28.4492,2026-06-23T05:29:58.847318+00:00,https://api.mfapi.in/mf/118632
118632,Nippon Large Cap,118632,Nippon India Large Cap Fund - Direct Plan Growth Plan - Growth Option,Nippon India Mutual Fund,Open Ended Schemes,Equity Scheme - Large Cap Fund,2017-03-28,28.3246,2026-06-23T05:29:58.847318+00:00,https://api.mfapi.in/mf/118632
118632,Nippon Large Cap,118632,Nippon India Large Cap Fund - Direct Plan Growth Plan - Growth Option,Nippon India Mutual Fund,Open Ended Schemes,Equity Scheme - Large Cap Fund,2017-03-27,28.1739,2026-06-23T05:29:58.847318+00:00,https://api.mfapi.in/mf/118632
118632,Nippon Large Cap,118632,Nippon India Large Cap Fund - Direct Plan Growth Plan - Growth Option,Nippon India Mutual Fund,Open Ended Schemes,Equity Scheme - Large Cap Fund,2017-03-24,28.2564,2026-06-23T05:29:58.847318+00:00,https://api.mfapi.in/mf/118632
118632,Nippon Large Cap,118632,Nippon India Large Cap Fund - Direct Plan Growth Plan - Growth Option,Nippon India Mutual Fund,Open Ended Schemes,Equity Scheme - Large Cap Fund,2017-03-23,28.1365,2026-06-23T05:29:58.847318+00:00,https://api.mfapi.in/mf/118632
118632,Nippon Large Cap,118632,Nippon India Large Cap Fund - Direct Plan Growth Plan - Growth Option,Nippon India Mutual Fund,Open Ended Schemes,Equity Scheme - Large Cap Fund,2017-03-22,27.8971,2026-06-23T05:29:58.847318+00:00,https://api.mfapi.in/mf/118632
118632,Nippon Large Cap,118632,Nippon India Large Cap Fund - Direct Plan Growth Plan - Growth Option,Nippon India Mutual Fund,Open Ended Schemes,Equity Scheme - Large Cap Fund,2017-03-21,28.1844,2026-06-23T05:29:58.847318+00:00,https://api.mfapi.in/mf/118632
118632,Nippon Large Cap,118632,Nippon India Large Cap Fund - Direct Plan Growth Plan - Growth Option,Nippon India Mutual Fund,Open Ended Schemes,Equity Scheme - Large Cap Fund,2017-03-20,28.2515,2026-06-23T05:29:58.847318+00:00,https://api.mfapi.in/mf/118632
118632,Nippon Large Cap,118632,Nippon India Large Cap Fund - Direct Plan Growth Plan - Growth Option,Nippon India Mutual Fund,Open Ended Schemes,Equity Scheme - Large Cap Fund,2017-03-17,28.292,2026-06-23T05:29:58.847318+00:00,https://api.mfapi.in/mf/118632
118632,Nippon Large Cap,118632,Nippon India Large Cap Fund - Direct Plan Growth Plan - Growth Option,Nippon India Mutual Fund,Open Ended Schemes,Equity Scheme - Large Cap Fund,2017-03-16,28.2994,2026-06-23T05:29:58.847318+00:00,https://api.mfapi.in/mf/118632
118632,Nippon Large Cap,118632,Nippon India Large Cap Fund - Direct Plan Growth Plan - Growth Option,Nippon India Mutual Fund,Open Ended Schemes,Equity Scheme - Large Cap Fund,2017-03-15,28.0499,2026-06-23T05:29:58.847318+00:00,https://api.mfapi.in/mf/118632
118632,Nippon Large Cap,118632,Nippon India Large Cap Fund - Direct Plan Growth Plan - Growth Option,Nippon India Mutual Fund,Open Ended Schemes,Equity Scheme - Large Cap Fund,2017-03-14,27.9109,2026-06-23T05:29:58.847318+00:00,https://api.mfapi.in/mf/118632
118632,Nippon Large Cap,118632,Nippon India Large Cap Fund - Direct Plan Growth Plan - Growth Option,Nippon India Mutual Fund,Open Ended Schemes,Equity Scheme - Large Cap Fund,2017-03-10,27.4825,2026-06-23T05:29:58.847318+00:00,https://api.mfapi.in/mf/118632
118632,Nippon Large Cap,118632,Nippon India Large Cap Fund - Direct Plan Growth Plan - Growth Option,Nippon India Mutual Fund,Open Ended Schemes,Equity Scheme - Large Cap Fund,2017-03-09,27.4788,2026-06-23T05:29:58.847318+00:00,https://api.mfapi.in/mf/118632
118632,Nippon Large Cap,118632,Nippon India Large Cap Fund - Direct Plan Growth Plan - Growth Option,Nippon India Mutual Fund,Open Ended Schemes,Equity Scheme - Large Cap Fund,2017-03-08,27.5182,2026-06-23T05:29:58.847318+00:00,https://api.mfapi.in/mf/118632
118632,Nippon Large Cap,118632,Nippon India Large Cap Fund - Direct Plan Growth Plan - Growth Option,Nippon India Mutual Fund,Open Ended Schemes,Equity Scheme - Large Cap Fund,2017-03-07,27.5637,2026-06-23T05:29:58.847318+00:00,https://api.mfapi.in/mf/118632
118632,Nippon Large Cap,118632,Nippon India Large Cap Fund - Direct Plan Growth Plan - Growth Option,Nippon India Mutual Fund,Open Ended Schemes,Equity Scheme - Large Cap Fund,2017-03-06,27.673,2026-06-23T05:29:58.847318+00:00,https://api.mfapi.in/mf/118632
118632,Nippon Large Cap,118632,Nippon India Large Cap Fund - Direct Plan Growth Plan - Growth Option,Nippon India Mutual Fund,Open Ended Schemes,Equity Scheme - Large Cap Fund,2017-03-03,27.4886,2026-06-23T05:29:58.847318+00:00,https://api.mfapi.in/mf/118632
118632,Nippon Large Cap,118632,Nippon India Large Cap Fund - Direct Plan Growth Plan - Growth Option,Nippon India Mutual Fund,Open Ended Schemes,Equity Scheme - Large Cap Fund,2017-03-02,27.4685,2026-06-23T05:29:58.847318+00:00,https://api.mfapi.in/mf/118632
118632,Nippon Large Cap,118632,Nippon India Large Cap Fund - Direct Plan Growth Plan - Growth Option,Nippon India Mutual Fund,Open Ended Schemes,Equity Scheme - Large Cap Fund,2017-03-01,27.7667,2026-06-23T05:29:58.847318+00:00,https://api.mfapi.in/mf/118632
118632,Nippon Large Cap,118632,Nippon India Large Cap Fund - Direct Plan Growth Plan - Growth Option,Nippon India Mutual Fund,Open Ended Schemes,Equity Scheme - Large Cap Fund,2017-02-28,27.5949,2026-06-23T05:29:58.847318+00:00,https://api.mfapi.in/mf/118632
118632,Nippon Large Cap,118632,Nippon India Large Cap Fund - Direct Plan Growth Plan - Growth Option,Nippon India Mutual Fund,Open Ended Schemes,Equity Scheme - Large Cap Fund,2017-02-27,27.5559,2026-06-23T05:29:58.847318+00:00,https://api.mfapi.in/mf/118632
118632,Nippon Large Cap,118632,Nippon India Large Cap Fund - Direct Plan Growth Plan - Growth Option,Nippon India Mutual Fund,Open Ended Schemes,Equity Scheme - Large Cap Fund,2017-02-23,27.6276,2026-06-23T05:29:58.847318+00:00,https://api.mfapi.in/mf/118632
118632,Nippon Large Cap,118632,Nippon India Large Cap Fund - Direct Plan Growth Plan - Growth Option,Nippon India Mutual Fund,Open Ended Schemes,Equity Scheme - Large Cap Fund,2017-02-22,27.6601,2026-06-23T05:29:58.847318+00:00,https://api.mfapi.in/mf/118632
118632,Nippon Large Cap,118632,Nippon India Large Cap Fund - Direct Plan Growth Plan - Growth Option,Nippon India Mutual Fund,Open Ended Schemes,Equity Scheme - Large Cap Fund,2017-02-21,27.683,2026-06-23T05:29:58.847318+00:00,https://api.mfapi.in/mf/118632
118632,Nippon Large Cap,118632,Nippon India Large Cap Fund - Direct Plan Growth Plan - Growth Option,Nippon India Mutual Fund,Open Ended Schemes,Equity Scheme - Large Cap Fund,2017-02-20,27.5539,2026-06-23T05:29:58.847318+00:00,https://api.mfapi.in/mf/118632
118632,Nippon Large Cap,118632,Nippon India Large Cap Fund - Direct Plan Growth Plan - Growth Option,Nippon India Mutual Fund,Open Ended Schemes,Equity Scheme - Large Cap Fund,2017-02-17,27.4476,2026-06-23T05:29:58.847318+00:00,https://api.mfapi.in/mf/118632
118632,Nippon Large Cap,118632,Nippon India Large Cap Fund - Direct Plan Growth Plan - Growth Option,Nippon India Mutual Fund,Open Ended Schemes,Equity Scheme - Large Cap Fund,2017-02-16,27.3213,2026-06-23T05:29:58.847318+00:00,https://api.mfapi.in/mf/118632
118632,Nippon Large Cap,118632,Nippon India Large Cap Fund - Direct Plan Growth Plan - Growth Option,Nippon India Mutual Fund,Open Ended Schemes,Equity Scheme - Large Cap Fund,2017-02-15,26.9386,2026-06-23T05:29:58.847318+00:00,https://api.mfapi.in/mf/118632
118632,Nippon Large Cap,118632,Nippon India Large Cap Fund - Direct Plan Growth Plan - Growth Option,Nippon India Mutual Fund,Open Ended Schemes,Equity Scheme - Large Cap Fund,2017-02-14,27.1432,2026-06-23T05:29:58.847318+00:00,https://api.mfapi.in/mf/118632
118632,Nippon Large Cap,118632,Nippon India Large Cap Fund - Direct Plan Growth Plan - Growth Option,Nippon India Mutual Fund,Open Ended Schemes,Equity Scheme - Large Cap Fund,2017-02-13,27.141,2026-06-23T05:29:58.847318+00:00,https://api.mfapi.in/mf/118632
118632,Nippon Large Cap,118632,Nippon India Large Cap Fund - Direct Plan Growth Plan - Growth Option,Nippon India Mutual Fund,Open Ended Schemes,Equity Scheme - Large Cap Fund,2017-02-10,27.1467,2026-06-23T05:29:58.847318+00:00,https://api.mfapi.in/mf/118632
118632,Nippon Large Cap,118632,Nippon India Large Cap Fund - Direct Plan Growth Plan - Growth Option,Nippon India Mutual Fund,Open Ended Schemes,Equity Scheme - Large Cap Fund,2017-02-09,27.1861,2026-06-23T05:29:58.847318+00:00,https://api.mfapi.in/mf/118632
118632,Nippon Large Cap,118632,Nippon India Large Cap Fund - Direct Plan Growth Plan - Growth Option,Nippon India Mutual Fund,Open Ended Schemes,Equity Scheme - Large Cap Fund,2017-02-08,27.077,2026-06-23T05:29:58.847318+00:00,https://api.mfapi.in/mf/118632
118632,Nippon Large Cap,118632,Nippon India Large Cap Fund - Direct Plan Growth Plan - Growth Option,Nippon India Mutual Fund,Open Ended Schemes,Equity Scheme - Large Cap Fund,2017-02-07,27.0582,2026-06-23T05:29:58.847318+00:00,https://api.mfapi.in/mf/118632
118632,Nippon Large Cap,118632,Nippon India Large Cap Fund - Direct Plan Growth Plan - Growth Option,Nippon India Mutual Fund,Open Ended Schemes,Equity Scheme - Large Cap Fund,2017-02-06,27.1466,2026-06-23T05:29:58.847318+00:00,https://api.mfapi.in/mf/118632
118632,Nippon Large Cap,118632,Nippon India Large Cap Fund - Direct Plan Growth Plan - Growth Option,Nippon India Mutual Fund,Open Ended Schemes,Equity Scheme - Large Cap Fund,2017-02-03,26.8479,2026-06-23T05:29:58.847318+00:00,https://api.mfapi.in/mf/118632
118632,Nippon Large Cap,118632,Nippon India Large Cap Fund - Direct Plan Growth Plan - Growth Option,Nippon India Mutual Fund,Open Ended Schemes,Equity Scheme - Large Cap Fund,2017-02-02,26.8202,2026-06-23T05:29:58.847318+00:00,https://api.mfapi.in/mf/118632
118632,Nippon Large Cap,118632,Nippon India Large Cap Fund - Direct Plan Growth Plan - Growth Option,Nippon India Mutual Fund,Open Ended Schemes,Equity Scheme - Large Cap Fund,2017-02-01,26.6348,2026-06-23T05:29:58.847318+00:00,https://api.mfapi.in/mf/118632
118632,Nippon Large Cap,118632,Nippon India Large Cap Fund - Direct Plan Growth Plan - Growth Option,Nippon India Mutual Fund,Open Ended Schemes,Equity Scheme - Large Cap Fund,2017-01-31,26.0445,2026-06-23T05:29:58.847318+00:00,https://api.mfapi.in/mf/118632
118632,Nippon Large Cap,118632,Nippon India Large Cap Fund - Direct Plan Growth Plan - Growth Option,Nippon India Mutual Fund,Open Ended Schemes,Equity Scheme - Large Cap Fund,2017-01-30,26.3299,2026-06-23T05:29:58.847318+00:00,https://api.mfapi.in/mf/118632
118632,Nippon Large Cap,118632,Nippon India Large Cap Fund - Direct Plan Growth Plan - Growth Option,Nippon India Mutual Fund,Open Ended Schemes,Equity Scheme - Large Cap Fund,2017-01-27,26.371,2026-06-23T05:29:58.847318+00:00,https://api.mfapi.in/mf/118632
118632,Nippon Large Cap,118632,Nippon India Large Cap Fund - Direct Plan Growth Plan - Growth Option,Nippon India Mutual Fund,Open Ended Schemes,Equity Scheme - Large Cap Fund,2017-01-25,26.1145,2026-06-23T05:29:58.847318+00:00,https://api.mfapi.in/mf/118632
118632,Nippon Large Cap,118632,Nippon India Large Cap Fund - Direct Plan Growth Plan - Growth Option,Nippon India Mutual Fund,Open Ended Schemes,Equity Scheme - Large Cap Fund,2017-01-24,25.8993,2026-06-23T05:29:58.847318+00:00,https://api.mfapi.in/mf/118632
118632,Nippon Large Cap,118632,Nippon India Large Cap Fund - Direct Plan Growth Plan - Growth Option,Nippon India Mutual Fund,Open Ended Schemes,Equity Scheme - Large Cap Fund,2017-01-23,25.6994,2026-06-23T05:29:58.847318+00:00,https://api.mfapi.in/mf/118632
118632,Nippon Large Cap,118632,Nippon India Large Cap Fund - Direct Plan Growth Plan - Growth Option,Nippon India Mutual Fund,Open Ended Schemes,Equity Scheme - Large Cap Fund,2017-01-20,25.5789,2026-06-23T05:29:58.847318+00:00,https://api.mfapi.in/mf/118632
118632,Nippon Large Cap,118632,Nippon India Large Cap Fund - Direct Plan Growth Plan - Growth Option,Nippon India Mutual Fund,Open Ended Schemes,Equity Scheme - Large Cap Fund,2017-01-19,25.9411,2026-06-23T05:29:58.847318+00:00,https://api.mfapi.in/mf/118632
118632,Nippon Large Cap,118632,Nippon India Large Cap Fund - Direct Plan Growth Plan - Growth Option,Nippon India Mutual Fund,Open Ended Schemes,Equity Scheme - Large Cap Fund,2017-01-18,25.7876,2026-06-23T05:29:58.847318+00:00,https://api.mfapi.in/mf/118632
118632,Nippon Large Cap,118632,Nippon India Large Cap Fund - Direct Plan Growth Plan - Growth Option,Nippon India Mutual Fund,Open Ended Schemes,Equity Scheme - Large Cap Fund,2017-01-17,25.626,2026-06-23T05:29:58.847318+00:00,https://api.mfapi.in/mf/118632
118632,Nippon Large Cap,118632,Nippon India Large Cap Fund - Direct Plan Growth Plan - Growth Option,Nippon India Mutual Fund,Open Ended Schemes,Equity Scheme - Large Cap Fund,2017-01-16,25.6849,2026-06-23T05:29:58.847318+00:00,https://api.mfapi.in/mf/118632
118632,Nippon Large Cap,118632,Nippon India Large Cap Fund - Direct Plan Growth Plan - Growth Option,Nippon India Mutual Fund,Open Ended Schemes,Equity Scheme - Large Cap Fund,2017-01-13,25.6832,2026-06-23T05:29:58.847318+00:00,https://api.mfapi.in/mf/118632
118632,Nippon Large Cap,118632,Nippon India Large Cap Fund - Direct Plan Growth Plan - Growth Option,Nippon India Mutual Fund,Open Ended Schemes,Equity Scheme - Large Cap Fund,2017-01-12,25.6686,2026-06-23T05:29:58.847318+00:00,https://api.mfapi.in/mf/118632
118632,Nippon Large Cap,118632,Nippon India Large Cap Fund - Direct Plan Growth Plan - Growth Option,Nippon India Mutual Fund,Open Ended Schemes,Equity Scheme - Large Cap Fund,2017-01-11,25.5653,2026-06-23T05:29:58.847318+00:00,https://api.mfapi.in/mf/118632
118632,Nippon Large Cap,118632,Nippon India Large Cap Fund - Direct Plan Growth Plan - Growth Option,Nippon India Mutual Fund,Open Ended Schemes,Equity Scheme - Large Cap Fund,2017-01-10,25.3305,2026-06-23T05:29:58.847318+00:00,https://api.mfapi.in/mf/118632
118632,Nippon Large Cap,118632,Nippon India Large Cap Fund - Direct Plan Growth Plan - Growth Option,Nippon India Mutual Fund,Open Ended Schemes,Equity Scheme - Large Cap Fund,2017-01-09,25.0859,2026-06-23T05:29:58.847318+00:00,https://api.mfapi.in/mf/118632
118632,Nippon Large Cap,118632,Nippon India Large Cap Fund - Direct Plan Growth Plan - Growth Option,Nippon India Mutual Fund,Open Ended Schemes,Equity Scheme - Large Cap Fund,2017-01-06,25.0766,2026-06-23T05:29:58.847318+00:00,https://api.mfapi.in/mf/118632
118632,Nippon Large Cap,118632,Nippon India Large Cap Fund - Direct Plan Growth Plan - Growth Option,Nippon India Mutual Fund,Open Ended Schemes,Equity Scheme - Large Cap Fund,2017-01-05,25.1755,2026-06-23T05:29:58.847318+00:00,https://api.mfapi.in/mf/118632
118632,Nippon Large Cap,118632,Nippon India Large Cap Fund - Direct Plan Growth Plan - Growth Option,Nippon India Mutual Fund,Open Ended Schemes,Equity Scheme - Large Cap Fund,2017-01-04,24.9821,2026-06-23T05:29:58.847318+00:00,https://api.mfapi.in/mf/118632
118632,Nippon Large Cap,118632,Nippon India Large Cap Fund - Direct Plan Growth Plan - Growth Option,Nippon India Mutual Fund,Open Ended Schemes,Equity Scheme - Large Cap Fund,2017-01-03,25.0489,2026-06-23T05:29:58.847318+00:00,https://api.mfapi.in/mf/118632
118632,Nippon Large Cap,118632,Nippon India Large Cap Fund - Direct Plan Growth Plan - Growth Option,Nippon India Mutual Fund,Open Ended Schemes,Equity Scheme - Large Cap Fund,2017-01-02,24.8896,2026-06-23T05:29:58.847318+00:00,https://api.mfapi.in/mf/118632
118632,Nippon Large Cap,118632,Nippon India Large Cap Fund - Direct Plan Growth Plan - Growth Option,Nippon India Mutual Fund,Open Ended Schemes,Equity Scheme - Large Cap Fund,2016-12-30,24.8722,2026-06-23T05:29:58.847318+00:00,https://api.mfapi.in/mf/118632
118632,Nippon Large Cap,118632,Nippon India Large Cap Fund - Direct Plan Growth Plan - Growth Option,Nippon India Mutual Fund,Open Ended Schemes,Equity Scheme - Large Cap Fund,2016-12-29,24.609,2026-06-23T05:29:58.847318+00:00,https://api.mfapi.in/mf/118632
118632,Nippon Large Cap,118632,Nippon India Large Cap Fund - Direct Plan Growth Plan - Growth Option,Nippon India Mutual Fund,Open Ended Schemes,Equity Scheme - Large Cap Fund,2016-12-28,24.4405,2026-06-23T05:29:58.847318+00:00,https://api.mfapi.in/mf/118632
118632,Nippon Large Cap,118632,Nippon India Large Cap Fund - Direct Plan Growth Plan - Growth Option,Nippon India Mutual Fund,Open Ended Schemes,Equity Scheme - Large Cap Fund,2016-12-27,24.3943,2026-06-23T05:29:58.847318+00:00,https://api.mfapi.in/mf/118632
118632,Nippon Large Cap,118632,Nippon India Large Cap Fund - Direct Plan Growth Plan - Growth Option,Nippon India Mutual Fund,Open Ended Schemes,Equity Scheme - Large Cap Fund,2016-12-26,24.0174,2026-06-23T05:29:58.847318+00:00,https://api.mfapi.in/mf/118632
118632,Nippon Large Cap,118632,Nippon India Large Cap Fund - Direct Plan Growth Plan - Growth Option,Nippon India Mutual Fund,Open Ended Schemes,Equity Scheme - Large Cap Fund,2016-12-23,24.3644,2026-06-23T05:29:58.847318+00:00,https://api.mfapi.in/mf/118632
118632,Nippon Large Cap,118632,Nippon India Large Cap Fund - Direct Plan Growth Plan - Growth Option,Nippon India Mutual Fund,Open Ended Schemes,Equity Scheme - Large Cap Fund,2016-12-22,24.5111,2026-06-23T05:29:58.847318+00:00,https://api.mfapi.in/mf/118632
118632,Nippon Large Cap,118632,Nippon India Large Cap Fund - Direct Plan Growth Plan - Growth Option,Nippon India Mutual Fund,Open Ended Schemes,Equity Scheme - Large Cap Fund,2016-12-21,24.7959,2026-06-23T05:29:58.847318+00:00,https://api.mfapi.in/mf/118632
118632,Nippon Large Cap,118632,Nippon India Large Cap Fund - Direct Plan Growth Plan - Growth Option,Nippon India Mutual Fund,Open Ended Schemes,Equity Scheme - Large Cap Fund,2016-12-20,24.8474,2026-06-23T05:29:58.847318+00:00,https://api.mfapi.in/mf/118632
118632,Nippon Large Cap,118632,Nippon India Large Cap Fund - Direct Plan Growth Plan - Growth Option,Nippon India Mutual Fund,Open Ended Schemes,Equity Scheme - Large Cap Fund,2016-12-19,25.0737,2026-06-23T05:29:58.847318+00:00,https://api.mfapi.in/mf/118632
118632,Nippon Large Cap,118632,Nippon India Large Cap Fund - Direct Plan Growth Plan - Growth Option,Nippon India Mutual Fund,Open Ended Schemes,Equity Scheme - Large Cap Fund,2016-12-16,25.0934,2026-06-23T05:29:58.847318+00:00,https://api.mfapi.in/mf/118632
118632,Nippon Large Cap,118632,Nippon India Large Cap Fund - Direct Plan Growth Plan - Growth Option,Nippon India Mutual Fund,Open Ended Schemes,Equity Scheme - Large Cap Fund,2016-12-15,25.138,2026-06-23T05:29:58.847318+00:00,https://api.mfapi.in/mf/118632
118632,Nippon Large Cap,118632,Nippon India Large Cap Fund - Direct Plan Growth Plan - Growth Option,Nippon India Mutual Fund,Open Ended Schemes,Equity Scheme - Large Cap Fund,2016-12-14,25.1636,2026-06-23T05:29:58.847318+00:00,https://api.mfapi.in/mf/118632
118632,Nippon Large Cap,118632,Nippon India Large Cap Fund - Direct Plan Growth Plan - Growth Option,Nippon India Mutual Fund,Open Ended Schemes,Equity Scheme - Large Cap Fund,2016-12-13,25.305,2026-06-23T05:29:58.847318+00:00,https://api.mfapi.in/mf/118632
118632,Nippon Large Cap,118632,Nippon India Large Cap Fund - Direct Plan Growth Plan - Growth Option,Nippon India Mutual Fund,Open Ended Schemes,Equity Scheme - Large Cap Fund,2016-12-12,25.1439,2026-06-23T05:29:58.847318+00:00,https://api.mfapi.in/mf/118632
118632,Nippon Large Cap,118632,Nippon India Large Cap Fund - Direct Plan Growth Plan - Growth Option,Nippon India Mutual Fund,Open Ended Schemes,Equity Scheme - Large Cap Fund,2016-12-09,25.397,2026-06-23T05:29:58.847318+00:00,https://api.mfapi.in/mf/118632
118632,Nippon Large Cap,118632,Nippon India Large Cap Fund - Direct Plan Growth Plan - Growth Option,Nippon India Mutual Fund,Open Ended Schemes,Equity Scheme - Large Cap Fund,2016-12-08,25.2738,2026-06-23T05:29:58.847318+00:00,https://api.mfapi.in/mf/118632
118632,Nippon Large Cap,118632,Nippon India Large Cap Fund - Direct Plan Growth Plan - Growth Option,Nippon India Mutual Fund,Open Ended Schemes,Equity Scheme - Large Cap Fund,2016-12-07,24.8628,2026-06-23T05:29:58.847318+00:00,https://api.mfapi.in/mf/118632
118632,Nippon Large Cap,118632,Nippon India Large Cap Fund - Direct Plan Growth Plan - Growth Option,Nippon India Mutual Fund,Open Ended Schemes,Equity Scheme - Large Cap Fund,2016-12-06,24.9297,2026-06-23T05:29:58.847318+00:00,https://api.mfapi.in/mf/118632
118632,Nippon Large Cap,118632,Nippon India Large Cap Fund - Direct Plan Growth Plan - Growth Option,Nippon India Mutual Fund,Open Ended Schemes,Equity Scheme - Large Cap Fund,2016-12-05,24.8573,2026-06-23T05:29:58.847318+00:00,https://api.mfapi.in/mf/118632
118632,Nippon Large Cap,118632,Nippon India Large Cap Fund - Direct Plan Growth Plan - Growth Option,Nippon India Mutual Fund,Open Ended Schemes,Equity Scheme - Large Cap Fund,2016-12-02,24.711,2026-06-23T05:29:58.847318+00:00,https://api.mfapi.in/mf/118632
118632,Nippon Large Cap,118632,Nippon India Large Cap Fund - Direct Plan Growth Plan - Growth Option,Nippon India Mutual Fund,Open Ended Schemes,Equity Scheme - Large Cap Fund,2016-12-01,25.0419,2026-06-23T05:29:58.847318+00:00,https://api.mfapi.in/mf/118632
118632,Nippon Large Cap,118632,Nippon India Large Cap Fund - Direct Plan Growth Plan - Growth Option,Nippon India Mutual Fund,Open Ended Schemes,Equity Scheme - Large Cap Fund,2016-11-30,25.2121,2026-06-23T05:29:58.847318+00:00,https://api.mfapi.in/mf/118632
118632,Nippon Large Cap,118632,Nippon India Large Cap Fund - Direct Plan Growth Plan - Growth Option,Nippon India Mutual Fund,Open Ended Schemes,Equity Scheme - Large Cap Fund,2016-11-29,24.9637,2026-06-23T05:29:58.847318+00:00,https://api.mfapi.in/mf/118632
118632,Nippon Large Cap,118632,Nippon India Large Cap Fund - Direct Plan Growth Plan - Growth Option,Nippon India Mutual Fund,Open Ended Schemes,Equity Scheme - Large Cap Fund,2016-11-28,24.8044,2026-06-23T05:29:58.847318+00:00,https://api.mfapi.in/mf/118632
118632,Nippon Large Cap,118632,Nippon India Large Cap Fund - Direct Plan Growth Plan - Growth Option,Nippon India Mutual Fund,Open Ended Schemes,Equity Scheme - Large Cap Fund,2016-11-25,24.846,2026-06-23T05:29:58.847318+00:00,https://api.mfapi.in/mf/118632
118632,Nippon Large Cap,118632,Nippon India Large Cap Fund - Direct Plan Growth Plan - Growth Option,Nippon India Mutual Fund,Open Ended Schemes,Equity Scheme - Large Cap Fund,2016-11-24,24.4925,2026-06-23T05:29:58.847318+00:00,https://api.mfapi.in/mf/118632
118632,Nippon Large Cap,118632,Nippon India Large Cap Fund - Direct Plan Growth Plan - Growth Option,Nippon India Mutual Fund,Open Ended Schemes,Equity Scheme - Large Cap Fund,2016-11-23,24.7436,2026-06-23T05:29:58.847318+00:00,https://api.mfapi.in/mf/118632
118632,Nippon Large Cap,118632,Nippon India Large Cap Fund - Direct Plan Growth Plan - Growth Option,Nippon India Mutual Fund,Open Ended Schemes,Equity Scheme - Large Cap Fund,2016-11-22,24.6061,2026-06-23T05:29:58.847318+00:00,https://api.mfapi.in/mf/118632
118632,Nippon Large Cap,118632,Nippon India Large Cap Fund - Direct Plan Growth Plan - Growth Option,Nippon India Mutual Fund,Open Ended Schemes,Equity Scheme - Large Cap Fund,2016-11-21,24.3842,2026-06-23T05:29:58.847318+00:00,https://api.mfapi.in/mf/118632
118632,Nippon Large Cap,118632,Nippon India Large Cap Fund - Direct Plan Growth Plan - Growth Option,Nippon India Mutual Fund,Open Ended Schemes,Equity Scheme - Large Cap Fund,2016-11-18,25.007,2026-06-23T05:29:58.847318+00:00,https://api.mfapi.in/mf/118632
118632,Nippon Large Cap,118632,Nippon India Large Cap Fund - Direct Plan Growth Plan - Growth Option,Nippon India Mutual Fund,Open Ended Schemes,Equity Scheme - Large Cap Fund,2016-11-17,25.0541,2026-06-23T05:29:58.847318+00:00,https://api.mfapi.in/mf/118632
118632,Nippon Large Cap,118632,Nippon India Large Cap Fund - Direct Plan Growth Plan - Growth Option,Nippon India Mutual Fund,Open Ended Schemes,Equity Scheme - Large Cap Fund,2016-11-16,25.0917,2026-06-23T05:29:58.847318+00:00,https://api.mfapi.in/mf/118632
118632,Nippon Large Cap,118632,Nippon India Large Cap Fund - Direct Plan Growth Plan - Growth Option,Nippon India Mutual Fund,Open Ended Schemes,Equity Scheme - Large Cap Fund,2016-11-15,25.1317,2026-06-23T05:29:58.847318+00:00,https://api.mfapi.in/mf/118632
118632,Nippon Large Cap,118632,Nippon India Large Cap Fund - Direct Plan Growth Plan - Growth Option,Nippon India Mutual Fund,Open Ended Schemes,Equity Scheme - Large Cap Fund,2016-11-11,25.6714,2026-06-23T05:29:58.847318+00:00,https://api.mfapi.in/mf/118632
118632,Nippon Large Cap,118632,Nippon India Large Cap Fund - Direct Plan Growth Plan - Growth Option,Nippon India Mutual Fund,Open Ended Schemes,Equity Scheme - Large Cap Fund,2016-11-10,26.4475,2026-06-23T05:29:58.847318+00:00,https://api.mfapi.in/mf/118632
118632,Nippon Large Cap,118632,Nippon India Large Cap Fund - Direct Plan Growth Plan - Growth Option,Nippon India Mutual Fund,Open Ended Schemes,Equity Scheme - Large Cap Fund,2016-11-09,25.9815,2026-06-23T05:29:58.847318+00:00,https://api.mfapi.in/mf/118632
118632,Nippon Large Cap,118632,Nippon India Large Cap Fund - Direct Plan Growth Plan - Growth Option,Nippon India Mutual Fund,Open Ended Schemes,Equity Scheme - Large Cap Fund,2016-11-08,26.1779,2026-06-23T05:29:58.847318+00:00,https://api.mfapi.in/mf/118632
118632,Nippon Large Cap,118632,Nippon India Large Cap Fund - Direct Plan Growth Plan - Growth Option,Nippon India Mutual Fund,Open Ended Schemes,Equity Scheme - Large Cap Fund,2016-11-07,26.0267,2026-06-23T05:29:58.847318+00:00,https://api.mfapi.in/mf/118632
118632,Nippon Large Cap,118632,Nippon India Large Cap Fund - Direct Plan Growth Plan - Growth Option,Nippon India Mutual Fund,Open Ended Schemes,Equity Scheme - Large Cap Fund,2016-11-04,25.7192,2026-06-23T05:29:58.847318+00:00,https://api.mfapi.in/mf/118632
118632,Nippon Large Cap,118632,Nippon India Large Cap Fund - Direct Plan Growth Plan - Growth Option,Nippon India Mutual Fund,Open Ended Schemes,Equity Scheme - Large Cap Fund,2016-11-03,25.8165,2026-06-23T05:29:58.847318+00:00,https://api.mfapi.in/mf/118632
118632,Nippon Large Cap,118632,Nippon India Large Cap Fund - Direct Plan Growth Plan - Growth Option,Nippon India Mutual Fund,Open Ended Schemes,Equity Scheme - Large Cap Fund,2016-11-02,25.9866,2026-06-23T05:29:58.847318+00:00,https://api.mfapi.in/mf/118632
118632,Nippon Large Cap,118632,Nippon India Large Cap Fund - Direct Plan Growth Plan - Growth Option,Nippon India Mutual Fund,Open Ended Schemes,Equity Scheme - Large Cap Fund,2016-11-01,26.4556,2026-06-23T05:29:58.847318+00:00,https://api.mfapi.in/mf/118632
118632,Nippon Large Cap,118632,Nippon India Large Cap Fund - Direct Plan Growth Plan - Growth Option,Nippon India Mutual Fund,Open Ended Schemes,Equity Scheme - Large Cap Fund,2016-10-28,26.5327,2026-06-23T05:29:58.847318+00:00,https://api.mfapi.in/mf/118632
118632,Nippon Large Cap,118632,Nippon India Large Cap Fund - Direct Plan Growth Plan - Growth Option,Nippon India Mutual Fund,Open Ended Schemes,Equity Scheme - Large Cap Fund,2016-10-27,26.4065,2026-06-23T05:29:58.847318+00:00,https://api.mfapi.in/mf/118632
118632,Nippon Large Cap,118632,Nippon India Large Cap Fund - Direct Plan Growth Plan - Growth Option,Nippon India Mutual Fund,Open Ended Schemes,Equity Scheme - Large Cap Fund,2016-10-26,26.5422,2026-06-23T05:29:58.847318+00:00,https://api.mfapi.in/mf/118632
118632,Nippon Large Cap,118632,Nippon India Large Cap Fund - Direct Plan Growth Plan - Growth Option,Nippon India Mutual Fund,Open Ended Schemes,Equity Scheme - Large Cap Fund,2016-10-25,26.9049,2026-06-23T05:29:58.847318+00:00,https://api.mfapi.in/mf/118632
118632,Nippon Large Cap,118632,Nippon India Large Cap Fund - Direct Plan Growth Plan - Growth Option,Nippon India Mutual Fund,Open Ended Schemes,Equity Scheme - Large Cap Fund,2016-10-24,26.9649,2026-06-23T05:29:58.847318+00:00,https://api.mfapi.in/mf/118632
118632,Nippon Large Cap,118632,Nippon India Large Cap Fund - Direct Plan Growth Plan - Growth Option,Nippon India Mutual Fund,Open Ended Schemes,Equity Scheme - Large Cap Fund,2016-10-21,26.9751,2026-06-23T05:29:58.847318+00:00,https://api.mfapi.in/mf/118632
118632,Nippon Large Cap,118632,Nippon India Large Cap Fund - Direct Plan Growth Plan - Growth Option,Nippon India Mutual Fund,Open Ended Schemes,Equity Scheme - Large Cap Fund,2016-10-20,26.9608,2026-06-23T05:29:58.847318+00:00,https://api.mfapi.in/mf/118632
118632,Nippon Large Cap,118632,Nippon India Large Cap Fund - Direct Plan Growth Plan - Growth Option,Nippon India Mutual Fund,Open Ended Schemes,Equity Scheme - Large Cap Fund,2016-10-19,26.8289,2026-06-23T05:29:58.847318+00:00,https://api.mfapi.in/mf/118632
118632,Nippon Large Cap,118632,Nippon India Large Cap Fund - Direct Plan Growth Plan - Growth Option,Nippon India Mutual Fund,Open Ended Schemes,Equity Scheme - Large Cap Fund,2016-10-18,26.8552,2026-06-23T05:29:58.847318+00:00,https://api.mfapi.in/mf/118632
118632,Nippon Large Cap,118632,Nippon India Large Cap Fund - Direct Plan Growth Plan - Growth Option,Nippon India Mutual Fund,Open Ended Schemes,Equity Scheme - Large Cap Fund,2016-10-17,26.3385,2026-06-23T05:29:58.847318+00:00,https://api.mfapi.in/mf/118632
118632,Nippon Large Cap,118632,Nippon India Large Cap Fund - Direct Plan Growth Plan - Growth Option,Nippon India Mutual Fund,Open Ended Schemes,Equity Scheme - Large Cap Fund,2016-10-14,26.4532,2026-06-23T05:29:58.847318+00:00,https://api.mfapi.in/mf/118632
118632,Nippon Large Cap,118632,Nippon India Large Cap Fund - Direct Plan Growth Plan - Growth Option,Nippon India Mutual Fund,Open Ended Schemes,Equity Scheme - Large Cap Fund,2016-10-13,26.2504,2026-06-23T05:29:58.847318+00:00,https://api.mfapi.in/mf/118632
118632,Nippon Large Cap,118632,Nippon India Large Cap Fund - Direct Plan Growth Plan - Growth Option,Nippon India Mutual Fund,Open Ended Schemes,Equity Scheme - Large Cap Fund,2016-10-10,26.6654,2026-06-23T05:29:58.847318+00:00,https://api.mfapi.in/mf/118632
118632,Nippon Large Cap,118632,Nippon India Large Cap Fund - Direct Plan Growth Plan - Growth Option,Nippon India Mutual Fund,Open Ended Schemes,Equity Scheme - Large Cap Fund,2016-10-07,26.7255,2026-06-23T05:29:58.847318+00:00,https://api.mfapi.in/mf/118632
118632,Nippon Large Cap,118632,Nippon India Large Cap Fund - Direct Plan Growth Plan - Growth Option,Nippon India Mutual Fund,Open Ended Schemes,Equity Scheme - Large Cap Fund,2016-10-06,26.7141,2026-06-23T05:29:58.847318+00:00,https://api.mfapi.in/mf/118632
118632,Nippon Large Cap,118632,Nippon India Large Cap Fund - Direct Plan Growth Plan - Growth Option,Nippon India Mutual Fund,Open Ended Schemes,Equity Scheme - Large Cap Fund,2016-10-05,26.8287,2026-06-23T05:29:58.847318+00:00,https://api.mfapi.in/mf/118632
118632,Nippon Large Cap,118632,Nippon India Large Cap Fund - Direct Plan Growth Plan - Growth Option,Nippon India Mutual Fund,Open Ended Schemes,Equity Scheme - Large Cap Fund,2016-10-04,26.8853,2026-06-23T05:29:58.847318+00:00,https://api.mfapi.in/mf/118632
118632,Nippon Large Cap,118632,Nippon India Large Cap Fund - Direct Plan Growth Plan - Growth Option,Nippon India Mutual Fund,Open Ended Schemes,Equity Scheme - Large Cap Fund,2016-10-03,26.714,2026-06-23T05:29:58.847318+00:00,https://api.mfapi.in/mf/118632
118632,Nippon Large Cap,118632,Nippon India Large Cap Fund - Direct Plan Growth Plan - Growth Option,Nippon India Mutual Fund,Open Ended Schemes,Equity Scheme - Large Cap Fund,2016-09-30,26.2954,2026-06-23T05:29:58.847318+00:00,https://api.mfapi.in/mf/118632
118632,Nippon Large Cap,118632,Nippon India Large Cap Fund - Direct Plan Growth Plan - Growth Option,Nippon India Mutual Fund,Open Ended Schemes,Equity Scheme - Large Cap Fund,2016-09-29,25.9673,2026-06-23T05:29:58.847318+00:00,https://api.mfapi.in/mf/118632
118632,Nippon Large Cap,118632,Nippon India Large Cap Fund - Direct Plan Growth Plan - Growth Option,Nippon India Mutual Fund,Open Ended Schemes,Equity Scheme - Large Cap Fund,2016-09-28,26.5987,2026-06-23T05:29:58.847318+00:00,https://api.mfapi.in/mf/118632
118632,Nippon Large Cap,118632,Nippon India Large Cap Fund - Direct Plan Growth Plan - Growth Option,Nippon India Mutual Fund,Open Ended Schemes,Equity Scheme - Large Cap Fund,2016-09-27,26.4832,2026-06-23T05:29:58.847318+00:00,https://api.mfapi.in/mf/118632
118632,Nippon Large Cap,118632,Nippon India Large Cap Fund - Direct Plan Growth Plan - Growth Option,Nippon India Mutual Fund,Open Ended Schemes,Equity Scheme - Large Cap Fund,2016-09-26,26.5369,2026-06-23T05:29:58.847318+00:00,https://api.mfapi.in/mf/118632
118632,Nippon Large Cap,118632,Nippon India Large Cap Fund - Direct Plan Growth Plan - Growth Option,Nippon India Mutual Fund,Open Ended Schemes,Equity Scheme - Large Cap Fund,2016-09-23,26.8241,2026-06-23T05:29:58.847318+00:00,https://api.mfapi.in/mf/118632
118632,Nippon Large Cap,118632,Nippon India Large Cap Fund - Direct Plan Growth Plan - Growth Option,Nippon India Mutual Fund,Open Ended Schemes,Equity Scheme - Large Cap Fund,2016-09-22,26.8705,2026-06-23T05:29:58.847318+00:00,https://api.mfapi.in/mf/118632
118632,Nippon Large Cap,118632,Nippon India Large Cap Fund - Direct Plan Growth Plan - Growth Option,Nippon India Mutual Fund,Open Ended Schemes,Equity Scheme - Large Cap Fund,2016-09-21,26.5013,2026-06-23T05:29:58.847318+00:00,https://api.mfapi.in/mf/118632
118632,Nippon Large Cap,118632,Nippon India Large Cap Fund - Direct Plan Growth Plan - Growth Option,Nippon India Mutual Fund,Open Ended Schemes,Equity Scheme - Large Cap Fund,2016-09-20,26.5521,2026-06-23T05:29:58.847318+00:00,https://api.mfapi.in/mf/118632
118632,Nippon Large Cap,118632,Nippon India Large Cap Fund - Direct Plan Growth Plan - Growth Option,Nippon India Mutual Fund,Open Ended Schemes,Equity Scheme - Large Cap Fund,2016-09-19,26.5552,2026-06-23T05:29:58.847318+00:00,https://api.mfapi.in/mf/118632
118632,Nippon Large Cap,118632,Nippon India Large Cap Fund - Direct Plan Growth Plan - Growth Option,Nippon India Mutual Fund,Open Ended Schemes,Equity Scheme - Large Cap Fund,2016-09-16,26.4984,2026-06-23T05:29:58.847318+00:00,https://api.mfapi.in/mf/118632
118632,Nippon Large Cap,118632,Nippon India Large Cap Fund - Direct Plan Growth Plan - Growth Option,Nippon India Mutual Fund,Open Ended Schemes,Equity Scheme - Large Cap Fund,2016-09-15,26.3838,2026-06-23T05:29:58.847318+00:00,https://api.mfapi.in/mf/118632
118632,Nippon Large Cap,118632,Nippon India Large Cap Fund - Direct Plan Growth Plan - Growth Option,Nippon India Mutual Fund,Open Ended Schemes,Equity Scheme - Large Cap Fund,2016-09-14,26.3941,2026-06-23T05:29:58.847318+00:00,https://api.mfapi.in/mf/118632
118632,Nippon Large Cap,118632,Nippon India Large Cap Fund - Direct Plan Growth Plan - Growth Option,Nippon India Mutual Fund,Open Ended Schemes,Equity Scheme - Large Cap Fund,2016-09-12,26.2624,2026-06-23T05:29:58.847318+00:00,https://api.mfapi.in/mf/118632
118632,Nippon Large Cap,118632,Nippon India Large Cap Fund - Direct Plan Growth Plan - Growth Option,Nippon India Mutual Fund,Open Ended Schemes,Equity Scheme - Large Cap Fund,2016-09-09,26.8397,2026-06-23T05:29:58.847318+00:00,https://api.mfapi.in/mf/118632
118632,Nippon Large Cap,118632,Nippon India Large Cap Fund - Direct Plan Growth Plan - Growth Option,Nippon India Mutual Fund,Open Ended Schemes,Equity Scheme - Large Cap Fund,2016-09-08,27.1191,2026-06-23T05:29:58.847318+00:00,https://api.mfapi.in/mf/118632
118632,Nippon Large Cap,118632,Nippon India Large Cap Fund - Direct Plan Growth Plan - Growth Option,Nippon India Mutual Fund,Open Ended Schemes,Equity Scheme - Large Cap Fund,2016-09-07,27.1298,2026-06-23T05:29:58.847318+00:00,https://api.mfapi.in/mf/118632
118632,Nippon Large Cap,118632,Nippon India Large Cap Fund - Direct Plan Growth Plan - Growth Option,Nippon India Mutual Fund,Open Ended Schemes,Equity Scheme - Large Cap Fund,2016-09-06,26.9959,2026-06-23T05:29:58.847318+00:00,https://api.mfapi.in/mf/118632
118632,Nippon Large Cap,118632,Nippon India Large Cap Fund - Direct Plan Growth Plan - Growth Option,Nippon India Mutual Fund,Open Ended Schemes,Equity Scheme - Large Cap Fund,2016-09-02,26.5166,2026-06-23T05:29:58.847318+00:00,https://api.mfapi.in/mf/118632
118632,Nippon Large Cap,118632,Nippon India Large Cap Fund - Direct Plan Growth Plan - Growth Option,Nippon India Mutual Fund,Open Ended Schemes,Equity Scheme - Large Cap Fund,2016-09-01,26.4371,2026-06-23T05:29:58.847318+00:00,https://api.mfapi.in/mf/118632
118632,Nippon Large Cap,118632,Nippon India Large Cap Fund - Direct Plan Growth Plan - Growth Option,Nippon India Mutual Fund,Open Ended Schemes,Equity Scheme - Large Cap Fund,2016-08-31,26.4558,2026-06-23T05:29:58.847318+00:00,https://api.mfapi.in/mf/118632
118632,Nippon Large Cap,118632,Nippon India Large Cap Fund - Direct Plan Growth Plan - Growth Option,Nippon India Mutual Fund,Open Ended Schemes,Equity Scheme - Large Cap Fund,2016-08-30,26.3124,2026-06-23T05:29:58.847318+00:00,https://api.mfapi.in/mf/118632
118632,Nippon Large Cap,118632,Nippon India Large Cap Fund - Direct Plan Growth Plan - Growth Option,Nippon India Mutual Fund,Open Ended Schemes,Equity Scheme - Large Cap Fund,2016-08-29,25.9582,2026-06-23T05:29:58.847318+00:00,https://api.mfapi.in/mf/118632
118632,Nippon Large Cap,118632,Nippon India Large Cap Fund - Direct Plan Growth Plan - Growth Option,Nippon India Mutual Fund,Open Ended Schemes,Equity Scheme - Large Cap Fund,2016-08-26,25.8572,2026-06-23T05:29:58.847318+00:00,https://api.mfapi.in/mf/118632
118632,Nippon Large Cap,118632,Nippon India Large Cap Fund - Direct Plan Growth Plan - Growth Option,Nippon India Mutual Fund,Open Ended Schemes,Equity Scheme - Large Cap Fund,2016-08-25,25.9146,2026-06-23T05:29:58.847318+00:00,https://api.mfapi.in/mf/118632
118632,Nippon Large Cap,118632,Nippon India Large Cap Fund - Direct Plan Growth Plan - Growth Option,Nippon India Mutual Fund,Open Ended Schemes,Equity Scheme - Large Cap Fund,2016-08-24,25.9841,2026-06-23T05:29:58.847318+00:00,https://api.mfapi.in/mf/118632
118632,Nippon Large Cap,118632,Nippon India Large Cap Fund - Direct Plan Growth Plan - Growth Option,Nippon India Mutual Fund,Open Ended Schemes,Equity Scheme - Large Cap Fund,2016-08-23,25.8432,2026-06-23T05:29:58.847318+00:00,https://api.mfapi.in/mf/118632
118632,Nippon Large Cap,118632,Nippon India Large Cap Fund - Direct Plan Growth Plan - Growth Option,Nippon India Mutual Fund,Open Ended Schemes,Equity Scheme - Large Cap Fund,2016-08-22,25.8428,2026-06-23T05:29:58.847318+00:00,https://api.mfapi.in/mf/118632
118632,Nippon Large Cap,118632,Nippon India Large Cap Fund - Direct Plan Growth Plan - Growth Option,Nippon India Mutual Fund,Open Ended Schemes,Equity Scheme - Large Cap Fund,2016-08-19,25.9854,2026-06-23T05:29:58.847318+00:00,https://api.mfapi.in/mf/118632
118632,Nippon Large Cap,118632,Nippon India Large Cap Fund - Direct Plan Growth Plan - Growth Option,Nippon India Mutual Fund,Open Ended Schemes,Equity Scheme - Large Cap Fund,2016-08-18,25.8291,2026-06-23T05:29:58.847318+00:00,https://api.mfapi.in/mf/118632
118632,Nippon Large Cap,118632,Nippon India Large Cap Fund - Direct Plan Growth Plan - Growth Option,Nippon India Mutual Fund,Open Ended Schemes,Equity Scheme - Large Cap Fund,2016-08-17,25.7367,2026-06-23T05:29:58.847318+00:00,https://api.mfapi.in/mf/118632
118632,Nippon Large Cap,118632,Nippon India Large Cap Fund - Direct Plan Growth Plan - Growth Option,Nippon India Mutual Fund,Open Ended Schemes,Equity Scheme - Large Cap Fund,2016-08-16,25.6503,2026-06-23T05:29:58.847318+00:00,https://api.mfapi.in/mf/118632
118632,Nippon Large Cap,118632,Nippon India Large Cap Fund - Direct Plan Growth Plan - Growth Option,Nippon India Mutual Fund,Open Ended Schemes,Equity Scheme - Large Cap Fund,2016-08-12,25.544,2026-06-23T05:29:58.847318+00:00,https://api.mfapi.in/mf/118632
118632,Nippon Large Cap,118632,Nippon India Large Cap Fund - Direct Plan Growth Plan - Growth Option,Nippon India Mutual Fund,Open Ended Schemes,Equity Scheme - Large Cap Fund,2016-08-11,25.2549,2026-06-23T05:29:58.847318+00:00,https://api.mfapi.in/mf/118632
118632,Nippon Large Cap,118632,Nippon India Large Cap Fund - Direct Plan Growth Plan - Growth Option,Nippon India Mutual Fund,Open Ended Schemes,Equity Scheme - Large Cap Fund,2016-08-10,25.2349,2026-06-23T05:29:58.847318+00:00,https://api.mfapi.in/mf/118632
118632,Nippon Large Cap,118632,Nippon India Large Cap Fund - Direct Plan Growth Plan - Growth Option,Nippon India Mutual Fund,Open Ended Schemes,Equity Scheme - Large Cap Fund,2016-08-09,25.6157,2026-06-23T05:29:58.847318+00:00,https://api.mfapi.in/mf/118632
118632,Nippon Large Cap,118632,Nippon India Large Cap Fund - Direct Plan Growth Plan - Growth Option,Nippon India Mutual Fund,Open Ended Schemes,Equity Scheme - Large Cap Fund,2016-08-08,25.7013,2026-06-23T05:29:58.847318+00:00,https://api.mfapi.in/mf/118632
118632,Nippon Large Cap,118632,Nippon India Large Cap Fund - Direct Plan Growth Plan - Growth Option,Nippon India Mutual Fund,Open Ended Schemes,Equity Scheme - Large Cap Fund,2016-08-05,25.6611,2026-06-23T05:29:58.847318+00:00,https://api.mfapi.in/mf/118632
118632,Nippon Large Cap,118632,Nippon India Large Cap Fund - Direct Plan Growth Plan - Growth Option,Nippon India Mutual Fund,Open Ended Schemes,Equity Scheme - Large Cap Fund,2016-08-04,25.1597,2026-06-23T05:29:58.847318+00:00,https://api.mfapi.in/mf/118632
118632,Nippon Large Cap,118632,Nippon India Large Cap Fund - Direct Plan Growth Plan - Growth Option,Nippon India Mutual Fund,Open Ended Schemes,Equity Scheme - Large Cap Fund,2016-08-03,25.1746,2026-06-23T05:29:58.847318+00:00,https://api.mfapi.in/mf/118632
118632,Nippon Large Cap,118632,Nippon India Large Cap Fund - Direct Plan Growth Plan - Growth Option,Nippon India Mutual Fund,Open Ended Schemes,Equity Scheme - Large Cap Fund,2016-08-02,25.4105,2026-06-23T05:29:58.847318+00:00,https://api.mfapi.in/mf/118632
118632,Nippon Large Cap,118632,Nippon India Large Cap Fund - Direct Plan Growth Plan - Growth Option,Nippon India Mutual Fund,Open Ended Schemes,Equity Scheme - Large Cap Fund,2016-08-01,25.4483,2026-06-23T05:29:58.847318+00:00,https://api.mfapi.in/mf/118632
118632,Nippon Large Cap,118632,Nippon India Large Cap Fund - Direct Plan Growth Plan - Growth Option,Nippon India Mutual Fund,Open Ended Schemes,Equity Scheme - Large Cap Fund,2016-07-29,25.5813,2026-06-23T05:29:58.847318+00:00,https://api.mfapi.in/mf/118632
118632,Nippon Large Cap,118632,Nippon India Large Cap Fund - Direct Plan Growth Plan - Growth Option,Nippon India Mutual Fund,Open Ended Schemes,Equity Scheme - Large Cap Fund,2016-07-28,25.7223,2026-06-23T05:29:58.847318+00:00,https://api.mfapi.in/mf/118632
118632,Nippon Large Cap,118632,Nippon India Large Cap Fund - Direct Plan Growth Plan - Growth Option,Nippon India Mutual Fund,Open Ended Schemes,Equity Scheme - Large Cap Fund,2016-07-27,25.5884,2026-06-23T05:29:58.847318+00:00,https://api.mfapi.in/mf/118632
118632,Nippon Large Cap,118632,Nippon India Large Cap Fund - Direct Plan Growth Plan - Growth Option,Nippon India Mutual Fund,Open Ended Schemes,Equity Scheme - Large Cap Fund,2016-07-26,25.4165,2026-06-23T05:29:58.847318+00:00,https://api.mfapi.in/mf/118632
118632,Nippon Large Cap,118632,Nippon India Large Cap Fund - Direct Plan Growth Plan - Growth Option,Nippon India Mutual Fund,Open Ended Schemes,Equity Scheme - Large Cap Fund,2016-07-25,25.5399,2026-06-23T05:29:58.847318+00:00,https://api.mfapi.in/mf/118632
118632,Nippon Large Cap,118632,Nippon India Large Cap Fund - Direct Plan Growth Plan - Growth Option,Nippon India Mutual Fund,Open Ended Schemes,Equity Scheme - Large Cap Fund,2016-07-22,25.229,2026-06-23T05:29:58.847318+00:00,https://api.mfapi.in/mf/118632
118632,Nippon Large Cap,118632,Nippon India Large Cap Fund - Direct Plan Growth Plan - Growth Option,Nippon India Mutual Fund,Open Ended Schemes,Equity Scheme - Large Cap Fund,2016-07-21,25.1093,2026-06-23T05:29:58.847318+00:00,https://api.mfapi.in/mf/118632
118632,Nippon Large Cap,118632,Nippon India Large Cap Fund - Direct Plan Growth Plan - Growth Option,Nippon India Mutual Fund,Open Ended Schemes,Equity Scheme - Large Cap Fund,2016-07-20,25.3408,2026-06-23T05:29:58.847318+00:00,https://api.mfapi.in/mf/118632
118632,Nippon Large Cap,118632,Nippon India Large Cap Fund - Direct Plan Growth Plan - Growth Option,Nippon India Mutual Fund,Open Ended Schemes,Equity Scheme - Large Cap Fund,2016-07-19,25.1137,2026-06-23T05:29:58.847318+00:00,https://api.mfapi.in/mf/118632
118632,Nippon Large Cap,118632,Nippon India Large Cap Fund - Direct Plan Growth Plan - Growth Option,Nippon India Mutual Fund,Open Ended Schemes,Equity Scheme - Large Cap Fund,2016-07-18,25.0025,2026-06-23T05:29:58.847318+00:00,https://api.mfapi.in/mf/118632
118632,Nippon Large Cap,118632,Nippon India Large Cap Fund - Direct Plan Growth Plan - Growth Option,Nippon India Mutual Fund,Open Ended Schemes,Equity Scheme - Large Cap Fund,2016-07-15,25.0888,2026-06-23T05:29:58.847318+00:00,https://api.mfapi.in/mf/118632
118632,Nippon Large Cap,118632,Nippon India Large Cap Fund - Direct Plan Growth Plan - Growth Option,Nippon India Mutual Fund,Open Ended Schemes,Equity Scheme - Large Cap Fund,2016-07-14,25.1244,2026-06-23T05:29:58.847318+00:00,https://api.mfapi.in/mf/118632
118632,Nippon Large Cap,118632,Nippon India Large Cap Fund - Direct Plan Growth Plan - Growth Option,Nippon India Mutual Fund,Open Ended Schemes,Equity Scheme - Large Cap Fund,2016-07-13,24.9425,2026-06-23T05:29:58.847318+00:00,https://api.mfapi.in/mf/118632
118632,Nippon Large Cap,118632,Nippon India Large Cap Fund - Direct Plan Growth Plan - Growth Option,Nippon India Mutual Fund,Open Ended Schemes,Equity Scheme - Large Cap Fund,2016-07-12,24.9903,2026-06-23T05:29:58.847318+00:00,https://api.mfapi.in/mf/118632
118632,Nippon Large Cap,118632,Nippon India Large Cap Fund - Direct Plan Growth Plan - Growth Option,Nippon India Mutual Fund,Open Ended Schemes,Equity Scheme - Large Cap Fund,2016-07-11,24.7714,2026-06-23T05:29:58.847318+00:00,https://api.mfapi.in/mf/118632
118632,Nippon Large Cap,118632,Nippon India Large Cap Fund - Direct Plan Growth Plan - Growth Option,Nippon India Mutual Fund,Open Ended Schemes,Equity Scheme - Large Cap Fund,2016-07-08,24.4277,2026-06-23T05:29:58.847318+00:00,https://api.mfapi.in/mf/118632
118632,Nippon Large Cap,118632,Nippon India Large Cap Fund - Direct Plan Growth Plan - Growth Option,Nippon India Mutual Fund,Open Ended Schemes,Equity Scheme - Large Cap Fund,2016-07-07,24.5086,2026-06-23T05:29:58.847318+00:00,https://api.mfapi.in/mf/118632
118632,Nippon Large Cap,118632,Nippon India Large Cap Fund - Direct Plan Growth Plan - Growth Option,Nippon India Mutual Fund,Open Ended Schemes,Equity Scheme - Large Cap Fund,2016-07-05,24.6453,2026-06-23T05:29:58.847318+00:00,https://api.mfapi.in/mf/118632
118632,Nippon Large Cap,118632,Nippon India Large Cap Fund - Direct Plan Growth Plan - Growth Option,Nippon India Mutual Fund,Open Ended Schemes,Equity Scheme - Large Cap Fund,2016-07-04,24.7625,2026-06-23T05:29:58.847318+00:00,https://api.mfapi.in/mf/118632
118632,Nippon Large Cap,118632,Nippon India Large Cap Fund - Direct Plan Growth Plan - Growth Option,Nippon India Mutual Fund,Open Ended Schemes,Equity Scheme - Large Cap Fund,2016-07-01,24.5517,2026-06-23T05:29:58.847318+00:00,https://api.mfapi.in/mf/118632
118632,Nippon Large Cap,118632,Nippon India Large Cap Fund - Direct Plan Growth Plan - Growth Option,Nippon India Mutual Fund,Open Ended Schemes,Equity Scheme - Large Cap Fund,2016-06-30,24.2262,2026-06-23T05:29:58.847318+00:00,https://api.mfapi.in/mf/118632
118632,Nippon Large Cap,118632,Nippon India Large Cap Fund - Direct Plan Growth Plan - Growth Option,Nippon India Mutual Fund,Open Ended Schemes,Equity Scheme - Large Cap Fund,2016-06-29,23.9857,2026-06-23T05:29:58.847318+00:00,https://api.mfapi.in/mf/118632
118632,Nippon Large Cap,118632,Nippon India Large Cap Fund - Direct Plan Growth Plan - Growth Option,Nippon India Mutual Fund,Open Ended Schemes,Equity Scheme - Large Cap Fund,2016-06-28,23.713,2026-06-23T05:29:58.847318+00:00,https://api.mfapi.in/mf/118632
118632,Nippon Large Cap,118632,Nippon India Large Cap Fund - Direct Plan Growth Plan - Growth Option,Nippon India Mutual Fund,Open Ended Schemes,Equity Scheme - Large Cap Fund,2016-06-27,23.6954,2026-06-23T05:29:58.847318+00:00,https://api.mfapi.in/mf/118632
118632,Nippon Large Cap,118632,Nippon India Large Cap Fund - Direct Plan Growth Plan - Growth Option,Nippon India Mutual Fund,Open Ended Schemes,Equity Scheme - Large Cap Fund,2016-06-24,23.5903,2026-06-23T05:29:58.847318+00:00,https://api.mfapi.in/mf/118632
118632,Nippon Large Cap,118632,Nippon India Large Cap Fund - Direct Plan Growth Plan - Growth Option,Nippon India Mutual Fund,Open Ended Schemes,Equity Scheme - Large Cap Fund,2016-06-23,24.1395,2026-06-23T05:29:58.847318+00:00,https://api.mfapi.in/mf/118632
118632,Nippon Large Cap,118632,Nippon India Large Cap Fund - Direct Plan Growth Plan - Growth Option,Nippon India Mutual Fund,Open Ended Schemes,Equity Scheme - Large Cap Fund,2016-06-22,23.9513,2026-06-23T05:29:58.847318+00:00,https://api.mfapi.in/mf/118632
118632,Nippon Large Cap,118632,Nippon India Large Cap Fund - Direct Plan Growth Plan - Growth Option,Nippon India Mutual Fund,Open Ended Schemes,Equity Scheme - Large Cap Fund,2016-06-21,24.0185,2026-06-23T05:29:58.847318+00:00,https://api.mfapi.in/mf/118632
118632,Nippon Large Cap,118632,Nippon India Large Cap Fund - Direct Plan Growth Plan - Growth Option,Nippon India Mutual Fund,Open Ended Schemes,Equity Scheme - Large Cap Fund,2016-06-20,24.0874,2026-06-23T05:29:58.847318+00:00,https://api.mfapi.in/mf/118632
118632,Nippon Large Cap,118632,Nippon India Large Cap Fund - Direct Plan Growth Plan - Growth Option,Nippon India Mutual Fund,Open Ended Schemes,Equity Scheme - Large Cap Fund,2016-06-17,23.9414,2026-06-23T05:29:58.847318+00:00,https://api.mfapi.in/mf/118632
118632,Nippon Large Cap,118632,Nippon India Large Cap Fund - Direct Plan Growth Plan - Growth Option,Nippon India Mutual Fund,Open Ended Schemes,Equity Scheme - Large Cap Fund,2016-06-16,23.8671,2026-06-23T05:29:58.847318+00:00,https://api.mfapi.in/mf/118632
118632,Nippon Large Cap,118632,Nippon India Large Cap Fund - Direct Plan Growth Plan - Growth Option,Nippon India Mutual Fund,Open Ended Schemes,Equity Scheme - Large Cap Fund,2016-06-15,23.9778,2026-06-23T05:29:58.847318+00:00,https://api.mfapi.in/mf/118632
118632,Nippon Large Cap,118632,Nippon India Large Cap Fund - Direct Plan Growth Plan - Growth Option,Nippon India Mutual Fund,Open Ended Schemes,Equity Scheme - Large Cap Fund,2016-06-14,23.6765,2026-06-23T05:29:58.847318+00:00,https://api.mfapi.in/mf/118632
118632,Nippon Large Cap,118632,Nippon India Large Cap Fund - Direct Plan Growth Plan - Growth Option,Nippon India Mutual Fund,Open Ended Schemes,Equity Scheme - Large Cap Fund,2016-06-13,23.6063,2026-06-23T05:29:58.847318+00:00,https://api.mfapi.in/mf/118632
118632,Nippon Large Cap,118632,Nippon India Large Cap Fund - Direct Plan Growth Plan - Growth Option,Nippon India Mutual Fund,Open Ended Schemes,Equity Scheme - Large Cap Fund,2016-06-10,23.7818,2026-06-23T05:29:58.847318+00:00,https://api.mfapi.in/mf/118632
118632,Nippon Large Cap,118632,Nippon India Large Cap Fund - Direct Plan Growth Plan - Growth Option,Nippon India Mutual Fund,Open Ended Schemes,Equity Scheme - Large Cap Fund,2016-06-09,23.9139,2026-06-23T05:29:58.847318+00:00,https://api.mfapi.in/mf/118632
118632,Nippon Large Cap,118632,Nippon India Large Cap Fund - Direct Plan Growth Plan - Growth Option,Nippon India Mutual Fund,Open Ended Schemes,Equity Scheme - Large Cap Fund,2016-06-08,24.0318,2026-06-23T05:29:58.847318+00:00,https://api.mfapi.in/mf/118632
118632,Nippon Large Cap,118632,Nippon India Large Cap Fund - Direct Plan Growth Plan - Growth Option,Nippon India Mutual Fund,Open Ended Schemes,Equity Scheme - Large Cap Fund,2016-06-07,23.89,2026-06-23T05:29:58.847318+00:00,https://api.mfapi.in/mf/118632
118632,Nippon Large Cap,118632,Nippon India Large Cap Fund - Direct Plan Growth Plan - Growth Option,Nippon India Mutual Fund,Open Ended Schemes,Equity Scheme - Large Cap Fund,2016-06-06,23.6339,2026-06-23T05:29:58.847318+00:00,https://api.mfapi.in/mf/118632
118632,Nippon Large Cap,118632,Nippon India Large Cap Fund - Direct Plan Growth Plan - Growth Option,Nippon India Mutual Fund,Open Ended Schemes,Equity Scheme - Large Cap Fund,2016-06-03,23.5755,2026-06-23T05:29:58.847318+00:00,https://api.mfapi.in/mf/118632
118632,Nippon Large Cap,118632,Nippon India Large Cap Fund - Direct Plan Growth Plan - Growth Option,Nippon India Mutual Fund,Open Ended Schemes,Equity Scheme - Large Cap Fund,2016-06-02,23.6277,2026-06-23T05:29:58.847318+00:00,https://api.mfapi.in/mf/118632
118632,Nippon Large Cap,118632,Nippon India Large Cap Fund - Direct Plan Growth Plan - Growth Option,Nippon India Mutual Fund,Open Ended Schemes,Equity Scheme - Large Cap Fund,2016-06-01,23.4935,2026-06-23T05:29:58.847318+00:00,https://api.mfapi.in/mf/118632
118632,Nippon Large Cap,118632,Nippon India Large Cap Fund - Direct Plan Growth Plan - Growth Option,Nippon India Mutual Fund,Open Ended Schemes,Equity Scheme - Large Cap Fund,2016-05-31,23.5294,2026-06-23T05:29:58.847318+00:00,https://api.mfapi.in/mf/118632
118632,Nippon Large Cap,118632,Nippon India Large Cap Fund - Direct Plan Growth Plan - Growth Option,Nippon India Mutual Fund,Open Ended Schemes,Equity Scheme - Large Cap Fund,2016-05-30,23.4529,2026-06-23T05:29:58.847318+00:00,https://api.mfapi.in/mf/118632
118632,Nippon Large Cap,118632,Nippon India Large Cap Fund - Direct Plan Growth Plan - Growth Option,Nippon India Mutual Fund,Open Ended Schemes,Equity Scheme - Large Cap Fund,2016-05-27,23.413,2026-06-23T05:29:58.847318+00:00,https://api.mfapi.in/mf/118632
118632,Nippon Large Cap,118632,Nippon India Large Cap Fund - Direct Plan Growth Plan - Growth Option,Nippon India Mutual Fund,Open Ended Schemes,Equity Scheme - Large Cap Fund,2016-05-26,23.2084,2026-06-23T05:29:58.847318+00:00,https://api.mfapi.in/mf/118632
118632,Nippon Large Cap,118632,Nippon India Large Cap Fund - Direct Plan Growth Plan - Growth Option,Nippon India Mutual Fund,Open Ended Schemes,Equity Scheme - Large Cap Fund,2016-05-25,22.766,2026-06-23T05:29:58.847318+00:00,https://api.mfapi.in/mf/118632
118632,Nippon Large Cap,118632,Nippon India Large Cap Fund - Direct Plan Growth Plan - Growth Option,Nippon India Mutual Fund,Open Ended Schemes,Equity Scheme - Large Cap Fund,2016-05-24,22.2477,2026-06-23T05:29:58.847318+00:00,https://api.mfapi.in/mf/118632
118632,Nippon Large Cap,118632,Nippon India Large Cap Fund - Direct Plan Growth Plan - Growth Option,Nippon India Mutual Fund,Open Ended Schemes,Equity Scheme - Large Cap Fund,2016-05-23,22.2697,2026-06-23T05:29:58.847318+00:00,https://api.mfapi.in/mf/118632
118632,Nippon Large Cap,118632,Nippon India Large Cap Fund - Direct Plan Growth Plan - Growth Option,Nippon India Mutual Fund,Open Ended Schemes,Equity Scheme - Large Cap Fund,2016-05-20,22.3326,2026-06-23T05:29:58.847318+00:00,https://api.mfapi.in/mf/118632
118632,Nippon Large Cap,118632,Nippon India Large Cap Fund - Direct Plan Growth Plan - Growth Option,Nippon India Mutual Fund,Open Ended Schemes,Equity Scheme - Large Cap Fund,2016-05-19,22.4418,2026-06-23T05:29:58.847318+00:00,https://api.mfapi.in/mf/118632
118632,Nippon Large Cap,118632,Nippon India Large Cap Fund - Direct Plan Growth Plan - Growth Option,Nippon India Mutual Fund,Open Ended Schemes,Equity Scheme - Large Cap Fund,2016-05-18,22.7496,2026-06-23T05:29:58.847318+00:00,https://api.mfapi.in/mf/118632
118632,Nippon Large Cap,118632,Nippon India Large Cap Fund - Direct Plan Growth Plan - Growth Option,Nippon India Mutual Fund,Open Ended Schemes,Equity Scheme - Large Cap Fund,2016-05-17,22.8349,2026-06-23T05:29:58.847318+00:00,https://api.mfapi.in/mf/118632
118632,Nippon Large Cap,118632,Nippon India Large Cap Fund - Direct Plan Growth Plan - Growth Option,Nippon India Mutual Fund,Open Ended Schemes,Equity Scheme - Large Cap Fund,2016-05-16,22.6867,2026-06-23T05:29:58.847318+00:00,https://api.mfapi.in/mf/118632
118632,Nippon Large Cap,118632,Nippon India Large Cap Fund - Direct Plan Growth Plan - Growth Option,Nippon India Mutual Fund,Open Ended Schemes,Equity Scheme - Large Cap Fund,2016-05-13,22.7227,2026-06-23T05:29:58.847318+00:00,https://api.mfapi.in/mf/118632
118632,Nippon Large Cap,118632,Nippon India Large Cap Fund - Direct Plan Growth Plan - Growth Option,Nippon India Mutual Fund,Open Ended Schemes,Equity Scheme - Large Cap Fund,2016-05-12,22.8837,2026-06-23T05:29:58.847318+00:00,https://api.mfapi.in/mf/118632
118632,Nippon Large Cap,118632,Nippon India Large Cap Fund - Direct Plan Growth Plan - Growth Option,Nippon India Mutual Fund,Open Ended Schemes,Equity Scheme - Large Cap Fund,2016-05-11,22.7257,2026-06-23T05:29:58.847318+00:00,https://api.mfapi.in/mf/118632
118632,Nippon Large Cap,118632,Nippon India Large Cap Fund - Direct Plan Growth Plan - Growth Option,Nippon India Mutual Fund,Open Ended Schemes,Equity Scheme - Large Cap Fund,2016-05-10,22.8087,2026-06-23T05:29:58.847318+00:00,https://api.mfapi.in/mf/118632
118632,Nippon Large Cap,118632,Nippon India Large Cap Fund - Direct Plan Growth Plan - Growth Option,Nippon India Mutual Fund,Open Ended Schemes,Equity Scheme - Large Cap Fund,2016-05-09,22.757,2026-06-23T05:29:58.847318+00:00,https://api.mfapi.in/mf/118632
118632,Nippon Large Cap,118632,Nippon India Large Cap Fund - Direct Plan Growth Plan - Growth Option,Nippon India Mutual Fund,Open Ended Schemes,Equity Scheme - Large Cap Fund,2016-05-06,22.3996,2026-06-23T05:29:58.847318+00:00,https://api.mfapi.in/mf/118632
118632,Nippon Large Cap,118632,Nippon India Large Cap Fund - Direct Plan Growth Plan - Growth Option,Nippon India Mutual Fund,Open Ended Schemes,Equity Scheme - Large Cap Fund,2016-05-05,22.3476,2026-06-23T05:29:58.847318+00:00,https://api.mfapi.in/mf/118632
118632,Nippon Large Cap,118632,Nippon India Large Cap Fund - Direct Plan Growth Plan - Growth Option,Nippon India Mutual Fund,Open Ended Schemes,Equity Scheme - Large Cap Fund,2016-05-04,22.2164,2026-06-23T05:29:58.847318+00:00,https://api.mfapi.in/mf/118632
118632,Nippon Large Cap,118632,Nippon India Large Cap Fund - Direct Plan Growth Plan - Growth Option,Nippon India Mutual Fund,Open Ended Schemes,Equity Scheme - Large Cap Fund,2016-05-03,22.4577,2026-06-23T05:29:58.847318+00:00,https://api.mfapi.in/mf/118632
118632,Nippon Large Cap,118632,Nippon India Large Cap Fund - Direct Plan Growth Plan - Growth Option,Nippon India Mutual Fund,Open Ended Schemes,Equity Scheme - Large Cap Fund,2016-05-02,22.6677,2026-06-23T05:29:58.847318+00:00,https://api.mfapi.in/mf/118632
118632,Nippon Large Cap,118632,Nippon India Large Cap Fund - Direct Plan Growth Plan - Growth Option,Nippon India Mutual Fund,Open Ended Schemes,Equity Scheme - Large Cap Fund,2016-04-29,22.7631,2026-06-23T05:29:58.847318+00:00,https://api.mfapi.in/mf/118632
118632,Nippon Large Cap,118632,Nippon India Large Cap Fund - Direct Plan Growth Plan - Growth Option,Nippon India Mutual Fund,Open Ended Schemes,Equity Scheme - Large Cap Fund,2016-04-28,22.8054,2026-06-23T05:29:58.847318+00:00,https://api.mfapi.in/mf/118632
118632,Nippon Large Cap,118632,Nippon India Large Cap Fund - Direct Plan Growth Plan - Growth Option,Nippon India Mutual Fund,Open Ended Schemes,Equity Scheme - Large Cap Fund,2016-04-27,23.2149,2026-06-23T05:29:58.847318+00:00,https://api.mfapi.in/mf/118632
118632,Nippon Large Cap,118632,Nippon India Large Cap Fund - Direct Plan Growth Plan - Growth Option,Nippon India Mutual Fund,Open Ended Schemes,Equity Scheme - Large Cap Fund,2016-04-26,23.3473,2026-06-23T05:29:58.847318+00:00,https://api.mfapi.in/mf/118632
118632,Nippon Large Cap,118632,Nippon India Large Cap Fund - Direct Plan Growth Plan - Growth Option,Nippon India Mutual Fund,Open Ended Schemes,Equity Scheme - Large Cap Fund,2016-04-25,23.1021,2026-06-23T05:29:58.847318+00:00,https://api.mfapi.in/mf/118632
118632,Nippon Large Cap,118632,Nippon India Large Cap Fund - Direct Plan Growth Plan - Growth Option,Nippon India Mutual Fund,Open Ended Schemes,Equity Scheme - Large Cap Fund,2016-04-22,23.2899,2026-06-23T05:29:58.847318+00:00,https://api.mfapi.in/mf/118632
118632,Nippon Large Cap,118632,Nippon India Large Cap Fund - Direct Plan Growth Plan - Growth Option,Nippon India Mutual Fund,Open Ended Schemes,Equity Scheme - Large Cap Fund,2016-04-21,23.2232,2026-06-23T05:29:58.847318+00:00,https://api.mfapi.in/mf/118632
118632,Nippon Large Cap,118632,Nippon India Large Cap Fund - Direct Plan Growth Plan - Growth Option,Nippon India Mutual Fund,Open Ended Schemes,Equity Scheme - Large Cap Fund,2016-04-20,23.135,2026-06-23T05:29:58.847318+00:00,https://api.mfapi.in/mf/118632
118632,Nippon Large Cap,118632,Nippon India Large Cap Fund - Direct Plan Growth Plan - Growth Option,Nippon India Mutual Fund,Open Ended Schemes,Equity Scheme - Large Cap Fund,2016-04-18,23.1322,2026-06-23T05:29:58.847318+00:00,https://api.mfapi.in/mf/118632
118632,Nippon Large Cap,118632,Nippon India Large Cap Fund - Direct Plan Growth Plan - Growth Option,Nippon India Mutual Fund,Open Ended Schemes,Equity Scheme - Large Cap Fund,2016-04-13,22.9962,2026-06-23T05:29:58.847318+00:00,https://api.mfapi.in/mf/118632
118632,Nippon Large Cap,118632,Nippon India Large Cap Fund - Direct Plan Growth Plan - Growth Option,Nippon India Mutual Fund,Open Ended Schemes,Equity Scheme - Large Cap Fund,2016-04-12,22.6159,2026-06-23T05:29:58.847318+00:00,https://api.mfapi.in/mf/118632
118632,Nippon Large Cap,118632,Nippon India Large Cap Fund - Direct Plan Growth Plan - Growth Option,Nippon India Mutual Fund,Open Ended Schemes,Equity Scheme - Large Cap Fund,2016-04-11,22.4342,2026-06-23T05:29:58.847318+00:00,https://api.mfapi.in/mf/118632
118632,Nippon Large Cap,118632,Nippon India Large Cap Fund - Direct Plan Growth Plan - Growth Option,Nippon India Mutual Fund,Open Ended Schemes,Equity Scheme - Large Cap Fund,2016-04-08,22.1561,2026-06-23T05:29:58.847318+00:00,https://api.mfapi.in/mf/118632
118632,Nippon Large Cap,118632,Nippon India Large Cap Fund - Direct Plan Growth Plan - Growth Option,Nippon India Mutual Fund,Open Ended Schemes,Equity Scheme - Large Cap Fund,2016-04-07,22.0958,2026-06-23T05:29:58.847318+00:00,https://api.mfapi.in/mf/118632
118632,Nippon Large Cap,118632,Nippon India Large Cap Fund - Direct Plan Growth Plan - Growth Option,Nippon India Mutual Fund,Open Ended Schemes,Equity Scheme - Large Cap Fund,2016-04-06,22.2747,2026-06-23T05:29:58.847318+00:00,https://api.mfapi.in/mf/118632
118632,Nippon Large Cap,118632,Nippon India Large Cap Fund - Direct Plan Growth Plan - Growth Option,Nippon India Mutual Fund,Open Ended Schemes,Equity Scheme - Large Cap Fund,2016-04-05,22.2847,2026-06-23T05:29:58.847318+00:00,https://api.mfapi.in/mf/118632
118632,Nippon Large Cap,118632,Nippon India Large Cap Fund - Direct Plan Growth Plan - Growth Option,Nippon India Mutual Fund,Open Ended Schemes,Equity Scheme - Large Cap Fund,2016-04-04,22.8388,2026-06-23T05:29:58.847318+00:00,https://api.mfapi.in/mf/118632
118632,Nippon Large Cap,118632,Nippon India Large Cap Fund - Direct Plan Growth Plan - Growth Option,Nippon India Mutual Fund,Open Ended Schemes,Equity Scheme - Large Cap Fund,2016-04-01,22.7749,2026-06-23T05:29:58.847318+00:00,https://api.mfapi.in/mf/118632
118632,Nippon Large Cap,118632,Nippon India Large Cap Fund - Direct Plan Growth Plan - Growth Option,Nippon India Mutual Fund,Open Ended Schemes,Equity Scheme - Large Cap Fund,2016-03-31,22.7305,2026-06-23T05:29:58.847318+00:00,https://api.mfapi.in/mf/118632
118632,Nippon Large Cap,118632,Nippon India Large Cap Fund - Direct Plan Growth Plan - Growth Option,Nippon India Mutual Fund,Open Ended Schemes,Equity Scheme - Large Cap Fund,2016-03-30,22.7469,2026-06-23T05:29:58.847318+00:00,https://api.mfapi.in/mf/118632
118632,Nippon Large Cap,118632,Nippon India Large Cap Fund - Direct Plan Growth Plan - Growth Option,Nippon India Mutual Fund,Open Ended Schemes,Equity Scheme - Large Cap Fund,2016-03-29,22.2831,2026-06-23T05:29:58.847318+00:00,https://api.mfapi.in/mf/118632
118632,Nippon Large Cap,118632,Nippon India Large Cap Fund - Direct Plan Growth Plan - Growth Option,Nippon India Mutual Fund,Open Ended Schemes,Equity Scheme - Large Cap Fund,2016-03-28,22.261,2026-06-23T05:29:58.847318+00:00,https://api.mfapi.in/mf/118632
118632,Nippon Large Cap,118632,Nippon India Large Cap Fund - Direct Plan Growth Plan - Growth Option,Nippon India Mutual Fund,Open Ended Schemes,Equity Scheme - Large Cap Fund,2016-03-23,22.5952,2026-06-23T05:29:58.847318+00:00,https://api.mfapi.in/mf/118632
118632,Nippon Large Cap,118632,Nippon India Large Cap Fund - Direct Plan Growth Plan - Growth Option,Nippon India Mutual Fund,Open Ended Schemes,Equity Scheme - Large Cap Fund,2016-03-22,22.621,2026-06-23T05:29:58.847318+00:00,https://api.mfapi.in/mf/118632
118632,Nippon Large Cap,118632,Nippon India Large Cap Fund - Direct Plan Growth Plan - Growth Option,Nippon India Mutual Fund,Open Ended Schemes,Equity Scheme - Large Cap Fund,2016-03-21,22.5146,2026-06-23T05:29:58.847318+00:00,https://api.mfapi.in/mf/118632
118632,Nippon Large Cap,118632,Nippon India Large Cap Fund - Direct Plan Growth Plan - Growth Option,Nippon India Mutual Fund,Open Ended Schemes,Equity Scheme - Large Cap Fund,2016-03-18,22.1565,2026-06-23T05:29:58.847318+00:00,https://api.mfapi.in/mf/118632
118632,Nippon Large Cap,118632,Nippon India Large Cap Fund - Direct Plan Growth Plan - Growth Option,Nippon India Mutual Fund,Open Ended Schemes,Equity Scheme - Large Cap Fund,2016-03-17,21.8864,2026-06-23T05:29:58.847318+00:00,https://api.mfapi.in/mf/118632
118632,Nippon Large Cap,118632,Nippon India Large Cap Fund - Direct Plan Growth Plan - Growth Option,Nippon India Mutual Fund,Open Ended Schemes,Equity Scheme - Large Cap Fund,2016-03-16,21.7742,2026-06-23T05:29:58.847318+00:00,https://api.mfapi.in/mf/118632
118632,Nippon Large Cap,118632,Nippon India Large Cap Fund - Direct Plan Growth Plan - Growth Option,Nippon India Mutual Fund,Open Ended Schemes,Equity Scheme - Large Cap Fund,2016-03-15,21.6629,2026-06-23T05:29:58.847318+00:00,https://api.mfapi.in/mf/118632
118632,Nippon Large Cap,118632,Nippon India Large Cap Fund - Direct Plan Growth Plan - Growth Option,Nippon India Mutual Fund,Open Ended Schemes,Equity Scheme - Large Cap Fund,2016-03-14,21.7934,2026-06-23T05:29:58.847318+00:00,https://api.mfapi.in/mf/118632
118632,Nippon Large Cap,118632,Nippon India Large Cap Fund - Direct Plan Growth Plan - Growth Option,Nippon India Mutual Fund,Open Ended Schemes,Equity Scheme - Large Cap Fund,2016-03-11,21.6799,2026-06-23T05:29:58.847318+00:00,https://api.mfapi.in/mf/118632
118632,Nippon Large Cap,118632,Nippon India Large Cap Fund - Direct Plan Growth Plan - Growth Option,Nippon India Mutual Fund,Open Ended Schemes,Equity Scheme - Large Cap Fund,2016-03-10,21.6154,2026-06-23T05:29:58.847318+00:00,https://api.mfapi.in/mf/118632
118632,Nippon Large Cap,118632,Nippon India Large Cap Fund - Direct Plan Growth Plan - Growth Option,Nippon India Mutual Fund,Open Ended Schemes,Equity Scheme - Large Cap Fund,2016-03-09,21.8384,2026-06-23T05:29:58.847318+00:00,https://api.mfapi.in/mf/118632
118632,Nippon Large Cap,118632,Nippon India Large Cap Fund - Direct Plan Growth Plan - Growth Option,Nippon India Mutual Fund,Open Ended Schemes,Equity Scheme - Large Cap Fund,2016-03-08,21.7427,2026-06-23T05:29:58.847318+00:00,https://api.mfapi.in/mf/118632
118632,Nippon Large Cap,118632,Nippon India Large Cap Fund - Direct Plan Growth Plan - Growth Option,Nippon India Mutual Fund,Open Ended Schemes,Equity Scheme - Large Cap Fund,2016-03-04,21.8207,2026-06-23T05:29:58.847318+00:00,https://api.mfapi.in/mf/118632
118632,Nippon Large Cap,118632,Nippon India Large Cap Fund - Direct Plan Growth Plan - Growth Option,Nippon India Mutual Fund,Open Ended Schemes,Equity Scheme - Large Cap Fund,2016-03-03,21.8293,2026-06-23T05:29:58.847318+00:00,https://api.mfapi.in/mf/118632
118632,Nippon Large Cap,118632,Nippon India Large Cap Fund - Direct Plan Growth Plan - Growth Option,Nippon India Mutual Fund,Open Ended Schemes,Equity Scheme - Large Cap Fund,2016-03-02,21.4877,2026-06-23T05:29:58.847318+00:00,https://api.mfapi.in/mf/118632
118632,Nippon Large Cap,118632,Nippon India Large Cap Fund - Direct Plan Growth Plan - Growth Option,Nippon India Mutual Fund,Open Ended Schemes,Equity Scheme - Large Cap Fund,2016-03-01,20.9882,2026-06-23T05:29:58.847318+00:00,https://api.mfapi.in/mf/118632
118632,Nippon Large Cap,118632,Nippon India Large Cap Fund - Direct Plan Growth Plan - Growth Option,Nippon India Mutual Fund,Open Ended Schemes,Equity Scheme - Large Cap Fund,2016-02-29,20.3216,2026-06-23T05:29:58.847318+00:00,https://api.mfapi.in/mf/118632
118632,Nippon Large Cap,118632,Nippon India Large Cap Fund - Direct Plan Growth Plan - Growth Option,Nippon India Mutual Fund,Open Ended Schemes,Equity Scheme - Large Cap Fund,2016-02-26,20.3822,2026-06-23T05:29:58.847318+00:00,https://api.mfapi.in/mf/118632
118632,Nippon Large Cap,118632,Nippon India Large Cap Fund - Direct Plan Growth Plan - Growth Option,Nippon India Mutual Fund,Open Ended Schemes,Equity Scheme - Large Cap Fund,2016-02-25,20.2073,2026-06-23T05:29:58.847318+00:00,https://api.mfapi.in/mf/118632
118632,Nippon Large Cap,118632,Nippon India Large Cap Fund - Direct Plan Growth Plan - Growth Option,Nippon India Mutual Fund,Open Ended Schemes,Equity Scheme - Large Cap Fund,2016-02-24,20.4871,2026-06-23T05:29:58.847318+00:00,https://api.mfapi.in/mf/118632
118632,Nippon Large Cap,118632,Nippon India Large Cap Fund - Direct Plan Growth Plan - Growth Option,Nippon India Mutual Fund,Open Ended Schemes,Equity Scheme - Large Cap Fund,2016-02-23,20.7066,2026-06-23T05:29:58.847318+00:00,https://api.mfapi.in/mf/118632
118632,Nippon Large Cap,118632,Nippon India Large Cap Fund - Direct Plan Growth Plan - Growth Option,Nippon India Mutual Fund,Open Ended Schemes,Equity Scheme - Large Cap Fund,2016-02-22,21.0577,2026-06-23T05:29:58.847318+00:00,https://api.mfapi.in/mf/118632
118632,Nippon Large Cap,118632,Nippon India Large Cap Fund - Direct Plan Growth Plan - Growth Option,Nippon India Mutual Fund,Open Ended Schemes,Equity Scheme - Large Cap Fund,2016-02-19,20.9572,2026-06-23T05:29:58.847318+00:00,https://api.mfapi.in/mf/118632
118632,Nippon Large Cap,118632,Nippon India Large Cap Fund - Direct Plan Growth Plan - Growth Option,Nippon India Mutual Fund,Open Ended Schemes,Equity Scheme - Large Cap Fund,2016-02-18,20.8984,2026-06-23T05:29:58.847318+00:00,https://api.mfapi.in/mf/118632
118632,Nippon Large Cap,118632,Nippon India Large Cap Fund - Direct Plan Growth Plan - Growth Option,Nippon India Mutual Fund,Open Ended Schemes,Equity Scheme - Large Cap Fund,2016-02-17,20.7377,2026-06-23T05:29:58.847318+00:00,https://api.mfapi.in/mf/118632
118632,Nippon Large Cap,118632,Nippon India Large Cap Fund - Direct Plan Growth Plan - Growth Option,Nippon India Mutual Fund,Open Ended Schemes,Equity Scheme - Large Cap Fund,2016-02-16,20.6254,2026-06-23T05:29:58.847318+00:00,https://api.mfapi.in/mf/118632
118632,Nippon Large Cap,118632,Nippon India Large Cap Fund - Direct Plan Growth Plan - Growth Option,Nippon India Mutual Fund,Open Ended Schemes,Equity Scheme - Large Cap Fund,2016-02-15,21.1626,2026-06-23T05:29:58.847318+00:00,https://api.mfapi.in/mf/118632
118632,Nippon Large Cap,118632,Nippon India Large Cap Fund - Direct Plan Growth Plan - Growth Option,Nippon India Mutual Fund,Open Ended Schemes,Equity Scheme - Large Cap Fund,2016-02-12,20.335,2026-06-23T05:29:58.847318+00:00,https://api.mfapi.in/mf/118632
118632,Nippon Large Cap,118632,Nippon India Large Cap Fund - Direct Plan Growth Plan - Growth Option,Nippon India Mutual Fund,Open Ended Schemes,Equity Scheme - Large Cap Fund,2016-02-11,20.5606,2026-06-23T05:29:58.847318+00:00,https://api.mfapi.in/mf/118632
118632,Nippon Large Cap,118632,Nippon India Large Cap Fund - Direct Plan Growth Plan - Growth Option,Nippon India Mutual Fund,Open Ended Schemes,Equity Scheme - Large Cap Fund,2016-02-10,21.2345,2026-06-23T05:29:58.847318+00:00,https://api.mfapi.in/mf/118632
118632,Nippon Large Cap,118632,Nippon India Large Cap Fund - Direct Plan Growth Plan - Growth Option,Nippon India Mutual Fund,Open Ended Schemes,Equity Scheme - Large Cap Fund,2016-02-09,21.511,2026-06-23T05:29:58.847318+00:00,https://api.mfapi.in/mf/118632
118632,Nippon Large Cap,118632,Nippon India Large Cap Fund - Direct Plan Growth Plan - Growth Option,Nippon India Mutual Fund,Open Ended Schemes,Equity Scheme - Large Cap Fund,2016-02-08,21.931,2026-06-23T05:29:58.847318+00:00,https://api.mfapi.in/mf/118632
118632,Nippon Large Cap,118632,Nippon India Large Cap Fund - Direct Plan Growth Plan - Growth Option,Nippon India Mutual Fund,Open Ended Schemes,Equity Scheme - Large Cap Fund,2016-02-05,22.1293,2026-06-23T05:29:58.847318+00:00,https://api.mfapi.in/mf/118632
118632,Nippon Large Cap,118632,Nippon India Large Cap Fund - Direct Plan Growth Plan - Growth Option,Nippon India Mutual Fund,Open Ended Schemes,Equity Scheme - Large Cap Fund,2016-02-04,21.8202,2026-06-23T05:29:58.847318+00:00,https://api.mfapi.in/mf/118632
118632,Nippon Large Cap,118632,Nippon India Large Cap Fund - Direct Plan Growth Plan - Growth Option,Nippon India Mutual Fund,Open Ended Schemes,Equity Scheme - Large Cap Fund,2016-02-03,21.6981,2026-06-23T05:29:58.847318+00:00,https://api.mfapi.in/mf/118632
118632,Nippon Large Cap,118632,Nippon India Large Cap Fund - Direct Plan Growth Plan - Growth Option,Nippon India Mutual Fund,Open Ended Schemes,Equity Scheme - Large Cap Fund,2016-02-02,21.9913,2026-06-23T05:29:58.847318+00:00,https://api.mfapi.in/mf/118632
118632,Nippon Large Cap,118632,Nippon India Large Cap Fund - Direct Plan Growth Plan - Growth Option,Nippon India Mutual Fund,Open Ended Schemes,Equity Scheme - Large Cap Fund,2016-02-01,22.3199,2026-06-23T05:29:58.847318+00:00,https://api.mfapi.in/mf/118632
118632,Nippon Large Cap,118632,Nippon India Large Cap Fund - Direct Plan Growth Plan - Growth Option,Nippon India Mutual Fund,Open Ended Schemes,Equity Scheme - Large Cap Fund,2016-01-29,22.3623,2026-06-23T05:29:58.847318+00:00,https://api.mfapi.in/mf/118632
118632,Nippon Large Cap,118632,Nippon India Large Cap Fund - Direct Plan Growth Plan - Growth Option,Nippon India Mutual Fund,Open Ended Schemes,Equity Scheme - Large Cap Fund,2016-01-28,22.1207,2026-06-23T05:29:58.847318+00:00,https://api.mfapi.in/mf/118632
118632,Nippon Large Cap,118632,Nippon India Large Cap Fund - Direct Plan Growth Plan - Growth Option,Nippon India Mutual Fund,Open Ended Schemes,Equity Scheme - Large Cap Fund,2016-01-27,22.2157,2026-06-23T05:29:58.847318+00:00,https://api.mfapi.in/mf/118632
118632,Nippon Large Cap,118632,Nippon India Large Cap Fund - Direct Plan Growth Plan - Growth Option,Nippon India Mutual Fund,Open Ended Schemes,Equity Scheme - Large Cap Fund,2016-01-25,22.1872,2026-06-23T05:29:58.847318+00:00,https://api.mfapi.in/mf/118632
118632,Nippon Large Cap,118632,Nippon India Large Cap Fund - Direct Plan Growth Plan - Growth Option,Nippon India Mutual Fund,Open Ended Schemes,Equity Scheme - Large Cap Fund,2016-01-22,22.1803,2026-06-23T05:29:58.847318+00:00,https://api.mfapi.in/mf/118632
118632,Nippon Large Cap,118632,Nippon India Large Cap Fund - Direct Plan Growth Plan - Growth Option,Nippon India Mutual Fund,Open Ended Schemes,Equity Scheme - Large Cap Fund,2016-01-21,21.6986,2026-06-23T05:29:58.847318+00:00,https://api.mfapi.in/mf/118632
118632,Nippon Large Cap,118632,Nippon India Large Cap Fund - Direct Plan Growth Plan - Growth Option,Nippon India Mutual Fund,Open Ended Schemes,Equity Scheme - Large Cap Fund,2016-01-20,21.7905,2026-06-23T05:29:58.847318+00:00,https://api.mfapi.in/mf/118632
118632,Nippon Large Cap,118632,Nippon India Large Cap Fund - Direct Plan Growth Plan - Growth Option,Nippon India Mutual Fund,Open Ended Schemes,Equity Scheme - Large Cap Fund,2016-01-19,22.1989,2026-06-23T05:29:58.847318+00:00,https://api.mfapi.in/mf/118632
118632,Nippon Large Cap,118632,Nippon India Large Cap Fund - Direct Plan Growth Plan - Growth Option,Nippon India Mutual Fund,Open Ended Schemes,Equity Scheme - Large Cap Fund,2016-01-18,21.8577,2026-06-23T05:29:58.847318+00:00,https://api.mfapi.in/mf/118632
118632,Nippon Large Cap,118632,Nippon India Large Cap Fund - Direct Plan Growth Plan - Growth Option,Nippon India Mutual Fund,Open Ended Schemes,Equity Scheme - Large Cap Fund,2016-01-15,22.2522,2026-06-23T05:29:58.847318+00:00,https://api.mfapi.in/mf/118632
118632,Nippon Large Cap,118632,Nippon India Large Cap Fund - Direct Plan Growth Plan - Growth Option,Nippon India Mutual Fund,Open Ended Schemes,Equity Scheme - Large Cap Fund,2016-01-14,22.7351,2026-06-23T05:29:58.847318+00:00,https://api.mfapi.in/mf/118632
118632,Nippon Large Cap,118632,Nippon India Large Cap Fund - Direct Plan Growth Plan - Growth Option,Nippon India Mutual Fund,Open Ended Schemes,Equity Scheme - Large Cap Fund,2016-01-13,22.9722,2026-06-23T05:29:58.847318+00:00,https://api.mfapi.in/mf/118632
118632,Nippon Large Cap,118632,Nippon India Large Cap Fund - Direct Plan Growth Plan - Growth Option,Nippon India Mutual Fund,Open Ended Schemes,Equity Scheme - Large Cap Fund,2016-01-12,22.8466,2026-06-23T05:29:58.847318+00:00,https://api.mfapi.in/mf/118632
118632,Nippon Large Cap,118632,Nippon India Large Cap Fund - Direct Plan Growth Plan - Growth Option,Nippon India Mutual Fund,Open Ended Schemes,Equity Scheme - Large Cap Fund,2016-01-11,23.017,2026-06-23T05:29:58.847318+00:00,https://api.mfapi.in/mf/118632
118632,Nippon Large Cap,118632,Nippon India Large Cap Fund - Direct Plan Growth Plan - Growth Option,Nippon India Mutual Fund,Open Ended Schemes,Equity Scheme - Large Cap Fund,2016-01-08,23.1295,2026-06-23T05:29:58.847318+00:00,https://api.mfapi.in/mf/118632
118632,Nippon Large Cap,118632,Nippon India Large Cap Fund - Direct Plan Growth Plan - Growth Option,Nippon India Mutual Fund,Open Ended Schemes,Equity Scheme - Large Cap Fund,2016-01-07,23.024,2026-06-23T05:29:58.847318+00:00,https://api.mfapi.in/mf/118632
118632,Nippon Large Cap,118632,Nippon India Large Cap Fund - Direct Plan Growth Plan - Growth Option,Nippon India Mutual Fund,Open Ended Schemes,Equity Scheme - Large Cap Fund,2016-01-06,23.6076,2026-06-23T05:29:58.847318+00:00,https://api.mfapi.in/mf/118632
118632,Nippon Large Cap,118632,Nippon India Large Cap Fund - Direct Plan Growth Plan - Growth Option,Nippon India Mutual Fund,Open Ended Schemes,Equity Scheme - Large Cap Fund,2016-01-05,23.6725,2026-06-23T05:29:58.847318+00:00,https://api.mfapi.in/mf/118632
118632,Nippon Large Cap,118632,Nippon India Large Cap Fund - Direct Plan Growth Plan - Growth Option,Nippon India Mutual Fund,Open Ended Schemes,Equity Scheme - Large Cap Fund,2016-01-04,23.6582,2026-06-23T05:29:58.847318+00:00,https://api.mfapi.in/mf/118632
118632,Nippon Large Cap,118632,Nippon India Large Cap Fund - Direct Plan Growth Plan - Growth Option,Nippon India Mutual Fund,Open Ended Schemes,Equity Scheme - Large Cap Fund,2016-01-01,24.1592,2026-06-23T05:29:58.847318+00:00,https://api.mfapi.in/mf/118632
118632,Nippon Large Cap,118632,Nippon India Large Cap Fund - Direct Plan Growth Plan - Growth Option,Nippon India Mutual Fund,Open Ended Schemes,Equity Scheme - Large Cap Fund,2015-12-31,24.0469,2026-06-23T05:29:58.847318+00:00,https://api.mfapi.in/mf/118632
118632,Nippon Large Cap,118632,Nippon India Large Cap Fund - Direct Plan Growth Plan - Growth Option,Nippon India Mutual Fund,Open Ended Schemes,Equity Scheme - Large Cap Fund,2015-12-30,23.9469,2026-06-23T05:29:58.847318+00:00,https://api.mfapi.in/mf/118632
118632,Nippon Large Cap,118632,Nippon India Large Cap Fund - Direct Plan Growth Plan - Growth Option,Nippon India Mutual Fund,Open Ended Schemes,Equity Scheme - Large Cap Fund,2015-12-29,24.0464,2026-06-23T05:29:58.847318+00:00,https://api.mfapi.in/mf/118632
118632,Nippon Large Cap,118632,Nippon India Large Cap Fund - Direct Plan Growth Plan - Growth Option,Nippon India Mutual Fund,Open Ended Schemes,Equity Scheme - Large Cap Fund,2015-12-28,24.0376,2026-06-23T05:29:58.847318+00:00,https://api.mfapi.in/mf/118632
118632,Nippon Large Cap,118632,Nippon India Large Cap Fund - Direct Plan Growth Plan - Growth Option,Nippon India Mutual Fund,Open Ended Schemes,Equity Scheme - Large Cap Fund,2015-12-24,23.8664,2026-06-23T05:29:58.847318+00:00,https://api.mfapi.in/mf/118632
118632,Nippon Large Cap,118632,Nippon India Large Cap Fund - Direct Plan Growth Plan - Growth Option,Nippon India Mutual Fund,Open Ended Schemes,Equity Scheme - Large Cap Fund,2015-12-23,23.8732,2026-06-23T05:29:58.847318+00:00,https://api.mfapi.in/mf/118632
118632,Nippon Large Cap,118632,Nippon India Large Cap Fund - Direct Plan Growth Plan - Growth Option,Nippon India Mutual Fund,Open Ended Schemes,Equity Scheme - Large Cap Fund,2015-12-22,23.6914,2026-06-23T05:29:58.847318+00:00,https://api.mfapi.in/mf/118632
118632,Nippon Large Cap,118632,Nippon India Large Cap Fund - Direct Plan Growth Plan - Growth Option,Nippon India Mutual Fund,Open Ended Schemes,Equity Scheme - Large Cap Fund,2015-12-21,23.7742,2026-06-23T05:29:58.847318+00:00,https://api.mfapi.in/mf/118632
118632,Nippon Large Cap,118632,Nippon India Large Cap Fund - Direct Plan Growth Plan - Growth Option,Nippon India Mutual Fund,Open Ended Schemes,Equity Scheme - Large Cap Fund,2015-12-18,23.5299,2026-06-23T05:29:58.847318+00:00,https://api.mfapi.in/mf/118632
118632,Nippon Large Cap,118632,Nippon India Large Cap Fund - Direct Plan Growth Plan - Growth Option,Nippon India Mutual Fund,Open Ended Schemes,Equity Scheme - Large Cap Fund,2015-12-17,23.7584,2026-06-23T05:29:58.847318+00:00,https://api.mfapi.in/mf/118632
118632,Nippon Large Cap,118632,Nippon India Large Cap Fund - Direct Plan Growth Plan - Growth Option,Nippon India Mutual Fund,Open Ended Schemes,Equity Scheme - Large Cap Fund,2015-12-16,23.4669,2026-06-23T05:29:58.847318+00:00,https://api.mfapi.in/mf/118632
118632,Nippon Large Cap,118632,Nippon India Large Cap Fund - Direct Plan Growth Plan - Growth Option,Nippon India Mutual Fund,Open Ended Schemes,Equity Scheme - Large Cap Fund,2015-12-15,23.3506,2026-06-23T05:29:58.847318+00:00,https://api.mfapi.in/mf/118632
118632,Nippon Large Cap,118632,Nippon India Large Cap Fund - Direct Plan Growth Plan - Growth Option,Nippon India Mutual Fund,Open Ended Schemes,Equity Scheme - Large Cap Fund,2015-12-14,23.1611,2026-06-23T05:29:58.847318+00:00,https://api.mfapi.in/mf/118632
118632,Nippon Large Cap,118632,Nippon India Large Cap Fund - Direct Plan Growth Plan - Growth Option,Nippon India Mutual Fund,Open Ended Schemes,Equity Scheme - Large Cap Fund,2015-12-11,23.1149,2026-06-23T05:29:58.847318+00:00,https://api.mfapi.in/mf/118632
118632,Nippon Large Cap,118632,Nippon India Large Cap Fund - Direct Plan Growth Plan - Growth Option,Nippon India Mutual Fund,Open Ended Schemes,Equity Scheme - Large Cap Fund,2015-12-10,23.3611,2026-06-23T05:29:58.847318+00:00,https://api.mfapi.in/mf/118632
118632,Nippon Large Cap,118632,Nippon India Large Cap Fund - Direct Plan Growth Plan - Growth Option,Nippon India Mutual Fund,Open Ended Schemes,Equity Scheme - Large Cap Fund,2015-12-09,23.1808,2026-06-23T05:29:58.847318+00:00,https://api.mfapi.in/mf/118632
118632,Nippon Large Cap,118632,Nippon India Large Cap Fund - Direct Plan Growth Plan - Growth Option,Nippon India Mutual Fund,Open Ended Schemes,Equity Scheme - Large Cap Fund,2015-12-08,23.5217,2026-06-23T05:29:58.847318+00:00,https://api.mfapi.in/mf/118632
118632,Nippon Large Cap,118632,Nippon India Large Cap Fund - Direct Plan Growth Plan - Growth Option,Nippon India Mutual Fund,Open Ended Schemes,Equity Scheme - Large Cap Fund,2015-12-07,23.6828,2026-06-23T05:29:58.847318+00:00,https://api.mfapi.in/mf/118632
118632,Nippon Large Cap,118632,Nippon India Large Cap Fund - Direct Plan Growth Plan - Growth Option,Nippon India Mutual Fund,Open Ended Schemes,Equity Scheme - Large Cap Fund,2015-12-04,23.6939,2026-06-23T05:29:58.847318+00:00,https://api.mfapi.in/mf/118632
118632,Nippon Large Cap,118632,Nippon India Large Cap Fund - Direct Plan Growth Plan - Growth Option,Nippon India Mutual Fund,Open Ended Schemes,Equity Scheme - Large Cap Fund,2015-12-03,23.8826,2026-06-23T05:29:58.847318+00:00,https://api.mfapi.in/mf/118632
118632,Nippon Large Cap,118632,Nippon India Large Cap Fund - Direct Plan Growth Plan - Growth Option,Nippon India Mutual Fund,Open Ended Schemes,Equity Scheme - Large Cap Fund,2015-12-02,23.9763,2026-06-23T05:29:58.847318+00:00,https://api.mfapi.in/mf/118632
118632,Nippon Large Cap,118632,Nippon India Large Cap Fund - Direct Plan Growth Plan - Growth Option,Nippon India Mutual Fund,Open Ended Schemes,Equity Scheme - Large Cap Fund,2015-12-01,24.1287,2026-06-23T05:29:58.847318+00:00,https://api.mfapi.in/mf/118632
118632,Nippon Large Cap,118632,Nippon India Large Cap Fund - Direct Plan Growth Plan - Growth Option,Nippon India Mutual Fund,Open Ended Schemes,Equity Scheme - Large Cap Fund,2015-11-30,24.0853,2026-06-23T05:29:58.847318+00:00,https://api.mfapi.in/mf/118632
118632,Nippon Large Cap,118632,Nippon India Large Cap Fund - Direct Plan Growth Plan - Growth Option,Nippon India Mutual Fund,Open Ended Schemes,Equity Scheme - Large Cap Fund,2015-11-27,24.0645,2026-06-23T05:29:58.847318+00:00,https://api.mfapi.in/mf/118632
118632,Nippon Large Cap,118632,Nippon India Large Cap Fund - Direct Plan Growth Plan - Growth Option,Nippon India Mutual Fund,Open Ended Schemes,Equity Scheme - Large Cap Fund,2015-11-26,23.8873,2026-06-23T05:29:58.847318+00:00,https://api.mfapi.in/mf/118632
118632,Nippon Large Cap,118632,Nippon India Large Cap Fund - Direct Plan Growth Plan - Growth Option,Nippon India Mutual Fund,Open Ended Schemes,Equity Scheme - Large Cap Fund,2015-11-24,23.7693,2026-06-23T05:29:58.847318+00:00,https://api.mfapi.in/mf/118632
118632,Nippon Large Cap,118632,Nippon India Large Cap Fund - Direct Plan Growth Plan - Growth Option,Nippon India Mutual Fund,Open Ended Schemes,Equity Scheme - Large Cap Fund,2015-11-23,23.8062,2026-06-23T05:29:58.847318+00:00,https://api.mfapi.in/mf/118632
118632,Nippon Large Cap,118632,Nippon India Large Cap Fund - Direct Plan Growth Plan - Growth Option,Nippon India Mutual Fund,Open Ended Schemes,Equity Scheme - Large Cap Fund,2015-11-20,23.7739,2026-06-23T05:29:58.847318+00:00,https://api.mfapi.in/mf/118632
118632,Nippon Large Cap,118632,Nippon India Large Cap Fund - Direct Plan Growth Plan - Growth Option,Nippon India Mutual Fund,Open Ended Schemes,Equity Scheme - Large Cap Fund,2015-11-19,23.7152,2026-06-23T05:29:58.847318+00:00,https://api.mfapi.in/mf/118632
118632,Nippon Large Cap,118632,Nippon India Large Cap Fund - Direct Plan Growth Plan - Growth Option,Nippon India Mutual Fund,Open Ended Schemes,Equity Scheme - Large Cap Fund,2015-11-18,23.3993,2026-06-23T05:29:58.847318+00:00,https://api.mfapi.in/mf/118632
118632,Nippon Large Cap,118632,Nippon India Large Cap Fund - Direct Plan Growth Plan - Growth Option,Nippon India Mutual Fund,Open Ended Schemes,Equity Scheme - Large Cap Fund,2015-11-17,23.6869,2026-06-23T05:29:58.847318+00:00,https://api.mfapi.in/mf/118632
118632,Nippon Large Cap,118632,Nippon India Large Cap Fund - Direct Plan Growth Plan - Growth Option,Nippon India Mutual Fund,Open Ended Schemes,Equity Scheme - Large Cap Fund,2015-11-16,23.6464,2026-06-23T05:29:58.847318+00:00,https://api.mfapi.in/mf/118632
118632,Nippon Large Cap,118632,Nippon India Large Cap Fund - Direct Plan Growth Plan - Growth Option,Nippon India Mutual Fund,Open Ended Schemes,Equity Scheme - Large Cap Fund,2015-11-13,23.6023,2026-06-23T05:29:58.847318+00:00,https://api.mfapi.in/mf/118632
118632,Nippon Large Cap,118632,Nippon India Large Cap Fund - Direct Plan Growth Plan - Growth Option,Nippon India Mutual Fund,Open Ended Schemes,Equity Scheme - Large Cap Fund,2015-11-10,23.6048,2026-06-23T05:29:58.847318+00:00,https://api.mfapi.in/mf/118632
118632,Nippon Large Cap,118632,Nippon India Large Cap Fund - Direct Plan Growth Plan - Growth Option,Nippon India Mutual Fund,Open Ended Schemes,Equity Scheme - Large Cap Fund,2015-11-09,24.0569,2026-06-23T05:29:58.847318+00:00,https://api.mfapi.in/mf/118632
118632,Nippon Large Cap,118632,Nippon India Large Cap Fund - Direct Plan Growth Plan - Growth Option,Nippon India Mutual Fund,Open Ended Schemes,Equity Scheme - Large Cap Fund,2015-11-06,23.9408,2026-06-23T05:29:58.847318+00:00,https://api.mfapi.in/mf/118632
118632,Nippon Large Cap,118632,Nippon India Large Cap Fund - Direct Plan Growth Plan - Growth Option,Nippon India Mutual Fund,Open Ended Schemes,Equity Scheme - Large Cap Fund,2015-11-05,23.8487,2026-06-23T05:29:58.847318+00:00,https://api.mfapi.in/mf/118632
118632,Nippon Large Cap,118632,Nippon India Large Cap Fund - Direct Plan Growth Plan - Growth Option,Nippon India Mutual Fund,Open Ended Schemes,Equity Scheme - Large Cap Fund,2015-11-04,24.1744,2026-06-23T05:29:58.847318+00:00,https://api.mfapi.in/mf/118632
118632,Nippon Large Cap,118632,Nippon India Large Cap Fund - Direct Plan Growth Plan - Growth Option,Nippon India Mutual Fund,Open Ended Schemes,Equity Scheme - Large Cap Fund,2015-11-03,24.14,2026-06-23T05:29:58.847318+00:00,https://api.mfapi.in/mf/118632
118632,Nippon Large Cap,118632,Nippon India Large Cap Fund - Direct Plan Growth Plan - Growth Option,Nippon India Mutual Fund,Open Ended Schemes,Equity Scheme - Large Cap Fund,2015-11-02,24.0093,2026-06-23T05:29:58.847318+00:00,https://api.mfapi.in/mf/118632
118632,Nippon Large Cap,118632,Nippon India Large Cap Fund - Direct Plan Growth Plan - Growth Option,Nippon India Mutual Fund,Open Ended Schemes,Equity Scheme - Large Cap Fund,2015-10-30,23.9588,2026-06-23T05:29:58.847318+00:00,https://api.mfapi.in/mf/118632
118632,Nippon Large Cap,118632,Nippon India Large Cap Fund - Direct Plan Growth Plan - Growth Option,Nippon India Mutual Fund,Open Ended Schemes,Equity Scheme - Large Cap Fund,2015-10-29,23.9492,2026-06-23T05:29:58.847318+00:00,https://api.mfapi.in/mf/118632
118632,Nippon Large Cap,118632,Nippon India Large Cap Fund - Direct Plan Growth Plan - Growth Option,Nippon India Mutual Fund,Open Ended Schemes,Equity Scheme - Large Cap Fund,2015-10-28,24.1553,2026-06-23T05:29:58.847318+00:00,https://api.mfapi.in/mf/118632
118632,Nippon Large Cap,118632,Nippon India Large Cap Fund - Direct Plan Growth Plan - Growth Option,Nippon India Mutual Fund,Open Ended Schemes,Equity Scheme - Large Cap Fund,2015-10-27,24.4353,2026-06-23T05:29:58.847318+00:00,https://api.mfapi.in/mf/118632
118632,Nippon Large Cap,118632,Nippon India Large Cap Fund - Direct Plan Growth Plan - Growth Option,Nippon India Mutual Fund,Open Ended Schemes,Equity Scheme - Large Cap Fund,2015-10-26,24.3338,2026-06-23T05:29:58.847318+00:00,https://api.mfapi.in/mf/118632
118632,Nippon Large Cap,118632,Nippon India Large Cap Fund - Direct Plan Growth Plan - Growth Option,Nippon India Mutual Fund,Open Ended Schemes,Equity Scheme - Large Cap Fund,2015-10-23,24.4185,2026-06-23T05:29:58.847318+00:00,https://api.mfapi.in/mf/118632
118632,Nippon Large Cap,118632,Nippon India Large Cap Fund - Direct Plan Growth Plan - Growth Option,Nippon India Mutual Fund,Open Ended Schemes,Equity Scheme - Large Cap Fund,2015-10-21,24.3804,2026-06-23T05:29:58.847318+00:00,https://api.mfapi.in/mf/118632
118632,Nippon Large Cap,118632,Nippon India Large Cap Fund - Direct Plan Growth Plan - Growth Option,Nippon India Mutual Fund,Open Ended Schemes,Equity Scheme - Large Cap Fund,2015-10-20,24.4647,2026-06-23T05:29:58.847318+00:00,https://api.mfapi.in/mf/118632
118632,Nippon Large Cap,118632,Nippon India Large Cap Fund - Direct Plan Growth Plan - Growth Option,Nippon India Mutual Fund,Open Ended Schemes,Equity Scheme - Large Cap Fund,2015-10-19,24.3698,2026-06-23T05:29:58.847318+00:00,https://api.mfapi.in/mf/118632
118632,Nippon Large Cap,118632,Nippon India Large Cap Fund - Direct Plan Growth Plan - Growth Option,Nippon India Mutual Fund,Open Ended Schemes,Equity Scheme - Large Cap Fund,2015-10-16,24.2571,2026-06-23T05:29:58.847318+00:00,https://api.mfapi.in/mf/118632
118632,Nippon Large Cap,118632,Nippon India Large Cap Fund - Direct Plan Growth Plan - Growth Option,Nippon India Mutual Fund,Open Ended Schemes,Equity Scheme - Large Cap Fund,2015-10-15,24.0433,2026-06-23T05:29:58.847318+00:00,https://api.mfapi.in/mf/118632
118632,Nippon Large Cap,118632,Nippon India Large Cap Fund - Direct Plan Growth Plan - Growth Option,Nippon India Mutual Fund,Open Ended Schemes,Equity Scheme - Large Cap Fund,2015-10-14,23.82,2026-06-23T05:29:58.847318+00:00,https://api.mfapi.in/mf/118632
118632,Nippon Large Cap,118632,Nippon India Large Cap Fund - Direct Plan Growth Plan - Growth Option,Nippon India Mutual Fund,Open Ended Schemes,Equity Scheme - Large Cap Fund,2015-10-13,23.8587,2026-06-23T05:29:58.847318+00:00,https://api.mfapi.in/mf/118632
118632,Nippon Large Cap,118632,Nippon India Large Cap Fund - Direct Plan Growth Plan - Growth Option,Nippon India Mutual Fund,Open Ended Schemes,Equity Scheme - Large Cap Fund,2015-10-12,23.9224,2026-06-23T05:29:58.847318+00:00,https://api.mfapi.in/mf/118632
118632,Nippon Large Cap,118632,Nippon India Large Cap Fund - Direct Plan Growth Plan - Growth Option,Nippon India Mutual Fund,Open Ended Schemes,Equity Scheme - Large Cap Fund,2015-10-09,23.9808,2026-06-23T05:29:58.847318+00:00,https://api.mfapi.in/mf/118632
118632,Nippon Large Cap,118632,Nippon India Large Cap Fund - Direct Plan Growth Plan - Growth Option,Nippon India Mutual Fund,Open Ended Schemes,Equity Scheme - Large Cap Fund,2015-10-08,23.8578,2026-06-23T05:29:58.847318+00:00,https://api.mfapi.in/mf/118632
118632,Nippon Large Cap,118632,Nippon India Large Cap Fund - Direct Plan Growth Plan - Growth Option,Nippon India Mutual Fund,Open Ended Schemes,Equity Scheme - Large Cap Fund,2015-10-07,24.0002,2026-06-23T05:29:58.847318+00:00,https://api.mfapi.in/mf/118632
118632,Nippon Large Cap,118632,Nippon India Large Cap Fund - Direct Plan Growth Plan - Growth Option,Nippon India Mutual Fund,Open Ended Schemes,Equity Scheme - Large Cap Fund,2015-10-06,23.9205,2026-06-23T05:29:58.847318+00:00,https://api.mfapi.in/mf/118632
118632,Nippon Large Cap,118632,Nippon India Large Cap Fund - Direct Plan Growth Plan - Growth Option,Nippon India Mutual Fund,Open Ended Schemes,Equity Scheme - Large Cap Fund,2015-10-05,23.8972,2026-06-23T05:29:58.847318+00:00,https://api.mfapi.in/mf/118632
118632,Nippon Large Cap,118632,Nippon India Large Cap Fund - Direct Plan Growth Plan - Growth Option,Nippon India Mutual Fund,Open Ended Schemes,Equity Scheme - Large Cap Fund,2015-10-01,23.4492,2026-06-23T05:29:58.847318+00:00,https://api.mfapi.in/mf/118632
118632,Nippon Large Cap,118632,Nippon India Large Cap Fund - Direct Plan Growth Plan - Growth Option,Nippon India Mutual Fund,Open Ended Schemes,Equity Scheme - Large Cap Fund,2015-09-30,23.5371,2026-06-23T05:29:58.847318+00:00,https://api.mfapi.in/mf/118632
118632,Nippon Large Cap,118632,Nippon India Large Cap Fund - Direct Plan Growth Plan - Growth Option,Nippon India Mutual Fund,Open Ended Schemes,Equity Scheme - Large Cap Fund,2015-09-29,23.3434,2026-06-23T05:29:58.847318+00:00,https://api.mfapi.in/mf/118632
118632,Nippon Large Cap,118632,Nippon India Large Cap Fund - Direct Plan Growth Plan - Growth Option,Nippon India Mutual Fund,Open Ended Schemes,Equity Scheme - Large Cap Fund,2015-09-28,23.2893,2026-06-23T05:29:58.847318+00:00,https://api.mfapi.in/mf/118632
118632,Nippon Large Cap,118632,Nippon India Large Cap Fund - Direct Plan Growth Plan - Growth Option,Nippon India Mutual Fund,Open Ended Schemes,Equity Scheme - Large Cap Fund,2015-09-24,23.5282,2026-06-23T05:29:58.847318+00:00,https://api.mfapi.in/mf/118632
118632,Nippon Large Cap,118632,Nippon India Large Cap Fund - Direct Plan Growth Plan - Growth Option,Nippon India Mutual Fund,Open Ended Schemes,Equity Scheme - Large Cap Fund,2015-09-23,23.4782,2026-06-23T05:29:58.847318+00:00,https://api.mfapi.in/mf/118632
118632,Nippon Large Cap,118632,Nippon India Large Cap Fund - Direct Plan Growth Plan - Growth Option,Nippon India Mutual Fund,Open Ended Schemes,Equity Scheme - Large Cap Fund,2015-09-22,23.3928,2026-06-23T05:29:58.847318+00:00,https://api.mfapi.in/mf/118632
118632,Nippon Large Cap,118632,Nippon India Large Cap Fund - Direct Plan Growth Plan - Growth Option,Nippon India Mutual Fund,Open Ended Schemes,Equity Scheme - Large Cap Fund,2015-09-21,23.7417,2026-06-23T05:29:58.847318+00:00,https://api.mfapi.in/mf/118632
118632,Nippon Large Cap,118632,Nippon India Large Cap Fund - Direct Plan Growth Plan - Growth Option,Nippon India Mutual Fund,Open Ended Schemes,Equity Scheme - Large Cap Fund,2015-09-18,23.7631,2026-06-23T05:29:58.847318+00:00,https://api.mfapi.in/mf/118632
118632,Nippon Large Cap,118632,Nippon India Large Cap Fund - Direct Plan Growth Plan - Growth Option,Nippon India Mutual Fund,Open Ended Schemes,Equity Scheme - Large Cap Fund,2015-09-16,23.5121,2026-06-23T05:29:58.847318+00:00,https://api.mfapi.in/mf/118632
118632,Nippon Large Cap,118632,Nippon India Large Cap Fund - Direct Plan Growth Plan - Growth Option,Nippon India Mutual Fund,Open Ended Schemes,Equity Scheme - Large Cap Fund,2015-09-15,23.3685,2026-06-23T05:29:58.847318+00:00,https://api.mfapi.in/mf/118632
118632,Nippon Large Cap,118632,Nippon India Large Cap Fund - Direct Plan Growth Plan - Growth Option,Nippon India Mutual Fund,Open Ended Schemes,Equity Scheme - Large Cap Fund,2015-09-14,23.5968,2026-06-23T05:29:58.847318+00:00,https://api.mfapi.in/mf/118632
118632,Nippon Large Cap,118632,Nippon India Large Cap Fund - Direct Plan Growth Plan - Growth Option,Nippon India Mutual Fund,Open Ended Schemes,Equity Scheme - Large Cap Fund,2015-09-11,23.3722,2026-06-23T05:29:58.847318+00:00,https://api.mfapi.in/mf/118632
118632,Nippon Large Cap,118632,Nippon India Large Cap Fund - Direct Plan Growth Plan - Growth Option,Nippon India Mutual Fund,Open Ended Schemes,Equity Scheme - Large Cap Fund,2015-09-10,23.3613,2026-06-23T05:29:58.847318+00:00,https://api.mfapi.in/mf/118632
118632,Nippon Large Cap,118632,Nippon India Large Cap Fund - Direct Plan Growth Plan - Growth Option,Nippon India Mutual Fund,Open Ended Schemes,Equity Scheme - Large Cap Fund,2015-09-09,23.4313,2026-06-23T05:29:58.847318+00:00,https://api.mfapi.in/mf/118632
118632,Nippon Large Cap,118632,Nippon India Large Cap Fund - Direct Plan Growth Plan - Growth Option,Nippon India Mutual Fund,Open Ended Schemes,Equity Scheme - Large Cap Fund,2015-09-08,22.9928,2026-06-23T05:29:58.847318+00:00,https://api.mfapi.in/mf/118632
118632,Nippon Large Cap,118632,Nippon India Large Cap Fund - Direct Plan Growth Plan - Growth Option,Nippon India Mutual Fund,Open Ended Schemes,Equity Scheme - Large Cap Fund,2015-09-07,22.6228,2026-06-23T05:29:58.847318+00:00,https://api.mfapi.in/mf/118632
118632,Nippon Large Cap,118632,Nippon India Large Cap Fund - Direct Plan Growth Plan - Growth Option,Nippon India Mutual Fund,Open Ended Schemes,Equity Scheme - Large Cap Fund,2015-09-04,23.0544,2026-06-23T05:29:58.847318+00:00,https://api.mfapi.in/mf/118632
118632,Nippon Large Cap,118632,Nippon India Large Cap Fund - Direct Plan Growth Plan - Growth Option,Nippon India Mutual Fund,Open Ended Schemes,Equity Scheme - Large Cap Fund,2015-09-03,23.5001,2026-06-23T05:29:58.847318+00:00,https://api.mfapi.in/mf/118632
118632,Nippon Large Cap,118632,Nippon India Large Cap Fund - Direct Plan Growth Plan - Growth Option,Nippon India Mutual Fund,Open Ended Schemes,Equity Scheme - Large Cap Fund,2015-09-02,23.2252,2026-06-23T05:29:58.847318+00:00,https://api.mfapi.in/mf/118632
118632,Nippon Large Cap,118632,Nippon India Large Cap Fund - Direct Plan Growth Plan - Growth Option,Nippon India Mutual Fund,Open Ended Schemes,Equity Scheme - Large Cap Fund,2015-09-01,23.4753,2026-06-23T05:29:58.847318+00:00,https://api.mfapi.in/mf/118632
118632,Nippon Large Cap,118632,Nippon India Large Cap Fund - Direct Plan Growth Plan - Growth Option,Nippon India Mutual Fund,Open Ended Schemes,Equity Scheme - Large Cap Fund,2015-08-31,24.0781,2026-06-23T05:29:58.847318+00:00,https://api.mfapi.in/mf/118632
118632,Nippon Large Cap,118632,Nippon India Large Cap Fund - Direct Plan Growth Plan - Growth Option,Nippon India Mutual Fund,Open Ended Schemes,Equity Scheme - Large Cap Fund,2015-08-28,24.1199,2026-06-23T05:29:58.847318+00:00,https://api.mfapi.in/mf/118632
118632,Nippon Large Cap,118632,Nippon India Large Cap Fund - Direct Plan Growth Plan - Growth Option,Nippon India Mutual Fund,Open Ended Schemes,Equity Scheme - Large Cap Fund,2015-08-27,23.9878,2026-06-23T05:29:58.847318+00:00,https://api.mfapi.in/mf/118632
118632,Nippon Large Cap,118632,Nippon India Large Cap Fund - Direct Plan Growth Plan - Growth Option,Nippon India Mutual Fund,Open Ended Schemes,Equity Scheme - Large Cap Fund,2015-08-26,23.6063,2026-06-23T05:29:58.847318+00:00,https://api.mfapi.in/mf/118632
118632,Nippon Large Cap,118632,Nippon India Large Cap Fund - Direct Plan Growth Plan - Growth Option,Nippon India Mutual Fund,Open Ended Schemes,Equity Scheme - Large Cap Fund,2015-08-25,23.8135,2026-06-23T05:29:58.847318+00:00,https://api.mfapi.in/mf/118632
118632,Nippon Large Cap,118632,Nippon India Large Cap Fund - Direct Plan Growth Plan - Growth Option,Nippon India Mutual Fund,Open Ended Schemes,Equity Scheme - Large Cap Fund,2015-08-24,23.407,2026-06-23T05:29:58.847318+00:00,https://api.mfapi.in/mf/118632
118632,Nippon Large Cap,118632,Nippon India Large Cap Fund - Direct Plan Growth Plan - Growth Option,Nippon India Mutual Fund,Open Ended Schemes,Equity Scheme - Large Cap Fund,2015-08-21,25.0656,2026-06-23T05:29:58.847318+00:00,https://api.mfapi.in/mf/118632
118632,Nippon Large Cap,118632,Nippon India Large Cap Fund - Direct Plan Growth Plan - Growth Option,Nippon India Mutual Fund,Open Ended Schemes,Equity Scheme - Large Cap Fund,2015-08-20,25.25,2026-06-23T05:29:58.847318+00:00,https://api.mfapi.in/mf/118632
118632,Nippon Large Cap,118632,Nippon India Large Cap Fund - Direct Plan Growth Plan - Growth Option,Nippon India Mutual Fund,Open Ended Schemes,Equity Scheme - Large Cap Fund,2015-08-19,25.7371,2026-06-23T05:29:58.847318+00:00,https://api.mfapi.in/mf/118632
118632,Nippon Large Cap,118632,Nippon India Large Cap Fund - Direct Plan Growth Plan - Growth Option,Nippon India Mutual Fund,Open Ended Schemes,Equity Scheme - Large Cap Fund,2015-08-18,25.5622,2026-06-23T05:29:58.847318+00:00,https://api.mfapi.in/mf/118632
118632,Nippon Large Cap,118632,Nippon India Large Cap Fund - Direct Plan Growth Plan - Growth Option,Nippon India Mutual Fund,Open Ended Schemes,Equity Scheme - Large Cap Fund,2015-08-17,25.4857,2026-06-23T05:29:58.847318+00:00,https://api.mfapi.in/mf/118632
118632,Nippon Large Cap,118632,Nippon India Large Cap Fund - Direct Plan Growth Plan - Growth Option,Nippon India Mutual Fund,Open Ended Schemes,Equity Scheme - Large Cap Fund,2015-08-14,25.5171,2026-06-23T05:29:58.847318+00:00,https://api.mfapi.in/mf/118632
118632,Nippon Large Cap,118632,Nippon India Large Cap Fund - Direct Plan Growth Plan - Growth Option,Nippon India Mutual Fund,Open Ended Schemes,Equity Scheme - Large Cap Fund,2015-08-13,25.0586,2026-06-23T05:29:58.847318+00:00,https://api.mfapi.in/mf/118632
118632,Nippon Large Cap,118632,Nippon India Large Cap Fund - Direct Plan Growth Plan - Growth Option,Nippon India Mutual Fund,Open Ended Schemes,Equity Scheme - Large Cap Fund,2015-08-12,24.9941,2026-06-23T05:29:58.847318+00:00,https://api.mfapi.in/mf/118632
118632,Nippon Large Cap,118632,Nippon India Large Cap Fund - Direct Plan Growth Plan - Growth Option,Nippon India Mutual Fund,Open Ended Schemes,Equity Scheme - Large Cap Fund,2015-08-11,25.3892,2026-06-23T05:29:58.847318+00:00,https://api.mfapi.in/mf/118632
118632,Nippon Large Cap,118632,Nippon India Large Cap Fund - Direct Plan Growth Plan - Growth Option,Nippon India Mutual Fund,Open Ended Schemes,Equity Scheme - Large Cap Fund,2015-08-10,25.5996,2026-06-23T05:29:58.847318+00:00,https://api.mfapi.in/mf/118632
118632,Nippon Large Cap,118632,Nippon India Large Cap Fund - Direct Plan Growth Plan - Growth Option,Nippon India Mutual Fund,Open Ended Schemes,Equity Scheme - Large Cap Fund,2015-08-07,25.6753,2026-06-23T05:29:58.847318+00:00,https://api.mfapi.in/mf/118632
118632,Nippon Large Cap,118632,Nippon India Large Cap Fund - Direct Plan Growth Plan - Growth Option,Nippon India Mutual Fund,Open Ended Schemes,Equity Scheme - Large Cap Fund,2015-08-06,25.7285,2026-06-23T05:29:58.847318+00:00,https://api.mfapi.in/mf/118632
118632,Nippon Large Cap,118632,Nippon India Large Cap Fund - Direct Plan Growth Plan - Growth Option,Nippon India Mutual Fund,Open Ended Schemes,Equity Scheme - Large Cap Fund,2015-08-05,25.5498,2026-06-23T05:29:58.847318+00:00,https://api.mfapi.in/mf/118632
118632,Nippon Large Cap,118632,Nippon India Large Cap Fund - Direct Plan Growth Plan - Growth Option,Nippon India Mutual Fund,Open Ended Schemes,Equity Scheme - Large Cap Fund,2015-08-04,25.3628,2026-06-23T05:29:58.847318+00:00,https://api.mfapi.in/mf/118632
118632,Nippon Large Cap,118632,Nippon India Large Cap Fund - Direct Plan Growth Plan - Growth Option,Nippon India Mutual Fund,Open Ended Schemes,Equity Scheme - Large Cap Fund,2015-08-03,25.3743,2026-06-23T05:29:58.847318+00:00,https://api.mfapi.in/mf/118632
118632,Nippon Large Cap,118632,Nippon India Large Cap Fund - Direct Plan Growth Plan - Growth Option,Nippon India Mutual Fund,Open Ended Schemes,Equity Scheme - Large Cap Fund,2015-07-31,25.3581,2026-06-23T05:29:58.847318+00:00,https://api.mfapi.in/mf/118632
118632,Nippon Large Cap,118632,Nippon India Large Cap Fund - Direct Plan Growth Plan - Growth Option,Nippon India Mutual Fund,Open Ended Schemes,Equity Scheme - Large Cap Fund,2015-07-30,25.1135,2026-06-23T05:29:58.847318+00:00,https://api.mfapi.in/mf/118632
118632,Nippon Large Cap,118632,Nippon India Large Cap Fund - Direct Plan Growth Plan - Growth Option,Nippon India Mutual Fund,Open Ended Schemes,Equity Scheme - Large Cap Fund,2015-07-29,25.0338,2026-06-23T05:29:58.847318+00:00,https://api.mfapi.in/mf/118632
118632,Nippon Large Cap,118632,Nippon India Large Cap Fund - Direct Plan Growth Plan - Growth Option,Nippon India Mutual Fund,Open Ended Schemes,Equity Scheme - Large Cap Fund,2015-07-28,24.8213,2026-06-23T05:29:58.847318+00:00,https://api.mfapi.in/mf/118632
118632,Nippon Large Cap,118632,Nippon India Large Cap Fund - Direct Plan Growth Plan - Growth Option,Nippon India Mutual Fund,Open Ended Schemes,Equity Scheme - Large Cap Fund,2015-07-27,24.8146,2026-06-23T05:29:58.847318+00:00,https://api.mfapi.in/mf/118632
118632,Nippon Large Cap,118632,Nippon India Large Cap Fund - Direct Plan Growth Plan - Growth Option,Nippon India Mutual Fund,Open Ended Schemes,Equity Scheme - Large Cap Fund,2015-07-24,25.3293,2026-06-23T05:29:58.847318+00:00,https://api.mfapi.in/mf/118632
118632,Nippon Large Cap,118632,Nippon India Large Cap Fund - Direct Plan Growth Plan - Growth Option,Nippon India Mutual Fund,Open Ended Schemes,Equity Scheme - Large Cap Fund,2015-07-23,25.6279,2026-06-23T05:29:58.847318+00:00,https://api.mfapi.in/mf/118632
118632,Nippon Large Cap,118632,Nippon India Large Cap Fund - Direct Plan Growth Plan - Growth Option,Nippon India Mutual Fund,Open Ended Schemes,Equity Scheme - Large Cap Fund,2015-07-22,25.5973,2026-06-23T05:29:58.847318+00:00,https://api.mfapi.in/mf/118632
118632,Nippon Large Cap,118632,Nippon India Large Cap Fund - Direct Plan Growth Plan - Growth Option,Nippon India Mutual Fund,Open Ended Schemes,Equity Scheme - Large Cap Fund,2015-07-21,25.2492,2026-06-23T05:29:58.847318+00:00,https://api.mfapi.in/mf/118632
118632,Nippon Large Cap,118632,Nippon India Large Cap Fund - Direct Plan Growth Plan - Growth Option,Nippon India Mutual Fund,Open Ended Schemes,Equity Scheme - Large Cap Fund,2015-07-20,25.486,2026-06-23T05:29:58.847318+00:00,https://api.mfapi.in/mf/118632
118632,Nippon Large Cap,118632,Nippon India Large Cap Fund - Direct Plan Growth Plan - Growth Option,Nippon India Mutual Fund,Open Ended Schemes,Equity Scheme - Large Cap Fund,2015-07-17,25.5135,2026-06-23T05:29:58.847318+00:00,https://api.mfapi.in/mf/118632
118632,Nippon Large Cap,118632,Nippon India Large Cap Fund - Direct Plan Growth Plan - Growth Option,Nippon India Mutual Fund,Open Ended Schemes,Equity Scheme - Large Cap Fund,2015-07-16,25.4921,2026-06-23T05:29:58.847318+00:00,https://api.mfapi.in/mf/118632
118632,Nippon Large Cap,118632,Nippon India Large Cap Fund - Direct Plan Growth Plan - Growth Option,Nippon India Mutual Fund,Open Ended Schemes,Equity Scheme - Large Cap Fund,2015-07-15,25.215,2026-06-23T05:29:58.847318+00:00,https://api.mfapi.in/mf/118632
118632,Nippon Large Cap,118632,Nippon India Large Cap Fund - Direct Plan Growth Plan - Growth Option,Nippon India Mutual Fund,Open Ended Schemes,Equity Scheme - Large Cap Fund,2015-07-14,25.0818,2026-06-23T05:29:58.847318+00:00,https://api.mfapi.in/mf/118632
118632,Nippon Large Cap,118632,Nippon India Large Cap Fund - Direct Plan Growth Plan - Growth Option,Nippon India Mutual Fund,Open Ended Schemes,Equity Scheme - Large Cap Fund,2015-07-13,25.1261,2026-06-23T05:29:58.847318+00:00,https://api.mfapi.in/mf/118632
118632,Nippon Large Cap,118632,Nippon India Large Cap Fund - Direct Plan Growth Plan - Growth Option,Nippon India Mutual Fund,Open Ended Schemes,Equity Scheme - Large Cap Fund,2015-07-10,24.8298,2026-06-23T05:29:58.847318+00:00,https://api.mfapi.in/mf/118632
118632,Nippon Large Cap,118632,Nippon India Large Cap Fund - Direct Plan Growth Plan - Growth Option,Nippon India Mutual Fund,Open Ended Schemes,Equity Scheme - Large Cap Fund,2015-07-09,24.6404,2026-06-23T05:29:58.847318+00:00,https://api.mfapi.in/mf/118632
118632,Nippon Large Cap,118632,Nippon India Large Cap Fund - Direct Plan Growth Plan - Growth Option,Nippon India Mutual Fund,Open Ended Schemes,Equity Scheme - Large Cap Fund,2015-07-08,24.7241,2026-06-23T05:29:58.847318+00:00,https://api.mfapi.in/mf/118632
118632,Nippon Large Cap,118632,Nippon India Large Cap Fund - Direct Plan Growth Plan - Growth Option,Nippon India Mutual Fund,Open Ended Schemes,Equity Scheme - Large Cap Fund,2015-07-07,24.98,2026-06-23T05:29:58.847318+00:00,https://api.mfapi.in/mf/118632
118632,Nippon Large Cap,118632,Nippon India Large Cap Fund - Direct Plan Growth Plan - Growth Option,Nippon India Mutual Fund,Open Ended Schemes,Equity Scheme - Large Cap Fund,2015-07-06,24.989,2026-06-23T05:29:58.847318+00:00,https://api.mfapi.in/mf/118632
118632,Nippon Large Cap,118632,Nippon India Large Cap Fund - Direct Plan Growth Plan - Growth Option,Nippon India Mutual Fund,Open Ended Schemes,Equity Scheme - Large Cap Fund,2015-07-03,24.8297,2026-06-23T05:29:58.847318+00:00,https://api.mfapi.in/mf/118632
118632,Nippon Large Cap,118632,Nippon India Large Cap Fund - Direct Plan Growth Plan - Growth Option,Nippon India Mutual Fund,Open Ended Schemes,Equity Scheme - Large Cap Fund,2015-07-02,24.7617,2026-06-23T05:29:58.847318+00:00,https://api.mfapi.in/mf/118632
118632,Nippon Large Cap,118632,Nippon India Large Cap Fund - Direct Plan Growth Plan - Growth Option,Nippon India Mutual Fund,Open Ended Schemes,Equity Scheme - Large Cap Fund,2015-07-01,24.6845,2026-06-23T05:29:58.847318+00:00,https://api.mfapi.in/mf/118632
118632,Nippon Large Cap,118632,Nippon India Large Cap Fund - Direct Plan Growth Plan - Growth Option,Nippon India Mutual Fund,Open Ended Schemes,Equity Scheme - Large Cap Fund,2015-06-30,24.3172,2026-06-23T05:29:58.847318+00:00,https://api.mfapi.in/mf/118632
118632,Nippon Large Cap,118632,Nippon India Large Cap Fund - Direct Plan Growth Plan - Growth Option,Nippon India Mutual Fund,Open Ended Schemes,Equity Scheme - Large Cap Fund,2015-06-29,24.1628,2026-06-23T05:29:58.847318+00:00,https://api.mfapi.in/mf/118632
118632,Nippon Large Cap,118632,Nippon India Large Cap Fund - Direct Plan Growth Plan - Growth Option,Nippon India Mutual Fund,Open Ended Schemes,Equity Scheme - Large Cap Fund,2015-06-26,24.4435,2026-06-23T05:29:58.847318+00:00,https://api.mfapi.in/mf/118632
118632,Nippon Large Cap,118632,Nippon India Large Cap Fund - Direct Plan Growth Plan - Growth Option,Nippon India Mutual Fund,Open Ended Schemes,Equity Scheme - Large Cap Fund,2015-06-25,24.4484,2026-06-23T05:29:58.847318+00:00,https://api.mfapi.in/mf/118632
118632,Nippon Large Cap,118632,Nippon India Large Cap Fund - Direct Plan Growth Plan - Growth Option,Nippon India Mutual Fund,Open Ended Schemes,Equity Scheme - Large Cap Fund,2015-06-24,24.3374,2026-06-23T05:29:58.847318+00:00,https://api.mfapi.in/mf/118632
118632,Nippon Large Cap,118632,Nippon India Large Cap Fund - Direct Plan Growth Plan - Growth Option,Nippon India Mutual Fund,Open Ended Schemes,Equity Scheme - Large Cap Fund,2015-06-23,24.4327,2026-06-23T05:29:58.847318+00:00,https://api.mfapi.in/mf/118632
118632,Nippon Large Cap,118632,Nippon India Large Cap Fund - Direct Plan Growth Plan - Growth Option,Nippon India Mutual Fund,Open Ended Schemes,Equity Scheme - Large Cap Fund,2015-06-22,24.314,2026-06-23T05:29:58.847318+00:00,https://api.mfapi.in/mf/118632
118632,Nippon Large Cap,118632,Nippon India Large Cap Fund - Direct Plan Growth Plan - Growth Option,Nippon India Mutual Fund,Open Ended Schemes,Equity Scheme - Large Cap Fund,2015-06-19,23.9869,2026-06-23T05:29:58.847318+00:00,https://api.mfapi.in/mf/118632
118632,Nippon Large Cap,118632,Nippon India Large Cap Fund - Direct Plan Growth Plan - Growth Option,Nippon India Mutual Fund,Open Ended Schemes,Equity Scheme - Large Cap Fund,2015-06-18,23.9182,2026-06-23T05:29:58.847318+00:00,https://api.mfapi.in/mf/118632
118632,Nippon Large Cap,118632,Nippon India Large Cap Fund - Direct Plan Growth Plan - Growth Option,Nippon India Mutual Fund,Open Ended Schemes,Equity Scheme - Large Cap Fund,2015-06-17,23.6298,2026-06-23T05:29:58.847318+00:00,https://api.mfapi.in/mf/118632
118632,Nippon Large Cap,118632,Nippon India Large Cap Fund - Direct Plan Growth Plan - Growth Option,Nippon India Mutual Fund,Open Ended Schemes,Equity Scheme - Large Cap Fund,2015-06-16,23.422,2026-06-23T05:29:58.847318+00:00,https://api.mfapi.in/mf/118632
118632,Nippon Large Cap,118632,Nippon India Large Cap Fund - Direct Plan Growth Plan - Growth Option,Nippon India Mutual Fund,Open Ended Schemes,Equity Scheme - Large Cap Fund,2015-06-15,23.3314,2026-06-23T05:29:58.847318+00:00,https://api.mfapi.in/mf/118632
118632,Nippon Large Cap,118632,Nippon India Large Cap Fund - Direct Plan Growth Plan - Growth Option,Nippon India Mutual Fund,Open Ended Schemes,Equity Scheme - Large Cap Fund,2015-06-12,23.2541,2026-06-23T05:29:58.847318+00:00,https://api.mfapi.in/mf/118632
118632,Nippon Large Cap,118632,Nippon India Large Cap Fund - Direct Plan Growth Plan - Growth Option,Nippon India Mutual Fund,Open Ended Schemes,Equity Scheme - Large Cap Fund,2015-06-11,23.2339,2026-06-23T05:29:58.847318+00:00,https://api.mfapi.in/mf/118632
118632,Nippon Large Cap,118632,Nippon India Large Cap Fund - Direct Plan Growth Plan - Growth Option,Nippon India Mutual Fund,Open Ended Schemes,Equity Scheme - Large Cap Fund,2015-06-10,23.7336,2026-06-23T05:29:58.847318+00:00,https://api.mfapi.in/mf/118632
118632,Nippon Large Cap,118632,Nippon India Large Cap Fund - Direct Plan Growth Plan - Growth Option,Nippon India Mutual Fund,Open Ended Schemes,Equity Scheme - Large Cap Fund,2015-06-09,23.4042,2026-06-23T05:29:58.847318+00:00,https://api.mfapi.in/mf/118632
118632,Nippon Large Cap,118632,Nippon India Large Cap Fund - Direct Plan Growth Plan - Growth Option,Nippon India Mutual Fund,Open Ended Schemes,Equity Scheme - Large Cap Fund,2015-06-08,23.48,2026-06-23T05:29:58.847318+00:00,https://api.mfapi.in/mf/118632
118632,Nippon Large Cap,118632,Nippon India Large Cap Fund - Direct Plan Growth Plan - Growth Option,Nippon India Mutual Fund,Open Ended Schemes,Equity Scheme - Large Cap Fund,2015-06-05,23.7208,2026-06-23T05:29:58.847318+00:00,https://api.mfapi.in/mf/118632
118632,Nippon Large Cap,118632,Nippon India Large Cap Fund - Direct Plan Growth Plan - Growth Option,Nippon India Mutual Fund,Open Ended Schemes,Equity Scheme - Large Cap Fund,2015-06-04,23.8115,2026-06-23T05:29:58.847318+00:00,https://api.mfapi.in/mf/118632
118632,Nippon Large Cap,118632,Nippon India Large Cap Fund - Direct Plan Growth Plan - Growth Option,Nippon India Mutual Fund,Open Ended Schemes,Equity Scheme - Large Cap Fund,2015-06-03,23.7295,2026-06-23T05:29:58.847318+00:00,https://api.mfapi.in/mf/118632
118632,Nippon Large Cap,118632,Nippon India Large Cap Fund - Direct Plan Growth Plan - Growth Option,Nippon India Mutual Fund,Open Ended Schemes,Equity Scheme - Large Cap Fund,2015-06-02,24.0843,2026-06-23T05:29:58.847318+00:00,https://api.mfapi.in/mf/118632
118632,Nippon Large Cap,118632,Nippon India Large Cap Fund - Direct Plan Growth Plan - Growth Option,Nippon India Mutual Fund,Open Ended Schemes,Equity Scheme - Large Cap Fund,2015-06-01,24.5501,2026-06-23T05:29:58.847318+00:00,https://api.mfapi.in/mf/118632
118632,Nippon Large Cap,118632,Nippon India Large Cap Fund - Direct Plan Growth Plan - Growth Option,Nippon India Mutual Fund,Open Ended Schemes,Equity Scheme - Large Cap Fund,2015-05-29,24.5983,2026-06-23T05:29:58.847318+00:00,https://api.mfapi.in/mf/118632
118632,Nippon Large Cap,118632,Nippon India Large Cap Fund - Direct Plan Growth Plan - Growth Option,Nippon India Mutual Fund,Open Ended Schemes,Equity Scheme - Large Cap Fund,2015-05-28,24.3028,2026-06-23T05:29:58.847318+00:00,https://api.mfapi.in/mf/118632
118632,Nippon Large Cap,118632,Nippon India Large Cap Fund - Direct Plan Growth Plan - Growth Option,Nippon India Mutual Fund,Open Ended Schemes,Equity Scheme - Large Cap Fund,2015-05-27,24.3084,2026-06-23T05:29:58.847318+00:00,https://api.mfapi.in/mf/118632
118632,Nippon Large Cap,118632,Nippon India Large Cap Fund - Direct Plan Growth Plan - Growth Option,Nippon India Mutual Fund,Open Ended Schemes,Equity Scheme - Large Cap Fund,2015-05-26,24.2644,2026-06-23T05:29:58.847318+00:00,https://api.mfapi.in/mf/118632
118632,Nippon Large Cap,118632,Nippon India Large Cap Fund - Direct Plan Growth Plan - Growth Option,Nippon India Mutual Fund,Open Ended Schemes,Equity Scheme - Large Cap Fund,2015-05-25,24.3027,2026-06-23T05:29:58.847318+00:00,https://api.mfapi.in/mf/118632
118632,Nippon Large Cap,118632,Nippon India Large Cap Fund - Direct Plan Growth Plan - Growth Option,Nippon India Mutual Fund,Open Ended Schemes,Equity Scheme - Large Cap Fund,2015-05-22,24.4413,2026-06-23T05:29:58.847318+00:00,https://api.mfapi.in/mf/118632
118632,Nippon Large Cap,118632,Nippon India Large Cap Fund - Direct Plan Growth Plan - Growth Option,Nippon India Mutual Fund,Open Ended Schemes,Equity Scheme - Large Cap Fund,2015-05-21,24.4188,2026-06-23T05:29:58.847318+00:00,https://api.mfapi.in/mf/118632
118632,Nippon Large Cap,118632,Nippon India Large Cap Fund - Direct Plan Growth Plan - Growth Option,Nippon India Mutual Fund,Open Ended Schemes,Equity Scheme - Large Cap Fund,2015-05-20,24.3303,2026-06-23T05:29:58.847318+00:00,https://api.mfapi.in/mf/118632
118632,Nippon Large Cap,118632,Nippon India Large Cap Fund - Direct Plan Growth Plan - Growth Option,Nippon India Mutual Fund,Open Ended Schemes,Equity Scheme - Large Cap Fund,2015-05-19,24.2613,2026-06-23T05:29:58.847318+00:00,https://api.mfapi.in/mf/118632
118632,Nippon Large Cap,118632,Nippon India Large Cap Fund - Direct Plan Growth Plan - Growth Option,Nippon India Mutual Fund,Open Ended Schemes,Equity Scheme - Large Cap Fund,2015-05-18,24.2303,2026-06-23T05:29:58.847318+00:00,https://api.mfapi.in/mf/118632
118632,Nippon Large Cap,118632,Nippon India Large Cap Fund - Direct Plan Growth Plan - Growth Option,Nippon India Mutual Fund,Open Ended Schemes,Equity Scheme - Large Cap Fund,2015-05-15,23.9606,2026-06-23T05:29:58.847318+00:00,https://api.mfapi.in/mf/118632
118632,Nippon Large Cap,118632,Nippon India Large Cap Fund - Direct Plan Growth Plan - Growth Option,Nippon India Mutual Fund,Open Ended Schemes,Equity Scheme - Large Cap Fund,2015-05-14,23.8744,2026-06-23T05:29:58.847318+00:00,https://api.mfapi.in/mf/118632
118632,Nippon Large Cap,118632,Nippon India Large Cap Fund - Direct Plan Growth Plan - Growth Option,Nippon India Mutual Fund,Open Ended Schemes,Equity Scheme - Large Cap Fund,2015-05-13,23.7317,2026-06-23T05:29:58.847318+00:00,https://api.mfapi.in/mf/118632
118632,Nippon Large Cap,118632,Nippon India Large Cap Fund - Direct Plan Growth Plan - Growth Option,Nippon India Mutual Fund,Open Ended Schemes,Equity Scheme - Large Cap Fund,2015-05-12,23.3741,2026-06-23T05:29:58.847318+00:00,https://api.mfapi.in/mf/118632
118632,Nippon Large Cap,118632,Nippon India Large Cap Fund - Direct Plan Growth Plan - Growth Option,Nippon India Mutual Fund,Open Ended Schemes,Equity Scheme - Large Cap Fund,2015-05-11,23.9045,2026-06-23T05:29:58.847318+00:00,https://api.mfapi.in/mf/118632
118632,Nippon Large Cap,118632,Nippon India Large Cap Fund - Direct Plan Growth Plan - Growth Option,Nippon India Mutual Fund,Open Ended Schemes,Equity Scheme - Large Cap Fund,2015-05-08,23.5699,2026-06-23T05:29:58.847318+00:00,https://api.mfapi.in/mf/118632
118632,Nippon Large Cap,118632,Nippon India Large Cap Fund - Direct Plan Growth Plan - Growth Option,Nippon India Mutual Fund,Open Ended Schemes,Equity Scheme - Large Cap Fund,2015-05-07,23.2601,2026-06-23T05:29:58.847318+00:00,https://api.mfapi.in/mf/118632
118632,Nippon Large Cap,118632,Nippon India Large Cap Fund - Direct Plan Growth Plan - Growth Option,Nippon India Mutual Fund,Open Ended Schemes,Equity Scheme - Large Cap Fund,2015-05-06,23.4804,2026-06-23T05:29:58.847318+00:00,https://api.mfapi.in/mf/118632
118632,Nippon Large Cap,118632,Nippon India Large Cap Fund - Direct Plan Growth Plan - Growth Option,Nippon India Mutual Fund,Open Ended Schemes,Equity Scheme - Large Cap Fund,2015-05-05,24.2251,2026-06-23T05:29:58.847318+00:00,https://api.mfapi.in/mf/118632
118632,Nippon Large Cap,118632,Nippon India Large Cap Fund - Direct Plan Growth Plan - Growth Option,Nippon India Mutual Fund,Open Ended Schemes,Equity Scheme - Large Cap Fund,2015-05-04,24.2991,2026-06-23T05:29:58.847318+00:00,https://api.mfapi.in/mf/118632
118632,Nippon Large Cap,118632,Nippon India Large Cap Fund - Direct Plan Growth Plan - Growth Option,Nippon India Mutual Fund,Open Ended Schemes,Equity Scheme - Large Cap Fund,2015-04-30,23.8871,2026-06-23T05:29:58.847318+00:00,https://api.mfapi.in/mf/118632
118632,Nippon Large Cap,118632,Nippon India Large Cap Fund - Direct Plan Growth Plan - Growth Option,Nippon India Mutual Fund,Open Ended Schemes,Equity Scheme - Large Cap Fund,2015-04-29,23.9581,2026-06-23T05:29:58.847318+00:00,https://api.mfapi.in/mf/118632
118632,Nippon Large Cap,118632,Nippon India Large Cap Fund - Direct Plan Growth Plan - Growth Option,Nippon India Mutual Fund,Open Ended Schemes,Equity Scheme - Large Cap Fund,2015-04-28,23.9604,2026-06-23T05:29:58.847318+00:00,https://api.mfapi.in/mf/118632
118632,Nippon Large Cap,118632,Nippon India Large Cap Fund - Direct Plan Growth Plan - Growth Option,Nippon India Mutual Fund,Open Ended Schemes,Equity Scheme - Large Cap Fund,2015-04-27,23.6176,2026-06-23T05:29:58.847318+00:00,https://api.mfapi.in/mf/118632
118632,Nippon Large Cap,118632,Nippon India Large Cap Fund - Direct Plan Growth Plan - Growth Option,Nippon India Mutual Fund,Open Ended Schemes,Equity Scheme - Large Cap Fund,2015-04-24,23.807,2026-06-23T05:29:58.847318+00:00,https://api.mfapi.in/mf/118632
118632,Nippon Large Cap,118632,Nippon India Large Cap Fund - Direct Plan Growth Plan - Growth Option,Nippon India Mutual Fund,Open Ended Schemes,Equity Scheme - Large Cap Fund,2015-04-23,24.1274,2026-06-23T05:29:58.847318+00:00,https://api.mfapi.in/mf/118632
118632,Nippon Large Cap,118632,Nippon India Large Cap Fund - Direct Plan Growth Plan - Growth Option,Nippon India Mutual Fund,Open Ended Schemes,Equity Scheme - Large Cap Fund,2015-04-22,24.2623,2026-06-23T05:29:58.847318+00:00,https://api.mfapi.in/mf/118632
118632,Nippon Large Cap,118632,Nippon India Large Cap Fund - Direct Plan Growth Plan - Growth Option,Nippon India Mutual Fund,Open Ended Schemes,Equity Scheme - Large Cap Fund,2015-04-21,24.2302,2026-06-23T05:29:58.847318+00:00,https://api.mfapi.in/mf/118632
118632,Nippon Large Cap,118632,Nippon India Large Cap Fund - Direct Plan Growth Plan - Growth Option,Nippon India Mutual Fund,Open Ended Schemes,Equity Scheme - Large Cap Fund,2015-04-20,24.3175,2026-06-23T05:29:58.847318+00:00,https://api.mfapi.in/mf/118632
118632,Nippon Large Cap,118632,Nippon India Large Cap Fund - Direct Plan Growth Plan - Growth Option,Nippon India Mutual Fund,Open Ended Schemes,Equity Scheme - Large Cap Fund,2015-04-17,24.7472,2026-06-23T05:29:58.847318+00:00,https://api.mfapi.in/mf/118632
118632,Nippon Large Cap,118632,Nippon India Large Cap Fund - Direct Plan Growth Plan - Growth Option,Nippon India Mutual Fund,Open Ended Schemes,Equity Scheme - Large Cap Fund,2015-04-16,25.0457,2026-06-23T05:29:58.847318+00:00,https://api.mfapi.in/mf/118632
118632,Nippon Large Cap,118632,Nippon India Large Cap Fund - Direct Plan Growth Plan - Growth Option,Nippon India Mutual Fund,Open Ended Schemes,Equity Scheme - Large Cap Fund,2015-04-15,25.2197,2026-06-23T05:29:58.847318+00:00,https://api.mfapi.in/mf/118632
118632,Nippon Large Cap,118632,Nippon India Large Cap Fund - Direct Plan Growth Plan - Growth Option,Nippon India Mutual Fund,Open Ended Schemes,Equity Scheme - Large Cap Fund,2015-04-13,25.4607,2026-06-23T05:29:58.847318+00:00,https://api.mfapi.in/mf/118632
118632,Nippon Large Cap,118632,Nippon India Large Cap Fund - Direct Plan Growth Plan - Growth Option,Nippon India Mutual Fund,Open Ended Schemes,Equity Scheme - Large Cap Fund,2015-04-10,25.4342,2026-06-23T05:29:58.847318+00:00,https://api.mfapi.in/mf/118632
118632,Nippon Large Cap,118632,Nippon India Large Cap Fund - Direct Plan Growth Plan - Growth Option,Nippon India Mutual Fund,Open Ended Schemes,Equity Scheme - Large Cap Fund,2015-04-09,25.4355,2026-06-23T05:29:58.847318+00:00,https://api.mfapi.in/mf/118632
118632,Nippon Large Cap,118632,Nippon India Large Cap Fund - Direct Plan Growth Plan - Growth Option,Nippon India Mutual Fund,Open Ended Schemes,Equity Scheme - Large Cap Fund,2015-04-08,25.3594,2026-06-23T05:29:58.847318+00:00,https://api.mfapi.in/mf/118632
118632,Nippon Large Cap,118632,Nippon India Large Cap Fund - Direct Plan Growth Plan - Growth Option,Nippon India Mutual Fund,Open Ended Schemes,Equity Scheme - Large Cap Fund,2015-04-07,25.0988,2026-06-23T05:29:58.847318+00:00,https://api.mfapi.in/mf/118632
118632,Nippon Large Cap,118632,Nippon India Large Cap Fund - Direct Plan Growth Plan - Growth Option,Nippon India Mutual Fund,Open Ended Schemes,Equity Scheme - Large Cap Fund,2015-04-06,25.1357,2026-06-23T05:29:58.847318+00:00,https://api.mfapi.in/mf/118632
118632,Nippon Large Cap,118632,Nippon India Large Cap Fund - Direct Plan Growth Plan - Growth Option,Nippon India Mutual Fund,Open Ended Schemes,Equity Scheme - Large Cap Fund,2015-04-01,24.9774,2026-06-23T05:29:58.847318+00:00,https://api.mfapi.in/mf/118632
118632,Nippon Large Cap,118632,Nippon India Large Cap Fund - Direct Plan Growth Plan - Growth Option,Nippon India Mutual Fund,Open Ended Schemes,Equity Scheme - Large Cap Fund,2015-03-31,24.8173,2026-06-23T05:29:58.847318+00:00,https://api.mfapi.in/mf/118632
118632,Nippon Large Cap,118632,Nippon India Large Cap Fund - Direct Plan Growth Plan - Growth Option,Nippon India Mutual Fund,Open Ended Schemes,Equity Scheme - Large Cap Fund,2015-03-30,24.7205,2026-06-23T05:29:58.847318+00:00,https://api.mfapi.in/mf/118632
118632,Nippon Large Cap,118632,Nippon India Large Cap Fund - Direct Plan Growth Plan - Growth Option,Nippon India Mutual Fund,Open Ended Schemes,Equity Scheme - Large Cap Fund,2015-03-27,24.2816,2026-06-23T05:29:58.847318+00:00,https://api.mfapi.in/mf/118632
118632,Nippon Large Cap,118632,Nippon India Large Cap Fund - Direct Plan Growth Plan - Growth Option,Nippon India Mutual Fund,Open Ended Schemes,Equity Scheme - Large Cap Fund,2015-03-26,24.1744,2026-06-23T05:29:58.847318+00:00,https://api.mfapi.in/mf/118632
118632,Nippon Large Cap,118632,Nippon India Large Cap Fund - Direct Plan Growth Plan - Growth Option,Nippon India Mutual Fund,Open Ended Schemes,Equity Scheme - Large Cap Fund,2015-03-25,24.601,2026-06-23T05:29:58.847318+00:00,https://api.mfapi.in/mf/118632
118632,Nippon Large Cap,118632,Nippon India Large Cap Fund - Direct Plan Growth Plan - Growth Option,Nippon India Mutual Fund,Open Ended Schemes,Equity Scheme - Large Cap Fund,2015-03-24,24.5289,2026-06-23T05:29:58.847318+00:00,https://api.mfapi.in/mf/118632
118632,Nippon Large Cap,118632,Nippon India Large Cap Fund - Direct Plan Growth Plan - Growth Option,Nippon India Mutual Fund,Open Ended Schemes,Equity Scheme - Large Cap Fund,2015-03-23,24.6014,2026-06-23T05:29:58.847318+00:00,https://api.mfapi.in/mf/118632
118632,Nippon Large Cap,118632,Nippon India Large Cap Fund - Direct Plan Growth Plan - Growth Option,Nippon India Mutual Fund,Open Ended Schemes,Equity Scheme - Large Cap Fund,2015-03-20,24.8457,2026-06-23T05:29:58.847318+00:00,https://api.mfapi.in/mf/118632
118632,Nippon Large Cap,118632,Nippon India Large Cap Fund - Direct Plan Growth Plan - Growth Option,Nippon India Mutual Fund,Open Ended Schemes,Equity Scheme - Large Cap Fund,2015-03-19,25.0654,2026-06-23T05:29:58.847318+00:00,https://api.mfapi.in/mf/118632
118632,Nippon Large Cap,118632,Nippon India Large Cap Fund - Direct Plan Growth Plan - Growth Option,Nippon India Mutual Fund,Open Ended Schemes,Equity Scheme - Large Cap Fund,2015-03-18,25.1868,2026-06-23T05:29:58.847318+00:00,https://api.mfapi.in/mf/118632
118632,Nippon Large Cap,118632,Nippon India Large Cap Fund - Direct Plan Growth Plan - Growth Option,Nippon India Mutual Fund,Open Ended Schemes,Equity Scheme - Large Cap Fund,2015-03-17,25.2614,2026-06-23T05:29:58.847318+00:00,https://api.mfapi.in/mf/118632
118632,Nippon Large Cap,118632,Nippon India Large Cap Fund - Direct Plan Growth Plan - Growth Option,Nippon India Mutual Fund,Open Ended Schemes,Equity Scheme - Large Cap Fund,2015-03-16,24.9966,2026-06-23T05:29:58.847318+00:00,https://api.mfapi.in/mf/118632
118632,Nippon Large Cap,118632,Nippon India Large Cap Fund - Direct Plan Growth Plan - Growth Option,Nippon India Mutual Fund,Open Ended Schemes,Equity Scheme - Large Cap Fund,2015-03-13,24.9985,2026-06-23T05:29:58.847318+00:00,https://api.mfapi.in/mf/118632
118632,Nippon Large Cap,118632,Nippon India Large Cap Fund - Direct Plan Growth Plan - Growth Option,Nippon India Mutual Fund,Open Ended Schemes,Equity Scheme - Large Cap Fund,2015-03-12,25.4292,2026-06-23T05:29:58.847318+00:00,https://api.mfapi.in/mf/118632
118632,Nippon Large Cap,118632,Nippon India Large Cap Fund - Direct Plan Growth Plan - Growth Option,Nippon India Mutual Fund,Open Ended Schemes,Equity Scheme - Large Cap Fund,2015-03-11,25.1691,2026-06-23T05:29:58.847318+00:00,https://api.mfapi.in/mf/118632
118632,Nippon Large Cap,118632,Nippon India Large Cap Fund - Direct Plan Growth Plan - Growth Option,Nippon India Mutual Fund,Open Ended Schemes,Equity Scheme - Large Cap Fund,2015-03-10,25.2727,2026-06-23T05:29:58.847318+00:00,https://api.mfapi.in/mf/118632
118632,Nippon Large Cap,118632,Nippon India Large Cap Fund - Direct Plan Growth Plan - Growth Option,Nippon India Mutual Fund,Open Ended Schemes,Equity Scheme - Large Cap Fund,2015-03-09,25.3653,2026-06-23T05:29:58.847318+00:00,https://api.mfapi.in/mf/118632
118632,Nippon Large Cap,118632,Nippon India Large Cap Fund - Direct Plan Growth Plan - Growth Option,Nippon India Mutual Fund,Open Ended Schemes,Equity Scheme - Large Cap Fund,2015-03-05,25.7857,2026-06-23T05:29:58.847318+00:00,https://api.mfapi.in/mf/118632
118632,Nippon Large Cap,118632,Nippon India Large Cap Fund - Direct Plan Growth Plan - Growth Option,Nippon India Mutual Fund,Open Ended Schemes,Equity Scheme - Large Cap Fund,2015-03-04,25.7662,2026-06-23T05:29:58.847318+00:00,https://api.mfapi.in/mf/118632
118632,Nippon Large Cap,118632,Nippon India Large Cap Fund - Direct Plan Growth Plan - Growth Option,Nippon India Mutual Fund,Open Ended Schemes,Equity Scheme - Large Cap Fund,2015-03-03,25.8821,2026-06-23T05:29:58.847318+00:00,https://api.mfapi.in/mf/118632
118632,Nippon Large Cap,118632,Nippon India Large Cap Fund - Direct Plan Growth Plan - Growth Option,Nippon India Mutual Fund,Open Ended Schemes,Equity Scheme - Large Cap Fund,2015-03-02,25.8113,2026-06-23T05:29:58.847318+00:00,https://api.mfapi.in/mf/118632
118632,Nippon Large Cap,118632,Nippon India Large Cap Fund - Direct Plan Growth Plan - Growth Option,Nippon India Mutual Fund,Open Ended Schemes,Equity Scheme - Large Cap Fund,2015-02-27,25.1922,2026-06-23T05:29:58.847318+00:00,https://api.mfapi.in/mf/118632
118632,Nippon Large Cap,118632,Nippon India Large Cap Fund - Direct Plan Growth Plan - Growth Option,Nippon India Mutual Fund,Open Ended Schemes,Equity Scheme - Large Cap Fund,2015-02-26,24.7007,2026-06-23T05:29:58.847318+00:00,https://api.mfapi.in/mf/118632
118632,Nippon Large Cap,118632,Nippon India Large Cap Fund - Direct Plan Growth Plan - Growth Option,Nippon India Mutual Fund,Open Ended Schemes,Equity Scheme - Large Cap Fund,2015-02-25,25.0647,2026-06-23T05:29:58.847318+00:00,https://api.mfapi.in/mf/118632
118632,Nippon Large Cap,118632,Nippon India Large Cap Fund - Direct Plan Growth Plan - Growth Option,Nippon India Mutual Fund,Open Ended Schemes,Equity Scheme - Large Cap Fund,2015-02-24,25.0551,2026-06-23T05:29:58.847318+00:00,https://api.mfapi.in/mf/118632
118632,Nippon Large Cap,118632,Nippon India Large Cap Fund - Direct Plan Growth Plan - Growth Option,Nippon India Mutual Fund,Open Ended Schemes,Equity Scheme - Large Cap Fund,2015-02-23,25.1001,2026-06-23T05:29:58.847318+00:00,https://api.mfapi.in/mf/118632
118632,Nippon Large Cap,118632,Nippon India Large Cap Fund - Direct Plan Growth Plan - Growth Option,Nippon India Mutual Fund,Open Ended Schemes,Equity Scheme - Large Cap Fund,2015-02-20,25.3486,2026-06-23T05:29:58.847318+00:00,https://api.mfapi.in/mf/118632
118632,Nippon Large Cap,118632,Nippon India Large Cap Fund - Direct Plan Growth Plan - Growth Option,Nippon India Mutual Fund,Open Ended Schemes,Equity Scheme - Large Cap Fund,2015-02-19,25.4505,2026-06-23T05:29:58.847318+00:00,https://api.mfapi.in/mf/118632
118632,Nippon Large Cap,118632,Nippon India Large Cap Fund - Direct Plan Growth Plan - Growth Option,Nippon India Mutual Fund,Open Ended Schemes,Equity Scheme - Large Cap Fund,2015-02-18,25.3552,2026-06-23T05:29:58.847318+00:00,https://api.mfapi.in/mf/118632
118632,Nippon Large Cap,118632,Nippon India Large Cap Fund - Direct Plan Growth Plan - Growth Option,Nippon India Mutual Fund,Open Ended Schemes,Equity Scheme - Large Cap Fund,2015-02-16,25.142,2026-06-23T05:29:58.847318+00:00,https://api.mfapi.in/mf/118632
118632,Nippon Large Cap,118632,Nippon India Large Cap Fund - Direct Plan Growth Plan - Growth Option,Nippon India Mutual Fund,Open Ended Schemes,Equity Scheme - Large Cap Fund,2015-02-13,25.2094,2026-06-23T05:29:58.847318+00:00,https://api.mfapi.in/mf/118632
118632,Nippon Large Cap,118632,Nippon India Large Cap Fund - Direct Plan Growth Plan - Growth Option,Nippon India Mutual Fund,Open Ended Schemes,Equity Scheme - Large Cap Fund,2015-02-12,24.9342,2026-06-23T05:29:58.847318+00:00,https://api.mfapi.in/mf/118632
118632,Nippon Large Cap,118632,Nippon India Large Cap Fund - Direct Plan Growth Plan - Growth Option,Nippon India Mutual Fund,Open Ended Schemes,Equity Scheme - Large Cap Fund,2015-02-11,24.5886,2026-06-23T05:29:58.847318+00:00,https://api.mfapi.in/mf/118632
118632,Nippon Large Cap,118632,Nippon India Large Cap Fund - Direct Plan Growth Plan - Growth Option,Nippon India Mutual Fund,Open Ended Schemes,Equity Scheme - Large Cap Fund,2015-02-10,24.3834,2026-06-23T05:29:58.847318+00:00,https://api.mfapi.in/mf/118632
118632,Nippon Large Cap,118632,Nippon India Large Cap Fund - Direct Plan Growth Plan - Growth Option,Nippon India Mutual Fund,Open Ended Schemes,Equity Scheme - Large Cap Fund,2015-02-09,24.2059,2026-06-23T05:29:58.847318+00:00,https://api.mfapi.in/mf/118632
118632,Nippon Large Cap,118632,Nippon India Large Cap Fund - Direct Plan Growth Plan - Growth Option,Nippon India Mutual Fund,Open Ended Schemes,Equity Scheme - Large Cap Fund,2015-02-06,24.5556,2026-06-23T05:29:58.847318+00:00,https://api.mfapi.in/mf/118632
118632,Nippon Large Cap,118632,Nippon India Large Cap Fund - Direct Plan Growth Plan - Growth Option,Nippon India Mutual Fund,Open Ended Schemes,Equity Scheme - Large Cap Fund,2015-02-05,24.8215,2026-06-23T05:29:58.847318+00:00,https://api.mfapi.in/mf/118632
118632,Nippon Large Cap,118632,Nippon India Large Cap Fund - Direct Plan Growth Plan - Growth Option,Nippon India Mutual Fund,Open Ended Schemes,Equity Scheme - Large Cap Fund,2015-02-04,24.9246,2026-06-23T05:29:58.847318+00:00,https://api.mfapi.in/mf/118632
118632,Nippon Large Cap,118632,Nippon India Large Cap Fund - Direct Plan Growth Plan - Growth Option,Nippon India Mutual Fund,Open Ended Schemes,Equity Scheme - Large Cap Fund,2015-02-03,25.0832,2026-06-23T05:29:58.847318+00:00,https://api.mfapi.in/mf/118632
118632,Nippon Large Cap,118632,Nippon India Large Cap Fund - Direct Plan Growth Plan - Growth Option,Nippon India Mutual Fund,Open Ended Schemes,Equity Scheme - Large Cap Fund,2015-02-02,25.1129,2026-06-23T05:29:58.847318+00:00,https://api.mfapi.in/mf/118632
118632,Nippon Large Cap,118632,Nippon India Large Cap Fund - Direct Plan Growth Plan - Growth Option,Nippon India Mutual Fund,Open Ended Schemes,Equity Scheme - Large Cap Fund,2015-01-30,25.0624,2026-06-23T05:29:58.847318+00:00,https://api.mfapi.in/mf/118632
118632,Nippon Large Cap,118632,Nippon India Large Cap Fund - Direct Plan Growth Plan - Growth Option,Nippon India Mutual Fund,Open Ended Schemes,Equity Scheme - Large Cap Fund,2015-01-29,25.385,2026-06-23T05:29:58.847318+00:00,https://api.mfapi.in/mf/118632
118632,Nippon Large Cap,118632,Nippon India Large Cap Fund - Direct Plan Growth Plan - Growth Option,Nippon India Mutual Fund,Open Ended Schemes,Equity Scheme - Large Cap Fund,2015-01-28,25.421,2026-06-23T05:29:58.847318+00:00,https://api.mfapi.in/mf/118632
118632,Nippon Large Cap,118632,Nippon India Large Cap Fund - Direct Plan Growth Plan - Growth Option,Nippon India Mutual Fund,Open Ended Schemes,Equity Scheme - Large Cap Fund,2015-01-27,25.3339,2026-06-23T05:29:58.847318+00:00,https://api.mfapi.in/mf/118632
118632,Nippon Large Cap,118632,Nippon India Large Cap Fund - Direct Plan Growth Plan - Growth Option,Nippon India Mutual Fund,Open Ended Schemes,Equity Scheme - Large Cap Fund,2015-01-23,25.0677,2026-06-23T05:29:58.847318+00:00,https://api.mfapi.in/mf/118632
118632,Nippon Large Cap,118632,Nippon India Large Cap Fund - Direct Plan Growth Plan - Growth Option,Nippon India Mutual Fund,Open Ended Schemes,Equity Scheme - Large Cap Fund,2015-01-22,24.8819,2026-06-23T05:29:58.847318+00:00,https://api.mfapi.in/mf/118632
118632,Nippon Large Cap,118632,Nippon India Large Cap Fund - Direct Plan Growth Plan - Growth Option,Nippon India Mutual Fund,Open Ended Schemes,Equity Scheme - Large Cap Fund,2015-01-21,24.7599,2026-06-23T05:29:58.847318+00:00,https://api.mfapi.in/mf/118632
118632,Nippon Large Cap,118632,Nippon India Large Cap Fund - Direct Plan Growth Plan - Growth Option,Nippon India Mutual Fund,Open Ended Schemes,Equity Scheme - Large Cap Fund,2015-01-20,24.6911,2026-06-23T05:29:58.847318+00:00,https://api.mfapi.in/mf/118632
118632,Nippon Large Cap,118632,Nippon India Large Cap Fund - Direct Plan Growth Plan - Growth Option,Nippon India Mutual Fund,Open Ended Schemes,Equity Scheme - Large Cap Fund,2015-01-19,24.5131,2026-06-23T05:29:58.847318+00:00,https://api.mfapi.in/mf/118632
118632,Nippon Large Cap,118632,Nippon India Large Cap Fund - Direct Plan Growth Plan - Growth Option,Nippon India Mutual Fund,Open Ended Schemes,Equity Scheme - Large Cap Fund,2015-01-16,24.317,2026-06-23T05:29:58.847318+00:00,https://api.mfapi.in/mf/118632
118632,Nippon Large Cap,118632,Nippon India Large Cap Fund - Direct Plan Growth Plan - Growth Option,Nippon India Mutual Fund,Open Ended Schemes,Equity Scheme - Large Cap Fund,2015-01-15,24.2222,2026-06-23T05:29:58.847318+00:00,https://api.mfapi.in/mf/118632
118632,Nippon Large Cap,118632,Nippon India Large Cap Fund - Direct Plan Growth Plan - Growth Option,Nippon India Mutual Fund,Open Ended Schemes,Equity Scheme - Large Cap Fund,2015-01-14,23.7675,2026-06-23T05:29:58.847318+00:00,https://api.mfapi.in/mf/118632
118632,Nippon Large Cap,118632,Nippon India Large Cap Fund - Direct Plan Growth Plan - Growth Option,Nippon India Mutual Fund,Open Ended Schemes,Equity Scheme - Large Cap Fund,2015-01-13,23.8283,2026-06-23T05:29:58.847318+00:00,https://api.mfapi.in/mf/118632
118632,Nippon Large Cap,118632,Nippon India Large Cap Fund - Direct Plan Growth Plan - Growth Option,Nippon India Mutual Fund,Open Ended Schemes,Equity Scheme - Large Cap Fund,2015-01-12,23.8558,2026-06-23T05:29:58.847318+00:00,https://api.mfapi.in/mf/118632
118632,Nippon Large Cap,118632,Nippon India Large Cap Fund - Direct Plan Growth Plan - Growth Option,Nippon India Mutual Fund,Open Ended Schemes,Equity Scheme - Large Cap Fund,2015-01-09,23.6919,2026-06-23T05:29:58.847318+00:00,https://api.mfapi.in/mf/118632
118632,Nippon Large Cap,118632,Nippon India Large Cap Fund - Direct Plan Growth Plan - Growth Option,Nippon India Mutual Fund,Open Ended Schemes,Equity Scheme - Large Cap Fund,2015-01-08,23.5557,2026-06-23T05:29:58.847318+00:00,https://api.mfapi.in/mf/118632
118632,Nippon Large Cap,118632,Nippon India Large Cap Fund - Direct Plan Growth Plan - Growth Option,Nippon India Mutual Fund,Open Ended Schemes,Equity Scheme - Large Cap Fund,2015-01-07,23.1888,2026-06-23T05:29:58.847318+00:00,https://api.mfapi.in/mf/118632
118632,Nippon Large Cap,118632,Nippon India Large Cap Fund - Direct Plan Growth Plan - Growth Option,Nippon India Mutual Fund,Open Ended Schemes,Equity Scheme - Large Cap Fund,2015-01-06,23.2978,2026-06-23T05:29:58.847318+00:00,https://api.mfapi.in/mf/118632
118632,Nippon Large Cap,118632,Nippon India Large Cap Fund - Direct Plan Growth Plan - Growth Option,Nippon India Mutual Fund,Open Ended Schemes,Equity Scheme - Large Cap Fund,2015-01-05,23.9306,2026-06-23T05:29:58.847318+00:00,https://api.mfapi.in/mf/118632
118632,Nippon Large Cap,118632,Nippon India Large Cap Fund - Direct Plan Growth Plan - Growth Option,Nippon India Mutual Fund,Open Ended Schemes,Equity Scheme - Large Cap Fund,2015-01-02,23.8685,2026-06-23T05:29:58.847318+00:00,https://api.mfapi.in/mf/118632
118632,Nippon Large Cap,118632,Nippon India Large Cap Fund - Direct Plan Growth Plan - Growth Option,Nippon India Mutual Fund,Open Ended Schemes,Equity Scheme - Large Cap Fund,2015-01-01,23.6528,2026-06-23T05:29:58.847318+00:00,https://api.mfapi.in/mf/118632
118632,Nippon Large Cap,118632,Nippon India Large Cap Fund - Direct Plan Growth Plan - Growth Option,Nippon India Mutual Fund,Open Ended Schemes,Equity Scheme - Large Cap Fund,2014-12-31,23.6095,2026-06-23T05:29:58.847318+00:00,https://api.mfapi.in/mf/118632
118632,Nippon Large Cap,118632,Nippon India Large Cap Fund - Direct Plan Growth Plan - Growth Option,Nippon India Mutual Fund,Open Ended Schemes,Equity Scheme - Large Cap Fund,2014-12-30,23.5498,2026-06-23T05:29:58.847318+00:00,https://api.mfapi.in/mf/118632
118632,Nippon Large Cap,118632,Nippon India Large Cap Fund - Direct Plan Growth Plan - Growth Option,Nippon India Mutual Fund,Open Ended Schemes,Equity Scheme - Large Cap Fund,2014-12-29,23.4536,2026-06-23T05:29:58.847318+00:00,https://api.mfapi.in/mf/118632
118632,Nippon Large Cap,118632,Nippon India Large Cap Fund - Direct Plan Growth Plan - Growth Option,Nippon India Mutual Fund,Open Ended Schemes,Equity Scheme - Large Cap Fund,2014-12-26,23.2489,2026-06-23T05:29:58.847318+00:00,https://api.mfapi.in/mf/118632
118632,Nippon Large Cap,118632,Nippon India Large Cap Fund - Direct Plan Growth Plan - Growth Option,Nippon India Mutual Fund,Open Ended Schemes,Equity Scheme - Large Cap Fund,2014-12-24,23.1541,2026-06-23T05:29:58.847318+00:00,https://api.mfapi.in/mf/118632
118632,Nippon Large Cap,118632,Nippon India Large Cap Fund - Direct Plan Growth Plan - Growth Option,Nippon India Mutual Fund,Open Ended Schemes,Equity Scheme - Large Cap Fund,2014-12-23,23.2479,2026-06-23T05:29:58.847318+00:00,https://api.mfapi.in/mf/118632
118632,Nippon Large Cap,118632,Nippon India Large Cap Fund - Direct Plan Growth Plan - Growth Option,Nippon India Mutual Fund,Open Ended Schemes,Equity Scheme - Large Cap Fund,2014-12-22,23.3659,2026-06-23T05:29:58.847318+00:00,https://api.mfapi.in/mf/118632
118632,Nippon Large Cap,118632,Nippon India Large Cap Fund - Direct Plan Growth Plan - Growth Option,Nippon India Mutual Fund,Open Ended Schemes,Equity Scheme - Large Cap Fund,2014-12-19,23.1536,2026-06-23T05:29:58.847318+00:00,https://api.mfapi.in/mf/118632
118632,Nippon Large Cap,118632,Nippon India Large Cap Fund - Direct Plan Growth Plan - Growth Option,Nippon India Mutual Fund,Open Ended Schemes,Equity Scheme - Large Cap Fund,2014-12-18,23.0164,2026-06-23T05:29:58.847318+00:00,https://api.mfapi.in/mf/118632
118632,Nippon Large Cap,118632,Nippon India Large Cap Fund - Direct Plan Growth Plan - Growth Option,Nippon India Mutual Fund,Open Ended Schemes,Equity Scheme - Large Cap Fund,2014-12-17,22.5613,2026-06-23T05:29:58.847318+00:00,https://api.mfapi.in/mf/118632
118632,Nippon Large Cap,118632,Nippon India Large Cap Fund - Direct Plan Growth Plan - Growth Option,Nippon India Mutual Fund,Open Ended Schemes,Equity Scheme - Large Cap Fund,2014-12-16,22.6709,2026-06-23T05:29:58.847318+00:00,https://api.mfapi.in/mf/118632
118632,Nippon Large Cap,118632,Nippon India Large Cap Fund - Direct Plan Growth Plan - Growth Option,Nippon India Mutual Fund,Open Ended Schemes,Equity Scheme - Large Cap Fund,2014-12-15,23.1125,2026-06-23T05:29:58.847318+00:00,https://api.mfapi.in/mf/118632
118632,Nippon Large Cap,118632,Nippon India Large Cap Fund - Direct Plan Growth Plan - Growth Option,Nippon India Mutual Fund,Open Ended Schemes,Equity Scheme - Large Cap Fund,2014-12-12,23.2532,2026-06-23T05:29:58.847318+00:00,https://api.mfapi.in/mf/118632
118632,Nippon Large Cap,118632,Nippon India Large Cap Fund - Direct Plan Growth Plan - Growth Option,Nippon India Mutual Fund,Open Ended Schemes,Equity Scheme - Large Cap Fund,2014-12-11,23.4096,2026-06-23T05:29:58.847318+00:00,https://api.mfapi.in/mf/118632
118632,Nippon Large Cap,118632,Nippon India Large Cap Fund - Direct Plan Growth Plan - Growth Option,Nippon India Mutual Fund,Open Ended Schemes,Equity Scheme - Large Cap Fund,2014-12-10,23.5379,2026-06-23T05:29:58.847318+00:00,https://api.mfapi.in/mf/118632
118632,Nippon Large Cap,118632,Nippon India Large Cap Fund - Direct Plan Growth Plan - Growth Option,Nippon India Mutual Fund,Open Ended Schemes,Equity Scheme - Large Cap Fund,2014-12-09,23.4637,2026-06-23T05:29:58.847318+00:00,https://api.mfapi.in/mf/118632
118632,Nippon Large Cap,118632,Nippon India Large Cap Fund - Direct Plan Growth Plan - Growth Option,Nippon India Mutual Fund,Open Ended Schemes,Equity Scheme - Large Cap Fund,2014-12-08,23.7779,2026-06-23T05:29:58.847318+00:00,https://api.mfapi.in/mf/118632
118632,Nippon Large Cap,118632,Nippon India Large Cap Fund - Direct Plan Growth Plan - Growth Option,Nippon India Mutual Fund,Open Ended Schemes,Equity Scheme - Large Cap Fund,2014-12-05,24.1536,2026-06-23T05:29:58.847318+00:00,https://api.mfapi.in/mf/118632
118632,Nippon Large Cap,118632,Nippon India Large Cap Fund - Direct Plan Growth Plan - Growth Option,Nippon India Mutual Fund,Open Ended Schemes,Equity Scheme - Large Cap Fund,2014-12-04,24.3271,2026-06-23T05:29:58.847318+00:00,https://api.mfapi.in/mf/118632
118632,Nippon Large Cap,118632,Nippon India Large Cap Fund - Direct Plan Growth Plan - Growth Option,Nippon India Mutual Fund,Open Ended Schemes,Equity Scheme - Large Cap Fund,2014-12-03,24.2533,2026-06-23T05:29:58.847318+00:00,https://api.mfapi.in/mf/118632
118632,Nippon Large Cap,118632,Nippon India Large Cap Fund - Direct Plan Growth Plan - Growth Option,Nippon India Mutual Fund,Open Ended Schemes,Equity Scheme - Large Cap Fund,2014-12-02,23.9993,2026-06-23T05:29:58.847318+00:00,https://api.mfapi.in/mf/118632
118632,Nippon Large Cap,118632,Nippon India Large Cap Fund - Direct Plan Growth Plan - Growth Option,Nippon India Mutual Fund,Open Ended Schemes,Equity Scheme - Large Cap Fund,2014-12-01,24.0141,2026-06-23T05:29:58.847318+00:00,https://api.mfapi.in/mf/118632
118632,Nippon Large Cap,118632,Nippon India Large Cap Fund - Direct Plan Growth Plan - Growth Option,Nippon India Mutual Fund,Open Ended Schemes,Equity Scheme - Large Cap Fund,2014-11-28,23.9915,2026-06-23T05:29:58.847318+00:00,https://api.mfapi.in/mf/118632
118632,Nippon Large Cap,118632,Nippon India Large Cap Fund - Direct Plan Growth Plan - Growth Option,Nippon India Mutual Fund,Open Ended Schemes,Equity Scheme - Large Cap Fund,2014-11-27,23.601,2026-06-23T05:29:58.847318+00:00,https://api.mfapi.in/mf/118632
118632,Nippon Large Cap,118632,Nippon India Large Cap Fund - Direct Plan Growth Plan - Growth Option,Nippon India Mutual Fund,Open Ended Schemes,Equity Scheme - Large Cap Fund,2014-11-26,23.5148,2026-06-23T05:29:58.847318+00:00,https://api.mfapi.in/mf/118632
118632,Nippon Large Cap,118632,Nippon India Large Cap Fund - Direct Plan Growth Plan - Growth Option,Nippon India Mutual Fund,Open Ended Schemes,Equity Scheme - Large Cap Fund,2014-11-25,23.5233,2026-06-23T05:29:58.847318+00:00,https://api.mfapi.in/mf/118632
118632,Nippon Large Cap,118632,Nippon India Large Cap Fund - Direct Plan Growth Plan - Growth Option,Nippon India Mutual Fund,Open Ended Schemes,Equity Scheme - Large Cap Fund,2014-11-24,23.6832,2026-06-23T05:29:58.847318+00:00,https://api.mfapi.in/mf/118632
118632,Nippon Large Cap,118632,Nippon India Large Cap Fund - Direct Plan Growth Plan - Growth Option,Nippon India Mutual Fund,Open Ended Schemes,Equity Scheme - Large Cap Fund,2014-11-21,23.5458,2026-06-23T05:29:58.847318+00:00,https://api.mfapi.in/mf/118632
118632,Nippon Large Cap,118632,Nippon India Large Cap Fund - Direct Plan Growth Plan - Growth Option,Nippon India Mutual Fund,Open Ended Schemes,Equity Scheme - Large Cap Fund,2014-11-20,23.3456,2026-06-23T05:29:58.847318+00:00,https://api.mfapi.in/mf/118632
118632,Nippon Large Cap,118632,Nippon India Large Cap Fund - Direct Plan Growth Plan - Growth Option,Nippon India Mutual Fund,Open Ended Schemes,Equity Scheme - Large Cap Fund,2014-11-19,23.3673,2026-06-23T05:29:58.847318+00:00,https://api.mfapi.in/mf/118632
118632,Nippon Large Cap,118632,Nippon India Large Cap Fund - Direct Plan Growth Plan - Growth Option,Nippon India Mutual Fund,Open Ended Schemes,Equity Scheme - Large Cap Fund,2014-11-18,23.4951,2026-06-23T05:29:58.847318+00:00,https://api.mfapi.in/mf/118632
118632,Nippon Large Cap,118632,Nippon India Large Cap Fund - Direct Plan Growth Plan - Growth Option,Nippon India Mutual Fund,Open Ended Schemes,Equity Scheme - Large Cap Fund,2014-11-17,23.3364,2026-06-23T05:29:58.847318+00:00,https://api.mfapi.in/mf/118632
118632,Nippon Large Cap,118632,Nippon India Large Cap Fund - Direct Plan Growth Plan - Growth Option,Nippon India Mutual Fund,Open Ended Schemes,Equity Scheme - Large Cap Fund,2014-11-14,23.1963,2026-06-23T05:29:58.847318+00:00,https://api.mfapi.in/mf/118632
118632,Nippon Large Cap,118632,Nippon India Large Cap Fund - Direct Plan Growth Plan - Growth Option,Nippon India Mutual Fund,Open Ended Schemes,Equity Scheme - Large Cap Fund,2014-11-13,23.0467,2026-06-23T05:29:58.847318+00:00,https://api.mfapi.in/mf/118632
118632,Nippon Large Cap,118632,Nippon India Large Cap Fund - Direct Plan Growth Plan - Growth Option,Nippon India Mutual Fund,Open Ended Schemes,Equity Scheme - Large Cap Fund,2014-11-12,23.1128,2026-06-23T05:29:58.847318+00:00,https://api.mfapi.in/mf/118632
118632,Nippon Large Cap,118632,Nippon India Large Cap Fund - Direct Plan Growth Plan - Growth Option,Nippon India Mutual Fund,Open Ended Schemes,Equity Scheme - Large Cap Fund,2014-11-11,23.0631,2026-06-23T05:29:58.847318+00:00,https://api.mfapi.in/mf/118632
118632,Nippon Large Cap,118632,Nippon India Large Cap Fund - Direct Plan Growth Plan - Growth Option,Nippon India Mutual Fund,Open Ended Schemes,Equity Scheme - Large Cap Fund,2014-11-10,22.8659,2026-06-23T05:29:58.847318+00:00,https://api.mfapi.in/mf/118632
118632,Nippon Large Cap,118632,Nippon India Large Cap Fund - Direct Plan Growth Plan - Growth Option,Nippon India Mutual Fund,Open Ended Schemes,Equity Scheme - Large Cap Fund,2014-11-07,22.8806,2026-06-23T05:29:58.847318+00:00,https://api.mfapi.in/mf/118632
118632,Nippon Large Cap,118632,Nippon India Large Cap Fund - Direct Plan Growth Plan - Growth Option,Nippon India Mutual Fund,Open Ended Schemes,Equity Scheme - Large Cap Fund,2014-11-05,22.794,2026-06-23T05:29:58.847318+00:00,https://api.mfapi.in/mf/118632
118632,Nippon Large Cap,118632,Nippon India Large Cap Fund - Direct Plan Growth Plan - Growth Option,Nippon India Mutual Fund,Open Ended Schemes,Equity Scheme - Large Cap Fund,2014-11-03,22.7017,2026-06-23T05:29:58.847318+00:00,https://api.mfapi.in/mf/118632
118632,Nippon Large Cap,118632,Nippon India Large Cap Fund - Direct Plan Growth Plan - Growth Option,Nippon India Mutual Fund,Open Ended Schemes,Equity Scheme - Large Cap Fund,2014-10-31,22.7578,2026-06-23T05:29:58.847318+00:00,https://api.mfapi.in/mf/118632
118632,Nippon Large Cap,118632,Nippon India Large Cap Fund - Direct Plan Growth Plan - Growth Option,Nippon India Mutual Fund,Open Ended Schemes,Equity Scheme - Large Cap Fund,2014-10-30,22.347,2026-06-23T05:29:58.847318+00:00,https://api.mfapi.in/mf/118632
118632,Nippon Large Cap,118632,Nippon India Large Cap Fund - Direct Plan Growth Plan - Growth Option,Nippon India Mutual Fund,Open Ended Schemes,Equity Scheme - Large Cap Fund,2014-10-29,22.1388,2026-06-23T05:29:58.847318+00:00,https://api.mfapi.in/mf/118632
118632,Nippon Large Cap,118632,Nippon India Large Cap Fund - Direct Plan Growth Plan - Growth Option,Nippon India Mutual Fund,Open Ended Schemes,Equity Scheme - Large Cap Fund,2014-10-28,21.996,2026-06-23T05:29:58.847318+00:00,https://api.mfapi.in/mf/118632
118632,Nippon Large Cap,118632,Nippon India Large Cap Fund - Direct Plan Growth Plan - Growth Option,Nippon India Mutual Fund,Open Ended Schemes,Equity Scheme - Large Cap Fund,2014-10-27,21.8616,2026-06-23T05:29:58.847318+00:00,https://api.mfapi.in/mf/118632
118632,Nippon Large Cap,118632,Nippon India Large Cap Fund - Direct Plan Growth Plan - Growth Option,Nippon India Mutual Fund,Open Ended Schemes,Equity Scheme - Large Cap Fund,2014-10-22,21.8551,2026-06-23T05:29:58.847318+00:00,https://api.mfapi.in/mf/118632
118632,Nippon Large Cap,118632,Nippon India Large Cap Fund - Direct Plan Growth Plan - Growth Option,Nippon India Mutual Fund,Open Ended Schemes,Equity Scheme - Large Cap Fund,2014-10-21,21.5918,2026-06-23T05:29:58.847318+00:00,https://api.mfapi.in/mf/118632
118632,Nippon Large Cap,118632,Nippon India Large Cap Fund - Direct Plan Growth Plan - Growth Option,Nippon India Mutual Fund,Open Ended Schemes,Equity Scheme - Large Cap Fund,2014-10-20,21.353,2026-06-23T05:29:58.847318+00:00,https://api.mfapi.in/mf/118632
118632,Nippon Large Cap,118632,Nippon India Large Cap Fund - Direct Plan Growth Plan - Growth Option,Nippon India Mutual Fund,Open Ended Schemes,Equity Scheme - Large Cap Fund,2014-10-17,21.0171,2026-06-23T05:29:58.847318+00:00,https://api.mfapi.in/mf/118632
118632,Nippon Large Cap,118632,Nippon India Large Cap Fund - Direct Plan Growth Plan - Growth Option,Nippon India Mutual Fund,Open Ended Schemes,Equity Scheme - Large Cap Fund,2014-10-16,20.9038,2026-06-23T05:29:58.847318+00:00,https://api.mfapi.in/mf/118632
118632,Nippon Large Cap,118632,Nippon India Large Cap Fund - Direct Plan Growth Plan - Growth Option,Nippon India Mutual Fund,Open Ended Schemes,Equity Scheme - Large Cap Fund,2014-10-14,21.2408,2026-06-23T05:29:58.847318+00:00,https://api.mfapi.in/mf/118632
118632,Nippon Large Cap,118632,Nippon India Large Cap Fund - Direct Plan Growth Plan - Growth Option,Nippon India Mutual Fund,Open Ended Schemes,Equity Scheme - Large Cap Fund,2014-10-13,21.2817,2026-06-23T05:29:58.847318+00:00,https://api.mfapi.in/mf/118632
118632,Nippon Large Cap,118632,Nippon India Large Cap Fund - Direct Plan Growth Plan - Growth Option,Nippon India Mutual Fund,Open Ended Schemes,Equity Scheme - Large Cap Fund,2014-10-10,21.1257,2026-06-23T05:29:58.847318+00:00,https://api.mfapi.in/mf/118632
118632,Nippon Large Cap,118632,Nippon India Large Cap Fund - Direct Plan Growth Plan - Growth Option,Nippon India Mutual Fund,Open Ended Schemes,Equity Scheme - Large Cap Fund,2014-10-09,21.3712,2026-06-23T05:29:58.847318+00:00,https://api.mfapi.in/mf/118632
118632,Nippon Large Cap,118632,Nippon India Large Cap Fund - Direct Plan Growth Plan - Growth Option,Nippon India Mutual Fund,Open Ended Schemes,Equity Scheme - Large Cap Fund,2014-10-08,20.9858,2026-06-23T05:29:58.847318+00:00,https://api.mfapi.in/mf/118632
118632,Nippon Large Cap,118632,Nippon India Large Cap Fund - Direct Plan Growth Plan - Growth Option,Nippon India Mutual Fund,Open Ended Schemes,Equity Scheme - Large Cap Fund,2014-10-07,21.0501,2026-06-23T05:29:58.847318+00:00,https://api.mfapi.in/mf/118632
118632,Nippon Large Cap,118632,Nippon India Large Cap Fund - Direct Plan Growth Plan - Growth Option,Nippon India Mutual Fund,Open Ended Schemes,Equity Scheme - Large Cap Fund,2014-10-01,21.2853,2026-06-23T05:29:58.847318+00:00,https://api.mfapi.in/mf/118632
118632,Nippon Large Cap,118632,Nippon India Large Cap Fund - Direct Plan Growth Plan - Growth Option,Nippon India Mutual Fund,Open Ended Schemes,Equity Scheme - Large Cap Fund,2014-09-30,21.3925,2026-06-23T05:29:58.847318+00:00,https://api.mfapi.in/mf/118632
118632,Nippon Large Cap,118632,Nippon India Large Cap Fund - Direct Plan Growth Plan - Growth Option,Nippon India Mutual Fund,Open Ended Schemes,Equity Scheme - Large Cap Fund,2014-09-29,21.3504,2026-06-23T05:29:58.847318+00:00,https://api.mfapi.in/mf/118632
118632,Nippon Large Cap,118632,Nippon India Large Cap Fund - Direct Plan Growth Plan - Growth Option,Nippon India Mutual Fund,Open Ended Schemes,Equity Scheme - Large Cap Fund,2014-09-26,21.3035,2026-06-23T05:29:58.847318+00:00,https://api.mfapi.in/mf/118632
118632,Nippon Large Cap,118632,Nippon India Large Cap Fund - Direct Plan Growth Plan - Growth Option,Nippon India Mutual Fund,Open Ended Schemes,Equity Scheme - Large Cap Fund,2014-09-25,21.0385,2026-06-23T05:29:58.847318+00:00,https://api.mfapi.in/mf/118632
118632,Nippon Large Cap,118632,Nippon India Large Cap Fund - Direct Plan Growth Plan - Growth Option,Nippon India Mutual Fund,Open Ended Schemes,Equity Scheme - Large Cap Fund,2014-09-24,21.3659,2026-06-23T05:29:58.847318+00:00,https://api.mfapi.in/mf/118632
118632,Nippon Large Cap,118632,Nippon India Large Cap Fund - Direct Plan Growth Plan - Growth Option,Nippon India Mutual Fund,Open Ended Schemes,Equity Scheme - Large Cap Fund,2014-09-23,21.5175,2026-06-23T05:29:58.847318+00:00,https://api.mfapi.in/mf/118632
118632,Nippon Large Cap,118632,Nippon India Large Cap Fund - Direct Plan Growth Plan - Growth Option,Nippon India Mutual Fund,Open Ended Schemes,Equity Scheme - Large Cap Fund,2014-09-22,21.8568,2026-06-23T05:29:58.847318+00:00,https://api.mfapi.in/mf/118632
118632,Nippon Large Cap,118632,Nippon India Large Cap Fund - Direct Plan Growth Plan - Growth Option,Nippon India Mutual Fund,Open Ended Schemes,Equity Scheme - Large Cap Fund,2014-09-19,21.8276,2026-06-23T05:29:58.847318+00:00,https://api.mfapi.in/mf/118632
118632,Nippon Large Cap,118632,Nippon India Large Cap Fund - Direct Plan Growth Plan - Growth Option,Nippon India Mutual Fund,Open Ended Schemes,Equity Scheme - Large Cap Fund,2014-09-18,21.9147,2026-06-23T05:29:58.847318+00:00,https://api.mfapi.in/mf/118632
118632,Nippon Large Cap,118632,Nippon India Large Cap Fund - Direct Plan Growth Plan - Growth Option,Nippon India Mutual Fund,Open Ended Schemes,Equity Scheme - Large Cap Fund,2014-09-17,21.4862,2026-06-23T05:29:58.847318+00:00,https://api.mfapi.in/mf/118632
118632,Nippon Large Cap,118632,Nippon India Large Cap Fund - Direct Plan Growth Plan - Growth Option,Nippon India Mutual Fund,Open Ended Schemes,Equity Scheme - Large Cap Fund,2014-09-16,21.3963,2026-06-23T05:29:58.847318+00:00,https://api.mfapi.in/mf/118632
118632,Nippon Large Cap,118632,Nippon India Large Cap Fund - Direct Plan Growth Plan - Growth Option,Nippon India Mutual Fund,Open Ended Schemes,Equity Scheme - Large Cap Fund,2014-09-15,21.882,2026-06-23T05:29:58.847318+00:00,https://api.mfapi.in/mf/118632
118632,Nippon Large Cap,118632,Nippon India Large Cap Fund - Direct Plan Growth Plan - Growth Option,Nippon India Mutual Fund,Open Ended Schemes,Equity Scheme - Large Cap Fund,2014-09-12,21.8769,2026-06-23T05:29:58.847318+00:00,https://api.mfapi.in/mf/118632
118632,Nippon Large Cap,118632,Nippon India Large Cap Fund - Direct Plan Growth Plan - Growth Option,Nippon India Mutual Fund,Open Ended Schemes,Equity Scheme - Large Cap Fund,2014-09-11,21.8595,2026-06-23T05:29:58.847318+00:00,https://api.mfapi.in/mf/118632
118632,Nippon Large Cap,118632,Nippon India Large Cap Fund - Direct Plan Growth Plan - Growth Option,Nippon India Mutual Fund,Open Ended Schemes,Equity Scheme - Large Cap Fund,2014-09-10,21.6806,2026-06-23T05:29:58.847318+00:00,https://api.mfapi.in/mf/118632
118632,Nippon Large Cap,118632,Nippon India Large Cap Fund - Direct Plan Growth Plan - Growth Option,Nippon India Mutual Fund,Open Ended Schemes,Equity Scheme - Large Cap Fund,2014-09-09,21.8095,2026-06-23T05:29:58.847318+00:00,https://api.mfapi.in/mf/118632
118632,Nippon Large Cap,118632,Nippon India Large Cap Fund - Direct Plan Growth Plan - Growth Option,Nippon India Mutual Fund,Open Ended Schemes,Equity Scheme - Large Cap Fund,2014-09-08,21.8269,2026-06-23T05:29:58.847318+00:00,https://api.mfapi.in/mf/118632
118632,Nippon Large Cap,118632,Nippon India Large Cap Fund - Direct Plan Growth Plan - Growth Option,Nippon India Mutual Fund,Open Ended Schemes,Equity Scheme - Large Cap Fund,2014-09-05,21.5339,2026-06-23T05:29:58.847318+00:00,https://api.mfapi.in/mf/118632
118632,Nippon Large Cap,118632,Nippon India Large Cap Fund - Direct Plan Growth Plan - Growth Option,Nippon India Mutual Fund,Open Ended Schemes,Equity Scheme - Large Cap Fund,2014-09-04,21.4261,2026-06-23T05:29:58.847318+00:00,https://api.mfapi.in/mf/118632
118632,Nippon Large Cap,118632,Nippon India Large Cap Fund - Direct Plan Growth Plan - Growth Option,Nippon India Mutual Fund,Open Ended Schemes,Equity Scheme - Large Cap Fund,2014-09-03,21.4935,2026-06-23T05:29:58.847318+00:00,https://api.mfapi.in/mf/118632
118632,Nippon Large Cap,118632,Nippon India Large Cap Fund - Direct Plan Growth Plan - Growth Option,Nippon India Mutual Fund,Open Ended Schemes,Equity Scheme - Large Cap Fund,2014-09-02,21.2769,2026-06-23T05:29:58.847318+00:00,https://api.mfapi.in/mf/118632
118632,Nippon Large Cap,118632,Nippon India Large Cap Fund - Direct Plan Growth Plan - Growth Option,Nippon India Mutual Fund,Open Ended Schemes,Equity Scheme - Large Cap Fund,2014-09-01,21.1961,2026-06-23T05:29:58.847318+00:00,https://api.mfapi.in/mf/118632
118632,Nippon Large Cap,118632,Nippon India Large Cap Fund - Direct Plan Growth Plan - Growth Option,Nippon India Mutual Fund,Open Ended Schemes,Equity Scheme - Large Cap Fund,2014-08-28,20.8633,2026-06-23T05:29:58.847318+00:00,https://api.mfapi.in/mf/118632
118632,Nippon Large Cap,118632,Nippon India Large Cap Fund - Direct Plan Growth Plan - Growth Option,Nippon India Mutual Fund,Open Ended Schemes,Equity Scheme - Large Cap Fund,2014-08-27,20.8028,2026-06-23T05:29:58.847318+00:00,https://api.mfapi.in/mf/118632
118632,Nippon Large Cap,118632,Nippon India Large Cap Fund - Direct Plan Growth Plan - Growth Option,Nippon India Mutual Fund,Open Ended Schemes,Equity Scheme - Large Cap Fund,2014-08-26,20.714,2026-06-23T05:29:58.847318+00:00,https://api.mfapi.in/mf/118632
118632,Nippon Large Cap,118632,Nippon India Large Cap Fund - Direct Plan Growth Plan - Growth Option,Nippon India Mutual Fund,Open Ended Schemes,Equity Scheme - Large Cap Fund,2014-08-25,20.7768,2026-06-23T05:29:58.847318+00:00,https://api.mfapi.in/mf/118632
118632,Nippon Large Cap,118632,Nippon India Large Cap Fund - Direct Plan Growth Plan - Growth Option,Nippon India Mutual Fund,Open Ended Schemes,Equity Scheme - Large Cap Fund,2014-08-22,20.7944,2026-06-23T05:29:58.847318+00:00,https://api.mfapi.in/mf/118632
118632,Nippon Large Cap,118632,Nippon India Large Cap Fund - Direct Plan Growth Plan - Growth Option,Nippon India Mutual Fund,Open Ended Schemes,Equity Scheme - Large Cap Fund,2014-08-21,20.6579,2026-06-23T05:29:58.847318+00:00,https://api.mfapi.in/mf/118632
118632,Nippon Large Cap,118632,Nippon India Large Cap Fund - Direct Plan Growth Plan - Growth Option,Nippon India Mutual Fund,Open Ended Schemes,Equity Scheme - Large Cap Fund,2014-08-20,20.5059,2026-06-23T05:29:58.847318+00:00,https://api.mfapi.in/mf/118632
118632,Nippon Large Cap,118632,Nippon India Large Cap Fund - Direct Plan Growth Plan - Growth Option,Nippon India Mutual Fund,Open Ended Schemes,Equity Scheme - Large Cap Fund,2014-08-19,20.5276,2026-06-23T05:29:58.847318+00:00,https://api.mfapi.in/mf/118632
118632,Nippon Large Cap,118632,Nippon India Large Cap Fund - Direct Plan Growth Plan - Growth Option,Nippon India Mutual Fund,Open Ended Schemes,Equity Scheme - Large Cap Fund,2014-08-18,20.3665,2026-06-23T05:29:58.847318+00:00,https://api.mfapi.in/mf/118632
118632,Nippon Large Cap,118632,Nippon India Large Cap Fund - Direct Plan Growth Plan - Growth Option,Nippon India Mutual Fund,Open Ended Schemes,Equity Scheme - Large Cap Fund,2014-08-14,20.0711,2026-06-23T05:29:58.847318+00:00,https://api.mfapi.in/mf/118632
118632,Nippon Large Cap,118632,Nippon India Large Cap Fund - Direct Plan Growth Plan - Growth Option,Nippon India Mutual Fund,Open Ended Schemes,Equity Scheme - Large Cap Fund,2014-08-13,19.9797,2026-06-23T05:29:58.847318+00:00,https://api.mfapi.in/mf/118632
118632,Nippon Large Cap,118632,Nippon India Large Cap Fund - Direct Plan Growth Plan - Growth Option,Nippon India Mutual Fund,Open Ended Schemes,Equity Scheme - Large Cap Fund,2014-08-12,19.9321,2026-06-23T05:29:58.847318+00:00,https://api.mfapi.in/mf/118632
118632,Nippon Large Cap,118632,Nippon India Large Cap Fund - Direct Plan Growth Plan - Growth Option,Nippon India Mutual Fund,Open Ended Schemes,Equity Scheme - Large Cap Fund,2014-08-11,19.7947,2026-06-23T05:29:58.847318+00:00,https://api.mfapi.in/mf/118632
118632,Nippon Large Cap,118632,Nippon India Large Cap Fund - Direct Plan Growth Plan - Growth Option,Nippon India Mutual Fund,Open Ended Schemes,Equity Scheme - Large Cap Fund,2014-08-08,19.6787,2026-06-23T05:29:58.847318+00:00,https://api.mfapi.in/mf/118632
118632,Nippon Large Cap,118632,Nippon India Large Cap Fund - Direct Plan Growth Plan - Growth Option,Nippon India Mutual Fund,Open Ended Schemes,Equity Scheme - Large Cap Fund,2014-08-07,19.9777,2026-06-23T05:29:58.847318+00:00,https://api.mfapi.in/mf/118632
118632,Nippon Large Cap,118632,Nippon India Large Cap Fund - Direct Plan Growth Plan - Growth Option,Nippon India Mutual Fund,Open Ended Schemes,Equity Scheme - Large Cap Fund,2014-08-06,20.0311,2026-06-23T05:29:58.847318+00:00,https://api.mfapi.in/mf/118632
118632,Nippon Large Cap,118632,Nippon India Large Cap Fund - Direct Plan Growth Plan - Growth Option,Nippon India Mutual Fund,Open Ended Schemes,Equity Scheme - Large Cap Fund,2014-08-05,20.1673,2026-06-23T05:29:58.847318+00:00,https://api.mfapi.in/mf/118632
118632,Nippon Large Cap,118632,Nippon India Large Cap Fund - Direct Plan Growth Plan - Growth Option,Nippon India Mutual Fund,Open Ended Schemes,Equity Scheme - Large Cap Fund,2014-08-04,20.0161,2026-06-23T05:29:58.847318+00:00,https://api.mfapi.in/mf/118632
118632,Nippon Large Cap,118632,Nippon India Large Cap Fund - Direct Plan Growth Plan - Growth Option,Nippon India Mutual Fund,Open Ended Schemes,Equity Scheme - Large Cap Fund,2014-08-01,19.7328,2026-06-23T05:29:58.847318+00:00,https://api.mfapi.in/mf/118632
118632,Nippon Large Cap,118632,Nippon India Large Cap Fund - Direct Plan Growth Plan - Growth Option,Nippon India Mutual Fund,Open Ended Schemes,Equity Scheme - Large Cap Fund,2014-07-31,19.9239,2026-06-23T05:29:58.847318+00:00,https://api.mfapi.in/mf/118632
118632,Nippon Large Cap,118632,Nippon India Large Cap Fund - Direct Plan Growth Plan - Growth Option,Nippon India Mutual Fund,Open Ended Schemes,Equity Scheme - Large Cap Fund,2014-07-30,20.062,2026-06-23T05:29:58.847318+00:00,https://api.mfapi.in/mf/118632
118632,Nippon Large Cap,118632,Nippon India Large Cap Fund - Direct Plan Growth Plan - Growth Option,Nippon India Mutual Fund,Open Ended Schemes,Equity Scheme - Large Cap Fund,2014-07-28,20.0988,2026-06-23T05:29:58.847318+00:00,https://api.mfapi.in/mf/118632
118632,Nippon Large Cap,118632,Nippon India Large Cap Fund - Direct Plan Growth Plan - Growth Option,Nippon India Mutual Fund,Open Ended Schemes,Equity Scheme - Large Cap Fund,2014-07-25,20.1615,2026-06-23T05:29:58.847318+00:00,https://api.mfapi.in/mf/118632
118632,Nippon Large Cap,118632,Nippon India Large Cap Fund - Direct Plan Growth Plan - Growth Option,Nippon India Mutual Fund,Open Ended Schemes,Equity Scheme - Large Cap Fund,2014-07-24,20.3446,2026-06-23T05:29:58.847318+00:00,https://api.mfapi.in/mf/118632
118632,Nippon Large Cap,118632,Nippon India Large Cap Fund - Direct Plan Growth Plan - Growth Option,Nippon India Mutual Fund,Open Ended Schemes,Equity Scheme - Large Cap Fund,2014-07-23,20.2631,2026-06-23T05:29:58.847318+00:00,https://api.mfapi.in/mf/118632
118632,Nippon Large Cap,118632,Nippon India Large Cap Fund - Direct Plan Growth Plan - Growth Option,Nippon India Mutual Fund,Open Ended Schemes,Equity Scheme - Large Cap Fund,2014-07-22,20.1828,2026-06-23T05:29:58.847318+00:00,https://api.mfapi.in/mf/118632
118632,Nippon Large Cap,118632,Nippon India Large Cap Fund - Direct Plan Growth Plan - Growth Option,Nippon India Mutual Fund,Open Ended Schemes,Equity Scheme - Large Cap Fund,2014-07-21,20.1456,2026-06-23T05:29:58.847318+00:00,https://api.mfapi.in/mf/118632
118632,Nippon Large Cap,118632,Nippon India Large Cap Fund - Direct Plan Growth Plan - Growth Option,Nippon India Mutual Fund,Open Ended Schemes,Equity Scheme - Large Cap Fund,2014-07-18,20.1216,2026-06-23T05:29:58.847318+00:00,https://api.mfapi.in/mf/118632
118632,Nippon Large Cap,118632,Nippon India Large Cap Fund - Direct Plan Growth Plan - Growth Option,Nippon India Mutual Fund,Open Ended Schemes,Equity Scheme - Large Cap Fund,2014-07-17,20.13,2026-06-23T05:29:58.847318+00:00,https://api.mfapi.in/mf/118632
118632,Nippon Large Cap,118632,Nippon India Large Cap Fund - Direct Plan Growth Plan - Growth Option,Nippon India Mutual Fund,Open Ended Schemes,Equity Scheme - Large Cap Fund,2014-07-16,20.0502,2026-06-23T05:29:58.847318+00:00,https://api.mfapi.in/mf/118632
118632,Nippon Large Cap,118632,Nippon India Large Cap Fund - Direct Plan Growth Plan - Growth Option,Nippon India Mutual Fund,Open Ended Schemes,Equity Scheme - Large Cap Fund,2014-07-15,19.7704,2026-06-23T05:29:58.847318+00:00,https://api.mfapi.in/mf/118632
118632,Nippon Large Cap,118632,Nippon India Large Cap Fund - Direct Plan Growth Plan - Growth Option,Nippon India Mutual Fund,Open Ended Schemes,Equity Scheme - Large Cap Fund,2014-07-14,19.42,2026-06-23T05:29:58.847318+00:00,https://api.mfapi.in/mf/118632
118632,Nippon Large Cap,118632,Nippon India Large Cap Fund - Direct Plan Growth Plan - Growth Option,Nippon India Mutual Fund,Open Ended Schemes,Equity Scheme - Large Cap Fund,2014-07-11,19.4787,2026-06-23T05:29:58.847318+00:00,https://api.mfapi.in/mf/118632
118632,Nippon Large Cap,118632,Nippon India Large Cap Fund - Direct Plan Growth Plan - Growth Option,Nippon India Mutual Fund,Open Ended Schemes,Equity Scheme - Large Cap Fund,2014-07-10,19.7887,2026-06-23T05:29:58.847318+00:00,https://api.mfapi.in/mf/118632
118632,Nippon Large Cap,118632,Nippon India Large Cap Fund - Direct Plan Growth Plan - Growth Option,Nippon India Mutual Fund,Open Ended Schemes,Equity Scheme - Large Cap Fund,2014-07-09,19.7643,2026-06-23T05:29:58.847318+00:00,https://api.mfapi.in/mf/118632
118632,Nippon Large Cap,118632,Nippon India Large Cap Fund - Direct Plan Growth Plan - Growth Option,Nippon India Mutual Fund,Open Ended Schemes,Equity Scheme - Large Cap Fund,2014-07-08,20.0262,2026-06-23T05:29:58.847318+00:00,https://api.mfapi.in/mf/118632
118632,Nippon Large Cap,118632,Nippon India Large Cap Fund - Direct Plan Growth Plan - Growth Option,Nippon India Mutual Fund,Open Ended Schemes,Equity Scheme - Large Cap Fund,2014-07-07,20.5836,2026-06-23T05:29:58.847318+00:00,https://api.mfapi.in/mf/118632
118632,Nippon Large Cap,118632,Nippon India Large Cap Fund - Direct Plan Growth Plan - Growth Option,Nippon India Mutual Fund,Open Ended Schemes,Equity Scheme - Large Cap Fund,2014-07-04,20.5459,2026-06-23T05:29:58.847318+00:00,https://api.mfapi.in/mf/118632
118632,Nippon Large Cap,118632,Nippon India Large Cap Fund - Direct Plan Growth Plan - Growth Option,Nippon India Mutual Fund,Open Ended Schemes,Equity Scheme - Large Cap Fund,2014-07-03,20.5302,2026-06-23T05:29:58.847318+00:00,https://api.mfapi.in/mf/118632
118632,Nippon Large Cap,118632,Nippon India Large Cap Fund - Direct Plan Growth Plan - Growth Option,Nippon India Mutual Fund,Open Ended Schemes,Equity Scheme - Large Cap Fund,2014-07-02,20.4426,2026-06-23T05:29:58.847318+00:00,https://api.mfapi.in/mf/118632
118632,Nippon Large Cap,118632,Nippon India Large Cap Fund - Direct Plan Growth Plan - Growth Option,Nippon India Mutual Fund,Open Ended Schemes,Equity Scheme - Large Cap Fund,2014-07-01,20.2354,2026-06-23T05:29:58.847318+00:00,https://api.mfapi.in/mf/118632
118632,Nippon Large Cap,118632,Nippon India Large Cap Fund - Direct Plan Growth Plan - Growth Option,Nippon India Mutual Fund,Open Ended Schemes,Equity Scheme - Large Cap Fund,2014-06-30,20.1124,2026-06-23T05:29:58.847318+00:00,https://api.mfapi.in/mf/118632
118632,Nippon Large Cap,118632,Nippon India Large Cap Fund - Direct Plan Growth Plan - Growth Option,Nippon India Mutual Fund,Open Ended Schemes,Equity Scheme - Large Cap Fund,2014-06-27,19.7392,2026-06-23T05:29:58.847318+00:00,https://api.mfapi.in/mf/118632
118632,Nippon Large Cap,118632,Nippon India Large Cap Fund - Direct Plan Growth Plan - Growth Option,Nippon India Mutual Fund,Open Ended Schemes,Equity Scheme - Large Cap Fund,2014-06-26,19.5981,2026-06-23T05:29:58.847318+00:00,https://api.mfapi.in/mf/118632
118632,Nippon Large Cap,118632,Nippon India Large Cap Fund - Direct Plan Growth Plan - Growth Option,Nippon India Mutual Fund,Open Ended Schemes,Equity Scheme - Large Cap Fund,2014-06-25,19.6921,2026-06-23T05:29:58.847318+00:00,https://api.mfapi.in/mf/118632
118632,Nippon Large Cap,118632,Nippon India Large Cap Fund - Direct Plan Growth Plan - Growth Option,Nippon India Mutual Fund,Open Ended Schemes,Equity Scheme - Large Cap Fund,2014-06-24,19.6679,2026-06-23T05:29:58.847318+00:00,https://api.mfapi.in/mf/118632
118632,Nippon Large Cap,118632,Nippon India Large Cap Fund - Direct Plan Growth Plan - Growth Option,Nippon India Mutual Fund,Open Ended Schemes,Equity Scheme - Large Cap Fund,2014-06-23,19.4828,2026-06-23T05:29:58.847318+00:00,https://api.mfapi.in/mf/118632
118632,Nippon Large Cap,118632,Nippon India Large Cap Fund - Direct Plan Growth Plan - Growth Option,Nippon India Mutual Fund,Open Ended Schemes,Equity Scheme - Large Cap Fund,2014-06-20,19.4017,2026-06-23T05:29:58.847318+00:00,https://api.mfapi.in/mf/118632
118632,Nippon Large Cap,118632,Nippon India Large Cap Fund - Direct Plan Growth Plan - Growth Option,Nippon India Mutual Fund,Open Ended Schemes,Equity Scheme - Large Cap Fund,2014-06-19,19.5007,2026-06-23T05:29:58.847318+00:00,https://api.mfapi.in/mf/118632
118632,Nippon Large Cap,118632,Nippon India Large Cap Fund - Direct Plan Growth Plan - Growth Option,Nippon India Mutual Fund,Open Ended Schemes,Equity Scheme - Large Cap Fund,2014-06-18,19.6428,2026-06-23T05:29:58.847318+00:00,https://api.mfapi.in/mf/118632
118632,Nippon Large Cap,118632,Nippon India Large Cap Fund - Direct Plan Growth Plan - Growth Option,Nippon India Mutual Fund,Open Ended Schemes,Equity Scheme - Large Cap Fund,2014-06-17,19.7723,2026-06-23T05:29:58.847318+00:00,https://api.mfapi.in/mf/118632
118632,Nippon Large Cap,118632,Nippon India Large Cap Fund - Direct Plan Growth Plan - Growth Option,Nippon India Mutual Fund,Open Ended Schemes,Equity Scheme - Large Cap Fund,2014-06-16,19.5086,2026-06-23T05:29:58.847318+00:00,https://api.mfapi.in/mf/118632
118632,Nippon Large Cap,118632,Nippon India Large Cap Fund - Direct Plan Growth Plan - Growth Option,Nippon India Mutual Fund,Open Ended Schemes,Equity Scheme - Large Cap Fund,2014-06-13,19.5601,2026-06-23T05:29:58.847318+00:00,https://api.mfapi.in/mf/118632
118632,Nippon Large Cap,118632,Nippon India Large Cap Fund - Direct Plan Growth Plan - Growth Option,Nippon India Mutual Fund,Open Ended Schemes,Equity Scheme - Large Cap Fund,2014-06-12,19.8035,2026-06-23T05:29:58.847318+00:00,https://api.mfapi.in/mf/118632
118632,Nippon Large Cap,118632,Nippon India Large Cap Fund - Direct Plan Growth Plan - Growth Option,Nippon India Mutual Fund,Open Ended Schemes,Equity Scheme - Large Cap Fund,2014-06-11,19.7583,2026-06-23T05:29:58.847318+00:00,https://api.mfapi.in/mf/118632
118632,Nippon Large Cap,118632,Nippon India Large Cap Fund - Direct Plan Growth Plan - Growth Option,Nippon India Mutual Fund,Open Ended Schemes,Equity Scheme - Large Cap Fund,2014-06-10,19.7891,2026-06-23T05:29:58.847318+00:00,https://api.mfapi.in/mf/118632
118632,Nippon Large Cap,118632,Nippon India Large Cap Fund - Direct Plan Growth Plan - Growth Option,Nippon India Mutual Fund,Open Ended Schemes,Equity Scheme - Large Cap Fund,2014-06-09,19.765,2026-06-23T05:29:58.847318+00:00,https://api.mfapi.in/mf/118632
118632,Nippon Large Cap,118632,Nippon India Large Cap Fund - Direct Plan Growth Plan - Growth Option,Nippon India Mutual Fund,Open Ended Schemes,Equity Scheme - Large Cap Fund,2014-06-06,19.5433,2026-06-23T05:29:58.847318+00:00,https://api.mfapi.in/mf/118632
118632,Nippon Large Cap,118632,Nippon India Large Cap Fund - Direct Plan Growth Plan - Growth Option,Nippon India Mutual Fund,Open Ended Schemes,Equity Scheme - Large Cap Fund,2014-06-05,19.3489,2026-06-23T05:29:58.847318+00:00,https://api.mfapi.in/mf/118632
118632,Nippon Large Cap,118632,Nippon India Large Cap Fund - Direct Plan Growth Plan - Growth Option,Nippon India Mutual Fund,Open Ended Schemes,Equity Scheme - Large Cap Fund,2014-06-04,19.0685,2026-06-23T05:29:58.847318+00:00,https://api.mfapi.in/mf/118632
118632,Nippon Large Cap,118632,Nippon India Large Cap Fund - Direct Plan Growth Plan - Growth Option,Nippon India Mutual Fund,Open Ended Schemes,Equity Scheme - Large Cap Fund,2014-06-03,18.9956,2026-06-23T05:29:58.847318+00:00,https://api.mfapi.in/mf/118632
118632,Nippon Large Cap,118632,Nippon India Large Cap Fund - Direct Plan Growth Plan - Growth Option,Nippon India Mutual Fund,Open Ended Schemes,Equity Scheme - Large Cap Fund,2014-06-02,18.8857,2026-06-23T05:29:58.847318+00:00,https://api.mfapi.in/mf/118632
118632,Nippon Large Cap,118632,Nippon India Large Cap Fund - Direct Plan Growth Plan - Growth Option,Nippon India Mutual Fund,Open Ended Schemes,Equity Scheme - Large Cap Fund,2014-05-30,18.4698,2026-06-23T05:29:58.847318+00:00,https://api.mfapi.in/mf/118632
118632,Nippon Large Cap,118632,Nippon India Large Cap Fund - Direct Plan Growth Plan - Growth Option,Nippon India Mutual Fund,Open Ended Schemes,Equity Scheme - Large Cap Fund,2014-05-29,18.5928,2026-06-23T05:29:58.847318+00:00,https://api.mfapi.in/mf/118632
118632,Nippon Large Cap,118632,Nippon India Large Cap Fund - Direct Plan Growth Plan - Growth Option,Nippon India Mutual Fund,Open Ended Schemes,Equity Scheme - Large Cap Fund,2014-05-28,18.7759,2026-06-23T05:29:58.847318+00:00,https://api.mfapi.in/mf/118632
118632,Nippon Large Cap,118632,Nippon India Large Cap Fund - Direct Plan Growth Plan - Growth Option,Nippon India Mutual Fund,Open Ended Schemes,Equity Scheme - Large Cap Fund,2014-05-27,18.6606,2026-06-23T05:29:58.847318+00:00,https://api.mfapi.in/mf/118632
118632,Nippon Large Cap,118632,Nippon India Large Cap Fund - Direct Plan Growth Plan - Growth Option,Nippon India Mutual Fund,Open Ended Schemes,Equity Scheme - Large Cap Fund,2014-05-26,18.7217,2026-06-23T05:29:58.847318+00:00,https://api.mfapi.in/mf/118632
118632,Nippon Large Cap,118632,Nippon India Large Cap Fund - Direct Plan Growth Plan - Growth Option,Nippon India Mutual Fund,Open Ended Schemes,Equity Scheme - Large Cap Fund,2014-05-23,18.7953,2026-06-23T05:29:58.847318+00:00,https://api.mfapi.in/mf/118632
118632,Nippon Large Cap,118632,Nippon India Large Cap Fund - Direct Plan Growth Plan - Growth Option,Nippon India Mutual Fund,Open Ended Schemes,Equity Scheme - Large Cap Fund,2014-05-22,18.4562,2026-06-23T05:29:58.847318+00:00,https://api.mfapi.in/mf/118632
118632,Nippon Large Cap,118632,Nippon India Large Cap Fund - Direct Plan Growth Plan - Growth Option,Nippon India Mutual Fund,Open Ended Schemes,Equity Scheme - Large Cap Fund,2014-05-21,18.284,2026-06-23T05:29:58.847318+00:00,https://api.mfapi.in/mf/118632
118632,Nippon Large Cap,118632,Nippon India Large Cap Fund - Direct Plan Growth Plan - Growth Option,Nippon India Mutual Fund,Open Ended Schemes,Equity Scheme - Large Cap Fund,2014-05-20,18.2096,2026-06-23T05:29:58.847318+00:00,https://api.mfapi.in/mf/118632
118632,Nippon Large Cap,118632,Nippon India Large Cap Fund - Direct Plan Growth Plan - Growth Option,Nippon India Mutual Fund,Open Ended Schemes,Equity Scheme - Large Cap Fund,2014-05-19,18.0749,2026-06-23T05:29:58.847318+00:00,https://api.mfapi.in/mf/118632
118632,Nippon Large Cap,118632,Nippon India Large Cap Fund - Direct Plan Growth Plan - Growth Option,Nippon India Mutual Fund,Open Ended Schemes,Equity Scheme - Large Cap Fund,2014-05-16,17.7003,2026-06-23T05:29:58.847318+00:00,https://api.mfapi.in/mf/118632
118632,Nippon Large Cap,118632,Nippon India Large Cap Fund - Direct Plan Growth Plan - Growth Option,Nippon India Mutual Fund,Open Ended Schemes,Equity Scheme - Large Cap Fund,2014-05-15,17.2971,2026-06-23T05:29:58.847318+00:00,https://api.mfapi.in/mf/118632
118632,Nippon Large Cap,118632,Nippon India Large Cap Fund - Direct Plan Growth Plan - Growth Option,Nippon India Mutual Fund,Open Ended Schemes,Equity Scheme - Large Cap Fund,2014-05-14,17.3858,2026-06-23T05:29:58.847318+00:00,https://api.mfapi.in/mf/118632
118632,Nippon Large Cap,118632,Nippon India Large Cap Fund - Direct Plan Growth Plan - Growth Option,Nippon India Mutual Fund,Open Ended Schemes,Equity Scheme - Large Cap Fund,2014-05-13,17.3691,2026-06-23T05:29:58.847318+00:00,https://api.mfapi.in/mf/118632
118632,Nippon Large Cap,118632,Nippon India Large Cap Fund - Direct Plan Growth Plan - Growth Option,Nippon India Mutual Fund,Open Ended Schemes,Equity Scheme - Large Cap Fund,2014-05-12,17.0811,2026-06-23T05:29:58.847318+00:00,https://api.mfapi.in/mf/118632
118632,Nippon Large Cap,118632,Nippon India Large Cap Fund - Direct Plan Growth Plan - Growth Option,Nippon India Mutual Fund,Open Ended Schemes,Equity Scheme - Large Cap Fund,2014-05-09,16.7704,2026-06-23T05:29:58.847318+00:00,https://api.mfapi.in/mf/118632
118632,Nippon Large Cap,118632,Nippon India Large Cap Fund - Direct Plan Growth Plan - Growth Option,Nippon India Mutual Fund,Open Ended Schemes,Equity Scheme - Large Cap Fund,2014-05-08,16.3463,2026-06-23T05:29:58.847318+00:00,https://api.mfapi.in/mf/118632
118632,Nippon Large Cap,118632,Nippon India Large Cap Fund - Direct Plan Growth Plan - Growth Option,Nippon India Mutual Fund,Open Ended Schemes,Equity Scheme - Large Cap Fund,2014-05-07,16.3084,2026-06-23T05:29:58.847318+00:00,https://api.mfapi.in/mf/118632
118632,Nippon Large Cap,118632,Nippon India Large Cap Fund - Direct Plan Growth Plan - Growth Option,Nippon India Mutual Fund,Open Ended Schemes,Equity Scheme - Large Cap Fund,2014-05-06,16.4314,2026-06-23T05:29:58.847318+00:00,https://api.mfapi.in/mf/118632
118632,Nippon Large Cap,118632,Nippon India Large Cap Fund - Direct Plan Growth Plan - Growth Option,Nippon India Mutual Fund,Open Ended Schemes,Equity Scheme - Large Cap Fund,2014-05-05,16.4094,2026-06-23T05:29:58.847318+00:00,https://api.mfapi.in/mf/118632
118632,Nippon Large Cap,118632,Nippon India Large Cap Fund - Direct Plan Growth Plan - Growth Option,Nippon India Mutual Fund,Open Ended Schemes,Equity Scheme - Large Cap Fund,2014-05-02,16.4055,2026-06-23T05:29:58.847318+00:00,https://api.mfapi.in/mf/118632
118632,Nippon Large Cap,118632,Nippon India Large Cap Fund - Direct Plan Growth Plan - Growth Option,Nippon India Mutual Fund,Open Ended Schemes,Equity Scheme - Large Cap Fund,2014-04-30,16.4493,2026-06-23T05:29:58.847318+00:00,https://api.mfapi.in/mf/118632
118632,Nippon Large Cap,118632,Nippon India Large Cap Fund - Direct Plan Growth Plan - Growth Option,Nippon India Mutual Fund,Open Ended Schemes,Equity Scheme - Large Cap Fund,2014-04-29,16.4949,2026-06-23T05:29:58.847318+00:00,https://api.mfapi.in/mf/118632
118632,Nippon Large Cap,118632,Nippon India Large Cap Fund - Direct Plan Growth Plan - Growth Option,Nippon India Mutual Fund,Open Ended Schemes,Equity Scheme - Large Cap Fund,2014-04-28,16.643,2026-06-23T05:29:58.847318+00:00,https://api.mfapi.in/mf/118632
118632,Nippon Large Cap,118632,Nippon India Large Cap Fund - Direct Plan Growth Plan - Growth Option,Nippon India Mutual Fund,Open Ended Schemes,Equity Scheme - Large Cap Fund,2014-04-25,16.6603,2026-06-23T05:29:58.847318+00:00,https://api.mfapi.in/mf/118632
118632,Nippon Large Cap,118632,Nippon India Large Cap Fund - Direct Plan Growth Plan - Growth Option,Nippon India Mutual Fund,Open Ended Schemes,Equity Scheme - Large Cap Fund,2014-04-23,16.755,2026-06-23T05:29:58.847318+00:00,https://api.mfapi.in/mf/118632
118632,Nippon Large Cap,118632,Nippon India Large Cap Fund - Direct Plan Growth Plan - Growth Option,Nippon India Mutual Fund,Open Ended Schemes,Equity Scheme - Large Cap Fund,2014-04-22,16.6901,2026-06-23T05:29:58.847318+00:00,https://api.mfapi.in/mf/118632
118632,Nippon Large Cap,118632,Nippon India Large Cap Fund - Direct Plan Growth Plan - Growth Option,Nippon India Mutual Fund,Open Ended Schemes,Equity Scheme - Large Cap Fund,2014-04-21,16.6546,2026-06-23T05:29:58.847318+00:00,https://api.mfapi.in/mf/118632
118632,Nippon Large Cap,118632,Nippon India Large Cap Fund - Direct Plan Growth Plan - Growth Option,Nippon India Mutual Fund,Open Ended Schemes,Equity Scheme - Large Cap Fund,2014-04-17,16.5079,2026-06-23T05:29:58.847318+00:00,https://api.mfapi.in/mf/118632
118632,Nippon Large Cap,118632,Nippon India Large Cap Fund - Direct Plan Growth Plan - Growth Option,Nippon India Mutual Fund,Open Ended Schemes,Equity Scheme - Large Cap Fund,2014-04-16,16.2824,2026-06-23T05:29:58.847318+00:00,https://api.mfapi.in/mf/118632
118632,Nippon Large Cap,118632,Nippon India Large Cap Fund - Direct Plan Growth Plan - Growth Option,Nippon India Mutual Fund,Open Ended Schemes,Equity Scheme - Large Cap Fund,2014-04-15,16.4793,2026-06-23T05:29:58.847318+00:00,https://api.mfapi.in/mf/118632
118632,Nippon Large Cap,118632,Nippon India Large Cap Fund - Direct Plan Growth Plan - Growth Option,Nippon India Mutual Fund,Open Ended Schemes,Equity Scheme - Large Cap Fund,2014-04-11,16.5678,2026-06-23T05:29:58.847318+00:00,https://api.mfapi.in/mf/118632
118632,Nippon Large Cap,118632,Nippon India Large Cap Fund - Direct Plan Growth Plan - Growth Option,Nippon India Mutual Fund,Open Ended Schemes,Equity Scheme - Large Cap Fund,2014-04-10,16.6791,2026-06-23T05:29:58.847318+00:00,https://api.mfapi.in/mf/118632
118632,Nippon Large Cap,118632,Nippon India Large Cap Fund - Direct Plan Growth Plan - Growth Option,Nippon India Mutual Fund,Open Ended Schemes,Equity Scheme - Large Cap Fund,2014-04-09,16.636,2026-06-23T05:29:58.847318+00:00,https://api.mfapi.in/mf/118632
118632,Nippon Large Cap,118632,Nippon India Large Cap Fund - Direct Plan Growth Plan - Growth Option,Nippon India Mutual Fund,Open Ended Schemes,Equity Scheme - Large Cap Fund,2014-04-07,16.4194,2026-06-23T05:29:58.847318+00:00,https://api.mfapi.in/mf/118632
118632,Nippon Large Cap,118632,Nippon India Large Cap Fund - Direct Plan Growth Plan - Growth Option,Nippon India Mutual Fund,Open Ended Schemes,Equity Scheme - Large Cap Fund,2014-04-04,16.4255,2026-06-23T05:29:58.847318+00:00,https://api.mfapi.in/mf/118632
118632,Nippon Large Cap,118632,Nippon India Large Cap Fund - Direct Plan Growth Plan - Growth Option,Nippon India Mutual Fund,Open Ended Schemes,Equity Scheme - Large Cap Fund,2014-04-03,16.5041,2026-06-23T05:29:58.847318+00:00,https://api.mfapi.in/mf/118632
118632,Nippon Large Cap,118632,Nippon India Large Cap Fund - Direct Plan Growth Plan - Growth Option,Nippon India Mutual Fund,Open Ended Schemes,Equity Scheme - Large Cap Fund,2014-04-02,16.5762,2026-06-23T05:29:58.847318+00:00,https://api.mfapi.in/mf/118632
118632,Nippon Large Cap,118632,Nippon India Large Cap Fund - Direct Plan Growth Plan - Growth Option,Nippon India Mutual Fund,Open Ended Schemes,Equity Scheme - Large Cap Fund,2014-04-01,16.3998,2026-06-23T05:29:58.847318+00:00,https://api.mfapi.in/mf/118632
118632,Nippon Large Cap,118632,Nippon India Large Cap Fund - Direct Plan Growth Plan - Growth Option,Nippon India Mutual Fund,Open Ended Schemes,Equity Scheme - Large Cap Fund,2014-03-31,16.4337,2026-06-23T05:29:58.847318+00:00,https://api.mfapi.in/mf/118632
118632,Nippon Large Cap,118632,Nippon India Large Cap Fund - Direct Plan Growth Plan - Growth Option,Nippon India Mutual Fund,Open Ended Schemes,Equity Scheme - Large Cap Fund,2014-03-28,16.295,2026-06-23T05:29:58.847318+00:00,https://api.mfapi.in/mf/118632
118632,Nippon Large Cap,118632,Nippon India Large Cap Fund - Direct Plan Growth Plan - Growth Option,Nippon India Mutual Fund,Open Ended Schemes,Equity Scheme - Large Cap Fund,2014-03-27,16.1047,2026-06-23T05:29:58.847318+00:00,https://api.mfapi.in/mf/118632
118632,Nippon Large Cap,118632,Nippon India Large Cap Fund - Direct Plan Growth Plan - Growth Option,Nippon India Mutual Fund,Open Ended Schemes,Equity Scheme - Large Cap Fund,2014-03-26,16.0209,2026-06-23T05:29:58.847318+00:00,https://api.mfapi.in/mf/118632
118632,Nippon Large Cap,118632,Nippon India Large Cap Fund - Direct Plan Growth Plan - Growth Option,Nippon India Mutual Fund,Open Ended Schemes,Equity Scheme - Large Cap Fund,2014-03-25,16.0131,2026-06-23T05:29:58.847318+00:00,https://api.mfapi.in/mf/118632
118632,Nippon Large Cap,118632,Nippon India Large Cap Fund - Direct Plan Growth Plan - Growth Option,Nippon India Mutual Fund,Open Ended Schemes,Equity Scheme - Large Cap Fund,2014-03-24,15.9637,2026-06-23T05:29:58.847318+00:00,https://api.mfapi.in/mf/118632
118632,Nippon Large Cap,118632,Nippon India Large Cap Fund - Direct Plan Growth Plan - Growth Option,Nippon India Mutual Fund,Open Ended Schemes,Equity Scheme - Large Cap Fund,2014-03-21,15.8077,2026-06-23T05:29:58.847318+00:00,https://api.mfapi.in/mf/118632
118632,Nippon Large Cap,118632,Nippon India Large Cap Fund - Direct Plan Growth Plan - Growth Option,Nippon India Mutual Fund,Open Ended Schemes,Equity Scheme - Large Cap Fund,2014-03-20,15.7631,2026-06-23T05:29:58.847318+00:00,https://api.mfapi.in/mf/118632
118632,Nippon Large Cap,118632,Nippon India Large Cap Fund - Direct Plan Growth Plan - Growth Option,Nippon India Mutual Fund,Open Ended Schemes,Equity Scheme - Large Cap Fund,2014-03-19,15.8849,2026-06-23T05:29:58.847318+00:00,https://api.mfapi.in/mf/118632
118632,Nippon Large Cap,118632,Nippon India Large Cap Fund - Direct Plan Growth Plan - Growth Option,Nippon India Mutual Fund,Open Ended Schemes,Equity Scheme - Large Cap Fund,2014-03-18,15.856,2026-06-23T05:29:58.847318+00:00,https://api.mfapi.in/mf/118632
118632,Nippon Large Cap,118632,Nippon India Large Cap Fund - Direct Plan Growth Plan - Growth Option,Nippon India Mutual Fund,Open Ended Schemes,Equity Scheme - Large Cap Fund,2014-03-14,15.7305,2026-06-23T05:29:58.847318+00:00,https://api.mfapi.in/mf/118632
118632,Nippon Large Cap,118632,Nippon India Large Cap Fund - Direct Plan Growth Plan - Growth Option,Nippon India Mutual Fund,Open Ended Schemes,Equity Scheme - Large Cap Fund,2014-03-13,15.7414,2026-06-23T05:29:58.847318+00:00,https://api.mfapi.in/mf/118632
118632,Nippon Large Cap,118632,Nippon India Large Cap Fund - Direct Plan Growth Plan - Growth Option,Nippon India Mutual Fund,Open Ended Schemes,Equity Scheme - Large Cap Fund,2014-03-12,15.775,2026-06-23T05:29:58.847318+00:00,https://api.mfapi.in/mf/118632
118632,Nippon Large Cap,118632,Nippon India Large Cap Fund - Direct Plan Growth Plan - Growth Option,Nippon India Mutual Fund,Open Ended Schemes,Equity Scheme - Large Cap Fund,2014-03-11,15.7797,2026-06-23T05:29:58.847318+00:00,https://api.mfapi.in/mf/118632
118632,Nippon Large Cap,118632,Nippon India Large Cap Fund - Direct Plan Growth Plan - Growth Option,Nippon India Mutual Fund,Open Ended Schemes,Equity Scheme - Large Cap Fund,2014-03-10,15.8336,2026-06-23T05:29:58.847318+00:00,https://api.mfapi.in/mf/118632
118632,Nippon Large Cap,118632,Nippon India Large Cap Fund - Direct Plan Growth Plan - Growth Option,Nippon India Mutual Fund,Open Ended Schemes,Equity Scheme - Large Cap Fund,2014-03-07,15.7893,2026-06-23T05:29:58.847318+00:00,https://api.mfapi.in/mf/118632
118632,Nippon Large Cap,118632,Nippon India Large Cap Fund - Direct Plan Growth Plan - Growth Option,Nippon India Mutual Fund,Open Ended Schemes,Equity Scheme - Large Cap Fund,2014-03-06,15.624,2026-06-23T05:29:58.847318+00:00,https://api.mfapi.in/mf/118632
118632,Nippon Large Cap,118632,Nippon India Large Cap Fund - Direct Plan Growth Plan - Growth Option,Nippon India Mutual Fund,Open Ended Schemes,Equity Scheme - Large Cap Fund,2014-03-05,15.4493,2026-06-23T05:29:58.847318+00:00,https://api.mfapi.in/mf/118632
118632,Nippon Large Cap,118632,Nippon India Large Cap Fund - Direct Plan Growth Plan - Growth Option,Nippon India Mutual Fund,Open Ended Schemes,Equity Scheme - Large Cap Fund,2014-03-04,15.3215,2026-06-23T05:29:58.847318+00:00,https://api.mfapi.in/mf/118632
118632,Nippon Large Cap,118632,Nippon India Large Cap Fund - Direct Plan Growth Plan - Growth Option,Nippon India Mutual Fund,Open Ended Schemes,Equity Scheme - Large Cap Fund,2014-03-03,15.108,2026-06-23T05:29:58.847318+00:00,https://api.mfapi.in/mf/118632
118632,Nippon Large Cap,118632,Nippon India Large Cap Fund - Direct Plan Growth Plan - Growth Option,Nippon India Mutual Fund,Open Ended Schemes,Equity Scheme - Large Cap Fund,2014-02-28,15.2367,2026-06-23T05:29:58.847318+00:00,https://api.mfapi.in/mf/118632
118632,Nippon Large Cap,118632,Nippon India Large Cap Fund - Direct Plan Growth Plan - Growth Option,Nippon India Mutual Fund,Open Ended Schemes,Equity Scheme - Large Cap Fund,2014-02-26,15.1423,2026-06-23T05:29:58.847318+00:00,https://api.mfapi.in/mf/118632
118632,Nippon Large Cap,118632,Nippon India Large Cap Fund - Direct Plan Growth Plan - Growth Option,Nippon India Mutual Fund,Open Ended Schemes,Equity Scheme - Large Cap Fund,2014-02-25,15.0578,2026-06-23T05:29:58.847318+00:00,https://api.mfapi.in/mf/118632
118632,Nippon Large Cap,118632,Nippon India Large Cap Fund - Direct Plan Growth Plan - Growth Option,Nippon India Mutual Fund,Open Ended Schemes,Equity Scheme - Large Cap Fund,2014-02-24,15.0174,2026-06-23T05:29:58.847318+00:00,https://api.mfapi.in/mf/118632
118632,Nippon Large Cap,118632,Nippon India Large Cap Fund - Direct Plan Growth Plan - Growth Option,Nippon India Mutual Fund,Open Ended Schemes,Equity Scheme - Large Cap Fund,2014-02-21,14.9225,2026-06-23T05:29:58.847318+00:00,https://api.mfapi.in/mf/118632
118632,Nippon Large Cap,118632,Nippon India Large Cap Fund - Direct Plan Growth Plan - Growth Option,Nippon India Mutual Fund,Open Ended Schemes,Equity Scheme - Large Cap Fund,2014-02-20,14.7635,2026-06-23T05:29:58.847318+00:00,https://api.mfapi.in/mf/118632
118632,Nippon Large Cap,118632,Nippon India Large Cap Fund - Direct Plan Growth Plan - Growth Option,Nippon India Mutual Fund,Open Ended Schemes,Equity Scheme - Large Cap Fund,2014-02-19,14.8192,2026-06-23T05:29:58.847318+00:00,https://api.mfapi.in/mf/118632
118632,Nippon Large Cap,118632,Nippon India Large Cap Fund - Direct Plan Growth Plan - Growth Option,Nippon India Mutual Fund,Open Ended Schemes,Equity Scheme - Large Cap Fund,2014-02-18,14.7053,2026-06-23T05:29:58.847318+00:00,https://api.mfapi.in/mf/118632
118632,Nippon Large Cap,118632,Nippon India Large Cap Fund - Direct Plan Growth Plan - Growth Option,Nippon India Mutual Fund,Open Ended Schemes,Equity Scheme - Large Cap Fund,2014-02-17,14.5667,2026-06-23T05:29:58.847318+00:00,https://api.mfapi.in/mf/118632
118632,Nippon Large Cap,118632,Nippon India Large Cap Fund - Direct Plan Growth Plan - Growth Option,Nippon India Mutual Fund,Open Ended Schemes,Equity Scheme - Large Cap Fund,2014-02-14,14.5321,2026-06-23T05:29:58.847318+00:00,https://api.mfapi.in/mf/118632
118632,Nippon Large Cap,118632,Nippon India Large Cap Fund - Direct Plan Growth Plan - Growth Option,Nippon India Mutual Fund,Open Ended Schemes,Equity Scheme - Large Cap Fund,2014-02-13,14.4582,2026-06-23T05:29:58.847318+00:00,https://api.mfapi.in/mf/118632
118632,Nippon Large Cap,118632,Nippon India Large Cap Fund - Direct Plan Growth Plan - Growth Option,Nippon India Mutual Fund,Open Ended Schemes,Equity Scheme - Large Cap Fund,2014-02-12,14.6409,2026-06-23T05:29:58.847318+00:00,https://api.mfapi.in/mf/118632
118632,Nippon Large Cap,118632,Nippon India Large Cap Fund - Direct Plan Growth Plan - Growth Option,Nippon India Mutual Fund,Open Ended Schemes,Equity Scheme - Large Cap Fund,2014-02-11,14.5698,2026-06-23T05:29:58.847318+00:00,https://api.mfapi.in/mf/118632
118632,Nippon Large Cap,118632,Nippon India Large Cap Fund - Direct Plan Growth Plan - Growth Option,Nippon India Mutual Fund,Open Ended Schemes,Equity Scheme - Large Cap Fund,2014-02-10,14.4875,2026-06-23T05:29:58.847318+00:00,https://api.mfapi.in/mf/118632
118632,Nippon Large Cap,118632,Nippon India Large Cap Fund - Direct Plan Growth Plan - Growth Option,Nippon India Mutual Fund,Open Ended Schemes,Equity Scheme - Large Cap Fund,2014-02-07,14.5266,2026-06-23T05:29:58.847318+00:00,https://api.mfapi.in/mf/118632
118632,Nippon Large Cap,118632,Nippon India Large Cap Fund - Direct Plan Growth Plan - Growth Option,Nippon India Mutual Fund,Open Ended Schemes,Equity Scheme - Large Cap Fund,2014-02-06,14.4906,2026-06-23T05:29:58.847318+00:00,https://api.mfapi.in/mf/118632
118632,Nippon Large Cap,118632,Nippon India Large Cap Fund - Direct Plan Growth Plan - Growth Option,Nippon India Mutual Fund,Open Ended Schemes,Equity Scheme - Large Cap Fund,2014-02-05,14.4861,2026-06-23T05:29:58.847318+00:00,https://api.mfapi.in/mf/118632
118632,Nippon Large Cap,118632,Nippon India Large Cap Fund - Direct Plan Growth Plan - Growth Option,Nippon India Mutual Fund,Open Ended Schemes,Equity Scheme - Large Cap Fund,2014-02-04,14.465,2026-06-23T05:29:58.847318+00:00,https://api.mfapi.in/mf/118632
118632,Nippon Large Cap,118632,Nippon India Large Cap Fund - Direct Plan Growth Plan - Growth Option,Nippon India Mutual Fund,Open Ended Schemes,Equity Scheme - Large Cap Fund,2014-02-03,14.4507,2026-06-23T05:29:58.847318+00:00,https://api.mfapi.in/mf/118632
118632,Nippon Large Cap,118632,Nippon India Large Cap Fund - Direct Plan Growth Plan - Growth Option,Nippon India Mutual Fund,Open Ended Schemes,Equity Scheme - Large Cap Fund,2014-01-31,14.6318,2026-06-23T05:29:58.847318+00:00,https://api.mfapi.in/mf/118632
118632,Nippon Large Cap,118632,Nippon India Large Cap Fund - Direct Plan Growth Plan - Growth Option,Nippon India Mutual Fund,Open Ended Schemes,Equity Scheme - Large Cap Fund,2014-01-30,14.4573,2026-06-23T05:29:58.847318+00:00,https://api.mfapi.in/mf/118632
118632,Nippon Large Cap,118632,Nippon India Large Cap Fund - Direct Plan Growth Plan - Growth Option,Nippon India Mutual Fund,Open Ended Schemes,Equity Scheme - Large Cap Fund,2014-01-29,14.5958,2026-06-23T05:29:58.847318+00:00,https://api.mfapi.in/mf/118632
118632,Nippon Large Cap,118632,Nippon India Large Cap Fund - Direct Plan Growth Plan - Growth Option,Nippon India Mutual Fund,Open Ended Schemes,Equity Scheme - Large Cap Fund,2014-01-28,14.531,2026-06-23T05:29:58.847318+00:00,https://api.mfapi.in/mf/118632
118632,Nippon Large Cap,118632,Nippon India Large Cap Fund - Direct Plan Growth Plan - Growth Option,Nippon India Mutual Fund,Open Ended Schemes,Equity Scheme - Large Cap Fund,2014-01-27,14.6153,2026-06-23T05:29:58.847318+00:00,https://api.mfapi.in/mf/118632
118632,Nippon Large Cap,118632,Nippon India Large Cap Fund - Direct Plan Growth Plan - Growth Option,Nippon India Mutual Fund,Open Ended Schemes,Equity Scheme - Large Cap Fund,2014-01-24,14.9307,2026-06-23T05:29:58.847318+00:00,https://api.mfapi.in/mf/118632
118632,Nippon Large Cap,118632,Nippon India Large Cap Fund - Direct Plan Growth Plan - Growth Option,Nippon India Mutual Fund,Open Ended Schemes,Equity Scheme - Large Cap Fund,2014-01-23,15.0994,2026-06-23T05:29:58.847318+00:00,https://api.mfapi.in/mf/118632
118632,Nippon Large Cap,118632,Nippon India Large Cap Fund - Direct Plan Growth Plan - Growth Option,Nippon India Mutual Fund,Open Ended Schemes,Equity Scheme - Large Cap Fund,2014-01-22,15.111,2026-06-23T05:29:58.847318+00:00,https://api.mfapi.in/mf/118632
118632,Nippon Large Cap,118632,Nippon India Large Cap Fund - Direct Plan Growth Plan - Growth Option,Nippon India Mutual Fund,Open Ended Schemes,Equity Scheme - Large Cap Fund,2014-01-21,15.0291,2026-06-23T05:29:58.847318+00:00,https://api.mfapi.in/mf/118632
118632,Nippon Large Cap,118632,Nippon India Large Cap Fund - Direct Plan Growth Plan - Growth Option,Nippon India Mutual Fund,Open Ended Schemes,Equity Scheme - Large Cap Fund,2014-01-20,15.0026,2026-06-23T05:29:58.847318+00:00,https://api.mfapi.in/mf/118632
118632,Nippon Large Cap,118632,Nippon India Large Cap Fund - Direct Plan Growth Plan - Growth Option,Nippon India Mutual Fund,Open Ended Schemes,Equity Scheme - Large Cap Fund,2014-01-17,14.8613,2026-06-23T05:29:58.847318+00:00,https://api.mfapi.in/mf/118632
118632,Nippon Large Cap,118632,Nippon India Large Cap Fund - Direct Plan Growth Plan - Growth Option,Nippon India Mutual Fund,Open Ended Schemes,Equity Scheme - Large Cap Fund,2014-01-16,15.0355,2026-06-23T05:29:58.847318+00:00,https://api.mfapi.in/mf/118632
118632,Nippon Large Cap,118632,Nippon India Large Cap Fund - Direct Plan Growth Plan - Growth Option,Nippon India Mutual Fund,Open Ended Schemes,Equity Scheme - Large Cap Fund,2014-01-15,15.0219,2026-06-23T05:29:58.847318+00:00,https://api.mfapi.in/mf/118632
118632,Nippon Large Cap,118632,Nippon India Large Cap Fund - Direct Plan Growth Plan - Growth Option,Nippon India Mutual Fund,Open Ended Schemes,Equity Scheme - Large Cap Fund,2014-01-14,14.8923,2026-06-23T05:29:58.847318+00:00,https://api.mfapi.in/mf/118632
118632,Nippon Large Cap,118632,Nippon India Large Cap Fund - Direct Plan Growth Plan - Growth Option,Nippon India Mutual Fund,Open Ended Schemes,Equity Scheme - Large Cap Fund,2014-01-13,14.9695,2026-06-23T05:29:58.847318+00:00,https://api.mfapi.in/mf/118632
118632,Nippon Large Cap,118632,Nippon India Large Cap Fund - Direct Plan Growth Plan - Growth Option,Nippon India Mutual Fund,Open Ended Schemes,Equity Scheme - Large Cap Fund,2014-01-10,14.7676,2026-06-23T05:29:58.847318+00:00,https://api.mfapi.in/mf/118632
118632,Nippon Large Cap,118632,Nippon India Large Cap Fund - Direct Plan Growth Plan - Growth Option,Nippon India Mutual Fund,Open Ended Schemes,Equity Scheme - Large Cap Fund,2014-01-09,14.7928,2026-06-23T05:29:58.847318+00:00,https://api.mfapi.in/mf/118632
118632,Nippon Large Cap,118632,Nippon India Large Cap Fund - Direct Plan Growth Plan - Growth Option,Nippon India Mutual Fund,Open Ended Schemes,Equity Scheme - Large Cap Fund,2014-01-08,14.8357,2026-06-23T05:29:58.847318+00:00,https://api.mfapi.in/mf/118632
118632,Nippon Large Cap,118632,Nippon India Large Cap Fund - Direct Plan Growth Plan - Growth Option,Nippon India Mutual Fund,Open Ended Schemes,Equity Scheme - Large Cap Fund,2014-01-07,14.856,2026-06-23T05:29:58.847318+00:00,https://api.mfapi.in/mf/118632
118632,Nippon Large Cap,118632,Nippon India Large Cap Fund - Direct Plan Growth Plan - Growth Option,Nippon India Mutual Fund,Open Ended Schemes,Equity Scheme - Large Cap Fund,2014-01-06,14.9235,2026-06-23T05:29:58.847318+00:00,https://api.mfapi.in/mf/118632
118632,Nippon Large Cap,118632,Nippon India Large Cap Fund - Direct Plan Growth Plan - Growth Option,Nippon India Mutual Fund,Open Ended Schemes,Equity Scheme - Large Cap Fund,2014-01-03,14.9541,2026-06-23T05:29:58.847318+00:00,https://api.mfapi.in/mf/118632
118632,Nippon Large Cap,118632,Nippon India Large Cap Fund - Direct Plan Growth Plan - Growth Option,Nippon India Mutual Fund,Open Ended Schemes,Equity Scheme - Large Cap Fund,2014-01-02,14.9258,2026-06-23T05:29:58.847318+00:00,https://api.mfapi.in/mf/118632
118632,Nippon Large Cap,118632,Nippon India Large Cap Fund - Direct Plan Growth Plan - Growth Option,Nippon India Mutual Fund,Open Ended Schemes,Equity Scheme - Large Cap Fund,2014-01-01,15.1641,2026-06-23T05:29:58.847318+00:00,https://api.mfapi.in/mf/118632
118632,Nippon Large Cap,118632,Nippon India Large Cap Fund - Direct Plan Growth Plan - Growth Option,Nippon India Mutual Fund,Open Ended Schemes,Equity Scheme - Large Cap Fund,2013-12-31,15.1634,2026-06-23T05:29:58.847318+00:00,https://api.mfapi.in/mf/118632
118632,Nippon Large Cap,118632,Nippon India Large Cap Fund - Direct Plan Growth Plan - Growth Option,Nippon India Mutual Fund,Open Ended Schemes,Equity Scheme - Large Cap Fund,2013-12-30,15.058,2026-06-23T05:29:58.847318+00:00,https://api.mfapi.in/mf/118632
118632,Nippon Large Cap,118632,Nippon India Large Cap Fund - Direct Plan Growth Plan - Growth Option,Nippon India Mutual Fund,Open Ended Schemes,Equity Scheme - Large Cap Fund,2013-12-27,15.1338,2026-06-23T05:29:58.847318+00:00,https://api.mfapi.in/mf/118632
118632,Nippon Large Cap,118632,Nippon India Large Cap Fund - Direct Plan Growth Plan - Growth Option,Nippon India Mutual Fund,Open Ended Schemes,Equity Scheme - Large Cap Fund,2013-12-26,15.0569,2026-06-23T05:29:58.847318+00:00,https://api.mfapi.in/mf/118632
118632,Nippon Large Cap,118632,Nippon India Large Cap Fund - Direct Plan Growth Plan - Growth Option,Nippon India Mutual Fund,Open Ended Schemes,Equity Scheme - Large Cap Fund,2013-12-24,15.0519,2026-06-23T05:29:58.847318+00:00,https://api.mfapi.in/mf/118632
118632,Nippon Large Cap,118632,Nippon India Large Cap Fund - Direct Plan Growth Plan - Growth Option,Nippon India Mutual Fund,Open Ended Schemes,Equity Scheme - Large Cap Fund,2013-12-23,15.0236,2026-06-23T05:29:58.847318+00:00,https://api.mfapi.in/mf/118632
118632,Nippon Large Cap,118632,Nippon India Large Cap Fund - Direct Plan Growth Plan - Growth Option,Nippon India Mutual Fund,Open Ended Schemes,Equity Scheme - Large Cap Fund,2013-12-20,14.9808,2026-06-23T05:29:58.847318+00:00,https://api.mfapi.in/mf/118632
118632,Nippon Large Cap,118632,Nippon India Large Cap Fund - Direct Plan Growth Plan - Growth Option,Nippon India Mutual Fund,Open Ended Schemes,Equity Scheme - Large Cap Fund,2013-12-19,14.7525,2026-06-23T05:29:58.847318+00:00,https://api.mfapi.in/mf/118632
118632,Nippon Large Cap,118632,Nippon India Large Cap Fund - Direct Plan Growth Plan - Growth Option,Nippon India Mutual Fund,Open Ended Schemes,Equity Scheme - Large Cap Fund,2013-12-18,14.7942,2026-06-23T05:29:58.847318+00:00,https://api.mfapi.in/mf/118632
118632,Nippon Large Cap,118632,Nippon India Large Cap Fund - Direct Plan Growth Plan - Growth Option,Nippon India Mutual Fund,Open Ended Schemes,Equity Scheme - Large Cap Fund,2013-12-17,14.5878,2026-06-23T05:29:58.847318+00:00,https://api.mfapi.in/mf/118632
118632,Nippon Large Cap,118632,Nippon India Large Cap Fund - Direct Plan Growth Plan - Growth Option,Nippon India Mutual Fund,Open Ended Schemes,Equity Scheme - Large Cap Fund,2013-12-16,14.5314,2026-06-23T05:29:58.847318+00:00,https://api.mfapi.in/mf/118632
118632,Nippon Large Cap,118632,Nippon India Large Cap Fund - Direct Plan Growth Plan - Growth Option,Nippon India Mutual Fund,Open Ended Schemes,Equity Scheme - Large Cap Fund,2013-12-13,14.4293,2026-06-23T05:29:58.847318+00:00,https://api.mfapi.in/mf/118632
118632,Nippon Large Cap,118632,Nippon India Large Cap Fund - Direct Plan Growth Plan - Growth Option,Nippon India Mutual Fund,Open Ended Schemes,Equity Scheme - Large Cap Fund,2013-12-12,14.6114,2026-06-23T05:29:58.847318+00:00,https://api.mfapi.in/mf/118632
118632,Nippon Large Cap,118632,Nippon India Large Cap Fund - Direct Plan Growth Plan - Growth Option,Nippon India Mutual Fund,Open Ended Schemes,Equity Scheme - Large Cap Fund,2013-12-11,14.72,2026-06-23T05:29:58.847318+00:00,https://api.mfapi.in/mf/118632
118632,Nippon Large Cap,118632,Nippon India Large Cap Fund - Direct Plan Growth Plan - Growth Option,Nippon India Mutual Fund,Open Ended Schemes,Equity Scheme - Large Cap Fund,2013-12-10,14.7766,2026-06-23T05:29:58.847318+00:00,https://api.mfapi.in/mf/118632
118632,Nippon Large Cap,118632,Nippon India Large Cap Fund - Direct Plan Growth Plan - Growth Option,Nippon India Mutual Fund,Open Ended Schemes,Equity Scheme - Large Cap Fund,2013-12-09,14.8292,2026-06-23T05:29:58.847318+00:00,https://api.mfapi.in/mf/118632
118632,Nippon Large Cap,118632,Nippon India Large Cap Fund - Direct Plan Growth Plan - Growth Option,Nippon India Mutual Fund,Open Ended Schemes,Equity Scheme - Large Cap Fund,2013-12-06,14.6049,2026-06-23T05:29:58.847318+00:00,https://api.mfapi.in/mf/118632
118632,Nippon Large Cap,118632,Nippon India Large Cap Fund - Direct Plan Growth Plan - Growth Option,Nippon India Mutual Fund,Open Ended Schemes,Equity Scheme - Large Cap Fund,2013-12-05,14.5651,2026-06-23T05:29:58.847318+00:00,https://api.mfapi.in/mf/118632
118632,Nippon Large Cap,118632,Nippon India Large Cap Fund - Direct Plan Growth Plan - Growth Option,Nippon India Mutual Fund,Open Ended Schemes,Equity Scheme - Large Cap Fund,2013-12-04,14.408,2026-06-23T05:29:58.847318+00:00,https://api.mfapi.in/mf/118632
118632,Nippon Large Cap,118632,Nippon India Large Cap Fund - Direct Plan Growth Plan - Growth Option,Nippon India Mutual Fund,Open Ended Schemes,Equity Scheme - Large Cap Fund,2013-12-03,14.469,2026-06-23T05:29:58.847318+00:00,https://api.mfapi.in/mf/118632
118632,Nippon Large Cap,118632,Nippon India Large Cap Fund - Direct Plan Growth Plan - Growth Option,Nippon India Mutual Fund,Open Ended Schemes,Equity Scheme - Large Cap Fund,2013-12-02,14.4415,2026-06-23T05:29:58.847318+00:00,https://api.mfapi.in/mf/118632
118632,Nippon Large Cap,118632,Nippon India Large Cap Fund - Direct Plan Growth Plan - Growth Option,Nippon India Mutual Fund,Open Ended Schemes,Equity Scheme - Large Cap Fund,2013-11-29,14.3277,2026-06-23T05:29:58.847318+00:00,https://api.mfapi.in/mf/118632
118632,Nippon Large Cap,118632,Nippon India Large Cap Fund - Direct Plan Growth Plan - Growth Option,Nippon India Mutual Fund,Open Ended Schemes,Equity Scheme - Large Cap Fund,2013-11-28,14.1461,2026-06-23T05:29:58.847318+00:00,https://api.mfapi.in/mf/118632
118632,Nippon Large Cap,118632,Nippon India Large Cap Fund - Direct Plan Growth Plan - Growth Option,Nippon India Mutual Fund,Open Ended Schemes,Equity Scheme - Large Cap Fund,2013-11-27,14.0241,2026-06-23T05:29:58.847318+00:00,https://api.mfapi.in/mf/118632
118632,Nippon Large Cap,118632,Nippon India Large Cap Fund - Direct Plan Growth Plan - Growth Option,Nippon India Mutual Fund,Open Ended Schemes,Equity Scheme - Large Cap Fund,2013-11-26,14.0636,2026-06-23T05:29:58.847318+00:00,https://api.mfapi.in/mf/118632
118632,Nippon Large Cap,118632,Nippon India Large Cap Fund - Direct Plan Growth Plan - Growth Option,Nippon India Mutual Fund,Open Ended Schemes,Equity Scheme - Large Cap Fund,2013-11-25,14.1929,2026-06-23T05:29:58.847318+00:00,https://api.mfapi.in/mf/118632
118632,Nippon Large Cap,118632,Nippon India Large Cap Fund - Direct Plan Growth Plan - Growth Option,Nippon India Mutual Fund,Open Ended Schemes,Equity Scheme - Large Cap Fund,2013-11-22,13.9552,2026-06-23T05:29:58.847318+00:00,https://api.mfapi.in/mf/118632
118632,Nippon Large Cap,118632,Nippon India Large Cap Fund - Direct Plan Growth Plan - Growth Option,Nippon India Mutual Fund,Open Ended Schemes,Equity Scheme - Large Cap Fund,2013-11-21,13.9415,2026-06-23T05:29:58.847318+00:00,https://api.mfapi.in/mf/118632
118632,Nippon Large Cap,118632,Nippon India Large Cap Fund - Direct Plan Growth Plan - Growth Option,Nippon India Mutual Fund,Open Ended Schemes,Equity Scheme - Large Cap Fund,2013-11-20,14.1819,2026-06-23T05:29:58.847318+00:00,https://api.mfapi.in/mf/118632
118632,Nippon Large Cap,118632,Nippon India Large Cap Fund - Direct Plan Growth Plan - Growth Option,Nippon India Mutual Fund,Open Ended Schemes,Equity Scheme - Large Cap Fund,2013-11-19,14.3778,2026-06-23T05:29:58.847318+00:00,https://api.mfapi.in/mf/118632
118632,Nippon Large Cap,118632,Nippon India Large Cap Fund - Direct Plan Growth Plan - Growth Option,Nippon India Mutual Fund,Open Ended Schemes,Equity Scheme - Large Cap Fund,2013-11-18,14.3228,2026-06-23T05:29:58.847318+00:00,https://api.mfapi.in/mf/118632
118632,Nippon Large Cap,118632,Nippon India Large Cap Fund - Direct Plan Growth Plan - Growth Option,Nippon India Mutual Fund,Open Ended Schemes,Equity Scheme - Large Cap Fund,2013-11-14,14.1196,2026-06-23T05:29:58.847318+00:00,https://api.mfapi.in/mf/118632
118632,Nippon Large Cap,118632,Nippon India Large Cap Fund - Direct Plan Growth Plan - Growth Option,Nippon India Mutual Fund,Open Ended Schemes,Equity Scheme - Large Cap Fund,2013-11-13,13.9225,2026-06-23T05:29:58.847318+00:00,https://api.mfapi.in/mf/118632
118632,Nippon Large Cap,118632,Nippon India Large Cap Fund - Direct Plan Growth Plan - Growth Option,Nippon India Mutual Fund,Open Ended Schemes,Equity Scheme - Large Cap Fund,2013-11-12,14.0191,2026-06-23T05:29:58.847318+00:00,https://api.mfapi.in/mf/118632
118632,Nippon Large Cap,118632,Nippon India Large Cap Fund - Direct Plan Growth Plan - Growth Option,Nippon India Mutual Fund,Open Ended Schemes,Equity Scheme - Large Cap Fund,2013-11-11,14.0904,2026-06-23T05:29:58.847318+00:00,https://api.mfapi.in/mf/118632
118632,Nippon Large Cap,118632,Nippon India Large Cap Fund - Direct Plan Growth Plan - Growth Option,Nippon India Mutual Fund,Open Ended Schemes,Equity Scheme - Large Cap Fund,2013-11-08,14.182,2026-06-23T05:29:58.847318+00:00,https://api.mfapi.in/mf/118632
118632,Nippon Large Cap,118632,Nippon India Large Cap Fund - Direct Plan Growth Plan - Growth Option,Nippon India Mutual Fund,Open Ended Schemes,Equity Scheme - Large Cap Fund,2013-11-07,14.28,2026-06-23T05:29:58.847318+00:00,https://api.mfapi.in/mf/118632
118632,Nippon Large Cap,118632,Nippon India Large Cap Fund - Direct Plan Growth Plan - Growth Option,Nippon India Mutual Fund,Open Ended Schemes,Equity Scheme - Large Cap Fund,2013-11-06,14.4002,2026-06-23T05:29:58.847318+00:00,https://api.mfapi.in/mf/118632
118632,Nippon Large Cap,118632,Nippon India Large Cap Fund - Direct Plan Growth Plan - Growth Option,Nippon India Mutual Fund,Open Ended Schemes,Equity Scheme - Large Cap Fund,2013-11-05,14.4377,2026-06-23T05:29:58.847318+00:00,https://api.mfapi.in/mf/118632
118632,Nippon Large Cap,118632,Nippon India Large Cap Fund - Direct Plan Growth Plan - Growth Option,Nippon India Mutual Fund,Open Ended Schemes,Equity Scheme - Large Cap Fund,2013-11-01,14.4273,2026-06-23T05:29:58.847318+00:00,https://api.mfapi.in/mf/118632
118632,Nippon Large Cap,118632,Nippon India Large Cap Fund - Direct Plan Growth Plan - Growth Option,Nippon India Mutual Fund,Open Ended Schemes,Equity Scheme - Large Cap Fund,2013-10-31,14.3413,2026-06-23T05:29:58.847318+00:00,https://api.mfapi.in/mf/118632
118632,Nippon Large Cap,118632,Nippon India Large Cap Fund - Direct Plan Growth Plan - Growth Option,Nippon India Mutual Fund,Open Ended Schemes,Equity Scheme - Large Cap Fund,2013-10-30,14.2056,2026-06-23T05:29:58.847318+00:00,https://api.mfapi.in/mf/118632
118632,Nippon Large Cap,118632,Nippon India Large Cap Fund - Direct Plan Growth Plan - Growth Option,Nippon India Mutual Fund,Open Ended Schemes,Equity Scheme - Large Cap Fund,2013-10-29,14.119,2026-06-23T05:29:58.847318+00:00,https://api.mfapi.in/mf/118632
118632,Nippon Large Cap,118632,Nippon India Large Cap Fund - Direct Plan Growth Plan - Growth Option,Nippon India Mutual Fund,Open Ended Schemes,Equity Scheme - Large Cap Fund,2013-10-28,13.8624,2026-06-23T05:29:58.847318+00:00,https://api.mfapi.in/mf/118632
118632,Nippon Large Cap,118632,Nippon India Large Cap Fund - Direct Plan Growth Plan - Growth Option,Nippon India Mutual Fund,Open Ended Schemes,Equity Scheme - Large Cap Fund,2013-10-25,13.95,2026-06-23T05:29:58.847318+00:00,https://api.mfapi.in/mf/118632
118632,Nippon Large Cap,118632,Nippon India Large Cap Fund - Direct Plan Growth Plan - Growth Option,Nippon India Mutual Fund,Open Ended Schemes,Equity Scheme - Large Cap Fund,2013-10-24,14.0033,2026-06-23T05:29:58.847318+00:00,https://api.mfapi.in/mf/118632
118632,Nippon Large Cap,118632,Nippon India Large Cap Fund - Direct Plan Growth Plan - Growth Option,Nippon India Mutual Fund,Open Ended Schemes,Equity Scheme - Large Cap Fund,2013-10-23,14.0597,2026-06-23T05:29:58.847318+00:00,https://api.mfapi.in/mf/118632
118632,Nippon Large Cap,118632,Nippon India Large Cap Fund - Direct Plan Growth Plan - Growth Option,Nippon India Mutual Fund,Open Ended Schemes,Equity Scheme - Large Cap Fund,2013-10-22,14.115,2026-06-23T05:29:58.847318+00:00,https://api.mfapi.in/mf/118632
118632,Nippon Large Cap,118632,Nippon India Large Cap Fund - Direct Plan Growth Plan - Growth Option,Nippon India Mutual Fund,Open Ended Schemes,Equity Scheme - Large Cap Fund,2013-10-21,14.1188,2026-06-23T05:29:58.847318+00:00,https://api.mfapi.in/mf/118632
118632,Nippon Large Cap,118632,Nippon India Large Cap Fund - Direct Plan Growth Plan - Growth Option,Nippon India Mutual Fund,Open Ended Schemes,Equity Scheme - Large Cap Fund,2013-10-18,14.0524,2026-06-23T05:29:58.847318+00:00,https://api.mfapi.in/mf/118632
118632,Nippon Large Cap,118632,Nippon India Large Cap Fund - Direct Plan Growth Plan - Growth Option,Nippon India Mutual Fund,Open Ended Schemes,Equity Scheme - Large Cap Fund,2013-10-17,13.7852,2026-06-23T05:29:58.847318+00:00,https://api.mfapi.in/mf/118632
118632,Nippon Large Cap,118632,Nippon India Large Cap Fund - Direct Plan Growth Plan - Growth Option,Nippon India Mutual Fund,Open Ended Schemes,Equity Scheme - Large Cap Fund,2013-10-15,13.8854,2026-06-23T05:29:58.847318+00:00,https://api.mfapi.in/mf/118632
118632,Nippon Large Cap,118632,Nippon India Large Cap Fund - Direct Plan Growth Plan - Growth Option,Nippon India Mutual Fund,Open Ended Schemes,Equity Scheme - Large Cap Fund,2013-10-14,13.9362,2026-06-23T05:29:58.847318+00:00,https://api.mfapi.in/mf/118632
118632,Nippon Large Cap,118632,Nippon India Large Cap Fund - Direct Plan Growth Plan - Growth Option,Nippon India Mutual Fund,Open Ended Schemes,Equity Scheme - Large Cap Fund,2013-10-11,13.9215,2026-06-23T05:29:58.847318+00:00,https://api.mfapi.in/mf/118632
118632,Nippon Large Cap,118632,Nippon India Large Cap Fund - Direct Plan Growth Plan - Growth Option,Nippon India Mutual Fund,Open Ended Schemes,Equity Scheme - Large Cap Fund,2013-10-10,13.7388,2026-06-23T05:29:58.847318+00:00,https://api.mfapi.in/mf/118632
118632,Nippon Large Cap,118632,Nippon India Large Cap Fund - Direct Plan Growth Plan - Growth Option,Nippon India Mutual Fund,Open Ended Schemes,Equity Scheme - Large Cap Fund,2013-10-09,13.7175,2026-06-23T05:29:58.847318+00:00,https://api.mfapi.in/mf/118632
118632,Nippon Large Cap,118632,Nippon India Large Cap Fund - Direct Plan Growth Plan - Growth Option,Nippon India Mutual Fund,Open Ended Schemes,Equity Scheme - Large Cap Fund,2013-10-08,13.6174,2026-06-23T05:29:58.847318+00:00,https://api.mfapi.in/mf/118632
118632,Nippon Large Cap,118632,Nippon India Large Cap Fund - Direct Plan Growth Plan - Growth Option,Nippon India Mutual Fund,Open Ended Schemes,Equity Scheme - Large Cap Fund,2013-10-07,13.6097,2026-06-23T05:29:58.847318+00:00,https://api.mfapi.in/mf/118632
118632,Nippon Large Cap,118632,Nippon India Large Cap Fund - Direct Plan Growth Plan - Growth Option,Nippon India Mutual Fund,Open Ended Schemes,Equity Scheme - Large Cap Fund,2013-10-04,13.5546,2026-06-23T05:29:58.847318+00:00,https://api.mfapi.in/mf/118632
118632,Nippon Large Cap,118632,Nippon India Large Cap Fund - Direct Plan Growth Plan - Growth Option,Nippon India Mutual Fund,Open Ended Schemes,Equity Scheme - Large Cap Fund,2013-10-03,13.5608,2026-06-23T05:29:58.847318+00:00,https://api.mfapi.in/mf/118632
118632,Nippon Large Cap,118632,Nippon India Large Cap Fund - Direct Plan Growth Plan - Growth Option,Nippon India Mutual Fund,Open Ended Schemes,Equity Scheme - Large Cap Fund,2013-10-01,13.2715,2026-06-23T05:29:58.847318+00:00,https://api.mfapi.in/mf/118632
118632,Nippon Large Cap,118632,Nippon India Large Cap Fund - Direct Plan Growth Plan - Growth Option,Nippon India Mutual Fund,Open Ended Schemes,Equity Scheme - Large Cap Fund,2013-09-30,13.1286,2026-06-23T05:29:58.847318+00:00,https://api.mfapi.in/mf/118632
118632,Nippon Large Cap,118632,Nippon India Large Cap Fund - Direct Plan Growth Plan - Growth Option,Nippon India Mutual Fund,Open Ended Schemes,Equity Scheme - Large Cap Fund,2013-09-27,13.2945,2026-06-23T05:29:58.847318+00:00,https://api.mfapi.in/mf/118632
118632,Nippon Large Cap,118632,Nippon India Large Cap Fund - Direct Plan Growth Plan - Growth Option,Nippon India Mutual Fund,Open Ended Schemes,Equity Scheme - Large Cap Fund,2013-09-26,13.3434,2026-06-23T05:29:58.847318+00:00,https://api.mfapi.in/mf/118632
118632,Nippon Large Cap,118632,Nippon India Large Cap Fund - Direct Plan Growth Plan - Growth Option,Nippon India Mutual Fund,Open Ended Schemes,Equity Scheme - Large Cap Fund,2013-09-25,13.355,2026-06-23T05:29:58.847318+00:00,https://api.mfapi.in/mf/118632
118632,Nippon Large Cap,118632,Nippon India Large Cap Fund - Direct Plan Growth Plan - Growth Option,Nippon India Mutual Fund,Open Ended Schemes,Equity Scheme - Large Cap Fund,2013-09-24,13.3638,2026-06-23T05:29:58.847318+00:00,https://api.mfapi.in/mf/118632
118632,Nippon Large Cap,118632,Nippon India Large Cap Fund - Direct Plan Growth Plan - Growth Option,Nippon India Mutual Fund,Open Ended Schemes,Equity Scheme - Large Cap Fund,2013-09-23,13.408,2026-06-23T05:29:58.847318+00:00,https://api.mfapi.in/mf/118632
118632,Nippon Large Cap,118632,Nippon India Large Cap Fund - Direct Plan Growth Plan - Growth Option,Nippon India Mutual Fund,Open Ended Schemes,Equity Scheme - Large Cap Fund,2013-09-20,13.6366,2026-06-23T05:29:58.847318+00:00,https://api.mfapi.in/mf/118632
118632,Nippon Large Cap,118632,Nippon India Large Cap Fund - Direct Plan Growth Plan - Growth Option,Nippon India Mutual Fund,Open Ended Schemes,Equity Scheme - Large Cap Fund,2013-09-19,13.819,2026-06-23T05:29:58.847318+00:00,https://api.mfapi.in/mf/118632
118632,Nippon Large Cap,118632,Nippon India Large Cap Fund - Direct Plan Growth Plan - Growth Option,Nippon India Mutual Fund,Open Ended Schemes,Equity Scheme - Large Cap Fund,2013-09-18,13.4428,2026-06-23T05:29:58.847318+00:00,https://api.mfapi.in/mf/118632
118632,Nippon Large Cap,118632,Nippon India Large Cap Fund - Direct Plan Growth Plan - Growth Option,Nippon India Mutual Fund,Open Ended Schemes,Equity Scheme - Large Cap Fund,2013-09-17,13.3498,2026-06-23T05:29:58.847318+00:00,https://api.mfapi.in/mf/118632
118632,Nippon Large Cap,118632,Nippon India Large Cap Fund - Direct Plan Growth Plan - Growth Option,Nippon India Mutual Fund,Open Ended Schemes,Equity Scheme - Large Cap Fund,2013-09-16,13.2876,2026-06-23T05:29:58.847318+00:00,https://api.mfapi.in/mf/118632
118632,Nippon Large Cap,118632,Nippon India Large Cap Fund - Direct Plan Growth Plan - Growth Option,Nippon India Mutual Fund,Open Ended Schemes,Equity Scheme - Large Cap Fund,2013-09-13,13.3653,2026-06-23T05:29:58.847318+00:00,https://api.mfapi.in/mf/118632
118632,Nippon Large Cap,118632,Nippon India Large Cap Fund - Direct Plan Growth Plan - Growth Option,Nippon India Mutual Fund,Open Ended Schemes,Equity Scheme - Large Cap Fund,2013-09-12,13.3458,2026-06-23T05:29:58.847318+00:00,https://api.mfapi.in/mf/118632
118632,Nippon Large Cap,118632,Nippon India Large Cap Fund - Direct Plan Growth Plan - Growth Option,Nippon India Mutual Fund,Open Ended Schemes,Equity Scheme - Large Cap Fund,2013-09-11,13.4542,2026-06-23T05:29:58.847318+00:00,https://api.mfapi.in/mf/118632
118632,Nippon Large Cap,118632,Nippon India Large Cap Fund - Direct Plan Growth Plan - Growth Option,Nippon India Mutual Fund,Open Ended Schemes,Equity Scheme - Large Cap Fund,2013-09-10,13.3471,2026-06-23T05:29:58.847318+00:00,https://api.mfapi.in/mf/118632
118632,Nippon Large Cap,118632,Nippon India Large Cap Fund - Direct Plan Growth Plan - Growth Option,Nippon India Mutual Fund,Open Ended Schemes,Equity Scheme - Large Cap Fund,2013-09-06,12.9802,2026-06-23T05:29:58.847318+00:00,https://api.mfapi.in/mf/118632
118632,Nippon Large Cap,118632,Nippon India Large Cap Fund - Direct Plan Growth Plan - Growth Option,Nippon India Mutual Fund,Open Ended Schemes,Equity Scheme - Large Cap Fund,2013-09-05,12.8133,2026-06-23T05:29:58.847318+00:00,https://api.mfapi.in/mf/118632
118632,Nippon Large Cap,118632,Nippon India Large Cap Fund - Direct Plan Growth Plan - Growth Option,Nippon India Mutual Fund,Open Ended Schemes,Equity Scheme - Large Cap Fund,2013-09-04,12.564,2026-06-23T05:29:58.847318+00:00,https://api.mfapi.in/mf/118632
118632,Nippon Large Cap,118632,Nippon India Large Cap Fund - Direct Plan Growth Plan - Growth Option,Nippon India Mutual Fund,Open Ended Schemes,Equity Scheme - Large Cap Fund,2013-09-03,12.3669,2026-06-23T05:29:58.847318+00:00,https://api.mfapi.in/mf/118632
118632,Nippon Large Cap,118632,Nippon India Large Cap Fund - Direct Plan Growth Plan - Growth Option,Nippon India Mutual Fund,Open Ended Schemes,Equity Scheme - Large Cap Fund,2013-09-02,12.794,2026-06-23T05:29:58.847318+00:00,https://api.mfapi.in/mf/118632
118632,Nippon Large Cap,118632,Nippon India Large Cap Fund - Direct Plan Growth Plan - Growth Option,Nippon India Mutual Fund,Open Ended Schemes,Equity Scheme - Large Cap Fund,2013-08-30,12.6214,2026-06-23T05:29:58.847318+00:00,https://api.mfapi.in/mf/118632
118632,Nippon Large Cap,118632,Nippon India Large Cap Fund - Direct Plan Growth Plan - Growth Option,Nippon India Mutual Fund,Open Ended Schemes,Equity Scheme - Large Cap Fund,2013-08-29,12.4848,2026-06-23T05:29:58.847318+00:00,https://api.mfapi.in/mf/118632
118632,Nippon Large Cap,118632,Nippon India Large Cap Fund - Direct Plan Growth Plan - Growth Option,Nippon India Mutual Fund,Open Ended Schemes,Equity Scheme - Large Cap Fund,2013-08-28,12.2443,2026-06-23T05:29:58.847318+00:00,https://api.mfapi.in/mf/118632
118632,Nippon Large Cap,118632,Nippon India Large Cap Fund - Direct Plan Growth Plan - Growth Option,Nippon India Mutual Fund,Open Ended Schemes,Equity Scheme - Large Cap Fund,2013-08-27,12.2979,2026-06-23T05:29:58.847318+00:00,https://api.mfapi.in/mf/118632
118632,Nippon Large Cap,118632,Nippon India Large Cap Fund - Direct Plan Growth Plan - Growth Option,Nippon India Mutual Fund,Open Ended Schemes,Equity Scheme - Large Cap Fund,2013-08-26,12.6806,2026-06-23T05:29:58.847318+00:00,https://api.mfapi.in/mf/118632
118632,Nippon Large Cap,118632,Nippon India Large Cap Fund - Direct Plan Growth Plan - Growth Option,Nippon India Mutual Fund,Open Ended Schemes,Equity Scheme - Large Cap Fund,2013-08-23,12.5759,2026-06-23T05:29:58.847318+00:00,https://api.mfapi.in/mf/118632
118632,Nippon Large Cap,118632,Nippon India Large Cap Fund - Direct Plan Growth Plan - Growth Option,Nippon India Mutual Fund,Open Ended Schemes,Equity Scheme - Large Cap Fund,2013-08-22,12.424,2026-06-23T05:29:58.847318+00:00,https://api.mfapi.in/mf/118632
118632,Nippon Large Cap,118632,Nippon India Large Cap Fund - Direct Plan Growth Plan - Growth Option,Nippon India Mutual Fund,Open Ended Schemes,Equity Scheme - Large Cap Fund,2013-08-21,12.2191,2026-06-23T05:29:58.847318+00:00,https://api.mfapi.in/mf/118632
118632,Nippon Large Cap,118632,Nippon India Large Cap Fund - Direct Plan Growth Plan - Growth Option,Nippon India Mutual Fund,Open Ended Schemes,Equity Scheme - Large Cap Fund,2013-08-20,12.4137,2026-06-23T05:29:58.847318+00:00,https://api.mfapi.in/mf/118632
118632,Nippon Large Cap,118632,Nippon India Large Cap Fund - Direct Plan Growth Plan - Growth Option,Nippon India Mutual Fund,Open Ended Schemes,Equity Scheme - Large Cap Fund,2013-08-19,12.4366,2026-06-23T05:29:58.847318+00:00,https://api.mfapi.in/mf/118632
118632,Nippon Large Cap,118632,Nippon India Large Cap Fund - Direct Plan Growth Plan - Growth Option,Nippon India Mutual Fund,Open Ended Schemes,Equity Scheme - Large Cap Fund,2013-08-16,12.6349,2026-06-23T05:29:58.847318+00:00,https://api.mfapi.in/mf/118632
118632,Nippon Large Cap,118632,Nippon India Large Cap Fund - Direct Plan Growth Plan - Growth Option,Nippon India Mutual Fund,Open Ended Schemes,Equity Scheme - Large Cap Fund,2013-08-14,13.0848,2026-06-23T05:29:58.847318+00:00,https://api.mfapi.in/mf/118632
118632,Nippon Large Cap,118632,Nippon India Large Cap Fund - Direct Plan Growth Plan - Growth Option,Nippon India Mutual Fund,Open Ended Schemes,Equity Scheme - Large Cap Fund,2013-08-13,13.0239,2026-06-23T05:29:58.847318+00:00,https://api.mfapi.in/mf/118632
118632,Nippon Large Cap,118632,Nippon India Large Cap Fund - Direct Plan Growth Plan - Growth Option,Nippon India Mutual Fund,Open Ended Schemes,Equity Scheme - Large Cap Fund,2013-08-12,12.8515,2026-06-23T05:29:58.847318+00:00,https://api.mfapi.in/mf/118632
118632,Nippon Large Cap,118632,Nippon India Large Cap Fund - Direct Plan Growth Plan - Growth Option,Nippon India Mutual Fund,Open Ended Schemes,Equity Scheme - Large Cap Fund,2013-08-08,12.7214,2026-06-23T05:29:58.847318+00:00,https://api.mfapi.in/mf/118632
118632,Nippon Large Cap,118632,Nippon India Large Cap Fund - Direct Plan Growth Plan - Growth Option,Nippon India Mutual Fund,Open Ended Schemes,Equity Scheme - Large Cap Fund,2013-08-07,12.4816,2026-06-23T05:29:58.847318+00:00,https://api.mfapi.in/mf/118632
118632,Nippon Large Cap,118632,Nippon India Large Cap Fund - Direct Plan Growth Plan - Growth Option,Nippon India Mutual Fund,Open Ended Schemes,Equity Scheme - Large Cap Fund,2013-08-06,12.3588,2026-06-23T05:29:58.847318+00:00,https://api.mfapi.in/mf/118632
118632,Nippon Large Cap,118632,Nippon India Large Cap Fund - Direct Plan Growth Plan - Growth Option,Nippon India Mutual Fund,Open Ended Schemes,Equity Scheme - Large Cap Fund,2013-08-05,12.7128,2026-06-23T05:29:58.847318+00:00,https://api.mfapi.in/mf/118632
118632,Nippon Large Cap,118632,Nippon India Large Cap Fund - Direct Plan Growth Plan - Growth Option,Nippon India Mutual Fund,Open Ended Schemes,Equity Scheme - Large Cap Fund,2013-08-02,12.6617,2026-06-23T05:29:58.847318+00:00,https://api.mfapi.in/mf/118632
118632,Nippon Large Cap,118632,Nippon India Large Cap Fund - Direct Plan Growth Plan - Growth Option,Nippon India Mutual Fund,Open Ended Schemes,Equity Scheme - Large Cap Fund,2013-08-01,12.766,2026-06-23T05:29:58.847318+00:00,https://api.mfapi.in/mf/118632
118632,Nippon Large Cap,118632,Nippon India Large Cap Fund - Direct Plan Growth Plan - Growth Option,Nippon India Mutual Fund,Open Ended Schemes,Equity Scheme - Large Cap Fund,2013-07-31,12.9014,2026-06-23T05:29:58.847318+00:00,https://api.mfapi.in/mf/118632
118632,Nippon Large Cap,118632,Nippon India Large Cap Fund - Direct Plan Growth Plan - Growth Option,Nippon India Mutual Fund,Open Ended Schemes,Equity Scheme - Large Cap Fund,2013-07-30,12.7471,2026-06-23T05:29:58.847318+00:00,https://api.mfapi.in/mf/118632
118632,Nippon Large Cap,118632,Nippon India Large Cap Fund - Direct Plan Growth Plan - Growth Option,Nippon India Mutual Fund,Open Ended Schemes,Equity Scheme - Large Cap Fund,2013-07-29,13.0033,2026-06-23T05:29:58.847318+00:00,https://api.mfapi.in/mf/118632
118632,Nippon Large Cap,118632,Nippon India Large Cap Fund - Direct Plan Growth Plan - Growth Option,Nippon India Mutual Fund,Open Ended Schemes,Equity Scheme - Large Cap Fund,2013-07-26,13.0735,2026-06-23T05:29:58.847318+00:00,https://api.mfapi.in/mf/118632
118632,Nippon Large Cap,118632,Nippon India Large Cap Fund - Direct Plan Growth Plan - Growth Option,Nippon India Mutual Fund,Open Ended Schemes,Equity Scheme - Large Cap Fund,2013-07-25,13.1914,2026-06-23T05:29:58.847318+00:00,https://api.mfapi.in/mf/118632
118632,Nippon Large Cap,118632,Nippon India Large Cap Fund - Direct Plan Growth Plan - Growth Option,Nippon India Mutual Fund,Open Ended Schemes,Equity Scheme - Large Cap Fund,2013-07-24,13.2616,2026-06-23T05:29:58.847318+00:00,https://api.mfapi.in/mf/118632
118632,Nippon Large Cap,118632,Nippon India Large Cap Fund - Direct Plan Growth Plan - Growth Option,Nippon India Mutual Fund,Open Ended Schemes,Equity Scheme - Large Cap Fund,2013-07-23,13.5137,2026-06-23T05:29:58.847318+00:00,https://api.mfapi.in/mf/118632
118632,Nippon Large Cap,118632,Nippon India Large Cap Fund - Direct Plan Growth Plan - Growth Option,Nippon India Mutual Fund,Open Ended Schemes,Equity Scheme - Large Cap Fund,2013-07-22,13.4323,2026-06-23T05:29:58.847318+00:00,https://api.mfapi.in/mf/118632
118632,Nippon Large Cap,118632,Nippon India Large Cap Fund - Direct Plan Growth Plan - Growth Option,Nippon India Mutual Fund,Open Ended Schemes,Equity Scheme - Large Cap Fund,2013-07-19,13.491,2026-06-23T05:29:58.847318+00:00,https://api.mfapi.in/mf/118632
118632,Nippon Large Cap,118632,Nippon India Large Cap Fund - Direct Plan Growth Plan - Growth Option,Nippon India Mutual Fund,Open Ended Schemes,Equity Scheme - Large Cap Fund,2013-07-18,13.5266,2026-06-23T05:29:58.847318+00:00,https://api.mfapi.in/mf/118632
118632,Nippon Large Cap,118632,Nippon India Large Cap Fund - Direct Plan Growth Plan - Growth Option,Nippon India Mutual Fund,Open Ended Schemes,Equity Scheme - Large Cap Fund,2013-07-17,13.4057,2026-06-23T05:29:58.847318+00:00,https://api.mfapi.in/mf/118632
118632,Nippon Large Cap,118632,Nippon India Large Cap Fund - Direct Plan Growth Plan - Growth Option,Nippon India Mutual Fund,Open Ended Schemes,Equity Scheme - Large Cap Fund,2013-07-16,13.4826,2026-06-23T05:29:58.847318+00:00,https://api.mfapi.in/mf/118632
118632,Nippon Large Cap,118632,Nippon India Large Cap Fund - Direct Plan Growth Plan - Growth Option,Nippon India Mutual Fund,Open Ended Schemes,Equity Scheme - Large Cap Fund,2013-07-15,13.6813,2026-06-23T05:29:58.847318+00:00,https://api.mfapi.in/mf/118632
118632,Nippon Large Cap,118632,Nippon India Large Cap Fund - Direct Plan Growth Plan - Growth Option,Nippon India Mutual Fund,Open Ended Schemes,Equity Scheme - Large Cap Fund,2013-07-12,13.6028,2026-06-23T05:29:58.847318+00:00,https://api.mfapi.in/mf/118632
118632,Nippon Large Cap,118632,Nippon India Large Cap Fund - Direct Plan Growth Plan - Growth Option,Nippon India Mutual Fund,Open Ended Schemes,Equity Scheme - Large Cap Fund,2013-07-11,13.4425,2026-06-23T05:29:58.847318+00:00,https://api.mfapi.in/mf/118632
118632,Nippon Large Cap,118632,Nippon India Large Cap Fund - Direct Plan Growth Plan - Growth Option,Nippon India Mutual Fund,Open Ended Schemes,Equity Scheme - Large Cap Fund,2013-07-10,13.259,2026-06-23T05:29:58.847318+00:00,https://api.mfapi.in/mf/118632
118632,Nippon Large Cap,118632,Nippon India Large Cap Fund - Direct Plan Growth Plan - Growth Option,Nippon India Mutual Fund,Open Ended Schemes,Equity Scheme - Large Cap Fund,2013-07-09,13.3168,2026-06-23T05:29:58.847318+00:00,https://api.mfapi.in/mf/118632
118632,Nippon Large Cap,118632,Nippon India Large Cap Fund - Direct Plan Growth Plan - Growth Option,Nippon India Mutual Fund,Open Ended Schemes,Equity Scheme - Large Cap Fund,2013-07-08,13.2314,2026-06-23T05:29:58.847318+00:00,https://api.mfapi.in/mf/118632
118632,Nippon Large Cap,118632,Nippon India Large Cap Fund - Direct Plan Growth Plan - Growth Option,Nippon India Mutual Fund,Open Ended Schemes,Equity Scheme - Large Cap Fund,2013-07-05,13.4009,2026-06-23T05:29:58.847318+00:00,https://api.mfapi.in/mf/118632
118632,Nippon Large Cap,118632,Nippon India Large Cap Fund - Direct Plan Growth Plan - Growth Option,Nippon India Mutual Fund,Open Ended Schemes,Equity Scheme - Large Cap Fund,2013-07-04,13.3744,2026-06-23T05:29:58.847318+00:00,https://api.mfapi.in/mf/118632
118632,Nippon Large Cap,118632,Nippon India Large Cap Fund - Direct Plan Growth Plan - Growth Option,Nippon India Mutual Fund,Open Ended Schemes,Equity Scheme - Large Cap Fund,2013-07-03,13.2808,2026-06-23T05:29:58.847318+00:00,https://api.mfapi.in/mf/118632
118632,Nippon Large Cap,118632,Nippon India Large Cap Fund - Direct Plan Growth Plan - Growth Option,Nippon India Mutual Fund,Open Ended Schemes,Equity Scheme - Large Cap Fund,2013-07-02,13.5237,2026-06-23T05:29:58.847318+00:00,https://api.mfapi.in/mf/118632
118632,Nippon Large Cap,118632,Nippon India Large Cap Fund - Direct Plan Growth Plan - Growth Option,Nippon India Mutual Fund,Open Ended Schemes,Equity Scheme - Large Cap Fund,2013-07-01,13.6086,2026-06-23T05:29:58.847318+00:00,https://api.mfapi.in/mf/118632
118632,Nippon Large Cap,118632,Nippon India Large Cap Fund - Direct Plan Growth Plan - Growth Option,Nippon India Mutual Fund,Open Ended Schemes,Equity Scheme - Large Cap Fund,2013-06-28,13.445,2026-06-23T05:29:58.847318+00:00,https://api.mfapi.in/mf/118632
118632,Nippon Large Cap,118632,Nippon India Large Cap Fund - Direct Plan Growth Plan - Growth Option,Nippon India Mutual Fund,Open Ended Schemes,Equity Scheme - Large Cap Fund,2013-06-27,13.1137,2026-06-23T05:29:58.847318+00:00,https://api.mfapi.in/mf/118632
118632,Nippon Large Cap,118632,Nippon India Large Cap Fund - Direct Plan Growth Plan - Growth Option,Nippon India Mutual Fund,Open Ended Schemes,Equity Scheme - Large Cap Fund,2013-06-26,12.9478,2026-06-23T05:29:58.847318+00:00,https://api.mfapi.in/mf/118632
118632,Nippon Large Cap,118632,Nippon India Large Cap Fund - Direct Plan Growth Plan - Growth Option,Nippon India Mutual Fund,Open Ended Schemes,Equity Scheme - Large Cap Fund,2013-06-25,12.9839,2026-06-23T05:29:58.847318+00:00,https://api.mfapi.in/mf/118632
118632,Nippon Large Cap,118632,Nippon India Large Cap Fund - Direct Plan Growth Plan - Growth Option,Nippon India Mutual Fund,Open Ended Schemes,Equity Scheme - Large Cap Fund,2013-06-24,12.9791,2026-06-23T05:29:58.847318+00:00,https://api.mfapi.in/mf/118632
118632,Nippon Large Cap,118632,Nippon India Large Cap Fund - Direct Plan Growth Plan - Growth Option,Nippon India Mutual Fund,Open Ended Schemes,Equity Scheme - Large Cap Fund,2013-06-21,13.1933,2026-06-23T05:29:58.847318+00:00,https://api.mfapi.in/mf/118632
118632,Nippon Large Cap,118632,Nippon India Large Cap Fund - Direct Plan Growth Plan - Growth Option,Nippon India Mutual Fund,Open Ended Schemes,Equity Scheme - Large Cap Fund,2013-06-20,13.142,2026-06-23T05:29:58.847318+00:00,https://api.mfapi.in/mf/118632
118632,Nippon Large Cap,118632,Nippon India Large Cap Fund - Direct Plan Growth Plan - Growth Option,Nippon India Mutual Fund,Open Ended Schemes,Equity Scheme - Large Cap Fund,2013-06-19,13.4689,2026-06-23T05:29:58.847318+00:00,https://api.mfapi.in/mf/118632
118632,Nippon Large Cap,118632,Nippon India Large Cap Fund - Direct Plan Growth Plan - Growth Option,Nippon India Mutual Fund,Open Ended Schemes,Equity Scheme - Large Cap Fund,2013-06-18,13.4342,2026-06-23T05:29:58.847318+00:00,https://api.mfapi.in/mf/118632
118632,Nippon Large Cap,118632,Nippon India Large Cap Fund - Direct Plan Growth Plan - Growth Option,Nippon India Mutual Fund,Open Ended Schemes,Equity Scheme - Large Cap Fund,2013-06-17,13.5024,2026-06-23T05:29:58.847318+00:00,https://api.mfapi.in/mf/118632
118632,Nippon Large Cap,118632,Nippon India Large Cap Fund - Direct Plan Growth Plan - Growth Option,Nippon India Mutual Fund,Open Ended Schemes,Equity Scheme - Large Cap Fund,2013-06-14,13.4526,2026-06-23T05:29:58.847318+00:00,https://api.mfapi.in/mf/118632
118632,Nippon Large Cap,118632,Nippon India Large Cap Fund - Direct Plan Growth Plan - Growth Option,Nippon India Mutual Fund,Open Ended Schemes,Equity Scheme - Large Cap Fund,2013-06-13,13.199,2026-06-23T05:29:58.847318+00:00,https://api.mfapi.in/mf/118632
118632,Nippon Large Cap,118632,Nippon India Large Cap Fund - Direct Plan Growth Plan - Growth Option,Nippon India Mutual Fund,Open Ended Schemes,Equity Scheme - Large Cap Fund,2013-06-12,13.3408,2026-06-23T05:29:58.847318+00:00,https://api.mfapi.in/mf/118632
118632,Nippon Large Cap,118632,Nippon India Large Cap Fund - Direct Plan Growth Plan - Growth Option,Nippon India Mutual Fund,Open Ended Schemes,Equity Scheme - Large Cap Fund,2013-06-11,13.3795,2026-06-23T05:29:58.847318+00:00,https://api.mfapi.in/mf/118632
118632,Nippon Large Cap,118632,Nippon India Large Cap Fund - Direct Plan Growth Plan - Growth Option,Nippon India Mutual Fund,Open Ended Schemes,Equity Scheme - Large Cap Fund,2013-06-10,13.6318,2026-06-23T05:29:58.847318+00:00,https://api.mfapi.in/mf/118632
118632,Nippon Large Cap,118632,Nippon India Large Cap Fund - Direct Plan Growth Plan - Growth Option,Nippon India Mutual Fund,Open Ended Schemes,Equity Scheme - Large Cap Fund,2013-06-07,13.7436,2026-06-23T05:29:58.847318+00:00,https://api.mfapi.in/mf/118632
118632,Nippon Large Cap,118632,Nippon India Large Cap Fund - Direct Plan Growth Plan - Growth Option,Nippon India Mutual Fund,Open Ended Schemes,Equity Scheme - Large Cap Fund,2013-06-06,13.8693,2026-06-23T05:29:58.847318+00:00,https://api.mfapi.in/mf/118632
118632,Nippon Large Cap,118632,Nippon India Large Cap Fund - Direct Plan Growth Plan - Growth Option,Nippon India Mutual Fund,Open Ended Schemes,Equity Scheme - Large Cap Fund,2013-06-05,13.8796,2026-06-23T05:29:58.847318+00:00,https://api.mfapi.in/mf/118632
118632,Nippon Large Cap,118632,Nippon India Large Cap Fund - Direct Plan Growth Plan - Growth Option,Nippon India Mutual Fund,Open Ended Schemes,Equity Scheme - Large Cap Fund,2013-06-04,13.8528,2026-06-23T05:29:58.847318+00:00,https://api.mfapi.in/mf/118632
118632,Nippon Large Cap,118632,Nippon India Large Cap Fund - Direct Plan Growth Plan - Growth Option,Nippon India Mutual Fund,Open Ended Schemes,Equity Scheme - Large Cap Fund,2013-06-03,13.8393,2026-06-23T05:29:58.847318+00:00,https://api.mfapi.in/mf/118632
118632,Nippon Large Cap,118632,Nippon India Large Cap Fund - Direct Plan Growth Plan - Growth Option,Nippon India Mutual Fund,Open Ended Schemes,Equity Scheme - Large Cap Fund,2013-05-31,13.9164,2026-06-23T05:29:58.847318+00:00,https://api.mfapi.in/mf/118632
118632,Nippon Large Cap,118632,Nippon India Large Cap Fund - Direct Plan Growth Plan - Growth Option,Nippon India Mutual Fund,Open Ended Schemes,Equity Scheme - Large Cap Fund,2013-05-30,14.1108,2026-06-23T05:29:58.847318+00:00,https://api.mfapi.in/mf/118632
118632,Nippon Large Cap,118632,Nippon India Large Cap Fund - Direct Plan Growth Plan - Growth Option,Nippon India Mutual Fund,Open Ended Schemes,Equity Scheme - Large Cap Fund,2013-05-29,14.1521,2026-06-23T05:29:58.847318+00:00,https://api.mfapi.in/mf/118632
118632,Nippon Large Cap,118632,Nippon India Large Cap Fund - Direct Plan Growth Plan - Growth Option,Nippon India Mutual Fund,Open Ended Schemes,Equity Scheme - Large Cap Fund,2013-05-28,14.2241,2026-06-23T05:29:58.847318+00:00,https://api.mfapi.in/mf/118632
118632,Nippon Large Cap,118632,Nippon India Large Cap Fund - Direct Plan Growth Plan - Growth Option,Nippon India Mutual Fund,Open Ended Schemes,Equity Scheme - Large Cap Fund,2013-05-27,14.1468,2026-06-23T05:29:58.847318+00:00,https://api.mfapi.in/mf/118632
118632,Nippon Large Cap,118632,Nippon India Large Cap Fund - Direct Plan Growth Plan - Growth Option,Nippon India Mutual Fund,Open Ended Schemes,Equity Scheme - Large Cap Fund,2013-05-24,13.9741,2026-06-23T05:29:58.847318+00:00,https://api.mfapi.in/mf/118632
118632,Nippon Large Cap,118632,Nippon India Large Cap Fund - Direct Plan Growth Plan - Growth Option,Nippon India Mutual Fund,Open Ended Schemes,Equity Scheme - Large Cap Fund,2013-05-23,13.9275,2026-06-23T05:29:58.847318+00:00,https://api.mfapi.in/mf/118632
118632,Nippon Large Cap,118632,Nippon India Large Cap Fund - Direct Plan Growth Plan - Growth Option,Nippon India Mutual Fund,Open Ended Schemes,Equity Scheme - Large Cap Fund,2013-05-22,14.2804,2026-06-23T05:29:58.847318+00:00,https://api.mfapi.in/mf/118632
118632,Nippon Large Cap,118632,Nippon India Large Cap Fund - Direct Plan Growth Plan - Growth Option,Nippon India Mutual Fund,Open Ended Schemes,Equity Scheme - Large Cap Fund,2013-05-21,14.395,2026-06-23T05:29:58.847318+00:00,https://api.mfapi.in/mf/118632
118632,Nippon Large Cap,118632,Nippon India Large Cap Fund - Direct Plan Growth Plan - Growth Option,Nippon India Mutual Fund,Open Ended Schemes,Equity Scheme - Large Cap Fund,2013-05-20,14.5075,2026-06-23T05:29:58.847318+00:00,https://api.mfapi.in/mf/118632
118632,Nippon Large Cap,118632,Nippon India Large Cap Fund - Direct Plan Growth Plan - Growth Option,Nippon India Mutual Fund,Open Ended Schemes,Equity Scheme - Large Cap Fund,2013-05-17,14.6518,2026-06-23T05:29:58.847318+00:00,https://api.mfapi.in/mf/118632
118632,Nippon Large Cap,118632,Nippon India Large Cap Fund - Direct Plan Growth Plan - Growth Option,Nippon India Mutual Fund,Open Ended Schemes,Equity Scheme - Large Cap Fund,2013-05-16,14.5877,2026-06-23T05:29:58.847318+00:00,https://api.mfapi.in/mf/118632
118632,Nippon Large Cap,118632,Nippon India Large Cap Fund - Direct Plan Growth Plan - Growth Option,Nippon India Mutual Fund,Open Ended Schemes,Equity Scheme - Large Cap Fund,2013-05-15,14.5276,2026-06-23T05:29:58.847318+00:00,https://api.mfapi.in/mf/118632
118632,Nippon Large Cap,118632,Nippon India Large Cap Fund - Direct Plan Growth Plan - Growth Option,Nippon India Mutual Fund,Open Ended Schemes,Equity Scheme - Large Cap Fund,2013-05-14,14.2231,2026-06-23T05:29:58.847318+00:00,https://api.mfapi.in/mf/118632
118632,Nippon Large Cap,118632,Nippon India Large Cap Fund - Direct Plan Growth Plan - Growth Option,Nippon India Mutual Fund,Open Ended Schemes,Equity Scheme - Large Cap Fund,2013-05-13,14.1432,2026-06-23T05:29:58.847318+00:00,https://api.mfapi.in/mf/118632
118632,Nippon Large Cap,118632,Nippon India Large Cap Fund - Direct Plan Growth Plan - Growth Option,Nippon India Mutual Fund,Open Ended Schemes,Equity Scheme - Large Cap Fund,2013-05-10,14.3731,2026-06-23T05:29:58.847318+00:00,https://api.mfapi.in/mf/118632
118632,Nippon Large Cap,118632,Nippon India Large Cap Fund - Direct Plan Growth Plan - Growth Option,Nippon India Mutual Fund,Open Ended Schemes,Equity Scheme - Large Cap Fund,2013-05-09,14.2864,2026-06-23T05:29:58.847318+00:00,https://api.mfapi.in/mf/118632
118632,Nippon Large Cap,118632,Nippon India Large Cap Fund - Direct Plan Growth Plan - Growth Option,Nippon India Mutual Fund,Open Ended Schemes,Equity Scheme - Large Cap Fund,2013-05-08,14.3518,2026-06-23T05:29:58.847318+00:00,https://api.mfapi.in/mf/118632
118632,Nippon Large Cap,118632,Nippon India Large Cap Fund - Direct Plan Growth Plan - Growth Option,Nippon India Mutual Fund,Open Ended Schemes,Equity Scheme - Large Cap Fund,2013-05-07,14.3852,2026-06-23T05:29:58.847318+00:00,https://api.mfapi.in/mf/118632
118632,Nippon Large Cap,118632,Nippon India Large Cap Fund - Direct Plan Growth Plan - Growth Option,Nippon India Mutual Fund,Open Ended Schemes,Equity Scheme - Large Cap Fund,2013-05-06,14.2356,2026-06-23T05:29:58.847318+00:00,https://api.mfapi.in/mf/118632
118632,Nippon Large Cap,118632,Nippon India Large Cap Fund - Direct Plan Growth Plan - Growth Option,Nippon India Mutual Fund,Open Ended Schemes,Equity Scheme - Large Cap Fund,2013-05-03,14.1115,2026-06-23T05:29:58.847318+00:00,https://api.mfapi.in/mf/118632
118632,Nippon Large Cap,118632,Nippon India Large Cap Fund - Direct Plan Growth Plan - Growth Option,Nippon India Mutual Fund,Open Ended Schemes,Equity Scheme - Large Cap Fund,2013-05-02,14.229,2026-06-23T05:29:58.847318+00:00,https://api.mfapi.in/mf/118632
118632,Nippon Large Cap,118632,Nippon India Large Cap Fund - Direct Plan Growth Plan - Growth Option,Nippon India Mutual Fund,Open Ended Schemes,Equity Scheme - Large Cap Fund,2013-04-30,14.1086,2026-06-23T05:29:58.847318+00:00,https://api.mfapi.in/mf/118632
118632,Nippon Large Cap,118632,Nippon India Large Cap Fund - Direct Plan Growth Plan - Growth Option,Nippon India Mutual Fund,Open Ended Schemes,Equity Scheme - Large Cap Fund,2013-04-29,14.1084,2026-06-23T05:29:58.847318+00:00,https://api.mfapi.in/mf/118632
118632,Nippon Large Cap,118632,Nippon India Large Cap Fund - Direct Plan Growth Plan - Growth Option,Nippon India Mutual Fund,Open Ended Schemes,Equity Scheme - Large Cap Fund,2013-04-26,14.0531,2026-06-23T05:29:58.847318+00:00,https://api.mfapi.in/mf/118632
118632,Nippon Large Cap,118632,Nippon India Large Cap Fund - Direct Plan Growth Plan - Growth Option,Nippon India Mutual Fund,Open Ended Schemes,Equity Scheme - Large Cap Fund,2013-04-25,14.0593,2026-06-23T05:29:58.847318+00:00,https://api.mfapi.in/mf/118632
118632,Nippon Large Cap,118632,Nippon India Large Cap Fund - Direct Plan Growth Plan - Growth Option,Nippon India Mutual Fund,Open Ended Schemes,Equity Scheme - Large Cap Fund,2013-04-23,13.9829,2026-06-23T05:29:58.847318+00:00,https://api.mfapi.in/mf/118632
118632,Nippon Large Cap,118632,Nippon India Large Cap Fund - Direct Plan Growth Plan - Growth Option,Nippon India Mutual Fund,Open Ended Schemes,Equity Scheme - Large Cap Fund,2013-04-22,14.0431,2026-06-23T05:29:58.847318+00:00,https://api.mfapi.in/mf/118632
118632,Nippon Large Cap,118632,Nippon India Large Cap Fund - Direct Plan Growth Plan - Growth Option,Nippon India Mutual Fund,Open Ended Schemes,Equity Scheme - Large Cap Fund,2013-04-18,13.9167,2026-06-23T05:29:58.847318+00:00,https://api.mfapi.in/mf/118632
118632,Nippon Large Cap,118632,Nippon India Large Cap Fund - Direct Plan Growth Plan - Growth Option,Nippon India Mutual Fund,Open Ended Schemes,Equity Scheme - Large Cap Fund,2013-04-17,13.7107,2026-06-23T05:29:58.847318+00:00,https://api.mfapi.in/mf/118632
118632,Nippon Large Cap,118632,Nippon India Large Cap Fund - Direct Plan Growth Plan - Growth Option,Nippon India Mutual Fund,Open Ended Schemes,Equity Scheme - Large Cap Fund,2013-04-16,13.7055,2026-06-23T05:29:58.847318+00:00,https://api.mfapi.in/mf/118632
118632,Nippon Large Cap,118632,Nippon India Large Cap Fund - Direct Plan Growth Plan - Growth Option,Nippon India Mutual Fund,Open Ended Schemes,Equity Scheme - Large Cap Fund,2013-04-15,13.4536,2026-06-23T05:29:58.847318+00:00,https://api.mfapi.in/mf/118632
118632,Nippon Large Cap,118632,Nippon India Large Cap Fund - Direct Plan Growth Plan - Growth Option,Nippon India Mutual Fund,Open Ended Schemes,Equity Scheme - Large Cap Fund,2013-04-12,13.3635,2026-06-23T05:29:58.847318+00:00,https://api.mfapi.in/mf/118632
118632,Nippon Large Cap,118632,Nippon India Large Cap Fund - Direct Plan Growth Plan - Growth Option,Nippon India Mutual Fund,Open Ended Schemes,Equity Scheme - Large Cap Fund,2013-04-11,13.5316,2026-06-23T05:29:58.847318+00:00,https://api.mfapi.in/mf/118632
118632,Nippon Large Cap,118632,Nippon India Large Cap Fund - Direct Plan Growth Plan - Growth Option,Nippon India Mutual Fund,Open Ended Schemes,Equity Scheme - Large Cap Fund,2013-04-10,13.4579,2026-06-23T05:29:58.847318+00:00,https://api.mfapi.in/mf/118632
118632,Nippon Large Cap,118632,Nippon India Large Cap Fund - Direct Plan Growth Plan - Growth Option,Nippon India Mutual Fund,Open Ended Schemes,Equity Scheme - Large Cap Fund,2013-04-09,13.3266,2026-06-23T05:29:58.847318+00:00,https://api.mfapi.in/mf/118632
118632,Nippon Large Cap,118632,Nippon India Large Cap Fund - Direct Plan Growth Plan - Growth Option,Nippon India Mutual Fund,Open Ended Schemes,Equity Scheme - Large Cap Fund,2013-04-08,13.4526,2026-06-23T05:29:58.847318+00:00,https://api.mfapi.in/mf/118632
118632,Nippon Large Cap,118632,Nippon India Large Cap Fund - Direct Plan Growth Plan - Growth Option,Nippon India Mutual Fund,Open Ended Schemes,Equity Scheme - Large Cap Fund,2013-04-05,13.4782,2026-06-23T05:29:58.847318+00:00,https://api.mfapi.in/mf/118632
118632,Nippon Large Cap,118632,Nippon India Large Cap Fund - Direct Plan Growth Plan - Growth Option,Nippon India Mutual Fund,Open Ended Schemes,Equity Scheme - Large Cap Fund,2013-04-04,13.4167,2026-06-23T05:29:58.847318+00:00,https://api.mfapi.in/mf/118632
118632,Nippon Large Cap,118632,Nippon India Large Cap Fund - Direct Plan Growth Plan - Growth Option,Nippon India Mutual Fund,Open Ended Schemes,Equity Scheme - Large Cap Fund,2013-04-03,13.6549,2026-06-23T05:29:58.847318+00:00,https://api.mfapi.in/mf/118632
118632,Nippon Large Cap,118632,Nippon India Large Cap Fund - Direct Plan Growth Plan - Growth Option,Nippon India Mutual Fund,Open Ended Schemes,Equity Scheme - Large Cap Fund,2013-04-02,13.8124,2026-06-23T05:29:58.847318+00:00,https://api.mfapi.in/mf/118632
118632,Nippon Large Cap,118632,Nippon India Large Cap Fund - Direct Plan Growth Plan - Growth Option,Nippon India Mutual Fund,Open Ended Schemes,Equity Scheme - Large Cap Fund,2013-04-01,13.6324,2026-06-23T05:29:58.847318+00:00,https://api.mfapi.in/mf/118632
118632,Nippon Large Cap,118632,Nippon India Large Cap Fund - Direct Plan Growth Plan - Growth Option,Nippon India Mutual Fund,Open Ended Schemes,Equity Scheme - Large Cap Fund,2013-03-28,13.578,2026-06-23T05:29:58.847318+00:00,https://api.mfapi.in/mf/118632
118632,Nippon Large Cap,118632,Nippon India Large Cap Fund - Direct Plan Growth Plan - Growth Option,Nippon India Mutual Fund,Open Ended Schemes,Equity Scheme - Large Cap Fund,2013-03-26,13.4772,2026-06-23T05:29:58.847318+00:00,https://api.mfapi.in/mf/118632
118632,Nippon Large Cap,118632,Nippon India Large Cap Fund - Direct Plan Growth Plan - Growth Option,Nippon India Mutual Fund,Open Ended Schemes,Equity Scheme - Large Cap Fund,2013-03-25,13.4002,2026-06-23T05:29:58.847318+00:00,https://api.mfapi.in/mf/118632
118632,Nippon Large Cap,118632,Nippon India Large Cap Fund - Direct Plan Growth Plan - Growth Option,Nippon India Mutual Fund,Open Ended Schemes,Equity Scheme - Large Cap Fund,2013-03-22,13.4563,2026-06-23T05:29:58.847318+00:00,https://api.mfapi.in/mf/118632
118632,Nippon Large Cap,118632,Nippon India Large Cap Fund - Direct Plan Growth Plan - Growth Option,Nippon India Mutual Fund,Open Ended Schemes,Equity Scheme - Large Cap Fund,2013-03-21,13.4908,2026-06-23T05:29:58.847318+00:00,https://api.mfapi.in/mf/118632
118632,Nippon Large Cap,118632,Nippon India Large Cap Fund - Direct Plan Growth Plan - Growth Option,Nippon India Mutual Fund,Open Ended Schemes,Equity Scheme - Large Cap Fund,2013-03-20,13.4866,2026-06-23T05:29:58.847318+00:00,https://api.mfapi.in/mf/118632
118632,Nippon Large Cap,118632,Nippon India Large Cap Fund - Direct Plan Growth Plan - Growth Option,Nippon India Mutual Fund,Open Ended Schemes,Equity Scheme - Large Cap Fund,2013-03-19,13.7101,2026-06-23T05:29:58.847318+00:00,https://api.mfapi.in/mf/118632
118632,Nippon Large Cap,118632,Nippon India Large Cap Fund - Direct Plan Growth Plan - Growth Option,Nippon India Mutual Fund,Open Ended Schemes,Equity Scheme - Large Cap Fund,2013-03-18,13.9688,2026-06-23T05:29:58.847318+00:00,https://api.mfapi.in/mf/118632
118632,Nippon Large Cap,118632,Nippon India Large Cap Fund - Direct Plan Growth Plan - Growth Option,Nippon India Mutual Fund,Open Ended Schemes,Equity Scheme - Large Cap Fund,2013-03-15,14.0574,2026-06-23T05:29:58.847318+00:00,https://api.mfapi.in/mf/118632
118632,Nippon Large Cap,118632,Nippon India Large Cap Fund - Direct Plan Growth Plan - Growth Option,Nippon India Mutual Fund,Open Ended Schemes,Equity Scheme - Large Cap Fund,2013-03-14,14.1321,2026-06-23T05:29:58.847318+00:00,https://api.mfapi.in/mf/118632
118632,Nippon Large Cap,118632,Nippon India Large Cap Fund - Direct Plan Growth Plan - Growth Option,Nippon India Mutual Fund,Open Ended Schemes,Equity Scheme - Large Cap Fund,2013-03-13,13.9586,2026-06-23T05:29:58.847318+00:00,https://api.mfapi.in/mf/118632
118632,Nippon Large Cap,118632,Nippon India Large Cap Fund - Direct Plan Growth Plan - Growth Option,Nippon India Mutual Fund,Open Ended Schemes,Equity Scheme - Large Cap Fund,2013-03-12,14.1646,2026-06-23T05:29:58.847318+00:00,https://api.mfapi.in/mf/118632
118632,Nippon Large Cap,118632,Nippon India Large Cap Fund - Direct Plan Growth Plan - Growth Option,Nippon India Mutual Fund,Open Ended Schemes,Equity Scheme - Large Cap Fund,2013-03-11,14.2265,2026-06-23T05:29:58.847318+00:00,https://api.mfapi.in/mf/118632
118632,Nippon Large Cap,118632,Nippon India Large Cap Fund - Direct Plan Growth Plan - Growth Option,Nippon India Mutual Fund,Open Ended Schemes,Equity Scheme - Large Cap Fund,2013-03-08,14.2733,2026-06-23T05:29:58.847318+00:00,https://api.mfapi.in/mf/118632
118632,Nippon Large Cap,118632,Nippon India Large Cap Fund - Direct Plan Growth Plan - Growth Option,Nippon India Mutual Fund,Open Ended Schemes,Equity Scheme - Large Cap Fund,2013-03-07,14.1368,2026-06-23T05:29:58.847318+00:00,https://api.mfapi.in/mf/118632
118632,Nippon Large Cap,118632,Nippon India Large Cap Fund - Direct Plan Growth Plan - Growth Option,Nippon India Mutual Fund,Open Ended Schemes,Equity Scheme - Large Cap Fund,2013-03-06,14.0779,2026-06-23T05:29:58.847318+00:00,https://api.mfapi.in/mf/118632
118632,Nippon Large Cap,118632,Nippon India Large Cap Fund - Direct Plan Growth Plan - Growth Option,Nippon India Mutual Fund,Open Ended Schemes,Equity Scheme - Large Cap Fund,2013-03-05,13.9807,2026-06-23T05:29:58.847318+00:00,https://api.mfapi.in/mf/118632
118632,Nippon Large Cap,118632,Nippon India Large Cap Fund - Direct Plan Growth Plan - Growth Option,Nippon India Mutual Fund,Open Ended Schemes,Equity Scheme - Large Cap Fund,2013-03-04,13.7577,2026-06-23T05:29:58.847318+00:00,https://api.mfapi.in/mf/118632
118632,Nippon Large Cap,118632,Nippon India Large Cap Fund - Direct Plan Growth Plan - Growth Option,Nippon India Mutual Fund,Open Ended Schemes,Equity Scheme - Large Cap Fund,2013-03-01,13.8247,2026-06-23T05:29:58.847318+00:00,https://api.mfapi.in/mf/118632
118632,Nippon Large Cap,118632,Nippon India Large Cap Fund - Direct Plan Growth Plan - Growth Option,Nippon India Mutual Fund,Open Ended Schemes,Equity Scheme - Large Cap Fund,2013-02-28,13.7174,2026-06-23T05:29:58.847318+00:00,https://api.mfapi.in/mf/118632
118632,Nippon Large Cap,118632,Nippon India Large Cap Fund - Direct Plan Growth Plan - Growth Option,Nippon India Mutual Fund,Open Ended Schemes,Equity Scheme - Large Cap Fund,2013-02-27,13.9873,2026-06-23T05:29:58.847318+00:00,https://api.mfapi.in/mf/118632
118632,Nippon Large Cap,118632,Nippon India Large Cap Fund - Direct Plan Growth Plan - Growth Option,Nippon India Mutual Fund,Open Ended Schemes,Equity Scheme - Large Cap Fund,2013-02-26,13.8873,2026-06-23T05:29:58.847318+00:00,https://api.mfapi.in/mf/118632
118632,Nippon Large Cap,118632,Nippon India Large Cap Fund - Direct Plan Growth Plan - Growth Option,Nippon India Mutual Fund,Open Ended Schemes,Equity Scheme - Large Cap Fund,2013-02-25,14.0828,2026-06-23T05:29:58.847318+00:00,https://api.mfapi.in/mf/118632
118632,Nippon Large Cap,118632,Nippon India Large Cap Fund - Direct Plan Growth Plan - Growth Option,Nippon India Mutual Fund,Open Ended Schemes,Equity Scheme - Large Cap Fund,2013-02-22,14.0985,2026-06-23T05:29:58.847318+00:00,https://api.mfapi.in/mf/118632
118632,Nippon Large Cap,118632,Nippon India Large Cap Fund - Direct Plan Growth Plan - Growth Option,Nippon India Mutual Fund,Open Ended Schemes,Equity Scheme - Large Cap Fund,2013-02-21,14.0679,2026-06-23T05:29:58.847318+00:00,https://api.mfapi.in/mf/118632
118632,Nippon Large Cap,118632,Nippon India Large Cap Fund - Direct Plan Growth Plan - Growth Option,Nippon India Mutual Fund,Open Ended Schemes,Equity Scheme - Large Cap Fund,2013-02-20,14.2782,2026-06-23T05:29:58.847318+00:00,https://api.mfapi.in/mf/118632
118632,Nippon Large Cap,118632,Nippon India Large Cap Fund - Direct Plan Growth Plan - Growth Option,Nippon India Mutual Fund,Open Ended Schemes,Equity Scheme - Large Cap Fund,2013-02-19,14.2926,2026-06-23T05:29:58.847318+00:00,https://api.mfapi.in/mf/118632
118632,Nippon Large Cap,118632,Nippon India Large Cap Fund - Direct Plan Growth Plan - Growth Option,Nippon India Mutual Fund,Open Ended Schemes,Equity Scheme - Large Cap Fund,2013-02-18,14.1843,2026-06-23T05:29:58.847318+00:00,https://api.mfapi.in/mf/118632
118632,Nippon Large Cap,118632,Nippon India Large Cap Fund - Direct Plan Growth Plan - Growth Option,Nippon India Mutual Fund,Open Ended Schemes,Equity Scheme - Large Cap Fund,2013-02-15,14.1364,2026-06-23T05:29:58.847318+00:00,https://api.mfapi.in/mf/118632
118632,Nippon Large Cap,118632,Nippon India Large Cap Fund - Direct Plan Growth Plan - Growth Option,Nippon India Mutual Fund,Open Ended Schemes,Equity Scheme - Large Cap Fund,2013-02-14,14.1541,2026-06-23T05:29:58.847318+00:00,https://api.mfapi.in/mf/118632
118632,Nippon Large Cap,118632,Nippon India Large Cap Fund - Direct Plan Growth Plan - Growth Option,Nippon India Mutual Fund,Open Ended Schemes,Equity Scheme - Large Cap Fund,2013-02-13,14.3617,2026-06-23T05:29:58.847318+00:00,https://api.mfapi.in/mf/118632
118632,Nippon Large Cap,118632,Nippon India Large Cap Fund - Direct Plan Growth Plan - Growth Option,Nippon India Mutual Fund,Open Ended Schemes,Equity Scheme - Large Cap Fund,2013-02-12,14.3298,2026-06-23T05:29:58.847318+00:00,https://api.mfapi.in/mf/118632
118632,Nippon Large Cap,118632,Nippon India Large Cap Fund - Direct Plan Growth Plan - Growth Option,Nippon India Mutual Fund,Open Ended Schemes,Equity Scheme - Large Cap Fund,2013-02-11,14.2908,2026-06-23T05:29:58.847318+00:00,https://api.mfapi.in/mf/118632
118632,Nippon Large Cap,118632,Nippon India Large Cap Fund - Direct Plan Growth Plan - Growth Option,Nippon India Mutual Fund,Open Ended Schemes,Equity Scheme - Large Cap Fund,2013-02-08,14.3212,2026-06-23T05:29:58.847318+00:00,https://api.mfapi.in/mf/118632
118632,Nippon Large Cap,118632,Nippon India Large Cap Fund - Direct Plan Growth Plan - Growth Option,Nippon India Mutual Fund,Open Ended Schemes,Equity Scheme - Large Cap Fund,2013-02-07,14.4048,2026-06-23T05:29:58.847318+00:00,https://api.mfapi.in/mf/118632
118632,Nippon Large Cap,118632,Nippon India Large Cap Fund - Direct Plan Growth Plan - Growth Option,Nippon India Mutual Fund,Open Ended Schemes,Equity Scheme - Large Cap Fund,2013-02-06,14.4775,2026-06-23T05:29:58.847318+00:00,https://api.mfapi.in/mf/118632
118632,Nippon Large Cap,118632,Nippon India Large Cap Fund - Direct Plan Growth Plan - Growth Option,Nippon India Mutual Fund,Open Ended Schemes,Equity Scheme - Large Cap Fund,2013-02-05,14.4313,2026-06-23T05:29:58.847318+00:00,https://api.mfapi.in/mf/118632
118632,Nippon Large Cap,118632,Nippon India Large Cap Fund - Direct Plan Growth Plan - Growth Option,Nippon India Mutual Fund,Open Ended Schemes,Equity Scheme - Large Cap Fund,2013-02-04,14.5479,2026-06-23T05:29:58.847318+00:00,https://api.mfapi.in/mf/118632
118632,Nippon Large Cap,118632,Nippon India Large Cap Fund - Direct Plan Growth Plan - Growth Option,Nippon India Mutual Fund,Open Ended Schemes,Equity Scheme - Large Cap Fund,2013-02-01,14.5671,2026-06-23T05:29:58.847318+00:00,https://api.mfapi.in/mf/118632
118632,Nippon Large Cap,118632,Nippon India Large Cap Fund - Direct Plan Growth Plan - Growth Option,Nippon India Mutual Fund,Open Ended Schemes,Equity Scheme - Large Cap Fund,2013-01-31,14.6179,2026-06-23T05:29:58.847318+00:00,https://api.mfapi.in/mf/118632
118632,Nippon Large Cap,118632,Nippon India Large Cap Fund - Direct Plan Growth Plan - Growth Option,Nippon India Mutual Fund,Open Ended Schemes,Equity Scheme - Large Cap Fund,2013-01-30,14.6583,2026-06-23T05:29:58.847318+00:00,https://api.mfapi.in/mf/118632
118632,Nippon Large Cap,118632,Nippon India Large Cap Fund - Direct Plan Growth Plan - Growth Option,Nippon India Mutual Fund,Open Ended Schemes,Equity Scheme - Large Cap Fund,2013-01-29,14.681,2026-06-23T05:29:58.847318+00:00,https://api.mfapi.in/mf/118632
118632,Nippon Large Cap,118632,Nippon India Large Cap Fund - Direct Plan Growth Plan - Growth Option,Nippon India Mutual Fund,Open Ended Schemes,Equity Scheme - Large Cap Fund,2013-01-28,14.7737,2026-06-23T05:29:58.847318+00:00,https://api.mfapi.in/mf/118632
118632,Nippon Large Cap,118632,Nippon India Large Cap Fund - Direct Plan Growth Plan - Growth Option,Nippon India Mutual Fund,Open Ended Schemes,Equity Scheme - Large Cap Fund,2013-01-25,14.7605,2026-06-23T05:29:58.847318+00:00,https://api.mfapi.in/mf/118632
118632,Nippon Large Cap,118632,Nippon India Large Cap Fund - Direct Plan Growth Plan - Growth Option,Nippon India Mutual Fund,Open Ended Schemes,Equity Scheme - Large Cap Fund,2013-01-24,14.6226,2026-06-23T05:29:58.847318+00:00,https://api.mfapi.in/mf/118632
118632,Nippon Large Cap,118632,Nippon India Large Cap Fund - Direct Plan Growth Plan - Growth Option,Nippon India Mutual Fund,Open Ended Schemes,Equity Scheme - Large Cap Fund,2013-01-23,14.7986,2026-06-23T05:29:58.847318+00:00,https://api.mfapi.in/mf/118632
118632,Nippon Large Cap,118632,Nippon India Large Cap Fund - Direct Plan Growth Plan - Growth Option,Nippon India Mutual Fund,Open Ended Schemes,Equity Scheme - Large Cap Fund,2013-01-22,14.8574,2026-06-23T05:29:58.847318+00:00,https://api.mfapi.in/mf/118632
118632,Nippon Large Cap,118632,Nippon India Large Cap Fund - Direct Plan Growth Plan - Growth Option,Nippon India Mutual Fund,Open Ended Schemes,Equity Scheme - Large Cap Fund,2013-01-21,14.9285,2026-06-23T05:29:58.847318+00:00,https://api.mfapi.in/mf/118632
118632,Nippon Large Cap,118632,Nippon India Large Cap Fund - Direct Plan Growth Plan - Growth Option,Nippon India Mutual Fund,Open Ended Schemes,Equity Scheme - Large Cap Fund,2013-01-18,14.8654,2026-06-23T05:29:58.847318+00:00,https://api.mfapi.in/mf/118632
118632,Nippon Large Cap,118632,Nippon India Large Cap Fund - Direct Plan Growth Plan - Growth Option,Nippon India Mutual Fund,Open Ended Schemes,Equity Scheme - Large Cap Fund,2013-01-17,14.7703,2026-06-23T05:29:58.847318+00:00,https://api.mfapi.in/mf/118632
118632,Nippon Large Cap,118632,Nippon India Large Cap Fund - Direct Plan Growth Plan - Growth Option,Nippon India Mutual Fund,Open Ended Schemes,Equity Scheme - Large Cap Fund,2013-01-16,14.6876,2026-06-23T05:29:58.847318+00:00,https://api.mfapi.in/mf/118632
118632,Nippon Large Cap,118632,Nippon India Large Cap Fund - Direct Plan Growth Plan - Growth Option,Nippon India Mutual Fund,Open Ended Schemes,Equity Scheme - Large Cap Fund,2013-01-15,14.8315,2026-06-23T05:29:58.847318+00:00,https://api.mfapi.in/mf/118632
118632,Nippon Large Cap,118632,Nippon India Large Cap Fund - Direct Plan Growth Plan - Growth Option,Nippon India Mutual Fund,Open Ended Schemes,Equity Scheme - Large Cap Fund,2013-01-14,14.7844,2026-06-23T05:29:58.847318+00:00,https://api.mfapi.in/mf/118632
118632,Nippon Large Cap,118632,Nippon India Large Cap Fund - Direct Plan Growth Plan - Growth Option,Nippon India Mutual Fund,Open Ended Schemes,Equity Scheme - Large Cap Fund,2013-01-11,14.6421,2026-06-23T05:29:58.847318+00:00,https://api.mfapi.in/mf/118632
118632,Nippon Large Cap,118632,Nippon India Large Cap Fund - Direct Plan Growth Plan - Growth Option,Nippon India Mutual Fund,Open Ended Schemes,Equity Scheme - Large Cap Fund,2013-01-10,14.6784,2026-06-23T05:29:58.847318+00:00,https://api.mfapi.in/mf/118632
118632,Nippon Large Cap,118632,Nippon India Large Cap Fund - Direct Plan Growth Plan - Growth Option,Nippon India Mutual Fund,Open Ended Schemes,Equity Scheme - Large Cap Fund,2013-01-09,14.7249,2026-06-23T05:29:58.847318+00:00,https://api.mfapi.in/mf/118632
118632,Nippon Large Cap,118632,Nippon India Large Cap Fund - Direct Plan Growth Plan - Growth Option,Nippon India Mutual Fund,Open Ended Schemes,Equity Scheme - Large Cap Fund,2013-01-08,14.7197,2026-06-23T05:29:58.847318+00:00,https://api.mfapi.in/mf/118632
118632,Nippon Large Cap,118632,Nippon India Large Cap Fund - Direct Plan Growth Plan - Growth Option,Nippon India Mutual Fund,Open Ended Schemes,Equity Scheme - Large Cap Fund,2013-01-07,14.7718,2026-06-23T05:29:58.847318+00:00,https://api.mfapi.in/mf/118632
118632,Nippon Large Cap,118632,Nippon India Large Cap Fund - Direct Plan Growth Plan - Growth Option,Nippon India Mutual Fund,Open Ended Schemes,Equity Scheme - Large Cap Fund,2013-01-04,14.8037,2026-06-23T05:29:58.847318+00:00,https://api.mfapi.in/mf/118632
118632,Nippon Large Cap,118632,Nippon India Large Cap Fund - Direct Plan Growth Plan - Growth Option,Nippon India Mutual Fund,Open Ended Schemes,Equity Scheme - Large Cap Fund,2013-01-03,14.7305,2026-06-23T05:29:58.847318+00:00,https://api.mfapi.in/mf/118632
118632,Nippon Large Cap,118632,Nippon India Large Cap Fund - Direct Plan Growth Plan - Growth Option,Nippon India Mutual Fund,Open Ended Schemes,Equity Scheme - Large Cap Fund,2013-01-02,14.6967,2026-06-23T05:29:58.847318+00:00,https://api.mfapi.in/mf/118632
