requested_scheme_code,requested_scheme_name,scheme_code,scheme_name,fund_house,scheme_type,scheme_category,date,nav,fetched_at_utc,source_url
119551,SBI Bluechip,119551,Aditya Birla Sun Life Banking & PSU Debt Fund  - DIRECT - IDCW,Aditya Birla Sun Life Mutual Fund,Open Ended Schemes,Debt Scheme - Banking and PSU Fund,2026-06-22,105.985,2026-06-23T05:29:58.847318+00:00,https://api.mfapi.in/mf/119551
119551,SBI Bluechip,119551,Aditya Birla Sun Life Banking & PSU Debt Fund  - DIRECT - IDCW,Aditya Birla Sun Life Mutual Fund,Open Ended Schemes,Debt Scheme - Banking and PSU Fund,2026-06-19,105.9219,2026-06-23T05:29:58.847318+00:00,https://api.mfapi.in/mf/119551
119551,SBI Bluechip,119551,Aditya Birla Sun Life Banking & PSU Debt Fund  - DIRECT - IDCW,Aditya Birla Sun Life Mutual Fund,Open Ended Schemes,Debt Scheme - Banking and PSU Fund,2026-06-18,105.9003,2026-06-23T05:29:58.847318+00:00,https://api.mfapi.in/mf/119551
119551,SBI Bluechip,119551,Aditya Birla Sun Life Banking & PSU Debt Fund  - DIRECT - IDCW,Aditya Birla Sun Life Mutual Fund,Open Ended Schemes,Debt Scheme - Banking and PSU Fund,2026-06-17,105.8482,2026-06-23T05:29:58.847318+00:00,https://api.mfapi.in/mf/119551
119551,SBI Bluechip,119551,Aditya Birla Sun Life Banking & PSU Debt Fund  - DIRECT - IDCW,Aditya Birla Sun Life Mutual Fund,Open Ended Schemes,Debt Scheme - Banking and PSU Fund,2026-06-16,105.8455,2026-06-23T05:29:58.847318+00:00,https://api.mfapi.in/mf/119551
119551,SBI Bluechip,119551,Aditya Birla Sun Life Banking & PSU Debt Fund  - DIRECT - IDCW,Aditya Birla Sun Life Mutual Fund,Open Ended Schemes,Debt Scheme - Banking and PSU Fund,2026-06-15,105.8125,2026-06-23T05:29:58.847318+00:00,https://api.mfapi.in/mf/119551
119551,SBI Bluechip,119551,Aditya Birla Sun Life Banking & PSU Debt Fund  - DIRECT - IDCW,Aditya Birla Sun Life Mutual Fund,Open Ended Schemes,Debt Scheme - Banking and PSU Fund,2026-06-12,105.6864,2026-06-23T05:29:58.847318+00:00,https://api.mfapi.in/mf/119551
119551,SBI Bluechip,119551,Aditya Birla Sun Life Banking & PSU Debt Fund  - DIRECT - IDCW,Aditya Birla Sun Life Mutual Fund,Open Ended Schemes,Debt Scheme - Banking and PSU Fund,2026-06-11,105.5737,2026-06-23T05:29:58.847318+00:00,https://api.mfapi.in/mf/119551
119551,SBI Bluechip,119551,Aditya Birla Sun Life Banking & PSU Debt Fund  - DIRECT - IDCW,Aditya Birla Sun Life Mutual Fund,Open Ended Schemes,Debt Scheme - Banking and PSU Fund,2026-06-10,105.6569,2026-06-23T05:29:58.847318+00:00,https://api.mfapi.in/mf/119551
119551,SBI Bluechip,119551,Aditya Birla Sun Life Banking & PSU Debt Fund  - DIRECT - IDCW,Aditya Birla Sun Life Mutual Fund,Open Ended Schemes,Debt Scheme - Banking and PSU Fund,2026-06-09,105.5793,2026-06-23T05:29:58.847318+00:00,https://api.mfapi.in/mf/119551
119551,SBI Bluechip,119551,Aditya Birla Sun Life Banking & PSU Debt Fund  - DIRECT - IDCW,Aditya Birla Sun Life Mutual Fund,Open Ended Schemes,Debt Scheme - Banking and PSU Fund,2026-06-08,105.3084,2026-06-23T05:29:58.847318+00:00,https://api.mfapi.in/mf/119551
119551,SBI Bluechip,119551,Aditya Birla Sun Life Banking & PSU Debt Fund  - DIRECT - IDCW,Aditya Birla Sun Life Mutual Fund,Open Ended Schemes,Debt Scheme - Banking and PSU Fund,2026-06-05,105.107,2026-06-23T05:29:58.847318+00:00,https://api.mfapi.in/mf/119551
119551,SBI Bluechip,119551,Aditya Birla Sun Life Banking & PSU Debt Fund  - DIRECT - IDCW,Aditya Birla Sun Life Mutual Fund,Open Ended Schemes,Debt Scheme - Banking and PSU Fund,2026-06-04,104.8095,2026-06-23T05:29:58.847318+00:00,https://api.mfapi.in/mf/119551
119551,SBI Bluechip,119551,Aditya Birla Sun Life Banking & PSU Debt Fund  - DIRECT - IDCW,Aditya Birla Sun Life Mutual Fund,Open Ended Schemes,Debt Scheme - Banking and PSU Fund,2026-06-03,104.7496,2026-06-23T05:29:58.847318+00:00,https://api.mfapi.in/mf/119551
119551,SBI Bluechip,119551,Aditya Birla Sun Life Banking & PSU Debt Fund  - DIRECT - IDCW,Aditya Birla Sun Life Mutual Fund,Open Ended Schemes,Debt Scheme - Banking and PSU Fund,2026-06-02,104.7663,2026-06-23T05:29:58.847318+00:00,https://api.mfapi.in/mf/119551
119551,SBI Bluechip,119551,Aditya Birla Sun Life Banking & PSU Debt Fund  - DIRECT - IDCW,Aditya Birla Sun Life Mutual Fund,Open Ended Schemes,Debt Scheme - Banking and PSU Fund,2026-06-01,104.7025,2026-06-23T05:29:58.847318+00:00,https://api.mfapi.in/mf/119551
119551,SBI Bluechip,119551,Aditya Birla Sun Life Banking & PSU Debt Fund  - DIRECT - IDCW,Aditya Birla Sun Life Mutual Fund,Open Ended Schemes,Debt Scheme - Banking and PSU Fund,2026-05-29,104.657,2026-06-23T05:29:58.847318+00:00,https://api.mfapi.in/mf/119551
119551,SBI Bluechip,119551,Aditya Birla Sun Life Banking & PSU Debt Fund  - DIRECT - IDCW,Aditya Birla Sun Life Mutual Fund,Open Ended Schemes,Debt Scheme - Banking and PSU Fund,2026-05-27,104.5833,2026-06-23T05:29:58.847318+00:00,https://api.mfapi.in/mf/119551
119551,SBI Bluechip,119551,Aditya Birla Sun Life Banking & PSU Debt Fund  - DIRECT - IDCW,Aditya Birla Sun Life Mutual Fund,Open Ended Schemes,Debt Scheme - Banking and PSU Fund,2026-05-26,104.5269,2026-06-23T05:29:58.847318+00:00,https://api.mfapi.in/mf/119551
119551,SBI Bluechip,119551,Aditya Birla Sun Life Banking & PSU Debt Fund  - DIRECT - IDCW,Aditya Birla Sun Life Mutual Fund,Open Ended Schemes,Debt Scheme - Banking and PSU Fund,2026-05-25,104.5215,2026-06-23T05:29:58.847318+00:00,https://api.mfapi.in/mf/119551
119551,SBI Bluechip,119551,Aditya Birla Sun Life Banking & PSU Debt Fund  - DIRECT - IDCW,Aditya Birla Sun Life Mutual Fund,Open Ended Schemes,Debt Scheme - Banking and PSU Fund,2026-05-22,104.3467,2026-06-23T05:29:58.847318+00:00,https://api.mfapi.in/mf/119551
119551,SBI Bluechip,119551,Aditya Birla Sun Life Banking & PSU Debt Fund  - DIRECT - IDCW,Aditya Birla Sun Life Mutual Fund,Open Ended Schemes,Debt Scheme - Banking and PSU Fund,2026-05-21,104.285,2026-06-23T05:29:58.847318+00:00,https://api.mfapi.in/mf/119551
119551,SBI Bluechip,119551,Aditya Birla Sun Life Banking & PSU Debt Fund  - DIRECT - IDCW,Aditya Birla Sun Life Mutual Fund,Open Ended Schemes,Debt Scheme - Banking and PSU Fund,2026-05-20,104.3826,2026-06-23T05:29:58.847318+00:00,https://api.mfapi.in/mf/119551
119551,SBI Bluechip,119551,Aditya Birla Sun Life Banking & PSU Debt Fund  - DIRECT - IDCW,Aditya Birla Sun Life Mutual Fund,Open Ended Schemes,Debt Scheme - Banking and PSU Fund,2026-05-19,104.4216,2026-06-23T05:29:58.847318+00:00,https://api.mfapi.in/mf/119551
119551,SBI Bluechip,119551,Aditya Birla Sun Life Banking & PSU Debt Fund  - DIRECT - IDCW,Aditya Birla Sun Life Mutual Fund,Open Ended Schemes,Debt Scheme - Banking and PSU Fund,2026-05-18,104.3791,2026-06-23T05:29:58.847318+00:00,https://api.mfapi.in/mf/119551
119551,SBI Bluechip,119551,Aditya Birla Sun Life Banking & PSU Debt Fund  - DIRECT - IDCW,Aditya Birla Sun Life Mutual Fund,Open Ended Schemes,Debt Scheme - Banking and PSU Fund,2026-05-15,104.5968,2026-06-23T05:29:58.847318+00:00,https://api.mfapi.in/mf/119551
119551,SBI Bluechip,119551,Aditya Birla Sun Life Banking & PSU Debt Fund  - DIRECT - IDCW,Aditya Birla Sun Life Mutual Fund,Open Ended Schemes,Debt Scheme - Banking and PSU Fund,2026-05-14,104.7318,2026-06-23T05:29:58.847318+00:00,https://api.mfapi.in/mf/119551
119551,SBI Bluechip,119551,Aditya Birla Sun Life Banking & PSU Debt Fund  - DIRECT - IDCW,Aditya Birla Sun Life Mutual Fund,Open Ended Schemes,Debt Scheme - Banking and PSU Fund,2026-05-13,104.7371,2026-06-23T05:29:58.847318+00:00,https://api.mfapi.in/mf/119551
119551,SBI Bluechip,119551,Aditya Birla Sun Life Banking & PSU Debt Fund  - DIRECT - IDCW,Aditya Birla Sun Life Mutual Fund,Open Ended Schemes,Debt Scheme - Banking and PSU Fund,2026-05-12,104.7585,2026-06-23T05:29:58.847318+00:00,https://api.mfapi.in/mf/119551
119551,SBI Bluechip,119551,Aditya Birla Sun Life Banking & PSU Debt Fund  - DIRECT - IDCW,Aditya Birla Sun Life Mutual Fund,Open Ended Schemes,Debt Scheme - Banking and PSU Fund,2026-05-11,104.8053,2026-06-23T05:29:58.847318+00:00,https://api.mfapi.in/mf/119551
119551,SBI Bluechip,119551,Aditya Birla Sun Life Banking & PSU Debt Fund  - DIRECT - IDCW,Aditya Birla Sun Life Mutual Fund,Open Ended Schemes,Debt Scheme - Banking and PSU Fund,2026-05-08,104.8696,2026-06-23T05:29:58.847318+00:00,https://api.mfapi.in/mf/119551
119551,SBI Bluechip,119551,Aditya Birla Sun Life Banking & PSU Debt Fund  - DIRECT - IDCW,Aditya Birla Sun Life Mutual Fund,Open Ended Schemes,Debt Scheme - Banking and PSU Fund,2026-05-07,104.8762,2026-06-23T05:29:58.847318+00:00,https://api.mfapi.in/mf/119551
119551,SBI Bluechip,119551,Aditya Birla Sun Life Banking & PSU Debt Fund  - DIRECT - IDCW,Aditya Birla Sun Life Mutual Fund,Open Ended Schemes,Debt Scheme - Banking and PSU Fund,2026-05-06,104.8043,2026-06-23T05:29:58.847318+00:00,https://api.mfapi.in/mf/119551
119551,SBI Bluechip,119551,Aditya Birla Sun Life Banking & PSU Debt Fund  - DIRECT - IDCW,Aditya Birla Sun Life Mutual Fund,Open Ended Schemes,Debt Scheme - Banking and PSU Fund,2026-05-05,104.6166,2026-06-23T05:29:58.847318+00:00,https://api.mfapi.in/mf/119551
119551,SBI Bluechip,119551,Aditya Birla Sun Life Banking & PSU Debt Fund  - DIRECT - IDCW,Aditya Birla Sun Life Mutual Fund,Open Ended Schemes,Debt Scheme - Banking and PSU Fund,2026-05-04,104.6544,2026-06-23T05:29:58.847318+00:00,https://api.mfapi.in/mf/119551
119551,SBI Bluechip,119551,Aditya Birla Sun Life Banking & PSU Debt Fund  - DIRECT - IDCW,Aditya Birla Sun Life Mutual Fund,Open Ended Schemes,Debt Scheme - Banking and PSU Fund,2026-04-30,104.5706,2026-06-23T05:29:58.847318+00:00,https://api.mfapi.in/mf/119551
119551,SBI Bluechip,119551,Aditya Birla Sun Life Banking & PSU Debt Fund  - DIRECT - IDCW,Aditya Birla Sun Life Mutual Fund,Open Ended Schemes,Debt Scheme - Banking and PSU Fund,2026-04-29,104.6594,2026-06-23T05:29:58.847318+00:00,https://api.mfapi.in/mf/119551
119551,SBI Bluechip,119551,Aditya Birla Sun Life Banking & PSU Debt Fund  - DIRECT - IDCW,Aditya Birla Sun Life Mutual Fund,Open Ended Schemes,Debt Scheme - Banking and PSU Fund,2026-04-28,104.7428,2026-06-23T05:29:58.847318+00:00,https://api.mfapi.in/mf/119551
119551,SBI Bluechip,119551,Aditya Birla Sun Life Banking & PSU Debt Fund  - DIRECT - IDCW,Aditya Birla Sun Life Mutual Fund,Open Ended Schemes,Debt Scheme - Banking and PSU Fund,2026-04-27,104.7771,2026-06-23T05:29:58.847318+00:00,https://api.mfapi.in/mf/119551
119551,SBI Bluechip,119551,Aditya Birla Sun Life Banking & PSU Debt Fund  - DIRECT - IDCW,Aditya Birla Sun Life Mutual Fund,Open Ended Schemes,Debt Scheme - Banking and PSU Fund,2026-04-24,104.7091,2026-06-23T05:29:58.847318+00:00,https://api.mfapi.in/mf/119551
119551,SBI Bluechip,119551,Aditya Birla Sun Life Banking & PSU Debt Fund  - DIRECT - IDCW,Aditya Birla Sun Life Mutual Fund,Open Ended Schemes,Debt Scheme - Banking and PSU Fund,2026-04-23,104.7652,2026-06-23T05:29:58.847318+00:00,https://api.mfapi.in/mf/119551
119551,SBI Bluechip,119551,Aditya Birla Sun Life Banking & PSU Debt Fund  - DIRECT - IDCW,Aditya Birla Sun Life Mutual Fund,Open Ended Schemes,Debt Scheme - Banking and PSU Fund,2026-04-22,104.8473,2026-06-23T05:29:58.847318+00:00,https://api.mfapi.in/mf/119551
119551,SBI Bluechip,119551,Aditya Birla Sun Life Banking & PSU Debt Fund  - DIRECT - IDCW,Aditya Birla Sun Life Mutual Fund,Open Ended Schemes,Debt Scheme - Banking and PSU Fund,2026-04-21,104.847,2026-06-23T05:29:58.847318+00:00,https://api.mfapi.in/mf/119551
119551,SBI Bluechip,119551,Aditya Birla Sun Life Banking & PSU Debt Fund  - DIRECT - IDCW,Aditya Birla Sun Life Mutual Fund,Open Ended Schemes,Debt Scheme - Banking and PSU Fund,2026-04-20,104.8369,2026-06-23T05:29:58.847318+00:00,https://api.mfapi.in/mf/119551
119551,SBI Bluechip,119551,Aditya Birla Sun Life Banking & PSU Debt Fund  - DIRECT - IDCW,Aditya Birla Sun Life Mutual Fund,Open Ended Schemes,Debt Scheme - Banking and PSU Fund,2026-04-17,104.7821,2026-06-23T05:29:58.847318+00:00,https://api.mfapi.in/mf/119551
119551,SBI Bluechip,119551,Aditya Birla Sun Life Banking & PSU Debt Fund  - DIRECT - IDCW,Aditya Birla Sun Life Mutual Fund,Open Ended Schemes,Debt Scheme - Banking and PSU Fund,2026-04-16,104.7959,2026-06-23T05:29:58.847318+00:00,https://api.mfapi.in/mf/119551
119551,SBI Bluechip,119551,Aditya Birla Sun Life Banking & PSU Debt Fund  - DIRECT - IDCW,Aditya Birla Sun Life Mutual Fund,Open Ended Schemes,Debt Scheme - Banking and PSU Fund,2026-04-15,104.7901,2026-06-23T05:29:58.847318+00:00,https://api.mfapi.in/mf/119551
119551,SBI Bluechip,119551,Aditya Birla Sun Life Banking & PSU Debt Fund  - DIRECT - IDCW,Aditya Birla Sun Life Mutual Fund,Open Ended Schemes,Debt Scheme - Banking and PSU Fund,2026-04-13,104.6113,2026-06-23T05:29:58.847318+00:00,https://api.mfapi.in/mf/119551
119551,SBI Bluechip,119551,Aditya Birla Sun Life Banking & PSU Debt Fund  - DIRECT - IDCW,Aditya Birla Sun Life Mutual Fund,Open Ended Schemes,Debt Scheme - Banking and PSU Fund,2026-04-10,104.5956,2026-06-23T05:29:58.847318+00:00,https://api.mfapi.in/mf/119551
119551,SBI Bluechip,119551,Aditya Birla Sun Life Banking & PSU Debt Fund  - DIRECT - IDCW,Aditya Birla Sun Life Mutual Fund,Open Ended Schemes,Debt Scheme - Banking and PSU Fund,2026-04-09,104.515,2026-06-23T05:29:58.847318+00:00,https://api.mfapi.in/mf/119551
119551,SBI Bluechip,119551,Aditya Birla Sun Life Banking & PSU Debt Fund  - DIRECT - IDCW,Aditya Birla Sun Life Mutual Fund,Open Ended Schemes,Debt Scheme - Banking and PSU Fund,2026-04-08,104.3919,2026-06-23T05:29:58.847318+00:00,https://api.mfapi.in/mf/119551
119551,SBI Bluechip,119551,Aditya Birla Sun Life Banking & PSU Debt Fund  - DIRECT - IDCW,Aditya Birla Sun Life Mutual Fund,Open Ended Schemes,Debt Scheme - Banking and PSU Fund,2026-04-07,103.9918,2026-06-23T05:29:58.847318+00:00,https://api.mfapi.in/mf/119551
119551,SBI Bluechip,119551,Aditya Birla Sun Life Banking & PSU Debt Fund  - DIRECT - IDCW,Aditya Birla Sun Life Mutual Fund,Open Ended Schemes,Debt Scheme - Banking and PSU Fund,2026-04-06,103.9142,2026-06-23T05:29:58.847318+00:00,https://api.mfapi.in/mf/119551
119551,SBI Bluechip,119551,Aditya Birla Sun Life Banking & PSU Debt Fund  - DIRECT - IDCW,Aditya Birla Sun Life Mutual Fund,Open Ended Schemes,Debt Scheme - Banking and PSU Fund,2026-04-02,103.8813,2026-06-23T05:29:58.847318+00:00,https://api.mfapi.in/mf/119551
119551,SBI Bluechip,119551,Aditya Birla Sun Life Banking & PSU Debt Fund  - DIRECT - IDCW,Aditya Birla Sun Life Mutual Fund,Open Ended Schemes,Debt Scheme - Banking and PSU Fund,2026-03-31,104.0116,2026-06-23T05:29:58.847318+00:00,https://api.mfapi.in/mf/119551
119551,SBI Bluechip,119551,Aditya Birla Sun Life Banking & PSU Debt Fund  - DIRECT - IDCW,Aditya Birla Sun Life Mutual Fund,Open Ended Schemes,Debt Scheme - Banking and PSU Fund,2026-03-30,103.9921,2026-06-23T05:29:58.847318+00:00,https://api.mfapi.in/mf/119551
119551,SBI Bluechip,119551,Aditya Birla Sun Life Banking & PSU Debt Fund  - DIRECT - IDCW,Aditya Birla Sun Life Mutual Fund,Open Ended Schemes,Debt Scheme - Banking and PSU Fund,2026-03-27,103.9102,2026-06-23T05:29:58.847318+00:00,https://api.mfapi.in/mf/119551
119551,SBI Bluechip,119551,Aditya Birla Sun Life Banking & PSU Debt Fund  - DIRECT - IDCW,Aditya Birla Sun Life Mutual Fund,Open Ended Schemes,Debt Scheme - Banking and PSU Fund,2026-03-25,103.9713,2026-06-23T05:29:58.847318+00:00,https://api.mfapi.in/mf/119551
119551,SBI Bluechip,119551,Aditya Birla Sun Life Banking & PSU Debt Fund  - DIRECT - IDCW,Aditya Birla Sun Life Mutual Fund,Open Ended Schemes,Debt Scheme - Banking and PSU Fund,2026-03-24,103.9816,2026-06-23T05:29:58.847318+00:00,https://api.mfapi.in/mf/119551
119551,SBI Bluechip,119551,Aditya Birla Sun Life Banking & PSU Debt Fund  - DIRECT - IDCW,Aditya Birla Sun Life Mutual Fund,Open Ended Schemes,Debt Scheme - Banking and PSU Fund,2026-03-23,110.6625,2026-06-23T05:29:58.847318+00:00,https://api.mfapi.in/mf/119551
119551,SBI Bluechip,119551,Aditya Birla Sun Life Banking & PSU Debt Fund  - DIRECT - IDCW,Aditya Birla Sun Life Mutual Fund,Open Ended Schemes,Debt Scheme - Banking and PSU Fund,2026-03-20,110.9352,2026-06-23T05:29:58.847318+00:00,https://api.mfapi.in/mf/119551
119551,SBI Bluechip,119551,Aditya Birla Sun Life Banking & PSU Debt Fund  - DIRECT - IDCW,Aditya Birla Sun Life Mutual Fund,Open Ended Schemes,Debt Scheme - Banking and PSU Fund,2026-03-18,110.9985,2026-06-23T05:29:58.847318+00:00,https://api.mfapi.in/mf/119551
119551,SBI Bluechip,119551,Aditya Birla Sun Life Banking & PSU Debt Fund  - DIRECT - IDCW,Aditya Birla Sun Life Mutual Fund,Open Ended Schemes,Debt Scheme - Banking and PSU Fund,2026-03-17,110.9316,2026-06-23T05:29:58.847318+00:00,https://api.mfapi.in/mf/119551
119551,SBI Bluechip,119551,Aditya Birla Sun Life Banking & PSU Debt Fund  - DIRECT - IDCW,Aditya Birla Sun Life Mutual Fund,Open Ended Schemes,Debt Scheme - Banking and PSU Fund,2026-03-16,110.9159,2026-06-23T05:29:58.847318+00:00,https://api.mfapi.in/mf/119551
119551,SBI Bluechip,119551,Aditya Birla Sun Life Banking & PSU Debt Fund  - DIRECT - IDCW,Aditya Birla Sun Life Mutual Fund,Open Ended Schemes,Debt Scheme - Banking and PSU Fund,2026-03-13,110.9287,2026-06-23T05:29:58.847318+00:00,https://api.mfapi.in/mf/119551
119551,SBI Bluechip,119551,Aditya Birla Sun Life Banking & PSU Debt Fund  - DIRECT - IDCW,Aditya Birla Sun Life Mutual Fund,Open Ended Schemes,Debt Scheme - Banking and PSU Fund,2026-03-12,110.9898,2026-06-23T05:29:58.847318+00:00,https://api.mfapi.in/mf/119551
119551,SBI Bluechip,119551,Aditya Birla Sun Life Banking & PSU Debt Fund  - DIRECT - IDCW,Aditya Birla Sun Life Mutual Fund,Open Ended Schemes,Debt Scheme - Banking and PSU Fund,2026-03-11,111.1072,2026-06-23T05:29:58.847318+00:00,https://api.mfapi.in/mf/119551
119551,SBI Bluechip,119551,Aditya Birla Sun Life Banking & PSU Debt Fund  - DIRECT - IDCW,Aditya Birla Sun Life Mutual Fund,Open Ended Schemes,Debt Scheme - Banking and PSU Fund,2026-03-10,111.0484,2026-06-23T05:29:58.847318+00:00,https://api.mfapi.in/mf/119551
119551,SBI Bluechip,119551,Aditya Birla Sun Life Banking & PSU Debt Fund  - DIRECT - IDCW,Aditya Birla Sun Life Mutual Fund,Open Ended Schemes,Debt Scheme - Banking and PSU Fund,2026-03-09,110.9193,2026-06-23T05:29:58.847318+00:00,https://api.mfapi.in/mf/119551
119551,SBI Bluechip,119551,Aditya Birla Sun Life Banking & PSU Debt Fund  - DIRECT - IDCW,Aditya Birla Sun Life Mutual Fund,Open Ended Schemes,Debt Scheme - Banking and PSU Fund,2026-03-06,111.0395,2026-06-23T05:29:58.847318+00:00,https://api.mfapi.in/mf/119551
119551,SBI Bluechip,119551,Aditya Birla Sun Life Banking & PSU Debt Fund  - DIRECT - IDCW,Aditya Birla Sun Life Mutual Fund,Open Ended Schemes,Debt Scheme - Banking and PSU Fund,2026-03-05,111.0534,2026-06-23T05:29:58.847318+00:00,https://api.mfapi.in/mf/119551
119551,SBI Bluechip,119551,Aditya Birla Sun Life Banking & PSU Debt Fund  - DIRECT - IDCW,Aditya Birla Sun Life Mutual Fund,Open Ended Schemes,Debt Scheme - Banking and PSU Fund,2026-03-04,110.9499,2026-06-23T05:29:58.847318+00:00,https://api.mfapi.in/mf/119551
119551,SBI Bluechip,119551,Aditya Birla Sun Life Banking & PSU Debt Fund  - DIRECT - IDCW,Aditya Birla Sun Life Mutual Fund,Open Ended Schemes,Debt Scheme - Banking and PSU Fund,2026-03-02,111.0653,2026-06-23T05:29:58.847318+00:00,https://api.mfapi.in/mf/119551
119551,SBI Bluechip,119551,Aditya Birla Sun Life Banking & PSU Debt Fund  - DIRECT - IDCW,Aditya Birla Sun Life Mutual Fund,Open Ended Schemes,Debt Scheme - Banking and PSU Fund,2026-02-27,111.0261,2026-06-23T05:29:58.847318+00:00,https://api.mfapi.in/mf/119551
119551,SBI Bluechip,119551,Aditya Birla Sun Life Banking & PSU Debt Fund  - DIRECT - IDCW,Aditya Birla Sun Life Mutual Fund,Open Ended Schemes,Debt Scheme - Banking and PSU Fund,2026-02-26,111.0069,2026-06-23T05:29:58.847318+00:00,https://api.mfapi.in/mf/119551
119551,SBI Bluechip,119551,Aditya Birla Sun Life Banking & PSU Debt Fund  - DIRECT - IDCW,Aditya Birla Sun Life Mutual Fund,Open Ended Schemes,Debt Scheme - Banking and PSU Fund,2026-02-25,110.9826,2026-06-23T05:29:58.847318+00:00,https://api.mfapi.in/mf/119551
119551,SBI Bluechip,119551,Aditya Birla Sun Life Banking & PSU Debt Fund  - DIRECT - IDCW,Aditya Birla Sun Life Mutual Fund,Open Ended Schemes,Debt Scheme - Banking and PSU Fund,2026-02-24,110.9394,2026-06-23T05:29:58.847318+00:00,https://api.mfapi.in/mf/119551
119551,SBI Bluechip,119551,Aditya Birla Sun Life Banking & PSU Debt Fund  - DIRECT - IDCW,Aditya Birla Sun Life Mutual Fund,Open Ended Schemes,Debt Scheme - Banking and PSU Fund,2026-02-23,110.8829,2026-06-23T05:29:58.847318+00:00,https://api.mfapi.in/mf/119551
119551,SBI Bluechip,119551,Aditya Birla Sun Life Banking & PSU Debt Fund  - DIRECT - IDCW,Aditya Birla Sun Life Mutual Fund,Open Ended Schemes,Debt Scheme - Banking and PSU Fund,2026-02-20,110.807,2026-06-23T05:29:58.847318+00:00,https://api.mfapi.in/mf/119551
119551,SBI Bluechip,119551,Aditya Birla Sun Life Banking & PSU Debt Fund  - DIRECT - IDCW,Aditya Birla Sun Life Mutual Fund,Open Ended Schemes,Debt Scheme - Banking and PSU Fund,2026-02-18,110.8613,2026-06-23T05:29:58.847318+00:00,https://api.mfapi.in/mf/119551
119551,SBI Bluechip,119551,Aditya Birla Sun Life Banking & PSU Debt Fund  - DIRECT - IDCW,Aditya Birla Sun Life Mutual Fund,Open Ended Schemes,Debt Scheme - Banking and PSU Fund,2026-02-17,110.8682,2026-06-23T05:29:58.847318+00:00,https://api.mfapi.in/mf/119551
119551,SBI Bluechip,119551,Aditya Birla Sun Life Banking & PSU Debt Fund  - DIRECT - IDCW,Aditya Birla Sun Life Mutual Fund,Open Ended Schemes,Debt Scheme - Banking and PSU Fund,2026-02-16,110.8409,2026-06-23T05:29:58.847318+00:00,https://api.mfapi.in/mf/119551
119551,SBI Bluechip,119551,Aditya Birla Sun Life Banking & PSU Debt Fund  - DIRECT - IDCW,Aditya Birla Sun Life Mutual Fund,Open Ended Schemes,Debt Scheme - Banking and PSU Fund,2026-02-13,110.7584,2026-06-23T05:29:58.847318+00:00,https://api.mfapi.in/mf/119551
119551,SBI Bluechip,119551,Aditya Birla Sun Life Banking & PSU Debt Fund  - DIRECT - IDCW,Aditya Birla Sun Life Mutual Fund,Open Ended Schemes,Debt Scheme - Banking and PSU Fund,2026-02-12,110.6309,2026-06-23T05:29:58.847318+00:00,https://api.mfapi.in/mf/119551
119551,SBI Bluechip,119551,Aditya Birla Sun Life Banking & PSU Debt Fund  - DIRECT - IDCW,Aditya Birla Sun Life Mutual Fund,Open Ended Schemes,Debt Scheme - Banking and PSU Fund,2026-02-11,110.5056,2026-06-23T05:29:58.847318+00:00,https://api.mfapi.in/mf/119551
119551,SBI Bluechip,119551,Aditya Birla Sun Life Banking & PSU Debt Fund  - DIRECT - IDCW,Aditya Birla Sun Life Mutual Fund,Open Ended Schemes,Debt Scheme - Banking and PSU Fund,2026-02-10,110.4293,2026-06-23T05:29:58.847318+00:00,https://api.mfapi.in/mf/119551
119551,SBI Bluechip,119551,Aditya Birla Sun Life Banking & PSU Debt Fund  - DIRECT - IDCW,Aditya Birla Sun Life Mutual Fund,Open Ended Schemes,Debt Scheme - Banking and PSU Fund,2026-02-09,110.4233,2026-06-23T05:29:58.847318+00:00,https://api.mfapi.in/mf/119551
119551,SBI Bluechip,119551,Aditya Birla Sun Life Banking & PSU Debt Fund  - DIRECT - IDCW,Aditya Birla Sun Life Mutual Fund,Open Ended Schemes,Debt Scheme - Banking and PSU Fund,2026-02-06,110.4173,2026-06-23T05:29:58.847318+00:00,https://api.mfapi.in/mf/119551
119551,SBI Bluechip,119551,Aditya Birla Sun Life Banking & PSU Debt Fund  - DIRECT - IDCW,Aditya Birla Sun Life Mutual Fund,Open Ended Schemes,Debt Scheme - Banking and PSU Fund,2026-02-05,110.5985,2026-06-23T05:29:58.847318+00:00,https://api.mfapi.in/mf/119551
119551,SBI Bluechip,119551,Aditya Birla Sun Life Banking & PSU Debt Fund  - DIRECT - IDCW,Aditya Birla Sun Life Mutual Fund,Open Ended Schemes,Debt Scheme - Banking and PSU Fund,2026-02-04,110.4477,2026-06-23T05:29:58.847318+00:00,https://api.mfapi.in/mf/119551
119551,SBI Bluechip,119551,Aditya Birla Sun Life Banking & PSU Debt Fund  - DIRECT - IDCW,Aditya Birla Sun Life Mutual Fund,Open Ended Schemes,Debt Scheme - Banking and PSU Fund,2026-02-03,110.296,2026-06-23T05:29:58.847318+00:00,https://api.mfapi.in/mf/119551
119551,SBI Bluechip,119551,Aditya Birla Sun Life Banking & PSU Debt Fund  - DIRECT - IDCW,Aditya Birla Sun Life Mutual Fund,Open Ended Schemes,Debt Scheme - Banking and PSU Fund,2026-02-02,110.1537,2026-06-23T05:29:58.847318+00:00,https://api.mfapi.in/mf/119551
119551,SBI Bluechip,119551,Aditya Birla Sun Life Banking & PSU Debt Fund  - DIRECT - IDCW,Aditya Birla Sun Life Mutual Fund,Open Ended Schemes,Debt Scheme - Banking and PSU Fund,2026-01-30,110.1903,2026-06-23T05:29:58.847318+00:00,https://api.mfapi.in/mf/119551
119551,SBI Bluechip,119551,Aditya Birla Sun Life Banking & PSU Debt Fund  - DIRECT - IDCW,Aditya Birla Sun Life Mutual Fund,Open Ended Schemes,Debt Scheme - Banking and PSU Fund,2026-01-29,110.0922,2026-06-23T05:29:58.847318+00:00,https://api.mfapi.in/mf/119551
119551,SBI Bluechip,119551,Aditya Birla Sun Life Banking & PSU Debt Fund  - DIRECT - IDCW,Aditya Birla Sun Life Mutual Fund,Open Ended Schemes,Debt Scheme - Banking and PSU Fund,2026-01-28,110.0855,2026-06-23T05:29:58.847318+00:00,https://api.mfapi.in/mf/119551
119551,SBI Bluechip,119551,Aditya Birla Sun Life Banking & PSU Debt Fund  - DIRECT - IDCW,Aditya Birla Sun Life Mutual Fund,Open Ended Schemes,Debt Scheme - Banking and PSU Fund,2026-01-27,110.1078,2026-06-23T05:29:58.847318+00:00,https://api.mfapi.in/mf/119551
119551,SBI Bluechip,119551,Aditya Birla Sun Life Banking & PSU Debt Fund  - DIRECT - IDCW,Aditya Birla Sun Life Mutual Fund,Open Ended Schemes,Debt Scheme - Banking and PSU Fund,2026-01-23,110.0766,2026-06-23T05:29:58.847318+00:00,https://api.mfapi.in/mf/119551
119551,SBI Bluechip,119551,Aditya Birla Sun Life Banking & PSU Debt Fund  - DIRECT - IDCW,Aditya Birla Sun Life Mutual Fund,Open Ended Schemes,Debt Scheme - Banking and PSU Fund,2026-01-22,110.0539,2026-06-23T05:29:58.847318+00:00,https://api.mfapi.in/mf/119551
119551,SBI Bluechip,119551,Aditya Birla Sun Life Banking & PSU Debt Fund  - DIRECT - IDCW,Aditya Birla Sun Life Mutual Fund,Open Ended Schemes,Debt Scheme - Banking and PSU Fund,2026-01-21,109.9438,2026-06-23T05:29:58.847318+00:00,https://api.mfapi.in/mf/119551
119551,SBI Bluechip,119551,Aditya Birla Sun Life Banking & PSU Debt Fund  - DIRECT - IDCW,Aditya Birla Sun Life Mutual Fund,Open Ended Schemes,Debt Scheme - Banking and PSU Fund,2026-01-20,109.9385,2026-06-23T05:29:58.847318+00:00,https://api.mfapi.in/mf/119551
119551,SBI Bluechip,119551,Aditya Birla Sun Life Banking & PSU Debt Fund  - DIRECT - IDCW,Aditya Birla Sun Life Mutual Fund,Open Ended Schemes,Debt Scheme - Banking and PSU Fund,2026-01-19,109.9742,2026-06-23T05:29:58.847318+00:00,https://api.mfapi.in/mf/119551
119551,SBI Bluechip,119551,Aditya Birla Sun Life Banking & PSU Debt Fund  - DIRECT - IDCW,Aditya Birla Sun Life Mutual Fund,Open Ended Schemes,Debt Scheme - Banking and PSU Fund,2026-01-16,110.0107,2026-06-23T05:29:58.847318+00:00,https://api.mfapi.in/mf/119551
119551,SBI Bluechip,119551,Aditya Birla Sun Life Banking & PSU Debt Fund  - DIRECT - IDCW,Aditya Birla Sun Life Mutual Fund,Open Ended Schemes,Debt Scheme - Banking and PSU Fund,2026-01-14,110.1286,2026-06-23T05:29:58.847318+00:00,https://api.mfapi.in/mf/119551
119551,SBI Bluechip,119551,Aditya Birla Sun Life Banking & PSU Debt Fund  - DIRECT - IDCW,Aditya Birla Sun Life Mutual Fund,Open Ended Schemes,Debt Scheme - Banking and PSU Fund,2026-01-13,110.1878,2026-06-23T05:29:58.847318+00:00,https://api.mfapi.in/mf/119551
119551,SBI Bluechip,119551,Aditya Birla Sun Life Banking & PSU Debt Fund  - DIRECT - IDCW,Aditya Birla Sun Life Mutual Fund,Open Ended Schemes,Debt Scheme - Banking and PSU Fund,2026-01-12,110.2974,2026-06-23T05:29:58.847318+00:00,https://api.mfapi.in/mf/119551
119551,SBI Bluechip,119551,Aditya Birla Sun Life Banking & PSU Debt Fund  - DIRECT - IDCW,Aditya Birla Sun Life Mutual Fund,Open Ended Schemes,Debt Scheme - Banking and PSU Fund,2026-01-09,110.2327,2026-06-23T05:29:58.847318+00:00,https://api.mfapi.in/mf/119551
119551,SBI Bluechip,119551,Aditya Birla Sun Life Banking & PSU Debt Fund  - DIRECT - IDCW,Aditya Birla Sun Life Mutual Fund,Open Ended Schemes,Debt Scheme - Banking and PSU Fund,2026-01-08,110.2218,2026-06-23T05:29:58.847318+00:00,https://api.mfapi.in/mf/119551
119551,SBI Bluechip,119551,Aditya Birla Sun Life Banking & PSU Debt Fund  - DIRECT - IDCW,Aditya Birla Sun Life Mutual Fund,Open Ended Schemes,Debt Scheme - Banking and PSU Fund,2026-01-07,110.2175,2026-06-23T05:29:58.847318+00:00,https://api.mfapi.in/mf/119551
119551,SBI Bluechip,119551,Aditya Birla Sun Life Banking & PSU Debt Fund  - DIRECT - IDCW,Aditya Birla Sun Life Mutual Fund,Open Ended Schemes,Debt Scheme - Banking and PSU Fund,2026-01-06,110.2647,2026-06-23T05:29:58.847318+00:00,https://api.mfapi.in/mf/119551
119551,SBI Bluechip,119551,Aditya Birla Sun Life Banking & PSU Debt Fund  - DIRECT - IDCW,Aditya Birla Sun Life Mutual Fund,Open Ended Schemes,Debt Scheme - Banking and PSU Fund,2026-01-05,110.2498,2026-06-23T05:29:58.847318+00:00,https://api.mfapi.in/mf/119551
119551,SBI Bluechip,119551,Aditya Birla Sun Life Banking & PSU Debt Fund  - DIRECT - IDCW,Aditya Birla Sun Life Mutual Fund,Open Ended Schemes,Debt Scheme - Banking and PSU Fund,2026-01-02,110.3333,2026-06-23T05:29:58.847318+00:00,https://api.mfapi.in/mf/119551
119551,SBI Bluechip,119551,Aditya Birla Sun Life Banking & PSU Debt Fund  - DIRECT - IDCW,Aditya Birla Sun Life Mutual Fund,Open Ended Schemes,Debt Scheme - Banking and PSU Fund,2026-01-01,110.3493,2026-06-23T05:29:58.847318+00:00,https://api.mfapi.in/mf/119551
119551,SBI Bluechip,119551,Aditya Birla Sun Life Banking & PSU Debt Fund  - DIRECT - IDCW,Aditya Birla Sun Life Mutual Fund,Open Ended Schemes,Debt Scheme - Banking and PSU Fund,2025-12-31,110.3212,2026-06-23T05:29:58.847318+00:00,https://api.mfapi.in/mf/119551
119551,SBI Bluechip,119551,Aditya Birla Sun Life Banking & PSU Debt Fund  - DIRECT - IDCW,Aditya Birla Sun Life Mutual Fund,Open Ended Schemes,Debt Scheme - Banking and PSU Fund,2025-12-30,110.2176,2026-06-23T05:29:58.847318+00:00,https://api.mfapi.in/mf/119551
119551,SBI Bluechip,119551,Aditya Birla Sun Life Banking & PSU Debt Fund  - DIRECT - IDCW,Aditya Birla Sun Life Mutual Fund,Open Ended Schemes,Debt Scheme - Banking and PSU Fund,2025-12-29,110.2799,2026-06-23T05:29:58.847318+00:00,https://api.mfapi.in/mf/119551
119551,SBI Bluechip,119551,Aditya Birla Sun Life Banking & PSU Debt Fund  - DIRECT - IDCW,Aditya Birla Sun Life Mutual Fund,Open Ended Schemes,Debt Scheme - Banking and PSU Fund,2025-12-26,110.2247,2026-06-23T05:29:58.847318+00:00,https://api.mfapi.in/mf/119551
119551,SBI Bluechip,119551,Aditya Birla Sun Life Banking & PSU Debt Fund  - DIRECT - IDCW,Aditya Birla Sun Life Mutual Fund,Open Ended Schemes,Debt Scheme - Banking and PSU Fund,2025-12-24,110.2079,2026-06-23T05:29:58.847318+00:00,https://api.mfapi.in/mf/119551
119551,SBI Bluechip,119551,Aditya Birla Sun Life Banking & PSU Debt Fund  - DIRECT - IDCW,Aditya Birla Sun Life Mutual Fund,Open Ended Schemes,Debt Scheme - Banking and PSU Fund,2025-12-23,109.9954,2026-06-23T05:29:58.847318+00:00,https://api.mfapi.in/mf/119551
119551,SBI Bluechip,119551,Aditya Birla Sun Life Banking & PSU Debt Fund  - DIRECT - IDCW,Aditya Birla Sun Life Mutual Fund,Open Ended Schemes,Debt Scheme - Banking and PSU Fund,2025-12-22,110.0241,2026-06-23T05:29:58.847318+00:00,https://api.mfapi.in/mf/119551
119551,SBI Bluechip,119551,Aditya Birla Sun Life Banking & PSU Debt Fund  - DIRECT - IDCW,Aditya Birla Sun Life Mutual Fund,Open Ended Schemes,Debt Scheme - Banking and PSU Fund,2025-12-19,110.0403,2026-06-23T05:29:58.847318+00:00,https://api.mfapi.in/mf/119551
119551,SBI Bluechip,119551,Aditya Birla Sun Life Banking & PSU Debt Fund  - DIRECT - IDCW,Aditya Birla Sun Life Mutual Fund,Open Ended Schemes,Debt Scheme - Banking and PSU Fund,2025-12-18,110.0195,2026-06-23T05:29:58.847318+00:00,https://api.mfapi.in/mf/119551
119551,SBI Bluechip,119551,Aditya Birla Sun Life Banking & PSU Debt Fund  - DIRECT - IDCW,Aditya Birla Sun Life Mutual Fund,Open Ended Schemes,Debt Scheme - Banking and PSU Fund,2025-12-17,110.0266,2026-06-23T05:29:58.847318+00:00,https://api.mfapi.in/mf/119551
119551,SBI Bluechip,119551,Aditya Birla Sun Life Banking & PSU Debt Fund  - DIRECT - IDCW,Aditya Birla Sun Life Mutual Fund,Open Ended Schemes,Debt Scheme - Banking and PSU Fund,2025-12-16,110.0261,2026-06-23T05:29:58.847318+00:00,https://api.mfapi.in/mf/119551
119551,SBI Bluechip,119551,Aditya Birla Sun Life Banking & PSU Debt Fund  - DIRECT - IDCW,Aditya Birla Sun Life Mutual Fund,Open Ended Schemes,Debt Scheme - Banking and PSU Fund,2025-12-15,109.9944,2026-06-23T05:29:58.847318+00:00,https://api.mfapi.in/mf/119551
119551,SBI Bluechip,119551,Aditya Birla Sun Life Banking & PSU Debt Fund  - DIRECT - IDCW,Aditya Birla Sun Life Mutual Fund,Open Ended Schemes,Debt Scheme - Banking and PSU Fund,2025-12-12,110.0652,2026-06-23T05:29:58.847318+00:00,https://api.mfapi.in/mf/119551
119551,SBI Bluechip,119551,Aditya Birla Sun Life Banking & PSU Debt Fund  - DIRECT - IDCW,Aditya Birla Sun Life Mutual Fund,Open Ended Schemes,Debt Scheme - Banking and PSU Fund,2025-12-11,110.0609,2026-06-23T05:29:58.847318+00:00,https://api.mfapi.in/mf/119551
119551,SBI Bluechip,119551,Aditya Birla Sun Life Banking & PSU Debt Fund  - DIRECT - IDCW,Aditya Birla Sun Life Mutual Fund,Open Ended Schemes,Debt Scheme - Banking and PSU Fund,2025-12-10,110.0466,2026-06-23T05:29:58.847318+00:00,https://api.mfapi.in/mf/119551
119551,SBI Bluechip,119551,Aditya Birla Sun Life Banking & PSU Debt Fund  - DIRECT - IDCW,Aditya Birla Sun Life Mutual Fund,Open Ended Schemes,Debt Scheme - Banking and PSU Fund,2025-12-09,110.1852,2026-06-23T05:29:58.847318+00:00,https://api.mfapi.in/mf/119551
119551,SBI Bluechip,119551,Aditya Birla Sun Life Banking & PSU Debt Fund  - DIRECT - IDCW,Aditya Birla Sun Life Mutual Fund,Open Ended Schemes,Debt Scheme - Banking and PSU Fund,2025-12-08,110.3299,2026-06-23T05:29:58.847318+00:00,https://api.mfapi.in/mf/119551
119551,SBI Bluechip,119551,Aditya Birla Sun Life Banking & PSU Debt Fund  - DIRECT - IDCW,Aditya Birla Sun Life Mutual Fund,Open Ended Schemes,Debt Scheme - Banking and PSU Fund,2025-12-05,110.3373,2026-06-23T05:29:58.847318+00:00,https://api.mfapi.in/mf/119551
119551,SBI Bluechip,119551,Aditya Birla Sun Life Banking & PSU Debt Fund  - DIRECT - IDCW,Aditya Birla Sun Life Mutual Fund,Open Ended Schemes,Debt Scheme - Banking and PSU Fund,2025-12-04,110.235,2026-06-23T05:29:58.847318+00:00,https://api.mfapi.in/mf/119551
119551,SBI Bluechip,119551,Aditya Birla Sun Life Banking & PSU Debt Fund  - DIRECT - IDCW,Aditya Birla Sun Life Mutual Fund,Open Ended Schemes,Debt Scheme - Banking and PSU Fund,2025-12-03,110.2362,2026-06-23T05:29:58.847318+00:00,https://api.mfapi.in/mf/119551
119551,SBI Bluechip,119551,Aditya Birla Sun Life Banking & PSU Debt Fund  - DIRECT - IDCW,Aditya Birla Sun Life Mutual Fund,Open Ended Schemes,Debt Scheme - Banking and PSU Fund,2025-12-02,110.2349,2026-06-23T05:29:58.847318+00:00,https://api.mfapi.in/mf/119551
119551,SBI Bluechip,119551,Aditya Birla Sun Life Banking & PSU Debt Fund  - DIRECT - IDCW,Aditya Birla Sun Life Mutual Fund,Open Ended Schemes,Debt Scheme - Banking and PSU Fund,2025-12-01,110.211,2026-06-23T05:29:58.847318+00:00,https://api.mfapi.in/mf/119551
119551,SBI Bluechip,119551,Aditya Birla Sun Life Banking & PSU Debt Fund  - DIRECT - IDCW,Aditya Birla Sun Life Mutual Fund,Open Ended Schemes,Debt Scheme - Banking and PSU Fund,2025-11-28,110.2615,2026-06-23T05:29:58.847318+00:00,https://api.mfapi.in/mf/119551
119551,SBI Bluechip,119551,Aditya Birla Sun Life Banking & PSU Debt Fund  - DIRECT - IDCW,Aditya Birla Sun Life Mutual Fund,Open Ended Schemes,Debt Scheme - Banking and PSU Fund,2025-11-27,110.2743,2026-06-23T05:29:58.847318+00:00,https://api.mfapi.in/mf/119551
119551,SBI Bluechip,119551,Aditya Birla Sun Life Banking & PSU Debt Fund  - DIRECT - IDCW,Aditya Birla Sun Life Mutual Fund,Open Ended Schemes,Debt Scheme - Banking and PSU Fund,2025-11-26,110.2658,2026-06-23T05:29:58.847318+00:00,https://api.mfapi.in/mf/119551
119551,SBI Bluechip,119551,Aditya Birla Sun Life Banking & PSU Debt Fund  - DIRECT - IDCW,Aditya Birla Sun Life Mutual Fund,Open Ended Schemes,Debt Scheme - Banking and PSU Fund,2025-11-25,110.1924,2026-06-23T05:29:58.847318+00:00,https://api.mfapi.in/mf/119551
119551,SBI Bluechip,119551,Aditya Birla Sun Life Banking & PSU Debt Fund  - DIRECT - IDCW,Aditya Birla Sun Life Mutual Fund,Open Ended Schemes,Debt Scheme - Banking and PSU Fund,2025-11-24,110.1322,2026-06-23T05:29:58.847318+00:00,https://api.mfapi.in/mf/119551
119551,SBI Bluechip,119551,Aditya Birla Sun Life Banking & PSU Debt Fund  - DIRECT - IDCW,Aditya Birla Sun Life Mutual Fund,Open Ended Schemes,Debt Scheme - Banking and PSU Fund,2025-11-21,110.0708,2026-06-23T05:29:58.847318+00:00,https://api.mfapi.in/mf/119551
119551,SBI Bluechip,119551,Aditya Birla Sun Life Banking & PSU Debt Fund  - DIRECT - IDCW,Aditya Birla Sun Life Mutual Fund,Open Ended Schemes,Debt Scheme - Banking and PSU Fund,2025-11-20,110.0882,2026-06-23T05:29:58.847318+00:00,https://api.mfapi.in/mf/119551
119551,SBI Bluechip,119551,Aditya Birla Sun Life Banking & PSU Debt Fund  - DIRECT - IDCW,Aditya Birla Sun Life Mutual Fund,Open Ended Schemes,Debt Scheme - Banking and PSU Fund,2025-11-19,110.0771,2026-06-23T05:29:58.847318+00:00,https://api.mfapi.in/mf/119551
119551,SBI Bluechip,119551,Aditya Birla Sun Life Banking & PSU Debt Fund  - DIRECT - IDCW,Aditya Birla Sun Life Mutual Fund,Open Ended Schemes,Debt Scheme - Banking and PSU Fund,2025-11-18,110.0205,2026-06-23T05:29:58.847318+00:00,https://api.mfapi.in/mf/119551
119551,SBI Bluechip,119551,Aditya Birla Sun Life Banking & PSU Debt Fund  - DIRECT - IDCW,Aditya Birla Sun Life Mutual Fund,Open Ended Schemes,Debt Scheme - Banking and PSU Fund,2025-11-17,109.9756,2026-06-23T05:29:58.847318+00:00,https://api.mfapi.in/mf/119551
119551,SBI Bluechip,119551,Aditya Birla Sun Life Banking & PSU Debt Fund  - DIRECT - IDCW,Aditya Birla Sun Life Mutual Fund,Open Ended Schemes,Debt Scheme - Banking and PSU Fund,2025-11-14,109.9725,2026-06-23T05:29:58.847318+00:00,https://api.mfapi.in/mf/119551
119551,SBI Bluechip,119551,Aditya Birla Sun Life Banking & PSU Debt Fund  - DIRECT - IDCW,Aditya Birla Sun Life Mutual Fund,Open Ended Schemes,Debt Scheme - Banking and PSU Fund,2025-11-13,109.9907,2026-06-23T05:29:58.847318+00:00,https://api.mfapi.in/mf/119551
119551,SBI Bluechip,119551,Aditya Birla Sun Life Banking & PSU Debt Fund  - DIRECT - IDCW,Aditya Birla Sun Life Mutual Fund,Open Ended Schemes,Debt Scheme - Banking and PSU Fund,2025-11-12,109.9947,2026-06-23T05:29:58.847318+00:00,https://api.mfapi.in/mf/119551
119551,SBI Bluechip,119551,Aditya Birla Sun Life Banking & PSU Debt Fund  - DIRECT - IDCW,Aditya Birla Sun Life Mutual Fund,Open Ended Schemes,Debt Scheme - Banking and PSU Fund,2025-11-11,109.961,2026-06-23T05:29:58.847318+00:00,https://api.mfapi.in/mf/119551
119551,SBI Bluechip,119551,Aditya Birla Sun Life Banking & PSU Debt Fund  - DIRECT - IDCW,Aditya Birla Sun Life Mutual Fund,Open Ended Schemes,Debt Scheme - Banking and PSU Fund,2025-11-10,109.925,2026-06-23T05:29:58.847318+00:00,https://api.mfapi.in/mf/119551
119551,SBI Bluechip,119551,Aditya Birla Sun Life Banking & PSU Debt Fund  - DIRECT - IDCW,Aditya Birla Sun Life Mutual Fund,Open Ended Schemes,Debt Scheme - Banking and PSU Fund,2025-11-07,109.8609,2026-06-23T05:29:58.847318+00:00,https://api.mfapi.in/mf/119551
119551,SBI Bluechip,119551,Aditya Birla Sun Life Banking & PSU Debt Fund  - DIRECT - IDCW,Aditya Birla Sun Life Mutual Fund,Open Ended Schemes,Debt Scheme - Banking and PSU Fund,2025-11-06,109.8337,2026-06-23T05:29:58.847318+00:00,https://api.mfapi.in/mf/119551
119551,SBI Bluechip,119551,Aditya Birla Sun Life Banking & PSU Debt Fund  - DIRECT - IDCW,Aditya Birla Sun Life Mutual Fund,Open Ended Schemes,Debt Scheme - Banking and PSU Fund,2025-11-04,109.7941,2026-06-23T05:29:58.847318+00:00,https://api.mfapi.in/mf/119551
119551,SBI Bluechip,119551,Aditya Birla Sun Life Banking & PSU Debt Fund  - DIRECT - IDCW,Aditya Birla Sun Life Mutual Fund,Open Ended Schemes,Debt Scheme - Banking and PSU Fund,2025-11-03,109.7548,2026-06-23T05:29:58.847318+00:00,https://api.mfapi.in/mf/119551
119551,SBI Bluechip,119551,Aditya Birla Sun Life Banking & PSU Debt Fund  - DIRECT - IDCW,Aditya Birla Sun Life Mutual Fund,Open Ended Schemes,Debt Scheme - Banking and PSU Fund,2025-10-31,109.6768,2026-06-23T05:29:58.847318+00:00,https://api.mfapi.in/mf/119551
119551,SBI Bluechip,119551,Aditya Birla Sun Life Banking & PSU Debt Fund  - DIRECT - IDCW,Aditya Birla Sun Life Mutual Fund,Open Ended Schemes,Debt Scheme - Banking and PSU Fund,2025-10-30,109.6521,2026-06-23T05:29:58.847318+00:00,https://api.mfapi.in/mf/119551
119551,SBI Bluechip,119551,Aditya Birla Sun Life Banking & PSU Debt Fund  - DIRECT - IDCW,Aditya Birla Sun Life Mutual Fund,Open Ended Schemes,Debt Scheme - Banking and PSU Fund,2025-10-29,109.6934,2026-06-23T05:29:58.847318+00:00,https://api.mfapi.in/mf/119551
119551,SBI Bluechip,119551,Aditya Birla Sun Life Banking & PSU Debt Fund  - DIRECT - IDCW,Aditya Birla Sun Life Mutual Fund,Open Ended Schemes,Debt Scheme - Banking and PSU Fund,2025-10-28,109.6404,2026-06-23T05:29:58.847318+00:00,https://api.mfapi.in/mf/119551
119551,SBI Bluechip,119551,Aditya Birla Sun Life Banking & PSU Debt Fund  - DIRECT - IDCW,Aditya Birla Sun Life Mutual Fund,Open Ended Schemes,Debt Scheme - Banking and PSU Fund,2025-10-27,109.6125,2026-06-23T05:29:58.847318+00:00,https://api.mfapi.in/mf/119551
119551,SBI Bluechip,119551,Aditya Birla Sun Life Banking & PSU Debt Fund  - DIRECT - IDCW,Aditya Birla Sun Life Mutual Fund,Open Ended Schemes,Debt Scheme - Banking and PSU Fund,2025-10-24,109.5673,2026-06-23T05:29:58.847318+00:00,https://api.mfapi.in/mf/119551
119551,SBI Bluechip,119551,Aditya Birla Sun Life Banking & PSU Debt Fund  - DIRECT - IDCW,Aditya Birla Sun Life Mutual Fund,Open Ended Schemes,Debt Scheme - Banking and PSU Fund,2025-10-23,109.5817,2026-06-23T05:29:58.847318+00:00,https://api.mfapi.in/mf/119551
119551,SBI Bluechip,119551,Aditya Birla Sun Life Banking & PSU Debt Fund  - DIRECT - IDCW,Aditya Birla Sun Life Mutual Fund,Open Ended Schemes,Debt Scheme - Banking and PSU Fund,2025-10-20,109.6155,2026-06-23T05:29:58.847318+00:00,https://api.mfapi.in/mf/119551
119551,SBI Bluechip,119551,Aditya Birla Sun Life Banking & PSU Debt Fund  - DIRECT - IDCW,Aditya Birla Sun Life Mutual Fund,Open Ended Schemes,Debt Scheme - Banking and PSU Fund,2025-10-17,109.5844,2026-06-23T05:29:58.847318+00:00,https://api.mfapi.in/mf/119551
119551,SBI Bluechip,119551,Aditya Birla Sun Life Banking & PSU Debt Fund  - DIRECT - IDCW,Aditya Birla Sun Life Mutual Fund,Open Ended Schemes,Debt Scheme - Banking and PSU Fund,2025-10-16,109.5131,2026-06-23T05:29:58.847318+00:00,https://api.mfapi.in/mf/119551
119551,SBI Bluechip,119551,Aditya Birla Sun Life Banking & PSU Debt Fund  - DIRECT - IDCW,Aditya Birla Sun Life Mutual Fund,Open Ended Schemes,Debt Scheme - Banking and PSU Fund,2025-10-15,109.4754,2026-06-23T05:29:58.847318+00:00,https://api.mfapi.in/mf/119551
119551,SBI Bluechip,119551,Aditya Birla Sun Life Banking & PSU Debt Fund  - DIRECT - IDCW,Aditya Birla Sun Life Mutual Fund,Open Ended Schemes,Debt Scheme - Banking and PSU Fund,2025-10-14,109.4088,2026-06-23T05:29:58.847318+00:00,https://api.mfapi.in/mf/119551
119551,SBI Bluechip,119551,Aditya Birla Sun Life Banking & PSU Debt Fund  - DIRECT - IDCW,Aditya Birla Sun Life Mutual Fund,Open Ended Schemes,Debt Scheme - Banking and PSU Fund,2025-10-13,109.3763,2026-06-23T05:29:58.847318+00:00,https://api.mfapi.in/mf/119551
119551,SBI Bluechip,119551,Aditya Birla Sun Life Banking & PSU Debt Fund  - DIRECT - IDCW,Aditya Birla Sun Life Mutual Fund,Open Ended Schemes,Debt Scheme - Banking and PSU Fund,2025-10-10,109.2852,2026-06-23T05:29:58.847318+00:00,https://api.mfapi.in/mf/119551
119551,SBI Bluechip,119551,Aditya Birla Sun Life Banking & PSU Debt Fund  - DIRECT - IDCW,Aditya Birla Sun Life Mutual Fund,Open Ended Schemes,Debt Scheme - Banking and PSU Fund,2025-10-09,109.2597,2026-06-23T05:29:58.847318+00:00,https://api.mfapi.in/mf/119551
119551,SBI Bluechip,119551,Aditya Birla Sun Life Banking & PSU Debt Fund  - DIRECT - IDCW,Aditya Birla Sun Life Mutual Fund,Open Ended Schemes,Debt Scheme - Banking and PSU Fund,2025-10-08,109.2524,2026-06-23T05:29:58.847318+00:00,https://api.mfapi.in/mf/119551
119551,SBI Bluechip,119551,Aditya Birla Sun Life Banking & PSU Debt Fund  - DIRECT - IDCW,Aditya Birla Sun Life Mutual Fund,Open Ended Schemes,Debt Scheme - Banking and PSU Fund,2025-10-07,109.2045,2026-06-23T05:29:58.847318+00:00,https://api.mfapi.in/mf/119551
119551,SBI Bluechip,119551,Aditya Birla Sun Life Banking & PSU Debt Fund  - DIRECT - IDCW,Aditya Birla Sun Life Mutual Fund,Open Ended Schemes,Debt Scheme - Banking and PSU Fund,2025-10-06,109.0926,2026-06-23T05:29:58.847318+00:00,https://api.mfapi.in/mf/119551
119551,SBI Bluechip,119551,Aditya Birla Sun Life Banking & PSU Debt Fund  - DIRECT - IDCW,Aditya Birla Sun Life Mutual Fund,Open Ended Schemes,Debt Scheme - Banking and PSU Fund,2025-10-03,108.9591,2026-06-23T05:29:58.847318+00:00,https://api.mfapi.in/mf/119551
119551,SBI Bluechip,119551,Aditya Birla Sun Life Banking & PSU Debt Fund  - DIRECT - IDCW,Aditya Birla Sun Life Mutual Fund,Open Ended Schemes,Debt Scheme - Banking and PSU Fund,2025-10-01,108.8285,2026-06-23T05:29:58.847318+00:00,https://api.mfapi.in/mf/119551
119551,SBI Bluechip,119551,Aditya Birla Sun Life Banking & PSU Debt Fund  - DIRECT - IDCW,Aditya Birla Sun Life Mutual Fund,Open Ended Schemes,Debt Scheme - Banking and PSU Fund,2025-09-30,108.7397,2026-06-23T05:29:58.847318+00:00,https://api.mfapi.in/mf/119551
119551,SBI Bluechip,119551,Aditya Birla Sun Life Banking & PSU Debt Fund  - DIRECT - IDCW,Aditya Birla Sun Life Mutual Fund,Open Ended Schemes,Debt Scheme - Banking and PSU Fund,2025-09-26,108.6702,2026-06-23T05:29:58.847318+00:00,https://api.mfapi.in/mf/119551
119551,SBI Bluechip,119551,Aditya Birla Sun Life Banking & PSU Debt Fund  - DIRECT - IDCW,Aditya Birla Sun Life Mutual Fund,Open Ended Schemes,Debt Scheme - Banking and PSU Fund,2025-09-25,108.617,2026-06-23T05:29:58.847318+00:00,https://api.mfapi.in/mf/119551
119551,SBI Bluechip,119551,Aditya Birla Sun Life Banking & PSU Debt Fund  - DIRECT - IDCW,Aditya Birla Sun Life Mutual Fund,Open Ended Schemes,Debt Scheme - Banking and PSU Fund,2025-09-24,108.5859,2026-06-23T05:29:58.847318+00:00,https://api.mfapi.in/mf/119551
119551,SBI Bluechip,119551,Aditya Birla Sun Life Banking & PSU Debt Fund  - DIRECT - IDCW,Aditya Birla Sun Life Mutual Fund,Open Ended Schemes,Debt Scheme - Banking and PSU Fund,2025-09-23,108.5708,2026-06-23T05:29:58.847318+00:00,https://api.mfapi.in/mf/119551
119551,SBI Bluechip,119551,Aditya Birla Sun Life Banking & PSU Debt Fund  - DIRECT - IDCW,Aditya Birla Sun Life Mutual Fund,Open Ended Schemes,Debt Scheme - Banking and PSU Fund,2025-09-22,108.5131,2026-06-23T05:29:58.847318+00:00,https://api.mfapi.in/mf/119551
119551,SBI Bluechip,119551,Aditya Birla Sun Life Banking & PSU Debt Fund  - DIRECT - IDCW,Aditya Birla Sun Life Mutual Fund,Open Ended Schemes,Debt Scheme - Banking and PSU Fund,2025-09-19,108.4428,2026-06-23T05:29:58.847318+00:00,https://api.mfapi.in/mf/119551
119551,SBI Bluechip,119551,Aditya Birla Sun Life Banking & PSU Debt Fund  - DIRECT - IDCW,Aditya Birla Sun Life Mutual Fund,Open Ended Schemes,Debt Scheme - Banking and PSU Fund,2025-09-18,108.4552,2026-06-23T05:29:58.847318+00:00,https://api.mfapi.in/mf/119551
119551,SBI Bluechip,119551,Aditya Birla Sun Life Banking & PSU Debt Fund  - DIRECT - IDCW,Aditya Birla Sun Life Mutual Fund,Open Ended Schemes,Debt Scheme - Banking and PSU Fund,2025-09-17,108.4538,2026-06-23T05:29:58.847318+00:00,https://api.mfapi.in/mf/119551
119551,SBI Bluechip,119551,Aditya Birla Sun Life Banking & PSU Debt Fund  - DIRECT - IDCW,Aditya Birla Sun Life Mutual Fund,Open Ended Schemes,Debt Scheme - Banking and PSU Fund,2025-09-16,108.3787,2026-06-23T05:29:58.847318+00:00,https://api.mfapi.in/mf/119551
119551,SBI Bluechip,119551,Aditya Birla Sun Life Banking & PSU Debt Fund  - DIRECT - IDCW,Aditya Birla Sun Life Mutual Fund,Open Ended Schemes,Debt Scheme - Banking and PSU Fund,2025-09-15,108.3802,2026-06-23T05:29:58.847318+00:00,https://api.mfapi.in/mf/119551
119551,SBI Bluechip,119551,Aditya Birla Sun Life Banking & PSU Debt Fund  - DIRECT - IDCW,Aditya Birla Sun Life Mutual Fund,Open Ended Schemes,Debt Scheme - Banking and PSU Fund,2025-09-12,108.4006,2026-06-23T05:29:58.847318+00:00,https://api.mfapi.in/mf/119551
119551,SBI Bluechip,119551,Aditya Birla Sun Life Banking & PSU Debt Fund  - DIRECT - IDCW,Aditya Birla Sun Life Mutual Fund,Open Ended Schemes,Debt Scheme - Banking and PSU Fund,2025-09-11,108.369,2026-06-23T05:29:58.847318+00:00,https://api.mfapi.in/mf/119551
119551,SBI Bluechip,119551,Aditya Birla Sun Life Banking & PSU Debt Fund  - DIRECT - IDCW,Aditya Birla Sun Life Mutual Fund,Open Ended Schemes,Debt Scheme - Banking and PSU Fund,2025-09-10,108.3574,2026-06-23T05:29:58.847318+00:00,https://api.mfapi.in/mf/119551
119551,SBI Bluechip,119551,Aditya Birla Sun Life Banking & PSU Debt Fund  - DIRECT - IDCW,Aditya Birla Sun Life Mutual Fund,Open Ended Schemes,Debt Scheme - Banking and PSU Fund,2025-09-09,108.3519,2026-06-23T05:29:58.847318+00:00,https://api.mfapi.in/mf/119551
119551,SBI Bluechip,119551,Aditya Birla Sun Life Banking & PSU Debt Fund  - DIRECT - IDCW,Aditya Birla Sun Life Mutual Fund,Open Ended Schemes,Debt Scheme - Banking and PSU Fund,2025-09-05,108.245,2026-06-23T05:29:58.847318+00:00,https://api.mfapi.in/mf/119551
119551,SBI Bluechip,119551,Aditya Birla Sun Life Banking & PSU Debt Fund  - DIRECT - IDCW,Aditya Birla Sun Life Mutual Fund,Open Ended Schemes,Debt Scheme - Banking and PSU Fund,2025-09-04,108.1379,2026-06-23T05:29:58.847318+00:00,https://api.mfapi.in/mf/119551
119551,SBI Bluechip,119551,Aditya Birla Sun Life Banking & PSU Debt Fund  - DIRECT - IDCW,Aditya Birla Sun Life Mutual Fund,Open Ended Schemes,Debt Scheme - Banking and PSU Fund,2025-09-03,108.0471,2026-06-23T05:29:58.847318+00:00,https://api.mfapi.in/mf/119551
119551,SBI Bluechip,119551,Aditya Birla Sun Life Banking & PSU Debt Fund  - DIRECT - IDCW,Aditya Birla Sun Life Mutual Fund,Open Ended Schemes,Debt Scheme - Banking and PSU Fund,2025-09-02,108.0088,2026-06-23T05:29:58.847318+00:00,https://api.mfapi.in/mf/119551
119551,SBI Bluechip,119551,Aditya Birla Sun Life Banking & PSU Debt Fund  - DIRECT - IDCW,Aditya Birla Sun Life Mutual Fund,Open Ended Schemes,Debt Scheme - Banking and PSU Fund,2025-09-01,108.0373,2026-06-23T05:29:58.847318+00:00,https://api.mfapi.in/mf/119551
119551,SBI Bluechip,119551,Aditya Birla Sun Life Banking & PSU Debt Fund  - DIRECT - IDCW,Aditya Birla Sun Life Mutual Fund,Open Ended Schemes,Debt Scheme - Banking and PSU Fund,2025-08-29,108.0297,2026-06-23T05:29:58.847318+00:00,https://api.mfapi.in/mf/119551
119551,SBI Bluechip,119551,Aditya Birla Sun Life Banking & PSU Debt Fund  - DIRECT - IDCW,Aditya Birla Sun Life Mutual Fund,Open Ended Schemes,Debt Scheme - Banking and PSU Fund,2025-08-28,108.066,2026-06-23T05:29:58.847318+00:00,https://api.mfapi.in/mf/119551
119551,SBI Bluechip,119551,Aditya Birla Sun Life Banking & PSU Debt Fund  - DIRECT - IDCW,Aditya Birla Sun Life Mutual Fund,Open Ended Schemes,Debt Scheme - Banking and PSU Fund,2025-08-26,107.9266,2026-06-23T05:29:58.847318+00:00,https://api.mfapi.in/mf/119551
119551,SBI Bluechip,119551,Aditya Birla Sun Life Banking & PSU Debt Fund  - DIRECT - IDCW,Aditya Birla Sun Life Mutual Fund,Open Ended Schemes,Debt Scheme - Banking and PSU Fund,2025-08-25,108.1037,2026-06-23T05:29:58.847318+00:00,https://api.mfapi.in/mf/119551
119551,SBI Bluechip,119551,Aditya Birla Sun Life Banking & PSU Debt Fund  - DIRECT - IDCW,Aditya Birla Sun Life Mutual Fund,Open Ended Schemes,Debt Scheme - Banking and PSU Fund,2025-08-22,108.1096,2026-06-23T05:29:58.847318+00:00,https://api.mfapi.in/mf/119551
119551,SBI Bluechip,119551,Aditya Birla Sun Life Banking & PSU Debt Fund  - DIRECT - IDCW,Aditya Birla Sun Life Mutual Fund,Open Ended Schemes,Debt Scheme - Banking and PSU Fund,2025-08-21,108.0985,2026-06-23T05:29:58.847318+00:00,https://api.mfapi.in/mf/119551
119551,SBI Bluechip,119551,Aditya Birla Sun Life Banking & PSU Debt Fund  - DIRECT - IDCW,Aditya Birla Sun Life Mutual Fund,Open Ended Schemes,Debt Scheme - Banking and PSU Fund,2025-08-20,108.0899,2026-06-23T05:29:58.847318+00:00,https://api.mfapi.in/mf/119551
119551,SBI Bluechip,119551,Aditya Birla Sun Life Banking & PSU Debt Fund  - DIRECT - IDCW,Aditya Birla Sun Life Mutual Fund,Open Ended Schemes,Debt Scheme - Banking and PSU Fund,2025-08-19,108.0083,2026-06-23T05:29:58.847318+00:00,https://api.mfapi.in/mf/119551
119551,SBI Bluechip,119551,Aditya Birla Sun Life Banking & PSU Debt Fund  - DIRECT - IDCW,Aditya Birla Sun Life Mutual Fund,Open Ended Schemes,Debt Scheme - Banking and PSU Fund,2025-08-18,108.1271,2026-06-23T05:29:58.847318+00:00,https://api.mfapi.in/mf/119551
119551,SBI Bluechip,119551,Aditya Birla Sun Life Banking & PSU Debt Fund  - DIRECT - IDCW,Aditya Birla Sun Life Mutual Fund,Open Ended Schemes,Debt Scheme - Banking and PSU Fund,2025-08-14,108.1543,2026-06-23T05:29:58.847318+00:00,https://api.mfapi.in/mf/119551
119551,SBI Bluechip,119551,Aditya Birla Sun Life Banking & PSU Debt Fund  - DIRECT - IDCW,Aditya Birla Sun Life Mutual Fund,Open Ended Schemes,Debt Scheme - Banking and PSU Fund,2025-08-13,107.9901,2026-06-23T05:29:58.847318+00:00,https://api.mfapi.in/mf/119551
119551,SBI Bluechip,119551,Aditya Birla Sun Life Banking & PSU Debt Fund  - DIRECT - IDCW,Aditya Birla Sun Life Mutual Fund,Open Ended Schemes,Debt Scheme - Banking and PSU Fund,2025-08-12,108.049,2026-06-23T05:29:58.847318+00:00,https://api.mfapi.in/mf/119551
119551,SBI Bluechip,119551,Aditya Birla Sun Life Banking & PSU Debt Fund  - DIRECT - IDCW,Aditya Birla Sun Life Mutual Fund,Open Ended Schemes,Debt Scheme - Banking and PSU Fund,2025-08-11,108.2018,2026-06-23T05:29:58.847318+00:00,https://api.mfapi.in/mf/119551
119551,SBI Bluechip,119551,Aditya Birla Sun Life Banking & PSU Debt Fund  - DIRECT - IDCW,Aditya Birla Sun Life Mutual Fund,Open Ended Schemes,Debt Scheme - Banking and PSU Fund,2025-08-08,108.2726,2026-06-23T05:29:58.847318+00:00,https://api.mfapi.in/mf/119551
119551,SBI Bluechip,119551,Aditya Birla Sun Life Banking & PSU Debt Fund  - DIRECT - IDCW,Aditya Birla Sun Life Mutual Fund,Open Ended Schemes,Debt Scheme - Banking and PSU Fund,2025-08-07,108.2611,2026-06-23T05:29:58.847318+00:00,https://api.mfapi.in/mf/119551
119551,SBI Bluechip,119551,Aditya Birla Sun Life Banking & PSU Debt Fund  - DIRECT - IDCW,Aditya Birla Sun Life Mutual Fund,Open Ended Schemes,Debt Scheme - Banking and PSU Fund,2025-08-06,108.2153,2026-06-23T05:29:58.847318+00:00,https://api.mfapi.in/mf/119551
119551,SBI Bluechip,119551,Aditya Birla Sun Life Banking & PSU Debt Fund  - DIRECT - IDCW,Aditya Birla Sun Life Mutual Fund,Open Ended Schemes,Debt Scheme - Banking and PSU Fund,2025-08-05,108.4412,2026-06-23T05:29:58.847318+00:00,https://api.mfapi.in/mf/119551
119551,SBI Bluechip,119551,Aditya Birla Sun Life Banking & PSU Debt Fund  - DIRECT - IDCW,Aditya Birla Sun Life Mutual Fund,Open Ended Schemes,Debt Scheme - Banking and PSU Fund,2025-08-04,108.4355,2026-06-23T05:29:58.847318+00:00,https://api.mfapi.in/mf/119551
119551,SBI Bluechip,119551,Aditya Birla Sun Life Banking & PSU Debt Fund  - DIRECT - IDCW,Aditya Birla Sun Life Mutual Fund,Open Ended Schemes,Debt Scheme - Banking and PSU Fund,2025-08-01,108.2952,2026-06-23T05:29:58.847318+00:00,https://api.mfapi.in/mf/119551
119551,SBI Bluechip,119551,Aditya Birla Sun Life Banking & PSU Debt Fund  - DIRECT - IDCW,Aditya Birla Sun Life Mutual Fund,Open Ended Schemes,Debt Scheme - Banking and PSU Fund,2025-07-31,108.2167,2026-06-23T05:29:58.847318+00:00,https://api.mfapi.in/mf/119551
119551,SBI Bluechip,119551,Aditya Birla Sun Life Banking & PSU Debt Fund  - DIRECT - IDCW,Aditya Birla Sun Life Mutual Fund,Open Ended Schemes,Debt Scheme - Banking and PSU Fund,2025-07-30,108.1757,2026-06-23T05:29:58.847318+00:00,https://api.mfapi.in/mf/119551
119551,SBI Bluechip,119551,Aditya Birla Sun Life Banking & PSU Debt Fund  - DIRECT - IDCW,Aditya Birla Sun Life Mutual Fund,Open Ended Schemes,Debt Scheme - Banking and PSU Fund,2025-07-29,108.1828,2026-06-23T05:29:58.847318+00:00,https://api.mfapi.in/mf/119551
119551,SBI Bluechip,119551,Aditya Birla Sun Life Banking & PSU Debt Fund  - DIRECT - IDCW,Aditya Birla Sun Life Mutual Fund,Open Ended Schemes,Debt Scheme - Banking and PSU Fund,2025-07-28,108.2193,2026-06-23T05:29:58.847318+00:00,https://api.mfapi.in/mf/119551
119551,SBI Bluechip,119551,Aditya Birla Sun Life Banking & PSU Debt Fund  - DIRECT - IDCW,Aditya Birla Sun Life Mutual Fund,Open Ended Schemes,Debt Scheme - Banking and PSU Fund,2025-07-25,108.1982,2026-06-23T05:29:58.847318+00:00,https://api.mfapi.in/mf/119551
119551,SBI Bluechip,119551,Aditya Birla Sun Life Banking & PSU Debt Fund  - DIRECT - IDCW,Aditya Birla Sun Life Mutual Fund,Open Ended Schemes,Debt Scheme - Banking and PSU Fund,2025-07-24,108.2573,2026-06-23T05:29:58.847318+00:00,https://api.mfapi.in/mf/119551
119551,SBI Bluechip,119551,Aditya Birla Sun Life Banking & PSU Debt Fund  - DIRECT - IDCW,Aditya Birla Sun Life Mutual Fund,Open Ended Schemes,Debt Scheme - Banking and PSU Fund,2025-07-23,108.2277,2026-06-23T05:29:58.847318+00:00,https://api.mfapi.in/mf/119551
119551,SBI Bluechip,119551,Aditya Birla Sun Life Banking & PSU Debt Fund  - DIRECT - IDCW,Aditya Birla Sun Life Mutual Fund,Open Ended Schemes,Debt Scheme - Banking and PSU Fund,2025-07-22,108.1979,2026-06-23T05:29:58.847318+00:00,https://api.mfapi.in/mf/119551
119551,SBI Bluechip,119551,Aditya Birla Sun Life Banking & PSU Debt Fund  - DIRECT - IDCW,Aditya Birla Sun Life Mutual Fund,Open Ended Schemes,Debt Scheme - Banking and PSU Fund,2025-07-21,108.1729,2026-06-23T05:29:58.847318+00:00,https://api.mfapi.in/mf/119551
119551,SBI Bluechip,119551,Aditya Birla Sun Life Banking & PSU Debt Fund  - DIRECT - IDCW,Aditya Birla Sun Life Mutual Fund,Open Ended Schemes,Debt Scheme - Banking and PSU Fund,2025-07-18,108.1161,2026-06-23T05:29:58.847318+00:00,https://api.mfapi.in/mf/119551
119551,SBI Bluechip,119551,Aditya Birla Sun Life Banking & PSU Debt Fund  - DIRECT - IDCW,Aditya Birla Sun Life Mutual Fund,Open Ended Schemes,Debt Scheme - Banking and PSU Fund,2025-07-17,108.0272,2026-06-23T05:29:58.847318+00:00,https://api.mfapi.in/mf/119551
119551,SBI Bluechip,119551,Aditya Birla Sun Life Banking & PSU Debt Fund  - DIRECT - IDCW,Aditya Birla Sun Life Mutual Fund,Open Ended Schemes,Debt Scheme - Banking and PSU Fund,2025-07-16,107.9658,2026-06-23T05:29:58.847318+00:00,https://api.mfapi.in/mf/119551
119551,SBI Bluechip,119551,Aditya Birla Sun Life Banking & PSU Debt Fund  - DIRECT - IDCW,Aditya Birla Sun Life Mutual Fund,Open Ended Schemes,Debt Scheme - Banking and PSU Fund,2025-07-15,107.962,2026-06-23T05:29:58.847318+00:00,https://api.mfapi.in/mf/119551
119551,SBI Bluechip,119551,Aditya Birla Sun Life Banking & PSU Debt Fund  - DIRECT - IDCW,Aditya Birla Sun Life Mutual Fund,Open Ended Schemes,Debt Scheme - Banking and PSU Fund,2025-07-14,107.9617,2026-06-23T05:29:58.847318+00:00,https://api.mfapi.in/mf/119551
119551,SBI Bluechip,119551,Aditya Birla Sun Life Banking & PSU Debt Fund  - DIRECT - IDCW,Aditya Birla Sun Life Mutual Fund,Open Ended Schemes,Debt Scheme - Banking and PSU Fund,2025-07-11,107.9125,2026-06-23T05:29:58.847318+00:00,https://api.mfapi.in/mf/119551
119551,SBI Bluechip,119551,Aditya Birla Sun Life Banking & PSU Debt Fund  - DIRECT - IDCW,Aditya Birla Sun Life Mutual Fund,Open Ended Schemes,Debt Scheme - Banking and PSU Fund,2025-07-10,107.8928,2026-06-23T05:29:58.847318+00:00,https://api.mfapi.in/mf/119551
119551,SBI Bluechip,119551,Aditya Birla Sun Life Banking & PSU Debt Fund  - DIRECT - IDCW,Aditya Birla Sun Life Mutual Fund,Open Ended Schemes,Debt Scheme - Banking and PSU Fund,2025-07-09,107.8924,2026-06-23T05:29:58.847318+00:00,https://api.mfapi.in/mf/119551
119551,SBI Bluechip,119551,Aditya Birla Sun Life Banking & PSU Debt Fund  - DIRECT - IDCW,Aditya Birla Sun Life Mutual Fund,Open Ended Schemes,Debt Scheme - Banking and PSU Fund,2025-07-08,107.9198,2026-06-23T05:29:58.847318+00:00,https://api.mfapi.in/mf/119551
119551,SBI Bluechip,119551,Aditya Birla Sun Life Banking & PSU Debt Fund  - DIRECT - IDCW,Aditya Birla Sun Life Mutual Fund,Open Ended Schemes,Debt Scheme - Banking and PSU Fund,2025-07-07,107.9243,2026-06-23T05:29:58.847318+00:00,https://api.mfapi.in/mf/119551
119551,SBI Bluechip,119551,Aditya Birla Sun Life Banking & PSU Debt Fund  - DIRECT - IDCW,Aditya Birla Sun Life Mutual Fund,Open Ended Schemes,Debt Scheme - Banking and PSU Fund,2025-07-04,107.8466,2026-06-23T05:29:58.847318+00:00,https://api.mfapi.in/mf/119551
119551,SBI Bluechip,119551,Aditya Birla Sun Life Banking & PSU Debt Fund  - DIRECT - IDCW,Aditya Birla Sun Life Mutual Fund,Open Ended Schemes,Debt Scheme - Banking and PSU Fund,2025-07-03,107.8552,2026-06-23T05:29:58.847318+00:00,https://api.mfapi.in/mf/119551
119551,SBI Bluechip,119551,Aditya Birla Sun Life Banking & PSU Debt Fund  - DIRECT - IDCW,Aditya Birla Sun Life Mutual Fund,Open Ended Schemes,Debt Scheme - Banking and PSU Fund,2025-07-02,107.7677,2026-06-23T05:29:58.847318+00:00,https://api.mfapi.in/mf/119551
119551,SBI Bluechip,119551,Aditya Birla Sun Life Banking & PSU Debt Fund  - DIRECT - IDCW,Aditya Birla Sun Life Mutual Fund,Open Ended Schemes,Debt Scheme - Banking and PSU Fund,2025-07-01,107.6624,2026-06-23T05:29:58.847318+00:00,https://api.mfapi.in/mf/119551
119551,SBI Bluechip,119551,Aditya Birla Sun Life Banking & PSU Debt Fund  - DIRECT - IDCW,Aditya Birla Sun Life Mutual Fund,Open Ended Schemes,Debt Scheme - Banking and PSU Fund,2025-06-30,107.5767,2026-06-23T05:29:58.847318+00:00,https://api.mfapi.in/mf/119551
119551,SBI Bluechip,119551,Aditya Birla Sun Life Banking & PSU Debt Fund  - DIRECT - IDCW,Aditya Birla Sun Life Mutual Fund,Open Ended Schemes,Debt Scheme - Banking and PSU Fund,2025-06-27,107.4878,2026-06-23T05:29:58.847318+00:00,https://api.mfapi.in/mf/119551
119551,SBI Bluechip,119551,Aditya Birla Sun Life Banking & PSU Debt Fund  - DIRECT - IDCW,Aditya Birla Sun Life Mutual Fund,Open Ended Schemes,Debt Scheme - Banking and PSU Fund,2025-06-26,107.5011,2026-06-23T05:29:58.847318+00:00,https://api.mfapi.in/mf/119551
119551,SBI Bluechip,119551,Aditya Birla Sun Life Banking & PSU Debt Fund  - DIRECT - IDCW,Aditya Birla Sun Life Mutual Fund,Open Ended Schemes,Debt Scheme - Banking and PSU Fund,2025-06-25,107.511,2026-06-23T05:29:58.847318+00:00,https://api.mfapi.in/mf/119551
119551,SBI Bluechip,119551,Aditya Birla Sun Life Banking & PSU Debt Fund  - DIRECT - IDCW,Aditya Birla Sun Life Mutual Fund,Open Ended Schemes,Debt Scheme - Banking and PSU Fund,2025-06-24,107.5733,2026-06-23T05:29:58.847318+00:00,https://api.mfapi.in/mf/119551
119551,SBI Bluechip,119551,Aditya Birla Sun Life Banking & PSU Debt Fund  - DIRECT - IDCW,Aditya Birla Sun Life Mutual Fund,Open Ended Schemes,Debt Scheme - Banking and PSU Fund,2025-06-23,107.4577,2026-06-23T05:29:58.847318+00:00,https://api.mfapi.in/mf/119551
119551,SBI Bluechip,119551,Aditya Birla Sun Life Banking & PSU Debt Fund  - DIRECT - IDCW,Aditya Birla Sun Life Mutual Fund,Open Ended Schemes,Debt Scheme - Banking and PSU Fund,2025-06-20,107.4384,2026-06-23T05:29:58.847318+00:00,https://api.mfapi.in/mf/119551
119551,SBI Bluechip,119551,Aditya Birla Sun Life Banking & PSU Debt Fund  - DIRECT - IDCW,Aditya Birla Sun Life Mutual Fund,Open Ended Schemes,Debt Scheme - Banking and PSU Fund,2025-06-19,107.4465,2026-06-23T05:29:58.847318+00:00,https://api.mfapi.in/mf/119551
119551,SBI Bluechip,119551,Aditya Birla Sun Life Banking & PSU Debt Fund  - DIRECT - IDCW,Aditya Birla Sun Life Mutual Fund,Open Ended Schemes,Debt Scheme - Banking and PSU Fund,2025-06-18,107.5716,2026-06-23T05:29:58.847318+00:00,https://api.mfapi.in/mf/119551
119551,SBI Bluechip,119551,Aditya Birla Sun Life Banking & PSU Debt Fund  - DIRECT - IDCW,Aditya Birla Sun Life Mutual Fund,Open Ended Schemes,Debt Scheme - Banking and PSU Fund,2025-06-17,107.5644,2026-06-23T05:29:58.847318+00:00,https://api.mfapi.in/mf/119551
119551,SBI Bluechip,119551,Aditya Birla Sun Life Banking & PSU Debt Fund  - DIRECT - IDCW,Aditya Birla Sun Life Mutual Fund,Open Ended Schemes,Debt Scheme - Banking and PSU Fund,2025-06-16,107.4387,2026-06-23T05:29:58.847318+00:00,https://api.mfapi.in/mf/119551
119551,SBI Bluechip,119551,Aditya Birla Sun Life Banking & PSU Debt Fund  - DIRECT - IDCW,Aditya Birla Sun Life Mutual Fund,Open Ended Schemes,Debt Scheme - Banking and PSU Fund,2025-06-13,107.3575,2026-06-23T05:29:58.847318+00:00,https://api.mfapi.in/mf/119551
119551,SBI Bluechip,119551,Aditya Birla Sun Life Banking & PSU Debt Fund  - DIRECT - IDCW,Aditya Birla Sun Life Mutual Fund,Open Ended Schemes,Debt Scheme - Banking and PSU Fund,2025-06-12,107.4825,2026-06-23T05:29:58.847318+00:00,https://api.mfapi.in/mf/119551
119551,SBI Bluechip,119551,Aditya Birla Sun Life Banking & PSU Debt Fund  - DIRECT - IDCW,Aditya Birla Sun Life Mutual Fund,Open Ended Schemes,Debt Scheme - Banking and PSU Fund,2025-06-11,107.5439,2026-06-23T05:29:58.847318+00:00,https://api.mfapi.in/mf/119551
119551,SBI Bluechip,119551,Aditya Birla Sun Life Banking & PSU Debt Fund  - DIRECT - IDCW,Aditya Birla Sun Life Mutual Fund,Open Ended Schemes,Debt Scheme - Banking and PSU Fund,2025-06-10,107.6421,2026-06-23T05:29:58.847318+00:00,https://api.mfapi.in/mf/119551
119551,SBI Bluechip,119551,Aditya Birla Sun Life Banking & PSU Debt Fund  - DIRECT - IDCW,Aditya Birla Sun Life Mutual Fund,Open Ended Schemes,Debt Scheme - Banking and PSU Fund,2025-06-09,107.886,2026-06-23T05:29:58.847318+00:00,https://api.mfapi.in/mf/119551
119551,SBI Bluechip,119551,Aditya Birla Sun Life Banking & PSU Debt Fund  - DIRECT - IDCW,Aditya Birla Sun Life Mutual Fund,Open Ended Schemes,Debt Scheme - Banking and PSU Fund,2025-06-06,108.0092,2026-06-23T05:29:58.847318+00:00,https://api.mfapi.in/mf/119551
119551,SBI Bluechip,119551,Aditya Birla Sun Life Banking & PSU Debt Fund  - DIRECT - IDCW,Aditya Birla Sun Life Mutual Fund,Open Ended Schemes,Debt Scheme - Banking and PSU Fund,2025-06-05,107.7812,2026-06-23T05:29:58.847318+00:00,https://api.mfapi.in/mf/119551
119551,SBI Bluechip,119551,Aditya Birla Sun Life Banking & PSU Debt Fund  - DIRECT - IDCW,Aditya Birla Sun Life Mutual Fund,Open Ended Schemes,Debt Scheme - Banking and PSU Fund,2025-06-04,107.7469,2026-06-23T05:29:58.847318+00:00,https://api.mfapi.in/mf/119551
119551,SBI Bluechip,119551,Aditya Birla Sun Life Banking & PSU Debt Fund  - DIRECT - IDCW,Aditya Birla Sun Life Mutual Fund,Open Ended Schemes,Debt Scheme - Banking and PSU Fund,2025-06-03,107.7345,2026-06-23T05:29:58.847318+00:00,https://api.mfapi.in/mf/119551
119551,SBI Bluechip,119551,Aditya Birla Sun Life Banking & PSU Debt Fund  - DIRECT - IDCW,Aditya Birla Sun Life Mutual Fund,Open Ended Schemes,Debt Scheme - Banking and PSU Fund,2025-06-02,107.7103,2026-06-23T05:29:58.847318+00:00,https://api.mfapi.in/mf/119551
119551,SBI Bluechip,119551,Aditya Birla Sun Life Banking & PSU Debt Fund  - DIRECT - IDCW,Aditya Birla Sun Life Mutual Fund,Open Ended Schemes,Debt Scheme - Banking and PSU Fund,2025-05-30,107.657,2026-06-23T05:29:58.847318+00:00,https://api.mfapi.in/mf/119551
119551,SBI Bluechip,119551,Aditya Birla Sun Life Banking & PSU Debt Fund  - DIRECT - IDCW,Aditya Birla Sun Life Mutual Fund,Open Ended Schemes,Debt Scheme - Banking and PSU Fund,2025-05-29,107.6883,2026-06-23T05:29:58.847318+00:00,https://api.mfapi.in/mf/119551
119551,SBI Bluechip,119551,Aditya Birla Sun Life Banking & PSU Debt Fund  - DIRECT - IDCW,Aditya Birla Sun Life Mutual Fund,Open Ended Schemes,Debt Scheme - Banking and PSU Fund,2025-05-28,107.6822,2026-06-23T05:29:58.847318+00:00,https://api.mfapi.in/mf/119551
119551,SBI Bluechip,119551,Aditya Birla Sun Life Banking & PSU Debt Fund  - DIRECT - IDCW,Aditya Birla Sun Life Mutual Fund,Open Ended Schemes,Debt Scheme - Banking and PSU Fund,2025-05-27,107.6329,2026-06-23T05:29:58.847318+00:00,https://api.mfapi.in/mf/119551
119551,SBI Bluechip,119551,Aditya Birla Sun Life Banking & PSU Debt Fund  - DIRECT - IDCW,Aditya Birla Sun Life Mutual Fund,Open Ended Schemes,Debt Scheme - Banking and PSU Fund,2025-05-26,107.6218,2026-06-23T05:29:58.847318+00:00,https://api.mfapi.in/mf/119551
119551,SBI Bluechip,119551,Aditya Birla Sun Life Banking & PSU Debt Fund  - DIRECT - IDCW,Aditya Birla Sun Life Mutual Fund,Open Ended Schemes,Debt Scheme - Banking and PSU Fund,2025-05-23,107.5534,2026-06-23T05:29:58.847318+00:00,https://api.mfapi.in/mf/119551
119551,SBI Bluechip,119551,Aditya Birla Sun Life Banking & PSU Debt Fund  - DIRECT - IDCW,Aditya Birla Sun Life Mutual Fund,Open Ended Schemes,Debt Scheme - Banking and PSU Fund,2025-05-22,107.5193,2026-06-23T05:29:58.847318+00:00,https://api.mfapi.in/mf/119551
119551,SBI Bluechip,119551,Aditya Birla Sun Life Banking & PSU Debt Fund  - DIRECT - IDCW,Aditya Birla Sun Life Mutual Fund,Open Ended Schemes,Debt Scheme - Banking and PSU Fund,2025-05-21,107.4878,2026-06-23T05:29:58.847318+00:00,https://api.mfapi.in/mf/119551
119551,SBI Bluechip,119551,Aditya Birla Sun Life Banking & PSU Debt Fund  - DIRECT - IDCW,Aditya Birla Sun Life Mutual Fund,Open Ended Schemes,Debt Scheme - Banking and PSU Fund,2025-05-20,107.2867,2026-06-23T05:29:58.847318+00:00,https://api.mfapi.in/mf/119551
119551,SBI Bluechip,119551,Aditya Birla Sun Life Banking & PSU Debt Fund  - DIRECT - IDCW,Aditya Birla Sun Life Mutual Fund,Open Ended Schemes,Debt Scheme - Banking and PSU Fund,2025-05-19,107.1766,2026-06-23T05:29:58.847318+00:00,https://api.mfapi.in/mf/119551
119551,SBI Bluechip,119551,Aditya Birla Sun Life Banking & PSU Debt Fund  - DIRECT - IDCW,Aditya Birla Sun Life Mutual Fund,Open Ended Schemes,Debt Scheme - Banking and PSU Fund,2025-05-16,107.0688,2026-06-23T05:29:58.847318+00:00,https://api.mfapi.in/mf/119551
119551,SBI Bluechip,119551,Aditya Birla Sun Life Banking & PSU Debt Fund  - DIRECT - IDCW,Aditya Birla Sun Life Mutual Fund,Open Ended Schemes,Debt Scheme - Banking and PSU Fund,2025-05-15,106.9055,2026-06-23T05:29:58.847318+00:00,https://api.mfapi.in/mf/119551
119551,SBI Bluechip,119551,Aditya Birla Sun Life Banking & PSU Debt Fund  - DIRECT - IDCW,Aditya Birla Sun Life Mutual Fund,Open Ended Schemes,Debt Scheme - Banking and PSU Fund,2025-05-14,106.7901,2026-06-23T05:29:58.847318+00:00,https://api.mfapi.in/mf/119551
119551,SBI Bluechip,119551,Aditya Birla Sun Life Banking & PSU Debt Fund  - DIRECT - IDCW,Aditya Birla Sun Life Mutual Fund,Open Ended Schemes,Debt Scheme - Banking and PSU Fund,2025-05-13,106.6661,2026-06-23T05:29:58.847318+00:00,https://api.mfapi.in/mf/119551
119551,SBI Bluechip,119551,Aditya Birla Sun Life Banking & PSU Debt Fund  - DIRECT - IDCW,Aditya Birla Sun Life Mutual Fund,Open Ended Schemes,Debt Scheme - Banking and PSU Fund,2025-05-09,106.2789,2026-06-23T05:29:58.847318+00:00,https://api.mfapi.in/mf/119551
119551,SBI Bluechip,119551,Aditya Birla Sun Life Banking & PSU Debt Fund  - DIRECT - IDCW,Aditya Birla Sun Life Mutual Fund,Open Ended Schemes,Debt Scheme - Banking and PSU Fund,2025-05-08,106.3466,2026-06-23T05:29:58.847318+00:00,https://api.mfapi.in/mf/119551
119551,SBI Bluechip,119551,Aditya Birla Sun Life Banking & PSU Debt Fund  - DIRECT - IDCW,Aditya Birla Sun Life Mutual Fund,Open Ended Schemes,Debt Scheme - Banking and PSU Fund,2025-05-07,106.5585,2026-06-23T05:29:58.847318+00:00,https://api.mfapi.in/mf/119551
119551,SBI Bluechip,119551,Aditya Birla Sun Life Banking & PSU Debt Fund  - DIRECT - IDCW,Aditya Birla Sun Life Mutual Fund,Open Ended Schemes,Debt Scheme - Banking and PSU Fund,2025-05-06,106.5085,2026-06-23T05:29:58.847318+00:00,https://api.mfapi.in/mf/119551
119551,SBI Bluechip,119551,Aditya Birla Sun Life Banking & PSU Debt Fund  - DIRECT - IDCW,Aditya Birla Sun Life Mutual Fund,Open Ended Schemes,Debt Scheme - Banking and PSU Fund,2025-05-05,106.5451,2026-06-23T05:29:58.847318+00:00,https://api.mfapi.in/mf/119551
119551,SBI Bluechip,119551,Aditya Birla Sun Life Banking & PSU Debt Fund  - DIRECT - IDCW,Aditya Birla Sun Life Mutual Fund,Open Ended Schemes,Debt Scheme - Banking and PSU Fund,2025-05-02,106.4573,2026-06-23T05:29:58.847318+00:00,https://api.mfapi.in/mf/119551
119551,SBI Bluechip,119551,Aditya Birla Sun Life Banking & PSU Debt Fund  - DIRECT - IDCW,Aditya Birla Sun Life Mutual Fund,Open Ended Schemes,Debt Scheme - Banking and PSU Fund,2025-04-30,106.4272,2026-06-23T05:29:58.847318+00:00,https://api.mfapi.in/mf/119551
119551,SBI Bluechip,119551,Aditya Birla Sun Life Banking & PSU Debt Fund  - DIRECT - IDCW,Aditya Birla Sun Life Mutual Fund,Open Ended Schemes,Debt Scheme - Banking and PSU Fund,2025-04-29,106.4231,2026-06-23T05:29:58.847318+00:00,https://api.mfapi.in/mf/119551
119551,SBI Bluechip,119551,Aditya Birla Sun Life Banking & PSU Debt Fund  - DIRECT - IDCW,Aditya Birla Sun Life Mutual Fund,Open Ended Schemes,Debt Scheme - Banking and PSU Fund,2025-04-28,106.3422,2026-06-23T05:29:58.847318+00:00,https://api.mfapi.in/mf/119551
119551,SBI Bluechip,119551,Aditya Birla Sun Life Banking & PSU Debt Fund  - DIRECT - IDCW,Aditya Birla Sun Life Mutual Fund,Open Ended Schemes,Debt Scheme - Banking and PSU Fund,2025-04-25,106.2928,2026-06-23T05:29:58.847318+00:00,https://api.mfapi.in/mf/119551
119551,SBI Bluechip,119551,Aditya Birla Sun Life Banking & PSU Debt Fund  - DIRECT - IDCW,Aditya Birla Sun Life Mutual Fund,Open Ended Schemes,Debt Scheme - Banking and PSU Fund,2025-04-24,106.3431,2026-06-23T05:29:58.847318+00:00,https://api.mfapi.in/mf/119551
119551,SBI Bluechip,119551,Aditya Birla Sun Life Banking & PSU Debt Fund  - DIRECT - IDCW,Aditya Birla Sun Life Mutual Fund,Open Ended Schemes,Debt Scheme - Banking and PSU Fund,2025-04-23,106.3557,2026-06-23T05:29:58.847318+00:00,https://api.mfapi.in/mf/119551
119551,SBI Bluechip,119551,Aditya Birla Sun Life Banking & PSU Debt Fund  - DIRECT - IDCW,Aditya Birla Sun Life Mutual Fund,Open Ended Schemes,Debt Scheme - Banking and PSU Fund,2025-04-22,106.2867,2026-06-23T05:29:58.847318+00:00,https://api.mfapi.in/mf/119551
119551,SBI Bluechip,119551,Aditya Birla Sun Life Banking & PSU Debt Fund  - DIRECT - IDCW,Aditya Birla Sun Life Mutual Fund,Open Ended Schemes,Debt Scheme - Banking and PSU Fund,2025-04-21,106.1959,2026-06-23T05:29:58.847318+00:00,https://api.mfapi.in/mf/119551
119551,SBI Bluechip,119551,Aditya Birla Sun Life Banking & PSU Debt Fund  - DIRECT - IDCW,Aditya Birla Sun Life Mutual Fund,Open Ended Schemes,Debt Scheme - Banking and PSU Fund,2025-04-17,106.0393,2026-06-23T05:29:58.847318+00:00,https://api.mfapi.in/mf/119551
119551,SBI Bluechip,119551,Aditya Birla Sun Life Banking & PSU Debt Fund  - DIRECT - IDCW,Aditya Birla Sun Life Mutual Fund,Open Ended Schemes,Debt Scheme - Banking and PSU Fund,2025-04-16,105.9138,2026-06-23T05:29:58.847318+00:00,https://api.mfapi.in/mf/119551
119551,SBI Bluechip,119551,Aditya Birla Sun Life Banking & PSU Debt Fund  - DIRECT - IDCW,Aditya Birla Sun Life Mutual Fund,Open Ended Schemes,Debt Scheme - Banking and PSU Fund,2025-04-15,105.8256,2026-06-23T05:29:58.847318+00:00,https://api.mfapi.in/mf/119551
119551,SBI Bluechip,119551,Aditya Birla Sun Life Banking & PSU Debt Fund  - DIRECT - IDCW,Aditya Birla Sun Life Mutual Fund,Open Ended Schemes,Debt Scheme - Banking and PSU Fund,2025-04-11,105.7166,2026-06-23T05:29:58.847318+00:00,https://api.mfapi.in/mf/119551
119551,SBI Bluechip,119551,Aditya Birla Sun Life Banking & PSU Debt Fund  - DIRECT - IDCW,Aditya Birla Sun Life Mutual Fund,Open Ended Schemes,Debt Scheme - Banking and PSU Fund,2025-04-09,105.595,2026-06-23T05:29:58.847318+00:00,https://api.mfapi.in/mf/119551
119551,SBI Bluechip,119551,Aditya Birla Sun Life Banking & PSU Debt Fund  - DIRECT - IDCW,Aditya Birla Sun Life Mutual Fund,Open Ended Schemes,Debt Scheme - Banking and PSU Fund,2025-04-08,105.4798,2026-06-23T05:29:58.847318+00:00,https://api.mfapi.in/mf/119551
119551,SBI Bluechip,119551,Aditya Birla Sun Life Banking & PSU Debt Fund  - DIRECT - IDCW,Aditya Birla Sun Life Mutual Fund,Open Ended Schemes,Debt Scheme - Banking and PSU Fund,2025-04-07,105.4895,2026-06-23T05:29:58.847318+00:00,https://api.mfapi.in/mf/119551
119551,SBI Bluechip,119551,Aditya Birla Sun Life Banking & PSU Debt Fund  - DIRECT - IDCW,Aditya Birla Sun Life Mutual Fund,Open Ended Schemes,Debt Scheme - Banking and PSU Fund,2025-04-04,105.4731,2026-06-23T05:29:58.847318+00:00,https://api.mfapi.in/mf/119551
119551,SBI Bluechip,119551,Aditya Birla Sun Life Banking & PSU Debt Fund  - DIRECT - IDCW,Aditya Birla Sun Life Mutual Fund,Open Ended Schemes,Debt Scheme - Banking and PSU Fund,2025-04-03,105.407,2026-06-23T05:29:58.847318+00:00,https://api.mfapi.in/mf/119551
119551,SBI Bluechip,119551,Aditya Birla Sun Life Banking & PSU Debt Fund  - DIRECT - IDCW,Aditya Birla Sun Life Mutual Fund,Open Ended Schemes,Debt Scheme - Banking and PSU Fund,2025-04-02,105.2693,2026-06-23T05:29:58.847318+00:00,https://api.mfapi.in/mf/119551
119551,SBI Bluechip,119551,Aditya Birla Sun Life Banking & PSU Debt Fund  - DIRECT - IDCW,Aditya Birla Sun Life Mutual Fund,Open Ended Schemes,Debt Scheme - Banking and PSU Fund,2025-03-31,104.8517,2026-06-23T05:29:58.847318+00:00,https://api.mfapi.in/mf/119551
119551,SBI Bluechip,119551,Aditya Birla Sun Life Banking & PSU Debt Fund  - DIRECT - IDCW,Aditya Birla Sun Life Mutual Fund,Open Ended Schemes,Debt Scheme - Banking and PSU Fund,2025-03-28,104.798,2026-06-23T05:29:58.847318+00:00,https://api.mfapi.in/mf/119551
119551,SBI Bluechip,119551,Aditya Birla Sun Life Banking & PSU Debt Fund  - DIRECT - IDCW,Aditya Birla Sun Life Mutual Fund,Open Ended Schemes,Debt Scheme - Banking and PSU Fund,2025-03-27,104.5887,2026-06-23T05:29:58.847318+00:00,https://api.mfapi.in/mf/119551
119551,SBI Bluechip,119551,Aditya Birla Sun Life Banking & PSU Debt Fund  - DIRECT - IDCW,Aditya Birla Sun Life Mutual Fund,Open Ended Schemes,Debt Scheme - Banking and PSU Fund,2025-03-26,104.4275,2026-06-23T05:29:58.847318+00:00,https://api.mfapi.in/mf/119551
119551,SBI Bluechip,119551,Aditya Birla Sun Life Banking & PSU Debt Fund  - DIRECT - IDCW,Aditya Birla Sun Life Mutual Fund,Open Ended Schemes,Debt Scheme - Banking and PSU Fund,2025-03-25,104.3152,2026-06-23T05:29:58.847318+00:00,https://api.mfapi.in/mf/119551
119551,SBI Bluechip,119551,Aditya Birla Sun Life Banking & PSU Debt Fund  - DIRECT - IDCW,Aditya Birla Sun Life Mutual Fund,Open Ended Schemes,Debt Scheme - Banking and PSU Fund,2025-03-24,104.2711,2026-06-23T05:29:58.847318+00:00,https://api.mfapi.in/mf/119551
119551,SBI Bluechip,119551,Aditya Birla Sun Life Banking & PSU Debt Fund  - DIRECT - IDCW,Aditya Birla Sun Life Mutual Fund,Open Ended Schemes,Debt Scheme - Banking and PSU Fund,2025-03-21,104.1787,2026-06-23T05:29:58.847318+00:00,https://api.mfapi.in/mf/119551
119551,SBI Bluechip,119551,Aditya Birla Sun Life Banking & PSU Debt Fund  - DIRECT - IDCW,Aditya Birla Sun Life Mutual Fund,Open Ended Schemes,Debt Scheme - Banking and PSU Fund,2025-03-20,104.0851,2026-06-23T05:29:58.847318+00:00,https://api.mfapi.in/mf/119551
119551,SBI Bluechip,119551,Aditya Birla Sun Life Banking & PSU Debt Fund  - DIRECT - IDCW,Aditya Birla Sun Life Mutual Fund,Open Ended Schemes,Debt Scheme - Banking and PSU Fund,2025-03-19,103.9843,2026-06-23T05:29:58.847318+00:00,https://api.mfapi.in/mf/119551
119551,SBI Bluechip,119551,Aditya Birla Sun Life Banking & PSU Debt Fund  - DIRECT - IDCW,Aditya Birla Sun Life Mutual Fund,Open Ended Schemes,Debt Scheme - Banking and PSU Fund,2025-03-18,103.8685,2026-06-23T05:29:58.847318+00:00,https://api.mfapi.in/mf/119551
119551,SBI Bluechip,119551,Aditya Birla Sun Life Banking & PSU Debt Fund  - DIRECT - IDCW,Aditya Birla Sun Life Mutual Fund,Open Ended Schemes,Debt Scheme - Banking and PSU Fund,2025-03-17,103.8183,2026-06-23T05:29:58.847318+00:00,https://api.mfapi.in/mf/119551
119551,SBI Bluechip,119551,Aditya Birla Sun Life Banking & PSU Debt Fund  - DIRECT - IDCW,Aditya Birla Sun Life Mutual Fund,Open Ended Schemes,Debt Scheme - Banking and PSU Fund,2025-03-13,103.7314,2026-06-23T05:29:58.847318+00:00,https://api.mfapi.in/mf/119551
119551,SBI Bluechip,119551,Aditya Birla Sun Life Banking & PSU Debt Fund  - DIRECT - IDCW,Aditya Birla Sun Life Mutual Fund,Open Ended Schemes,Debt Scheme - Banking and PSU Fund,2025-03-12,103.6937,2026-06-23T05:29:58.847318+00:00,https://api.mfapi.in/mf/119551
119551,SBI Bluechip,119551,Aditya Birla Sun Life Banking & PSU Debt Fund  - DIRECT - IDCW,Aditya Birla Sun Life Mutual Fund,Open Ended Schemes,Debt Scheme - Banking and PSU Fund,2025-03-11,103.6633,2026-06-23T05:29:58.847318+00:00,https://api.mfapi.in/mf/119551
119551,SBI Bluechip,119551,Aditya Birla Sun Life Banking & PSU Debt Fund  - DIRECT - IDCW,Aditya Birla Sun Life Mutual Fund,Open Ended Schemes,Debt Scheme - Banking and PSU Fund,2025-03-10,103.6318,2026-06-23T05:29:58.847318+00:00,https://api.mfapi.in/mf/119551
119551,SBI Bluechip,119551,Aditya Birla Sun Life Banking & PSU Debt Fund  - DIRECT - IDCW,Aditya Birla Sun Life Mutual Fund,Open Ended Schemes,Debt Scheme - Banking and PSU Fund,2025-03-07,103.5932,2026-06-23T05:29:58.847318+00:00,https://api.mfapi.in/mf/119551
119551,SBI Bluechip,119551,Aditya Birla Sun Life Banking & PSU Debt Fund  - DIRECT - IDCW,Aditya Birla Sun Life Mutual Fund,Open Ended Schemes,Debt Scheme - Banking and PSU Fund,2025-03-06,103.577,2026-06-23T05:29:58.847318+00:00,https://api.mfapi.in/mf/119551
119551,SBI Bluechip,119551,Aditya Birla Sun Life Banking & PSU Debt Fund  - DIRECT - IDCW,Aditya Birla Sun Life Mutual Fund,Open Ended Schemes,Debt Scheme - Banking and PSU Fund,2025-03-05,103.5156,2026-06-23T05:29:58.847318+00:00,https://api.mfapi.in/mf/119551
119551,SBI Bluechip,119551,Aditya Birla Sun Life Banking & PSU Debt Fund  - DIRECT - IDCW,Aditya Birla Sun Life Mutual Fund,Open Ended Schemes,Debt Scheme - Banking and PSU Fund,2025-03-04,103.4961,2026-06-23T05:29:58.847318+00:00,https://api.mfapi.in/mf/119551
119551,SBI Bluechip,119551,Aditya Birla Sun Life Banking & PSU Debt Fund  - DIRECT - IDCW,Aditya Birla Sun Life Mutual Fund,Open Ended Schemes,Debt Scheme - Banking and PSU Fund,2025-03-03,103.4915,2026-06-23T05:29:58.847318+00:00,https://api.mfapi.in/mf/119551
119551,SBI Bluechip,119551,Aditya Birla Sun Life Banking & PSU Debt Fund  - DIRECT - IDCW,Aditya Birla Sun Life Mutual Fund,Open Ended Schemes,Debt Scheme - Banking and PSU Fund,2025-02-28,103.4542,2026-06-23T05:29:58.847318+00:00,https://api.mfapi.in/mf/119551
119551,SBI Bluechip,119551,Aditya Birla Sun Life Banking & PSU Debt Fund  - DIRECT - IDCW,Aditya Birla Sun Life Mutual Fund,Open Ended Schemes,Debt Scheme - Banking and PSU Fund,2025-02-27,103.475,2026-06-23T05:29:58.847318+00:00,https://api.mfapi.in/mf/119551
119551,SBI Bluechip,119551,Aditya Birla Sun Life Banking & PSU Debt Fund  - DIRECT - IDCW,Aditya Birla Sun Life Mutual Fund,Open Ended Schemes,Debt Scheme - Banking and PSU Fund,2025-02-25,103.5311,2026-06-23T05:29:58.847318+00:00,https://api.mfapi.in/mf/119551
119551,SBI Bluechip,119551,Aditya Birla Sun Life Banking & PSU Debt Fund  - DIRECT - IDCW,Aditya Birla Sun Life Mutual Fund,Open Ended Schemes,Debt Scheme - Banking and PSU Fund,2025-02-24,103.523,2026-06-23T05:29:58.847318+00:00,https://api.mfapi.in/mf/119551
119551,SBI Bluechip,119551,Aditya Birla Sun Life Banking & PSU Debt Fund  - DIRECT - IDCW,Aditya Birla Sun Life Mutual Fund,Open Ended Schemes,Debt Scheme - Banking and PSU Fund,2025-02-21,103.4606,2026-06-23T05:29:58.847318+00:00,https://api.mfapi.in/mf/119551
119551,SBI Bluechip,119551,Aditya Birla Sun Life Banking & PSU Debt Fund  - DIRECT - IDCW,Aditya Birla Sun Life Mutual Fund,Open Ended Schemes,Debt Scheme - Banking and PSU Fund,2025-02-20,103.4473,2026-06-23T05:29:58.847318+00:00,https://api.mfapi.in/mf/119551
119551,SBI Bluechip,119551,Aditya Birla Sun Life Banking & PSU Debt Fund  - DIRECT - IDCW,Aditya Birla Sun Life Mutual Fund,Open Ended Schemes,Debt Scheme - Banking and PSU Fund,2025-02-18,103.428,2026-06-23T05:29:58.847318+00:00,https://api.mfapi.in/mf/119551
119551,SBI Bluechip,119551,Aditya Birla Sun Life Banking & PSU Debt Fund  - DIRECT - IDCW,Aditya Birla Sun Life Mutual Fund,Open Ended Schemes,Debt Scheme - Banking and PSU Fund,2025-02-17,103.4024,2026-06-23T05:29:58.847318+00:00,https://api.mfapi.in/mf/119551
119551,SBI Bluechip,119551,Aditya Birla Sun Life Banking & PSU Debt Fund  - DIRECT - IDCW,Aditya Birla Sun Life Mutual Fund,Open Ended Schemes,Debt Scheme - Banking and PSU Fund,2025-02-14,103.3587,2026-06-23T05:29:58.847318+00:00,https://api.mfapi.in/mf/119551
119551,SBI Bluechip,119551,Aditya Birla Sun Life Banking & PSU Debt Fund  - DIRECT - IDCW,Aditya Birla Sun Life Mutual Fund,Open Ended Schemes,Debt Scheme - Banking and PSU Fund,2025-02-13,103.3413,2026-06-23T05:29:58.847318+00:00,https://api.mfapi.in/mf/119551
119551,SBI Bluechip,119551,Aditya Birla Sun Life Banking & PSU Debt Fund  - DIRECT - IDCW,Aditya Birla Sun Life Mutual Fund,Open Ended Schemes,Debt Scheme - Banking and PSU Fund,2025-02-12,103.3327,2026-06-23T05:29:58.847318+00:00,https://api.mfapi.in/mf/119551
119551,SBI Bluechip,119551,Aditya Birla Sun Life Banking & PSU Debt Fund  - DIRECT - IDCW,Aditya Birla Sun Life Mutual Fund,Open Ended Schemes,Debt Scheme - Banking and PSU Fund,2025-02-11,103.3491,2026-06-23T05:29:58.847318+00:00,https://api.mfapi.in/mf/119551
119551,SBI Bluechip,119551,Aditya Birla Sun Life Banking & PSU Debt Fund  - DIRECT - IDCW,Aditya Birla Sun Life Mutual Fund,Open Ended Schemes,Debt Scheme - Banking and PSU Fund,2025-02-10,103.3119,2026-06-23T05:29:58.847318+00:00,https://api.mfapi.in/mf/119551
119551,SBI Bluechip,119551,Aditya Birla Sun Life Banking & PSU Debt Fund  - DIRECT - IDCW,Aditya Birla Sun Life Mutual Fund,Open Ended Schemes,Debt Scheme - Banking and PSU Fund,2025-02-07,103.2983,2026-06-23T05:29:58.847318+00:00,https://api.mfapi.in/mf/119551
119551,SBI Bluechip,119551,Aditya Birla Sun Life Banking & PSU Debt Fund  - DIRECT - IDCW,Aditya Birla Sun Life Mutual Fund,Open Ended Schemes,Debt Scheme - Banking and PSU Fund,2025-02-06,103.3557,2026-06-23T05:29:58.847318+00:00,https://api.mfapi.in/mf/119551
119551,SBI Bluechip,119551,Aditya Birla Sun Life Banking & PSU Debt Fund  - DIRECT - IDCW,Aditya Birla Sun Life Mutual Fund,Open Ended Schemes,Debt Scheme - Banking and PSU Fund,2025-02-05,103.2887,2026-06-23T05:29:58.847318+00:00,https://api.mfapi.in/mf/119551
119551,SBI Bluechip,119551,Aditya Birla Sun Life Banking & PSU Debt Fund  - DIRECT - IDCW,Aditya Birla Sun Life Mutual Fund,Open Ended Schemes,Debt Scheme - Banking and PSU Fund,2025-02-04,103.2096,2026-06-23T05:29:58.847318+00:00,https://api.mfapi.in/mf/119551
119551,SBI Bluechip,119551,Aditya Birla Sun Life Banking & PSU Debt Fund  - DIRECT - IDCW,Aditya Birla Sun Life Mutual Fund,Open Ended Schemes,Debt Scheme - Banking and PSU Fund,2025-02-03,103.2079,2026-06-23T05:29:58.847318+00:00,https://api.mfapi.in/mf/119551
119551,SBI Bluechip,119551,Aditya Birla Sun Life Banking & PSU Debt Fund  - DIRECT - IDCW,Aditya Birla Sun Life Mutual Fund,Open Ended Schemes,Debt Scheme - Banking and PSU Fund,2025-01-31,103.1194,2026-06-23T05:29:58.847318+00:00,https://api.mfapi.in/mf/119551
119551,SBI Bluechip,119551,Aditya Birla Sun Life Banking & PSU Debt Fund  - DIRECT - IDCW,Aditya Birla Sun Life Mutual Fund,Open Ended Schemes,Debt Scheme - Banking and PSU Fund,2025-01-30,103.0995,2026-06-23T05:29:58.847318+00:00,https://api.mfapi.in/mf/119551
119551,SBI Bluechip,119551,Aditya Birla Sun Life Banking & PSU Debt Fund  - DIRECT - IDCW,Aditya Birla Sun Life Mutual Fund,Open Ended Schemes,Debt Scheme - Banking and PSU Fund,2025-01-29,103.0631,2026-06-23T05:29:58.847318+00:00,https://api.mfapi.in/mf/119551
119551,SBI Bluechip,119551,Aditya Birla Sun Life Banking & PSU Debt Fund  - DIRECT - IDCW,Aditya Birla Sun Life Mutual Fund,Open Ended Schemes,Debt Scheme - Banking and PSU Fund,2025-01-28,103.0551,2026-06-23T05:29:58.847318+00:00,https://api.mfapi.in/mf/119551
119551,SBI Bluechip,119551,Aditya Birla Sun Life Banking & PSU Debt Fund  - DIRECT - IDCW,Aditya Birla Sun Life Mutual Fund,Open Ended Schemes,Debt Scheme - Banking and PSU Fund,2025-01-27,103.0191,2026-06-23T05:29:58.847318+00:00,https://api.mfapi.in/mf/119551
119551,SBI Bluechip,119551,Aditya Birla Sun Life Banking & PSU Debt Fund  - DIRECT - IDCW,Aditya Birla Sun Life Mutual Fund,Open Ended Schemes,Debt Scheme - Banking and PSU Fund,2025-01-24,102.9,2026-06-23T05:29:58.847318+00:00,https://api.mfapi.in/mf/119551
119551,SBI Bluechip,119551,Aditya Birla Sun Life Banking & PSU Debt Fund  - DIRECT - IDCW,Aditya Birla Sun Life Mutual Fund,Open Ended Schemes,Debt Scheme - Banking and PSU Fund,2025-01-23,102.8828,2026-06-23T05:29:58.847318+00:00,https://api.mfapi.in/mf/119551
119551,SBI Bluechip,119551,Aditya Birla Sun Life Banking & PSU Debt Fund  - DIRECT - IDCW,Aditya Birla Sun Life Mutual Fund,Open Ended Schemes,Debt Scheme - Banking and PSU Fund,2025-01-22,102.882,2026-06-23T05:29:58.847318+00:00,https://api.mfapi.in/mf/119551
119551,SBI Bluechip,119551,Aditya Birla Sun Life Banking & PSU Debt Fund  - DIRECT - IDCW,Aditya Birla Sun Life Mutual Fund,Open Ended Schemes,Debt Scheme - Banking and PSU Fund,2025-01-21,102.833,2026-06-23T05:29:58.847318+00:00,https://api.mfapi.in/mf/119551
119551,SBI Bluechip,119551,Aditya Birla Sun Life Banking & PSU Debt Fund  - DIRECT - IDCW,Aditya Birla Sun Life Mutual Fund,Open Ended Schemes,Debt Scheme - Banking and PSU Fund,2025-01-20,102.7722,2026-06-23T05:29:58.847318+00:00,https://api.mfapi.in/mf/119551
119551,SBI Bluechip,119551,Aditya Birla Sun Life Banking & PSU Debt Fund  - DIRECT - IDCW,Aditya Birla Sun Life Mutual Fund,Open Ended Schemes,Debt Scheme - Banking and PSU Fund,2025-01-17,102.6971,2026-06-23T05:29:58.847318+00:00,https://api.mfapi.in/mf/119551
119551,SBI Bluechip,119551,Aditya Birla Sun Life Banking & PSU Debt Fund  - DIRECT - IDCW,Aditya Birla Sun Life Mutual Fund,Open Ended Schemes,Debt Scheme - Banking and PSU Fund,2025-01-16,102.6846,2026-06-23T05:29:58.847318+00:00,https://api.mfapi.in/mf/119551
119551,SBI Bluechip,119551,Aditya Birla Sun Life Banking & PSU Debt Fund  - DIRECT - IDCW,Aditya Birla Sun Life Mutual Fund,Open Ended Schemes,Debt Scheme - Banking and PSU Fund,2025-01-15,102.5547,2026-06-23T05:29:58.847318+00:00,https://api.mfapi.in/mf/119551
119551,SBI Bluechip,119551,Aditya Birla Sun Life Banking & PSU Debt Fund  - DIRECT - IDCW,Aditya Birla Sun Life Mutual Fund,Open Ended Schemes,Debt Scheme - Banking and PSU Fund,2025-01-14,102.5067,2026-06-23T05:29:58.847318+00:00,https://api.mfapi.in/mf/119551
119551,SBI Bluechip,119551,Aditya Birla Sun Life Banking & PSU Debt Fund  - DIRECT - IDCW,Aditya Birla Sun Life Mutual Fund,Open Ended Schemes,Debt Scheme - Banking and PSU Fund,2025-01-13,102.479,2026-06-23T05:29:58.847318+00:00,https://api.mfapi.in/mf/119551
119551,SBI Bluechip,119551,Aditya Birla Sun Life Banking & PSU Debt Fund  - DIRECT - IDCW,Aditya Birla Sun Life Mutual Fund,Open Ended Schemes,Debt Scheme - Banking and PSU Fund,2025-01-10,102.5788,2026-06-23T05:29:58.847318+00:00,https://api.mfapi.in/mf/119551
119551,SBI Bluechip,119551,Aditya Birla Sun Life Banking & PSU Debt Fund  - DIRECT - IDCW,Aditya Birla Sun Life Mutual Fund,Open Ended Schemes,Debt Scheme - Banking and PSU Fund,2025-01-09,102.5669,2026-06-23T05:29:58.847318+00:00,https://api.mfapi.in/mf/119551
119551,SBI Bluechip,119551,Aditya Birla Sun Life Banking & PSU Debt Fund  - DIRECT - IDCW,Aditya Birla Sun Life Mutual Fund,Open Ended Schemes,Debt Scheme - Banking and PSU Fund,2025-01-08,102.5842,2026-06-23T05:29:58.847318+00:00,https://api.mfapi.in/mf/119551
119551,SBI Bluechip,119551,Aditya Birla Sun Life Banking & PSU Debt Fund  - DIRECT - IDCW,Aditya Birla Sun Life Mutual Fund,Open Ended Schemes,Debt Scheme - Banking and PSU Fund,2025-01-07,102.5942,2026-06-23T05:29:58.847318+00:00,https://api.mfapi.in/mf/119551
119551,SBI Bluechip,119551,Aditya Birla Sun Life Banking & PSU Debt Fund  - DIRECT - IDCW,Aditya Birla Sun Life Mutual Fund,Open Ended Schemes,Debt Scheme - Banking and PSU Fund,2025-01-06,102.5428,2026-06-23T05:29:58.847318+00:00,https://api.mfapi.in/mf/119551
119551,SBI Bluechip,119551,Aditya Birla Sun Life Banking & PSU Debt Fund  - DIRECT - IDCW,Aditya Birla Sun Life Mutual Fund,Open Ended Schemes,Debt Scheme - Banking and PSU Fund,2025-01-03,102.4734,2026-06-23T05:29:58.847318+00:00,https://api.mfapi.in/mf/119551
119551,SBI Bluechip,119551,Aditya Birla Sun Life Banking & PSU Debt Fund  - DIRECT - IDCW,Aditya Birla Sun Life Mutual Fund,Open Ended Schemes,Debt Scheme - Banking and PSU Fund,2025-01-02,102.4411,2026-06-23T05:29:58.847318+00:00,https://api.mfapi.in/mf/119551
119551,SBI Bluechip,119551,Aditya Birla Sun Life Banking & PSU Debt Fund  - DIRECT - IDCW,Aditya Birla Sun Life Mutual Fund,Open Ended Schemes,Debt Scheme - Banking and PSU Fund,2025-01-01,102.4373,2026-06-23T05:29:58.847318+00:00,https://api.mfapi.in/mf/119551
119551,SBI Bluechip,119551,Aditya Birla Sun Life Banking & PSU Debt Fund  - DIRECT - IDCW,Aditya Birla Sun Life Mutual Fund,Open Ended Schemes,Debt Scheme - Banking and PSU Fund,2024-12-31,102.4261,2026-06-23T05:29:58.847318+00:00,https://api.mfapi.in/mf/119551
119551,SBI Bluechip,119551,Aditya Birla Sun Life Banking & PSU Debt Fund  - DIRECT - IDCW,Aditya Birla Sun Life Mutual Fund,Open Ended Schemes,Debt Scheme - Banking and PSU Fund,2024-12-30,102.3935,2026-06-23T05:29:58.847318+00:00,https://api.mfapi.in/mf/119551
119551,SBI Bluechip,119551,Aditya Birla Sun Life Banking & PSU Debt Fund  - DIRECT - IDCW,Aditya Birla Sun Life Mutual Fund,Open Ended Schemes,Debt Scheme - Banking and PSU Fund,2024-12-27,102.3377,2026-06-23T05:29:58.847318+00:00,https://api.mfapi.in/mf/119551
119551,SBI Bluechip,119551,Aditya Birla Sun Life Banking & PSU Debt Fund  - DIRECT - IDCW,Aditya Birla Sun Life Mutual Fund,Open Ended Schemes,Debt Scheme - Banking and PSU Fund,2024-12-26,102.3057,2026-06-23T05:29:58.847318+00:00,https://api.mfapi.in/mf/119551
119551,SBI Bluechip,119551,Aditya Birla Sun Life Banking & PSU Debt Fund  - DIRECT - IDCW,Aditya Birla Sun Life Mutual Fund,Open Ended Schemes,Debt Scheme - Banking and PSU Fund,2024-12-24,102.276,2026-06-23T05:29:58.847318+00:00,https://api.mfapi.in/mf/119551
119551,SBI Bluechip,119551,Aditya Birla Sun Life Banking & PSU Debt Fund  - DIRECT - IDCW,Aditya Birla Sun Life Mutual Fund,Open Ended Schemes,Debt Scheme - Banking and PSU Fund,2024-12-23,102.2971,2026-06-23T05:29:58.847318+00:00,https://api.mfapi.in/mf/119551
119551,SBI Bluechip,119551,Aditya Birla Sun Life Banking & PSU Debt Fund  - DIRECT - IDCW,Aditya Birla Sun Life Mutual Fund,Open Ended Schemes,Debt Scheme - Banking and PSU Fund,2024-12-20,102.2299,2026-06-23T05:29:58.847318+00:00,https://api.mfapi.in/mf/119551
119551,SBI Bluechip,119551,Aditya Birla Sun Life Banking & PSU Debt Fund  - DIRECT - IDCW,Aditya Birla Sun Life Mutual Fund,Open Ended Schemes,Debt Scheme - Banking and PSU Fund,2024-12-19,102.2319,2026-06-23T05:29:58.847318+00:00,https://api.mfapi.in/mf/119551
119551,SBI Bluechip,119551,Aditya Birla Sun Life Banking & PSU Debt Fund  - DIRECT - IDCW,Aditya Birla Sun Life Mutual Fund,Open Ended Schemes,Debt Scheme - Banking and PSU Fund,2024-12-18,102.3051,2026-06-23T05:29:58.847318+00:00,https://api.mfapi.in/mf/119551
119551,SBI Bluechip,119551,Aditya Birla Sun Life Banking & PSU Debt Fund  - DIRECT - IDCW,Aditya Birla Sun Life Mutual Fund,Open Ended Schemes,Debt Scheme - Banking and PSU Fund,2024-12-17,102.2788,2026-06-23T05:29:58.847318+00:00,https://api.mfapi.in/mf/119551
119551,SBI Bluechip,119551,Aditya Birla Sun Life Banking & PSU Debt Fund  - DIRECT - IDCW,Aditya Birla Sun Life Mutual Fund,Open Ended Schemes,Debt Scheme - Banking and PSU Fund,2024-12-16,108.8176,2026-06-23T05:29:58.847318+00:00,https://api.mfapi.in/mf/119551
119551,SBI Bluechip,119551,Aditya Birla Sun Life Banking & PSU Debt Fund  - DIRECT - IDCW,Aditya Birla Sun Life Mutual Fund,Open Ended Schemes,Debt Scheme - Banking and PSU Fund,2024-12-13,108.7654,2026-06-23T05:29:58.847318+00:00,https://api.mfapi.in/mf/119551
119551,SBI Bluechip,119551,Aditya Birla Sun Life Banking & PSU Debt Fund  - DIRECT - IDCW,Aditya Birla Sun Life Mutual Fund,Open Ended Schemes,Debt Scheme - Banking and PSU Fund,2024-12-12,108.76,2026-06-23T05:29:58.847318+00:00,https://api.mfapi.in/mf/119551
119551,SBI Bluechip,119551,Aditya Birla Sun Life Banking & PSU Debt Fund  - DIRECT - IDCW,Aditya Birla Sun Life Mutual Fund,Open Ended Schemes,Debt Scheme - Banking and PSU Fund,2024-12-11,108.7714,2026-06-23T05:29:58.847318+00:00,https://api.mfapi.in/mf/119551
119551,SBI Bluechip,119551,Aditya Birla Sun Life Banking & PSU Debt Fund  - DIRECT - IDCW,Aditya Birla Sun Life Mutual Fund,Open Ended Schemes,Debt Scheme - Banking and PSU Fund,2024-12-10,108.7512,2026-06-23T05:29:58.847318+00:00,https://api.mfapi.in/mf/119551
119551,SBI Bluechip,119551,Aditya Birla Sun Life Banking & PSU Debt Fund  - DIRECT - IDCW,Aditya Birla Sun Life Mutual Fund,Open Ended Schemes,Debt Scheme - Banking and PSU Fund,2024-12-09,108.7124,2026-06-23T05:29:58.847318+00:00,https://api.mfapi.in/mf/119551
119551,SBI Bluechip,119551,Aditya Birla Sun Life Banking & PSU Debt Fund  - DIRECT - IDCW,Aditya Birla Sun Life Mutual Fund,Open Ended Schemes,Debt Scheme - Banking and PSU Fund,2024-12-06,108.6492,2026-06-23T05:29:58.847318+00:00,https://api.mfapi.in/mf/119551
119551,SBI Bluechip,119551,Aditya Birla Sun Life Banking & PSU Debt Fund  - DIRECT - IDCW,Aditya Birla Sun Life Mutual Fund,Open Ended Schemes,Debt Scheme - Banking and PSU Fund,2024-12-05,108.7127,2026-06-23T05:29:58.847318+00:00,https://api.mfapi.in/mf/119551
119551,SBI Bluechip,119551,Aditya Birla Sun Life Banking & PSU Debt Fund  - DIRECT - IDCW,Aditya Birla Sun Life Mutual Fund,Open Ended Schemes,Debt Scheme - Banking and PSU Fund,2024-12-04,108.6652,2026-06-23T05:29:58.847318+00:00,https://api.mfapi.in/mf/119551
119551,SBI Bluechip,119551,Aditya Birla Sun Life Banking & PSU Debt Fund  - DIRECT - IDCW,Aditya Birla Sun Life Mutual Fund,Open Ended Schemes,Debt Scheme - Banking and PSU Fund,2024-12-03,108.5772,2026-06-23T05:29:58.847318+00:00,https://api.mfapi.in/mf/119551
119551,SBI Bluechip,119551,Aditya Birla Sun Life Banking & PSU Debt Fund  - DIRECT - IDCW,Aditya Birla Sun Life Mutual Fund,Open Ended Schemes,Debt Scheme - Banking and PSU Fund,2024-12-02,108.547,2026-06-23T05:29:58.847318+00:00,https://api.mfapi.in/mf/119551
119551,SBI Bluechip,119551,Aditya Birla Sun Life Banking & PSU Debt Fund  - DIRECT - IDCW,Aditya Birla Sun Life Mutual Fund,Open Ended Schemes,Debt Scheme - Banking and PSU Fund,2024-11-29,108.3481,2026-06-23T05:29:58.847318+00:00,https://api.mfapi.in/mf/119551
119551,SBI Bluechip,119551,Aditya Birla Sun Life Banking & PSU Debt Fund  - DIRECT - IDCW,Aditya Birla Sun Life Mutual Fund,Open Ended Schemes,Debt Scheme - Banking and PSU Fund,2024-11-28,108.248,2026-06-23T05:29:58.847318+00:00,https://api.mfapi.in/mf/119551
119551,SBI Bluechip,119551,Aditya Birla Sun Life Banking & PSU Debt Fund  - DIRECT - IDCW,Aditya Birla Sun Life Mutual Fund,Open Ended Schemes,Debt Scheme - Banking and PSU Fund,2024-11-27,108.2186,2026-06-23T05:29:58.847318+00:00,https://api.mfapi.in/mf/119551
119551,SBI Bluechip,119551,Aditya Birla Sun Life Banking & PSU Debt Fund  - DIRECT - IDCW,Aditya Birla Sun Life Mutual Fund,Open Ended Schemes,Debt Scheme - Banking and PSU Fund,2024-11-26,108.234,2026-06-23T05:29:58.847318+00:00,https://api.mfapi.in/mf/119551
119551,SBI Bluechip,119551,Aditya Birla Sun Life Banking & PSU Debt Fund  - DIRECT - IDCW,Aditya Birla Sun Life Mutual Fund,Open Ended Schemes,Debt Scheme - Banking and PSU Fund,2024-11-25,108.2199,2026-06-23T05:29:58.847318+00:00,https://api.mfapi.in/mf/119551
119551,SBI Bluechip,119551,Aditya Birla Sun Life Banking & PSU Debt Fund  - DIRECT - IDCW,Aditya Birla Sun Life Mutual Fund,Open Ended Schemes,Debt Scheme - Banking and PSU Fund,2024-11-22,108.1301,2026-06-23T05:29:58.847318+00:00,https://api.mfapi.in/mf/119551
119551,SBI Bluechip,119551,Aditya Birla Sun Life Banking & PSU Debt Fund  - DIRECT - IDCW,Aditya Birla Sun Life Mutual Fund,Open Ended Schemes,Debt Scheme - Banking and PSU Fund,2024-11-21,108.1547,2026-06-23T05:29:58.847318+00:00,https://api.mfapi.in/mf/119551
119551,SBI Bluechip,119551,Aditya Birla Sun Life Banking & PSU Debt Fund  - DIRECT - IDCW,Aditya Birla Sun Life Mutual Fund,Open Ended Schemes,Debt Scheme - Banking and PSU Fund,2024-11-19,108.1459,2026-06-23T05:29:58.847318+00:00,https://api.mfapi.in/mf/119551
119551,SBI Bluechip,119551,Aditya Birla Sun Life Banking & PSU Debt Fund  - DIRECT - IDCW,Aditya Birla Sun Life Mutual Fund,Open Ended Schemes,Debt Scheme - Banking and PSU Fund,2024-11-18,108.1144,2026-06-23T05:29:58.847318+00:00,https://api.mfapi.in/mf/119551
119551,SBI Bluechip,119551,Aditya Birla Sun Life Banking & PSU Debt Fund  - DIRECT - IDCW,Aditya Birla Sun Life Mutual Fund,Open Ended Schemes,Debt Scheme - Banking and PSU Fund,2024-11-14,108.0265,2026-06-23T05:29:58.847318+00:00,https://api.mfapi.in/mf/119551
119551,SBI Bluechip,119551,Aditya Birla Sun Life Banking & PSU Debt Fund  - DIRECT - IDCW,Aditya Birla Sun Life Mutual Fund,Open Ended Schemes,Debt Scheme - Banking and PSU Fund,2024-11-13,108.0513,2026-06-23T05:29:58.847318+00:00,https://api.mfapi.in/mf/119551
119551,SBI Bluechip,119551,Aditya Birla Sun Life Banking & PSU Debt Fund  - DIRECT - IDCW,Aditya Birla Sun Life Mutual Fund,Open Ended Schemes,Debt Scheme - Banking and PSU Fund,2024-11-12,108.0534,2026-06-23T05:29:58.847318+00:00,https://api.mfapi.in/mf/119551
119551,SBI Bluechip,119551,Aditya Birla Sun Life Banking & PSU Debt Fund  - DIRECT - IDCW,Aditya Birla Sun Life Mutual Fund,Open Ended Schemes,Debt Scheme - Banking and PSU Fund,2024-11-11,108.0457,2026-06-23T05:29:58.847318+00:00,https://api.mfapi.in/mf/119551
119551,SBI Bluechip,119551,Aditya Birla Sun Life Banking & PSU Debt Fund  - DIRECT - IDCW,Aditya Birla Sun Life Mutual Fund,Open Ended Schemes,Debt Scheme - Banking and PSU Fund,2024-11-08,107.9884,2026-06-23T05:29:58.847318+00:00,https://api.mfapi.in/mf/119551
119551,SBI Bluechip,119551,Aditya Birla Sun Life Banking & PSU Debt Fund  - DIRECT - IDCW,Aditya Birla Sun Life Mutual Fund,Open Ended Schemes,Debt Scheme - Banking and PSU Fund,2024-11-07,107.9237,2026-06-23T05:29:58.847318+00:00,https://api.mfapi.in/mf/119551
119551,SBI Bluechip,119551,Aditya Birla Sun Life Banking & PSU Debt Fund  - DIRECT - IDCW,Aditya Birla Sun Life Mutual Fund,Open Ended Schemes,Debt Scheme - Banking and PSU Fund,2024-11-06,107.8879,2026-06-23T05:29:58.847318+00:00,https://api.mfapi.in/mf/119551
119551,SBI Bluechip,119551,Aditya Birla Sun Life Banking & PSU Debt Fund  - DIRECT - IDCW,Aditya Birla Sun Life Mutual Fund,Open Ended Schemes,Debt Scheme - Banking and PSU Fund,2024-11-05,107.8874,2026-06-23T05:29:58.847318+00:00,https://api.mfapi.in/mf/119551
119551,SBI Bluechip,119551,Aditya Birla Sun Life Banking & PSU Debt Fund  - DIRECT - IDCW,Aditya Birla Sun Life Mutual Fund,Open Ended Schemes,Debt Scheme - Banking and PSU Fund,2024-11-04,107.8739,2026-06-23T05:29:58.847318+00:00,https://api.mfapi.in/mf/119551
119551,SBI Bluechip,119551,Aditya Birla Sun Life Banking & PSU Debt Fund  - DIRECT - IDCW,Aditya Birla Sun Life Mutual Fund,Open Ended Schemes,Debt Scheme - Banking and PSU Fund,2024-10-31,107.8015,2026-06-23T05:29:58.847318+00:00,https://api.mfapi.in/mf/119551
119551,SBI Bluechip,119551,Aditya Birla Sun Life Banking & PSU Debt Fund  - DIRECT - IDCW,Aditya Birla Sun Life Mutual Fund,Open Ended Schemes,Debt Scheme - Banking and PSU Fund,2024-10-30,107.7881,2026-06-23T05:29:58.847318+00:00,https://api.mfapi.in/mf/119551
119551,SBI Bluechip,119551,Aditya Birla Sun Life Banking & PSU Debt Fund  - DIRECT - IDCW,Aditya Birla Sun Life Mutual Fund,Open Ended Schemes,Debt Scheme - Banking and PSU Fund,2024-10-29,107.725,2026-06-23T05:29:58.847318+00:00,https://api.mfapi.in/mf/119551
119551,SBI Bluechip,119551,Aditya Birla Sun Life Banking & PSU Debt Fund  - DIRECT - IDCW,Aditya Birla Sun Life Mutual Fund,Open Ended Schemes,Debt Scheme - Banking and PSU Fund,2024-10-28,107.6861,2026-06-23T05:29:58.847318+00:00,https://api.mfapi.in/mf/119551
119551,SBI Bluechip,119551,Aditya Birla Sun Life Banking & PSU Debt Fund  - DIRECT - IDCW,Aditya Birla Sun Life Mutual Fund,Open Ended Schemes,Debt Scheme - Banking and PSU Fund,2024-10-25,107.6909,2026-06-23T05:29:58.847318+00:00,https://api.mfapi.in/mf/119551
119551,SBI Bluechip,119551,Aditya Birla Sun Life Banking & PSU Debt Fund  - DIRECT - IDCW,Aditya Birla Sun Life Mutual Fund,Open Ended Schemes,Debt Scheme - Banking and PSU Fund,2024-10-24,107.674,2026-06-23T05:29:58.847318+00:00,https://api.mfapi.in/mf/119551
119551,SBI Bluechip,119551,Aditya Birla Sun Life Banking & PSU Debt Fund  - DIRECT - IDCW,Aditya Birla Sun Life Mutual Fund,Open Ended Schemes,Debt Scheme - Banking and PSU Fund,2024-10-23,107.6336,2026-06-23T05:29:58.847318+00:00,https://api.mfapi.in/mf/119551
119551,SBI Bluechip,119551,Aditya Birla Sun Life Banking & PSU Debt Fund  - DIRECT - IDCW,Aditya Birla Sun Life Mutual Fund,Open Ended Schemes,Debt Scheme - Banking and PSU Fund,2024-10-22,107.5869,2026-06-23T05:29:58.847318+00:00,https://api.mfapi.in/mf/119551
119551,SBI Bluechip,119551,Aditya Birla Sun Life Banking & PSU Debt Fund  - DIRECT - IDCW,Aditya Birla Sun Life Mutual Fund,Open Ended Schemes,Debt Scheme - Banking and PSU Fund,2024-10-21,107.6357,2026-06-23T05:29:58.847318+00:00,https://api.mfapi.in/mf/119551
119551,SBI Bluechip,119551,Aditya Birla Sun Life Banking & PSU Debt Fund  - DIRECT - IDCW,Aditya Birla Sun Life Mutual Fund,Open Ended Schemes,Debt Scheme - Banking and PSU Fund,2024-10-18,107.6158,2026-06-23T05:29:58.847318+00:00,https://api.mfapi.in/mf/119551
119551,SBI Bluechip,119551,Aditya Birla Sun Life Banking & PSU Debt Fund  - DIRECT - IDCW,Aditya Birla Sun Life Mutual Fund,Open Ended Schemes,Debt Scheme - Banking and PSU Fund,2024-10-17,107.6503,2026-06-23T05:29:58.847318+00:00,https://api.mfapi.in/mf/119551
119551,SBI Bluechip,119551,Aditya Birla Sun Life Banking & PSU Debt Fund  - DIRECT - IDCW,Aditya Birla Sun Life Mutual Fund,Open Ended Schemes,Debt Scheme - Banking and PSU Fund,2024-10-16,107.6535,2026-06-23T05:29:58.847318+00:00,https://api.mfapi.in/mf/119551
119551,SBI Bluechip,119551,Aditya Birla Sun Life Banking & PSU Debt Fund  - DIRECT - IDCW,Aditya Birla Sun Life Mutual Fund,Open Ended Schemes,Debt Scheme - Banking and PSU Fund,2024-10-15,107.6534,2026-06-23T05:29:58.847318+00:00,https://api.mfapi.in/mf/119551
119551,SBI Bluechip,119551,Aditya Birla Sun Life Banking & PSU Debt Fund  - DIRECT - IDCW,Aditya Birla Sun Life Mutual Fund,Open Ended Schemes,Debt Scheme - Banking and PSU Fund,2024-10-14,107.6186,2026-06-23T05:29:58.847318+00:00,https://api.mfapi.in/mf/119551
119551,SBI Bluechip,119551,Aditya Birla Sun Life Banking & PSU Debt Fund  - DIRECT - IDCW,Aditya Birla Sun Life Mutual Fund,Open Ended Schemes,Debt Scheme - Banking and PSU Fund,2024-10-11,107.5265,2026-06-23T05:29:58.847318+00:00,https://api.mfapi.in/mf/119551
119551,SBI Bluechip,119551,Aditya Birla Sun Life Banking & PSU Debt Fund  - DIRECT - IDCW,Aditya Birla Sun Life Mutual Fund,Open Ended Schemes,Debt Scheme - Banking and PSU Fund,2024-10-10,107.504,2026-06-23T05:29:58.847318+00:00,https://api.mfapi.in/mf/119551
119551,SBI Bluechip,119551,Aditya Birla Sun Life Banking & PSU Debt Fund  - DIRECT - IDCW,Aditya Birla Sun Life Mutual Fund,Open Ended Schemes,Debt Scheme - Banking and PSU Fund,2024-10-09,107.4772,2026-06-23T05:29:58.847318+00:00,https://api.mfapi.in/mf/119551
119551,SBI Bluechip,119551,Aditya Birla Sun Life Banking & PSU Debt Fund  - DIRECT - IDCW,Aditya Birla Sun Life Mutual Fund,Open Ended Schemes,Debt Scheme - Banking and PSU Fund,2024-10-08,107.3126,2026-06-23T05:29:58.847318+00:00,https://api.mfapi.in/mf/119551
119551,SBI Bluechip,119551,Aditya Birla Sun Life Banking & PSU Debt Fund  - DIRECT - IDCW,Aditya Birla Sun Life Mutual Fund,Open Ended Schemes,Debt Scheme - Banking and PSU Fund,2024-10-07,107.2487,2026-06-23T05:29:58.847318+00:00,https://api.mfapi.in/mf/119551
119551,SBI Bluechip,119551,Aditya Birla Sun Life Banking & PSU Debt Fund  - DIRECT - IDCW,Aditya Birla Sun Life Mutual Fund,Open Ended Schemes,Debt Scheme - Banking and PSU Fund,2024-10-04,107.2257,2026-06-23T05:29:58.847318+00:00,https://api.mfapi.in/mf/119551
119551,SBI Bluechip,119551,Aditya Birla Sun Life Banking & PSU Debt Fund  - DIRECT - IDCW,Aditya Birla Sun Life Mutual Fund,Open Ended Schemes,Debt Scheme - Banking and PSU Fund,2024-10-03,107.3076,2026-06-23T05:29:58.847318+00:00,https://api.mfapi.in/mf/119551
119551,SBI Bluechip,119551,Aditya Birla Sun Life Banking & PSU Debt Fund  - DIRECT - IDCW,Aditya Birla Sun Life Mutual Fund,Open Ended Schemes,Debt Scheme - Banking and PSU Fund,2024-10-01,107.3237,2026-06-23T05:29:58.847318+00:00,https://api.mfapi.in/mf/119551
119551,SBI Bluechip,119551,Aditya Birla Sun Life Banking & PSU Debt Fund  - DIRECT - IDCW,Aditya Birla Sun Life Mutual Fund,Open Ended Schemes,Debt Scheme - Banking and PSU Fund,2024-09-30,107.225,2026-06-23T05:29:58.847318+00:00,https://api.mfapi.in/mf/119551
119551,SBI Bluechip,119551,Aditya Birla Sun Life Banking & PSU Debt Fund  - DIRECT - IDCW,Aditya Birla Sun Life Mutual Fund,Open Ended Schemes,Debt Scheme - Banking and PSU Fund,2024-09-27,107.1769,2026-06-23T05:29:58.847318+00:00,https://api.mfapi.in/mf/119551
119551,SBI Bluechip,119551,Aditya Birla Sun Life Banking & PSU Debt Fund  - DIRECT - IDCW,Aditya Birla Sun Life Mutual Fund,Open Ended Schemes,Debt Scheme - Banking and PSU Fund,2024-09-26,107.1966,2026-06-23T05:29:58.847318+00:00,https://api.mfapi.in/mf/119551
119551,SBI Bluechip,119551,Aditya Birla Sun Life Banking & PSU Debt Fund  - DIRECT - IDCW,Aditya Birla Sun Life Mutual Fund,Open Ended Schemes,Debt Scheme - Banking and PSU Fund,2024-09-25,107.1126,2026-06-23T05:29:58.847318+00:00,https://api.mfapi.in/mf/119551
119551,SBI Bluechip,119551,Aditya Birla Sun Life Banking & PSU Debt Fund  - DIRECT - IDCW,Aditya Birla Sun Life Mutual Fund,Open Ended Schemes,Debt Scheme - Banking and PSU Fund,2024-09-24,107.0466,2026-06-23T05:29:58.847318+00:00,https://api.mfapi.in/mf/119551
119551,SBI Bluechip,119551,Aditya Birla Sun Life Banking & PSU Debt Fund  - DIRECT - IDCW,Aditya Birla Sun Life Mutual Fund,Open Ended Schemes,Debt Scheme - Banking and PSU Fund,2024-09-23,107.0237,2026-06-23T05:29:58.847318+00:00,https://api.mfapi.in/mf/119551
119551,SBI Bluechip,119551,Aditya Birla Sun Life Banking & PSU Debt Fund  - DIRECT - IDCW,Aditya Birla Sun Life Mutual Fund,Open Ended Schemes,Debt Scheme - Banking and PSU Fund,2024-09-20,106.929,2026-06-23T05:29:58.847318+00:00,https://api.mfapi.in/mf/119551
119551,SBI Bluechip,119551,Aditya Birla Sun Life Banking & PSU Debt Fund  - DIRECT - IDCW,Aditya Birla Sun Life Mutual Fund,Open Ended Schemes,Debt Scheme - Banking and PSU Fund,2024-09-19,106.8809,2026-06-23T05:29:58.847318+00:00,https://api.mfapi.in/mf/119551
119551,SBI Bluechip,119551,Aditya Birla Sun Life Banking & PSU Debt Fund  - DIRECT - IDCW,Aditya Birla Sun Life Mutual Fund,Open Ended Schemes,Debt Scheme - Banking and PSU Fund,2024-09-17,106.7639,2026-06-23T05:29:58.847318+00:00,https://api.mfapi.in/mf/119551
119551,SBI Bluechip,119551,Aditya Birla Sun Life Banking & PSU Debt Fund  - DIRECT - IDCW,Aditya Birla Sun Life Mutual Fund,Open Ended Schemes,Debt Scheme - Banking and PSU Fund,2024-09-16,106.7623,2026-06-23T05:29:58.847318+00:00,https://api.mfapi.in/mf/119551
119551,SBI Bluechip,119551,Aditya Birla Sun Life Banking & PSU Debt Fund  - DIRECT - IDCW,Aditya Birla Sun Life Mutual Fund,Open Ended Schemes,Debt Scheme - Banking and PSU Fund,2024-09-13,106.6573,2026-06-23T05:29:58.847318+00:00,https://api.mfapi.in/mf/119551
119551,SBI Bluechip,119551,Aditya Birla Sun Life Banking & PSU Debt Fund  - DIRECT - IDCW,Aditya Birla Sun Life Mutual Fund,Open Ended Schemes,Debt Scheme - Banking and PSU Fund,2024-09-12,106.5827,2026-06-23T05:29:58.847318+00:00,https://api.mfapi.in/mf/119551
119551,SBI Bluechip,119551,Aditya Birla Sun Life Banking & PSU Debt Fund  - DIRECT - IDCW,Aditya Birla Sun Life Mutual Fund,Open Ended Schemes,Debt Scheme - Banking and PSU Fund,2024-09-11,106.5512,2026-06-23T05:29:58.847318+00:00,https://api.mfapi.in/mf/119551
119551,SBI Bluechip,119551,Aditya Birla Sun Life Banking & PSU Debt Fund  - DIRECT - IDCW,Aditya Birla Sun Life Mutual Fund,Open Ended Schemes,Debt Scheme - Banking and PSU Fund,2024-09-10,106.4902,2026-06-23T05:29:58.847318+00:00,https://api.mfapi.in/mf/119551
119551,SBI Bluechip,119551,Aditya Birla Sun Life Banking & PSU Debt Fund  - DIRECT - IDCW,Aditya Birla Sun Life Mutual Fund,Open Ended Schemes,Debt Scheme - Banking and PSU Fund,2024-09-09,106.4667,2026-06-23T05:29:58.847318+00:00,https://api.mfapi.in/mf/119551
119551,SBI Bluechip,119551,Aditya Birla Sun Life Banking & PSU Debt Fund  - DIRECT - IDCW,Aditya Birla Sun Life Mutual Fund,Open Ended Schemes,Debt Scheme - Banking and PSU Fund,2024-09-06,106.4146,2026-06-23T05:29:58.847318+00:00,https://api.mfapi.in/mf/119551
119551,SBI Bluechip,119551,Aditya Birla Sun Life Banking & PSU Debt Fund  - DIRECT - IDCW,Aditya Birla Sun Life Mutual Fund,Open Ended Schemes,Debt Scheme - Banking and PSU Fund,2024-09-05,106.4059,2026-06-23T05:29:58.847318+00:00,https://api.mfapi.in/mf/119551
119551,SBI Bluechip,119551,Aditya Birla Sun Life Banking & PSU Debt Fund  - DIRECT - IDCW,Aditya Birla Sun Life Mutual Fund,Open Ended Schemes,Debt Scheme - Banking and PSU Fund,2024-09-04,106.3754,2026-06-23T05:29:58.847318+00:00,https://api.mfapi.in/mf/119551
119551,SBI Bluechip,119551,Aditya Birla Sun Life Banking & PSU Debt Fund  - DIRECT - IDCW,Aditya Birla Sun Life Mutual Fund,Open Ended Schemes,Debt Scheme - Banking and PSU Fund,2024-09-03,106.3329,2026-06-23T05:29:58.847318+00:00,https://api.mfapi.in/mf/119551
119551,SBI Bluechip,119551,Aditya Birla Sun Life Banking & PSU Debt Fund  - DIRECT - IDCW,Aditya Birla Sun Life Mutual Fund,Open Ended Schemes,Debt Scheme - Banking and PSU Fund,2024-09-02,106.3054,2026-06-23T05:29:58.847318+00:00,https://api.mfapi.in/mf/119551
119551,SBI Bluechip,119551,Aditya Birla Sun Life Banking & PSU Debt Fund  - DIRECT - IDCW,Aditya Birla Sun Life Mutual Fund,Open Ended Schemes,Debt Scheme - Banking and PSU Fund,2024-08-30,106.2668,2026-06-23T05:29:58.847318+00:00,https://api.mfapi.in/mf/119551
119551,SBI Bluechip,119551,Aditya Birla Sun Life Banking & PSU Debt Fund  - DIRECT - IDCW,Aditya Birla Sun Life Mutual Fund,Open Ended Schemes,Debt Scheme - Banking and PSU Fund,2024-08-29,106.2648,2026-06-23T05:29:58.847318+00:00,https://api.mfapi.in/mf/119551
119551,SBI Bluechip,119551,Aditya Birla Sun Life Banking & PSU Debt Fund  - DIRECT - IDCW,Aditya Birla Sun Life Mutual Fund,Open Ended Schemes,Debt Scheme - Banking and PSU Fund,2024-08-28,106.2365,2026-06-23T05:29:58.847318+00:00,https://api.mfapi.in/mf/119551
119551,SBI Bluechip,119551,Aditya Birla Sun Life Banking & PSU Debt Fund  - DIRECT - IDCW,Aditya Birla Sun Life Mutual Fund,Open Ended Schemes,Debt Scheme - Banking and PSU Fund,2024-08-27,106.1953,2026-06-23T05:29:58.847318+00:00,https://api.mfapi.in/mf/119551
119551,SBI Bluechip,119551,Aditya Birla Sun Life Banking & PSU Debt Fund  - DIRECT - IDCW,Aditya Birla Sun Life Mutual Fund,Open Ended Schemes,Debt Scheme - Banking and PSU Fund,2024-08-26,106.1703,2026-06-23T05:29:58.847318+00:00,https://api.mfapi.in/mf/119551
119551,SBI Bluechip,119551,Aditya Birla Sun Life Banking & PSU Debt Fund  - DIRECT - IDCW,Aditya Birla Sun Life Mutual Fund,Open Ended Schemes,Debt Scheme - Banking and PSU Fund,2024-08-23,106.1127,2026-06-23T05:29:58.847318+00:00,https://api.mfapi.in/mf/119551
119551,SBI Bluechip,119551,Aditya Birla Sun Life Banking & PSU Debt Fund  - DIRECT - IDCW,Aditya Birla Sun Life Mutual Fund,Open Ended Schemes,Debt Scheme - Banking and PSU Fund,2024-08-22,106.0858,2026-06-23T05:29:58.847318+00:00,https://api.mfapi.in/mf/119551
119551,SBI Bluechip,119551,Aditya Birla Sun Life Banking & PSU Debt Fund  - DIRECT - IDCW,Aditya Birla Sun Life Mutual Fund,Open Ended Schemes,Debt Scheme - Banking and PSU Fund,2024-08-21,106.0518,2026-06-23T05:29:58.847318+00:00,https://api.mfapi.in/mf/119551
119551,SBI Bluechip,119551,Aditya Birla Sun Life Banking & PSU Debt Fund  - DIRECT - IDCW,Aditya Birla Sun Life Mutual Fund,Open Ended Schemes,Debt Scheme - Banking and PSU Fund,2024-08-20,106.0252,2026-06-23T05:29:58.847318+00:00,https://api.mfapi.in/mf/119551
119551,SBI Bluechip,119551,Aditya Birla Sun Life Banking & PSU Debt Fund  - DIRECT - IDCW,Aditya Birla Sun Life Mutual Fund,Open Ended Schemes,Debt Scheme - Banking and PSU Fund,2024-08-19,105.9818,2026-06-23T05:29:58.847318+00:00,https://api.mfapi.in/mf/119551
119551,SBI Bluechip,119551,Aditya Birla Sun Life Banking & PSU Debt Fund  - DIRECT - IDCW,Aditya Birla Sun Life Mutual Fund,Open Ended Schemes,Debt Scheme - Banking and PSU Fund,2024-08-16,105.9116,2026-06-23T05:29:58.847318+00:00,https://api.mfapi.in/mf/119551
119551,SBI Bluechip,119551,Aditya Birla Sun Life Banking & PSU Debt Fund  - DIRECT - IDCW,Aditya Birla Sun Life Mutual Fund,Open Ended Schemes,Debt Scheme - Banking and PSU Fund,2024-08-14,105.8943,2026-06-23T05:29:58.847318+00:00,https://api.mfapi.in/mf/119551
119551,SBI Bluechip,119551,Aditya Birla Sun Life Banking & PSU Debt Fund  - DIRECT - IDCW,Aditya Birla Sun Life Mutual Fund,Open Ended Schemes,Debt Scheme - Banking and PSU Fund,2024-08-13,105.8532,2026-06-23T05:29:58.847318+00:00,https://api.mfapi.in/mf/119551
119551,SBI Bluechip,119551,Aditya Birla Sun Life Banking & PSU Debt Fund  - DIRECT - IDCW,Aditya Birla Sun Life Mutual Fund,Open Ended Schemes,Debt Scheme - Banking and PSU Fund,2024-08-12,105.8262,2026-06-23T05:29:58.847318+00:00,https://api.mfapi.in/mf/119551
119551,SBI Bluechip,119551,Aditya Birla Sun Life Banking & PSU Debt Fund  - DIRECT - IDCW,Aditya Birla Sun Life Mutual Fund,Open Ended Schemes,Debt Scheme - Banking and PSU Fund,2024-08-09,105.7861,2026-06-23T05:29:58.847318+00:00,https://api.mfapi.in/mf/119551
119551,SBI Bluechip,119551,Aditya Birla Sun Life Banking & PSU Debt Fund  - DIRECT - IDCW,Aditya Birla Sun Life Mutual Fund,Open Ended Schemes,Debt Scheme - Banking and PSU Fund,2024-08-08,105.7637,2026-06-23T05:29:58.847318+00:00,https://api.mfapi.in/mf/119551
119551,SBI Bluechip,119551,Aditya Birla Sun Life Banking & PSU Debt Fund  - DIRECT - IDCW,Aditya Birla Sun Life Mutual Fund,Open Ended Schemes,Debt Scheme - Banking and PSU Fund,2024-08-07,105.7549,2026-06-23T05:29:58.847318+00:00,https://api.mfapi.in/mf/119551
119551,SBI Bluechip,119551,Aditya Birla Sun Life Banking & PSU Debt Fund  - DIRECT - IDCW,Aditya Birla Sun Life Mutual Fund,Open Ended Schemes,Debt Scheme - Banking and PSU Fund,2024-08-06,105.7253,2026-06-23T05:29:58.847318+00:00,https://api.mfapi.in/mf/119551
119551,SBI Bluechip,119551,Aditya Birla Sun Life Banking & PSU Debt Fund  - DIRECT - IDCW,Aditya Birla Sun Life Mutual Fund,Open Ended Schemes,Debt Scheme - Banking and PSU Fund,2024-08-05,105.7262,2026-06-23T05:29:58.847318+00:00,https://api.mfapi.in/mf/119551
119551,SBI Bluechip,119551,Aditya Birla Sun Life Banking & PSU Debt Fund  - DIRECT - IDCW,Aditya Birla Sun Life Mutual Fund,Open Ended Schemes,Debt Scheme - Banking and PSU Fund,2024-08-02,105.5909,2026-06-23T05:29:58.847318+00:00,https://api.mfapi.in/mf/119551
119551,SBI Bluechip,119551,Aditya Birla Sun Life Banking & PSU Debt Fund  - DIRECT - IDCW,Aditya Birla Sun Life Mutual Fund,Open Ended Schemes,Debt Scheme - Banking and PSU Fund,2024-08-01,105.5455,2026-06-23T05:29:58.847318+00:00,https://api.mfapi.in/mf/119551
119551,SBI Bluechip,119551,Aditya Birla Sun Life Banking & PSU Debt Fund  - DIRECT - IDCW,Aditya Birla Sun Life Mutual Fund,Open Ended Schemes,Debt Scheme - Banking and PSU Fund,2024-07-31,105.5109,2026-06-23T05:29:58.847318+00:00,https://api.mfapi.in/mf/119551
119551,SBI Bluechip,119551,Aditya Birla Sun Life Banking & PSU Debt Fund  - DIRECT - IDCW,Aditya Birla Sun Life Mutual Fund,Open Ended Schemes,Debt Scheme - Banking and PSU Fund,2024-07-30,105.5094,2026-06-23T05:29:58.847318+00:00,https://api.mfapi.in/mf/119551
119551,SBI Bluechip,119551,Aditya Birla Sun Life Banking & PSU Debt Fund  - DIRECT - IDCW,Aditya Birla Sun Life Mutual Fund,Open Ended Schemes,Debt Scheme - Banking and PSU Fund,2024-07-29,105.5119,2026-06-23T05:29:58.847318+00:00,https://api.mfapi.in/mf/119551
119551,SBI Bluechip,119551,Aditya Birla Sun Life Banking & PSU Debt Fund  - DIRECT - IDCW,Aditya Birla Sun Life Mutual Fund,Open Ended Schemes,Debt Scheme - Banking and PSU Fund,2024-07-26,105.4135,2026-06-23T05:29:58.847318+00:00,https://api.mfapi.in/mf/119551
119551,SBI Bluechip,119551,Aditya Birla Sun Life Banking & PSU Debt Fund  - DIRECT - IDCW,Aditya Birla Sun Life Mutual Fund,Open Ended Schemes,Debt Scheme - Banking and PSU Fund,2024-07-25,105.3408,2026-06-23T05:29:58.847318+00:00,https://api.mfapi.in/mf/119551
119551,SBI Bluechip,119551,Aditya Birla Sun Life Banking & PSU Debt Fund  - DIRECT - IDCW,Aditya Birla Sun Life Mutual Fund,Open Ended Schemes,Debt Scheme - Banking and PSU Fund,2024-07-24,105.2595,2026-06-23T05:29:58.847318+00:00,https://api.mfapi.in/mf/119551
119551,SBI Bluechip,119551,Aditya Birla Sun Life Banking & PSU Debt Fund  - DIRECT - IDCW,Aditya Birla Sun Life Mutual Fund,Open Ended Schemes,Debt Scheme - Banking and PSU Fund,2024-07-23,105.2253,2026-06-23T05:29:58.847318+00:00,https://api.mfapi.in/mf/119551
119551,SBI Bluechip,119551,Aditya Birla Sun Life Banking & PSU Debt Fund  - DIRECT - IDCW,Aditya Birla Sun Life Mutual Fund,Open Ended Schemes,Debt Scheme - Banking and PSU Fund,2024-07-22,105.223,2026-06-23T05:29:58.847318+00:00,https://api.mfapi.in/mf/119551
119551,SBI Bluechip,119551,Aditya Birla Sun Life Banking & PSU Debt Fund  - DIRECT - IDCW,Aditya Birla Sun Life Mutual Fund,Open Ended Schemes,Debt Scheme - Banking and PSU Fund,2024-07-19,105.1758,2026-06-23T05:29:58.847318+00:00,https://api.mfapi.in/mf/119551
119551,SBI Bluechip,119551,Aditya Birla Sun Life Banking & PSU Debt Fund  - DIRECT - IDCW,Aditya Birla Sun Life Mutual Fund,Open Ended Schemes,Debt Scheme - Banking and PSU Fund,2024-07-18,105.1452,2026-06-23T05:29:58.847318+00:00,https://api.mfapi.in/mf/119551
119551,SBI Bluechip,119551,Aditya Birla Sun Life Banking & PSU Debt Fund  - DIRECT - IDCW,Aditya Birla Sun Life Mutual Fund,Open Ended Schemes,Debt Scheme - Banking and PSU Fund,2024-07-16,105.0855,2026-06-23T05:29:58.847318+00:00,https://api.mfapi.in/mf/119551
119551,SBI Bluechip,119551,Aditya Birla Sun Life Banking & PSU Debt Fund  - DIRECT - IDCW,Aditya Birla Sun Life Mutual Fund,Open Ended Schemes,Debt Scheme - Banking and PSU Fund,2024-07-15,105.0151,2026-06-23T05:29:58.847318+00:00,https://api.mfapi.in/mf/119551
119551,SBI Bluechip,119551,Aditya Birla Sun Life Banking & PSU Debt Fund  - DIRECT - IDCW,Aditya Birla Sun Life Mutual Fund,Open Ended Schemes,Debt Scheme - Banking and PSU Fund,2024-07-12,104.9292,2026-06-23T05:29:58.847318+00:00,https://api.mfapi.in/mf/119551
119551,SBI Bluechip,119551,Aditya Birla Sun Life Banking & PSU Debt Fund  - DIRECT - IDCW,Aditya Birla Sun Life Mutual Fund,Open Ended Schemes,Debt Scheme - Banking and PSU Fund,2024-07-11,104.9227,2026-06-23T05:29:58.847318+00:00,https://api.mfapi.in/mf/119551
119551,SBI Bluechip,119551,Aditya Birla Sun Life Banking & PSU Debt Fund  - DIRECT - IDCW,Aditya Birla Sun Life Mutual Fund,Open Ended Schemes,Debt Scheme - Banking and PSU Fund,2024-07-10,104.9009,2026-06-23T05:29:58.847318+00:00,https://api.mfapi.in/mf/119551
119551,SBI Bluechip,119551,Aditya Birla Sun Life Banking & PSU Debt Fund  - DIRECT - IDCW,Aditya Birla Sun Life Mutual Fund,Open Ended Schemes,Debt Scheme - Banking and PSU Fund,2024-07-09,104.8761,2026-06-23T05:29:58.847318+00:00,https://api.mfapi.in/mf/119551
119551,SBI Bluechip,119551,Aditya Birla Sun Life Banking & PSU Debt Fund  - DIRECT - IDCW,Aditya Birla Sun Life Mutual Fund,Open Ended Schemes,Debt Scheme - Banking and PSU Fund,2024-07-08,104.8485,2026-06-23T05:29:58.847318+00:00,https://api.mfapi.in/mf/119551
119551,SBI Bluechip,119551,Aditya Birla Sun Life Banking & PSU Debt Fund  - DIRECT - IDCW,Aditya Birla Sun Life Mutual Fund,Open Ended Schemes,Debt Scheme - Banking and PSU Fund,2024-07-05,104.7786,2026-06-23T05:29:58.847318+00:00,https://api.mfapi.in/mf/119551
119551,SBI Bluechip,119551,Aditya Birla Sun Life Banking & PSU Debt Fund  - DIRECT - IDCW,Aditya Birla Sun Life Mutual Fund,Open Ended Schemes,Debt Scheme - Banking and PSU Fund,2024-07-04,104.745,2026-06-23T05:29:58.847318+00:00,https://api.mfapi.in/mf/119551
119551,SBI Bluechip,119551,Aditya Birla Sun Life Banking & PSU Debt Fund  - DIRECT - IDCW,Aditya Birla Sun Life Mutual Fund,Open Ended Schemes,Debt Scheme - Banking and PSU Fund,2024-07-03,104.7114,2026-06-23T05:29:58.847318+00:00,https://api.mfapi.in/mf/119551
119551,SBI Bluechip,119551,Aditya Birla Sun Life Banking & PSU Debt Fund  - DIRECT - IDCW,Aditya Birla Sun Life Mutual Fund,Open Ended Schemes,Debt Scheme - Banking and PSU Fund,2024-07-02,104.6724,2026-06-23T05:29:58.847318+00:00,https://api.mfapi.in/mf/119551
119551,SBI Bluechip,119551,Aditya Birla Sun Life Banking & PSU Debt Fund  - DIRECT - IDCW,Aditya Birla Sun Life Mutual Fund,Open Ended Schemes,Debt Scheme - Banking and PSU Fund,2024-07-01,104.6276,2026-06-23T05:29:58.847318+00:00,https://api.mfapi.in/mf/119551
119551,SBI Bluechip,119551,Aditya Birla Sun Life Banking & PSU Debt Fund  - DIRECT - IDCW,Aditya Birla Sun Life Mutual Fund,Open Ended Schemes,Debt Scheme - Banking and PSU Fund,2024-06-30,104.6136,2026-06-23T05:29:58.847318+00:00,https://api.mfapi.in/mf/119551
119551,SBI Bluechip,119551,Aditya Birla Sun Life Banking & PSU Debt Fund  - DIRECT - IDCW,Aditya Birla Sun Life Mutual Fund,Open Ended Schemes,Debt Scheme - Banking and PSU Fund,2024-06-28,104.574,2026-06-23T05:29:58.847318+00:00,https://api.mfapi.in/mf/119551
119551,SBI Bluechip,119551,Aditya Birla Sun Life Banking & PSU Debt Fund  - DIRECT - IDCW,Aditya Birla Sun Life Mutual Fund,Open Ended Schemes,Debt Scheme - Banking and PSU Fund,2024-06-27,104.5382,2026-06-23T05:29:58.847318+00:00,https://api.mfapi.in/mf/119551
119551,SBI Bluechip,119551,Aditya Birla Sun Life Banking & PSU Debt Fund  - DIRECT - IDCW,Aditya Birla Sun Life Mutual Fund,Open Ended Schemes,Debt Scheme - Banking and PSU Fund,2024-06-26,104.5187,2026-06-23T05:29:58.847318+00:00,https://api.mfapi.in/mf/119551
119551,SBI Bluechip,119551,Aditya Birla Sun Life Banking & PSU Debt Fund  - DIRECT - IDCW,Aditya Birla Sun Life Mutual Fund,Open Ended Schemes,Debt Scheme - Banking and PSU Fund,2024-06-25,104.5405,2026-06-23T05:29:58.847318+00:00,https://api.mfapi.in/mf/119551
119551,SBI Bluechip,119551,Aditya Birla Sun Life Banking & PSU Debt Fund  - DIRECT - IDCW,Aditya Birla Sun Life Mutual Fund,Open Ended Schemes,Debt Scheme - Banking and PSU Fund,2024-06-24,117.8708,2026-06-23T05:29:58.847318+00:00,https://api.mfapi.in/mf/119551
119551,SBI Bluechip,119551,Aditya Birla Sun Life Banking & PSU Debt Fund  - DIRECT - IDCW,Aditya Birla Sun Life Mutual Fund,Open Ended Schemes,Debt Scheme - Banking and PSU Fund,2024-06-21,104.4713,2026-06-23T05:29:58.847318+00:00,https://api.mfapi.in/mf/119551
119551,SBI Bluechip,119551,Aditya Birla Sun Life Banking & PSU Debt Fund  - DIRECT - IDCW,Aditya Birla Sun Life Mutual Fund,Open Ended Schemes,Debt Scheme - Banking and PSU Fund,2024-06-20,104.432,2026-06-23T05:29:58.847318+00:00,https://api.mfapi.in/mf/119551
119551,SBI Bluechip,119551,Aditya Birla Sun Life Banking & PSU Debt Fund  - DIRECT - IDCW,Aditya Birla Sun Life Mutual Fund,Open Ended Schemes,Debt Scheme - Banking and PSU Fund,2024-06-19,104.3994,2026-06-23T05:29:58.847318+00:00,https://api.mfapi.in/mf/119551
119551,SBI Bluechip,119551,Aditya Birla Sun Life Banking & PSU Debt Fund  - DIRECT - IDCW,Aditya Birla Sun Life Mutual Fund,Open Ended Schemes,Debt Scheme - Banking and PSU Fund,2024-06-18,104.3524,2026-06-23T05:29:58.847318+00:00,https://api.mfapi.in/mf/119551
119551,SBI Bluechip,119551,Aditya Birla Sun Life Banking & PSU Debt Fund  - DIRECT - IDCW,Aditya Birla Sun Life Mutual Fund,Open Ended Schemes,Debt Scheme - Banking and PSU Fund,2024-06-14,104.2704,2026-06-23T05:29:58.847318+00:00,https://api.mfapi.in/mf/119551
119551,SBI Bluechip,119551,Aditya Birla Sun Life Banking & PSU Debt Fund  - DIRECT - IDCW,Aditya Birla Sun Life Mutual Fund,Open Ended Schemes,Debt Scheme - Banking and PSU Fund,2024-06-13,104.2366,2026-06-23T05:29:58.847318+00:00,https://api.mfapi.in/mf/119551
119551,SBI Bluechip,119551,Aditya Birla Sun Life Banking & PSU Debt Fund  - DIRECT - IDCW,Aditya Birla Sun Life Mutual Fund,Open Ended Schemes,Debt Scheme - Banking and PSU Fund,2024-06-12,104.1778,2026-06-23T05:29:58.847318+00:00,https://api.mfapi.in/mf/119551
119551,SBI Bluechip,119551,Aditya Birla Sun Life Banking & PSU Debt Fund  - DIRECT - IDCW,Aditya Birla Sun Life Mutual Fund,Open Ended Schemes,Debt Scheme - Banking and PSU Fund,2024-06-11,104.1556,2026-06-23T05:29:58.847318+00:00,https://api.mfapi.in/mf/119551
119551,SBI Bluechip,119551,Aditya Birla Sun Life Banking & PSU Debt Fund  - DIRECT - IDCW,Aditya Birla Sun Life Mutual Fund,Open Ended Schemes,Debt Scheme - Banking and PSU Fund,2024-06-10,104.0928,2026-06-23T05:29:58.847318+00:00,https://api.mfapi.in/mf/119551
119551,SBI Bluechip,119551,Aditya Birla Sun Life Banking & PSU Debt Fund  - DIRECT - IDCW,Aditya Birla Sun Life Mutual Fund,Open Ended Schemes,Debt Scheme - Banking and PSU Fund,2024-06-07,104.0351,2026-06-23T05:29:58.847318+00:00,https://api.mfapi.in/mf/119551
119551,SBI Bluechip,119551,Aditya Birla Sun Life Banking & PSU Debt Fund  - DIRECT - IDCW,Aditya Birla Sun Life Mutual Fund,Open Ended Schemes,Debt Scheme - Banking and PSU Fund,2024-06-06,103.9979,2026-06-23T05:29:58.847318+00:00,https://api.mfapi.in/mf/119551
119551,SBI Bluechip,119551,Aditya Birla Sun Life Banking & PSU Debt Fund  - DIRECT - IDCW,Aditya Birla Sun Life Mutual Fund,Open Ended Schemes,Debt Scheme - Banking and PSU Fund,2024-06-05,103.9001,2026-06-23T05:29:58.847318+00:00,https://api.mfapi.in/mf/119551
119551,SBI Bluechip,119551,Aditya Birla Sun Life Banking & PSU Debt Fund  - DIRECT - IDCW,Aditya Birla Sun Life Mutual Fund,Open Ended Schemes,Debt Scheme - Banking and PSU Fund,2024-06-04,103.8414,2026-06-23T05:29:58.847318+00:00,https://api.mfapi.in/mf/119551
119551,SBI Bluechip,119551,Aditya Birla Sun Life Banking & PSU Debt Fund  - DIRECT - IDCW,Aditya Birla Sun Life Mutual Fund,Open Ended Schemes,Debt Scheme - Banking and PSU Fund,2024-06-03,104.0983,2026-06-23T05:29:58.847318+00:00,https://api.mfapi.in/mf/119551
119551,SBI Bluechip,119551,Aditya Birla Sun Life Banking & PSU Debt Fund  - DIRECT - IDCW,Aditya Birla Sun Life Mutual Fund,Open Ended Schemes,Debt Scheme - Banking and PSU Fund,2024-05-31,103.9547,2026-06-23T05:29:58.847318+00:00,https://api.mfapi.in/mf/119551
119551,SBI Bluechip,119551,Aditya Birla Sun Life Banking & PSU Debt Fund  - DIRECT - IDCW,Aditya Birla Sun Life Mutual Fund,Open Ended Schemes,Debt Scheme - Banking and PSU Fund,2024-05-30,103.9279,2026-06-23T05:29:58.847318+00:00,https://api.mfapi.in/mf/119551
119551,SBI Bluechip,119551,Aditya Birla Sun Life Banking & PSU Debt Fund  - DIRECT - IDCW,Aditya Birla Sun Life Mutual Fund,Open Ended Schemes,Debt Scheme - Banking and PSU Fund,2024-05-29,103.8954,2026-06-23T05:29:58.847318+00:00,https://api.mfapi.in/mf/119551
119551,SBI Bluechip,119551,Aditya Birla Sun Life Banking & PSU Debt Fund  - DIRECT - IDCW,Aditya Birla Sun Life Mutual Fund,Open Ended Schemes,Debt Scheme - Banking and PSU Fund,2024-05-28,103.9118,2026-06-23T05:29:58.847318+00:00,https://api.mfapi.in/mf/119551
119551,SBI Bluechip,119551,Aditya Birla Sun Life Banking & PSU Debt Fund  - DIRECT - IDCW,Aditya Birla Sun Life Mutual Fund,Open Ended Schemes,Debt Scheme - Banking and PSU Fund,2024-05-27,103.9153,2026-06-23T05:29:58.847318+00:00,https://api.mfapi.in/mf/119551
119551,SBI Bluechip,119551,Aditya Birla Sun Life Banking & PSU Debt Fund  - DIRECT - IDCW,Aditya Birla Sun Life Mutual Fund,Open Ended Schemes,Debt Scheme - Banking and PSU Fund,2024-05-24,103.871,2026-06-23T05:29:58.847318+00:00,https://api.mfapi.in/mf/119551
119551,SBI Bluechip,119551,Aditya Birla Sun Life Banking & PSU Debt Fund  - DIRECT - IDCW,Aditya Birla Sun Life Mutual Fund,Open Ended Schemes,Debt Scheme - Banking and PSU Fund,2024-05-22,103.7992,2026-06-23T05:29:58.847318+00:00,https://api.mfapi.in/mf/119551
119551,SBI Bluechip,119551,Aditya Birla Sun Life Banking & PSU Debt Fund  - DIRECT - IDCW,Aditya Birla Sun Life Mutual Fund,Open Ended Schemes,Debt Scheme - Banking and PSU Fund,2024-05-21,103.7247,2026-06-23T05:29:58.847318+00:00,https://api.mfapi.in/mf/119551
119551,SBI Bluechip,119551,Aditya Birla Sun Life Banking & PSU Debt Fund  - DIRECT - IDCW,Aditya Birla Sun Life Mutual Fund,Open Ended Schemes,Debt Scheme - Banking and PSU Fund,2024-05-17,103.6086,2026-06-23T05:29:58.847318+00:00,https://api.mfapi.in/mf/119551
119551,SBI Bluechip,119551,Aditya Birla Sun Life Banking & PSU Debt Fund  - DIRECT - IDCW,Aditya Birla Sun Life Mutual Fund,Open Ended Schemes,Debt Scheme - Banking and PSU Fund,2024-05-16,103.618,2026-06-23T05:29:58.847318+00:00,https://api.mfapi.in/mf/119551
119551,SBI Bluechip,119551,Aditya Birla Sun Life Banking & PSU Debt Fund  - DIRECT - IDCW,Aditya Birla Sun Life Mutual Fund,Open Ended Schemes,Debt Scheme - Banking and PSU Fund,2024-05-15,103.5312,2026-06-23T05:29:58.847318+00:00,https://api.mfapi.in/mf/119551
119551,SBI Bluechip,119551,Aditya Birla Sun Life Banking & PSU Debt Fund  - DIRECT - IDCW,Aditya Birla Sun Life Mutual Fund,Open Ended Schemes,Debt Scheme - Banking and PSU Fund,2024-05-14,103.4525,2026-06-23T05:29:58.847318+00:00,https://api.mfapi.in/mf/119551
119551,SBI Bluechip,119551,Aditya Birla Sun Life Banking & PSU Debt Fund  - DIRECT - IDCW,Aditya Birla Sun Life Mutual Fund,Open Ended Schemes,Debt Scheme - Banking and PSU Fund,2024-05-13,103.4188,2026-06-23T05:29:58.847318+00:00,https://api.mfapi.in/mf/119551
119551,SBI Bluechip,119551,Aditya Birla Sun Life Banking & PSU Debt Fund  - DIRECT - IDCW,Aditya Birla Sun Life Mutual Fund,Open Ended Schemes,Debt Scheme - Banking and PSU Fund,2024-05-10,103.3607,2026-06-23T05:29:58.847318+00:00,https://api.mfapi.in/mf/119551
119551,SBI Bluechip,119551,Aditya Birla Sun Life Banking & PSU Debt Fund  - DIRECT - IDCW,Aditya Birla Sun Life Mutual Fund,Open Ended Schemes,Debt Scheme - Banking and PSU Fund,2024-05-09,103.3271,2026-06-23T05:29:58.847318+00:00,https://api.mfapi.in/mf/119551
119551,SBI Bluechip,119551,Aditya Birla Sun Life Banking & PSU Debt Fund  - DIRECT - IDCW,Aditya Birla Sun Life Mutual Fund,Open Ended Schemes,Debt Scheme - Banking and PSU Fund,2024-05-08,103.3191,2026-06-23T05:29:58.847318+00:00,https://api.mfapi.in/mf/119551
119551,SBI Bluechip,119551,Aditya Birla Sun Life Banking & PSU Debt Fund  - DIRECT - IDCW,Aditya Birla Sun Life Mutual Fund,Open Ended Schemes,Debt Scheme - Banking and PSU Fund,2024-05-07,103.3251,2026-06-23T05:29:58.847318+00:00,https://api.mfapi.in/mf/119551
119551,SBI Bluechip,119551,Aditya Birla Sun Life Banking & PSU Debt Fund  - DIRECT - IDCW,Aditya Birla Sun Life Mutual Fund,Open Ended Schemes,Debt Scheme - Banking and PSU Fund,2024-05-06,103.3135,2026-06-23T05:29:58.847318+00:00,https://api.mfapi.in/mf/119551
119551,SBI Bluechip,119551,Aditya Birla Sun Life Banking & PSU Debt Fund  - DIRECT - IDCW,Aditya Birla Sun Life Mutual Fund,Open Ended Schemes,Debt Scheme - Banking and PSU Fund,2024-05-03,103.16,2026-06-23T05:29:58.847318+00:00,https://api.mfapi.in/mf/119551
119551,SBI Bluechip,119551,Aditya Birla Sun Life Banking & PSU Debt Fund  - DIRECT - IDCW,Aditya Birla Sun Life Mutual Fund,Open Ended Schemes,Debt Scheme - Banking and PSU Fund,2024-05-02,103.1097,2026-06-23T05:29:58.847318+00:00,https://api.mfapi.in/mf/119551
119551,SBI Bluechip,119551,Aditya Birla Sun Life Banking & PSU Debt Fund  - DIRECT - IDCW,Aditya Birla Sun Life Mutual Fund,Open Ended Schemes,Debt Scheme - Banking and PSU Fund,2024-04-30,103.0514,2026-06-23T05:29:58.847318+00:00,https://api.mfapi.in/mf/119551
119551,SBI Bluechip,119551,Aditya Birla Sun Life Banking & PSU Debt Fund  - DIRECT - IDCW,Aditya Birla Sun Life Mutual Fund,Open Ended Schemes,Debt Scheme - Banking and PSU Fund,2024-04-29,103.0161,2026-06-23T05:29:58.847318+00:00,https://api.mfapi.in/mf/119551
119551,SBI Bluechip,119551,Aditya Birla Sun Life Banking & PSU Debt Fund  - DIRECT - IDCW,Aditya Birla Sun Life Mutual Fund,Open Ended Schemes,Debt Scheme - Banking and PSU Fund,2024-04-26,102.9593,2026-06-23T05:29:58.847318+00:00,https://api.mfapi.in/mf/119551
119551,SBI Bluechip,119551,Aditya Birla Sun Life Banking & PSU Debt Fund  - DIRECT - IDCW,Aditya Birla Sun Life Mutual Fund,Open Ended Schemes,Debt Scheme - Banking and PSU Fund,2024-04-25,102.9493,2026-06-23T05:29:58.847318+00:00,https://api.mfapi.in/mf/119551
119551,SBI Bluechip,119551,Aditya Birla Sun Life Banking & PSU Debt Fund  - DIRECT - IDCW,Aditya Birla Sun Life Mutual Fund,Open Ended Schemes,Debt Scheme - Banking and PSU Fund,2024-04-24,102.9549,2026-06-23T05:29:58.847318+00:00,https://api.mfapi.in/mf/119551
119551,SBI Bluechip,119551,Aditya Birla Sun Life Banking & PSU Debt Fund  - DIRECT - IDCW,Aditya Birla Sun Life Mutual Fund,Open Ended Schemes,Debt Scheme - Banking and PSU Fund,2024-04-23,102.9532,2026-06-23T05:29:58.847318+00:00,https://api.mfapi.in/mf/119551
119551,SBI Bluechip,119551,Aditya Birla Sun Life Banking & PSU Debt Fund  - DIRECT - IDCW,Aditya Birla Sun Life Mutual Fund,Open Ended Schemes,Debt Scheme - Banking and PSU Fund,2024-04-22,102.8818,2026-06-23T05:29:58.847318+00:00,https://api.mfapi.in/mf/119551
119551,SBI Bluechip,119551,Aditya Birla Sun Life Banking & PSU Debt Fund  - DIRECT - IDCW,Aditya Birla Sun Life Mutual Fund,Open Ended Schemes,Debt Scheme - Banking and PSU Fund,2024-04-19,102.785,2026-06-23T05:29:58.847318+00:00,https://api.mfapi.in/mf/119551
119551,SBI Bluechip,119551,Aditya Birla Sun Life Banking & PSU Debt Fund  - DIRECT - IDCW,Aditya Birla Sun Life Mutual Fund,Open Ended Schemes,Debt Scheme - Banking and PSU Fund,2024-04-18,102.878,2026-06-23T05:29:58.847318+00:00,https://api.mfapi.in/mf/119551
119551,SBI Bluechip,119551,Aditya Birla Sun Life Banking & PSU Debt Fund  - DIRECT - IDCW,Aditya Birla Sun Life Mutual Fund,Open Ended Schemes,Debt Scheme - Banking and PSU Fund,2024-04-16,102.834,2026-06-23T05:29:58.847318+00:00,https://api.mfapi.in/mf/119551
119551,SBI Bluechip,119551,Aditya Birla Sun Life Banking & PSU Debt Fund  - DIRECT - IDCW,Aditya Birla Sun Life Mutual Fund,Open Ended Schemes,Debt Scheme - Banking and PSU Fund,2024-04-15,102.8695,2026-06-23T05:29:58.847318+00:00,https://api.mfapi.in/mf/119551
119551,SBI Bluechip,119551,Aditya Birla Sun Life Banking & PSU Debt Fund  - DIRECT - IDCW,Aditya Birla Sun Life Mutual Fund,Open Ended Schemes,Debt Scheme - Banking and PSU Fund,2024-04-12,102.7853,2026-06-23T05:29:58.847318+00:00,https://api.mfapi.in/mf/119551
119551,SBI Bluechip,119551,Aditya Birla Sun Life Banking & PSU Debt Fund  - DIRECT - IDCW,Aditya Birla Sun Life Mutual Fund,Open Ended Schemes,Debt Scheme - Banking and PSU Fund,2024-04-10,102.8998,2026-06-23T05:29:58.847318+00:00,https://api.mfapi.in/mf/119551
119551,SBI Bluechip,119551,Aditya Birla Sun Life Banking & PSU Debt Fund  - DIRECT - IDCW,Aditya Birla Sun Life Mutual Fund,Open Ended Schemes,Debt Scheme - Banking and PSU Fund,2024-04-08,102.7894,2026-06-23T05:29:58.847318+00:00,https://api.mfapi.in/mf/119551
119551,SBI Bluechip,119551,Aditya Birla Sun Life Banking & PSU Debt Fund  - DIRECT - IDCW,Aditya Birla Sun Life Mutual Fund,Open Ended Schemes,Debt Scheme - Banking and PSU Fund,2024-04-05,102.8278,2026-06-23T05:29:58.847318+00:00,https://api.mfapi.in/mf/119551
119551,SBI Bluechip,119551,Aditya Birla Sun Life Banking & PSU Debt Fund  - DIRECT - IDCW,Aditya Birla Sun Life Mutual Fund,Open Ended Schemes,Debt Scheme - Banking and PSU Fund,2024-04-04,102.831,2026-06-23T05:29:58.847318+00:00,https://api.mfapi.in/mf/119551
119551,SBI Bluechip,119551,Aditya Birla Sun Life Banking & PSU Debt Fund  - DIRECT - IDCW,Aditya Birla Sun Life Mutual Fund,Open Ended Schemes,Debt Scheme - Banking and PSU Fund,2024-04-03,102.7932,2026-06-23T05:29:58.847318+00:00,https://api.mfapi.in/mf/119551
119551,SBI Bluechip,119551,Aditya Birla Sun Life Banking & PSU Debt Fund  - DIRECT - IDCW,Aditya Birla Sun Life Mutual Fund,Open Ended Schemes,Debt Scheme - Banking and PSU Fund,2024-04-02,102.7608,2026-06-23T05:29:58.847318+00:00,https://api.mfapi.in/mf/119551
119551,SBI Bluechip,119551,Aditya Birla Sun Life Banking & PSU Debt Fund  - DIRECT - IDCW,Aditya Birla Sun Life Mutual Fund,Open Ended Schemes,Debt Scheme - Banking and PSU Fund,2024-03-31,102.7632,2026-06-23T05:29:58.847318+00:00,https://api.mfapi.in/mf/119551
119551,SBI Bluechip,119551,Aditya Birla Sun Life Banking & PSU Debt Fund  - DIRECT - IDCW,Aditya Birla Sun Life Mutual Fund,Open Ended Schemes,Debt Scheme - Banking and PSU Fund,2024-03-28,102.7096,2026-06-23T05:29:58.847318+00:00,https://api.mfapi.in/mf/119551
119551,SBI Bluechip,119551,Aditya Birla Sun Life Banking & PSU Debt Fund  - DIRECT - IDCW,Aditya Birla Sun Life Mutual Fund,Open Ended Schemes,Debt Scheme - Banking and PSU Fund,2024-03-27,102.5361,2026-06-23T05:29:58.847318+00:00,https://api.mfapi.in/mf/119551
119551,SBI Bluechip,119551,Aditya Birla Sun Life Banking & PSU Debt Fund  - DIRECT - IDCW,Aditya Birla Sun Life Mutual Fund,Open Ended Schemes,Debt Scheme - Banking and PSU Fund,2024-03-26,110.1903,2026-06-23T05:29:58.847318+00:00,https://api.mfapi.in/mf/119551
119551,SBI Bluechip,119551,Aditya Birla Sun Life Banking & PSU Debt Fund  - DIRECT - IDCW,Aditya Birla Sun Life Mutual Fund,Open Ended Schemes,Debt Scheme - Banking and PSU Fund,2024-03-22,110.1729,2026-06-23T05:29:58.847318+00:00,https://api.mfapi.in/mf/119551
119551,SBI Bluechip,119551,Aditya Birla Sun Life Banking & PSU Debt Fund  - DIRECT - IDCW,Aditya Birla Sun Life Mutual Fund,Open Ended Schemes,Debt Scheme - Banking and PSU Fund,2024-03-21,110.2046,2026-06-23T05:29:58.847318+00:00,https://api.mfapi.in/mf/119551
119551,SBI Bluechip,119551,Aditya Birla Sun Life Banking & PSU Debt Fund  - DIRECT - IDCW,Aditya Birla Sun Life Mutual Fund,Open Ended Schemes,Debt Scheme - Banking and PSU Fund,2024-03-20,110.1485,2026-06-23T05:29:58.847318+00:00,https://api.mfapi.in/mf/119551
119551,SBI Bluechip,119551,Aditya Birla Sun Life Banking & PSU Debt Fund  - DIRECT - IDCW,Aditya Birla Sun Life Mutual Fund,Open Ended Schemes,Debt Scheme - Banking and PSU Fund,2024-03-19,110.114,2026-06-23T05:29:58.847318+00:00,https://api.mfapi.in/mf/119551
119551,SBI Bluechip,119551,Aditya Birla Sun Life Banking & PSU Debt Fund  - DIRECT - IDCW,Aditya Birla Sun Life Mutual Fund,Open Ended Schemes,Debt Scheme - Banking and PSU Fund,2024-03-18,110.144,2026-06-23T05:29:58.847318+00:00,https://api.mfapi.in/mf/119551
119551,SBI Bluechip,119551,Aditya Birla Sun Life Banking & PSU Debt Fund  - DIRECT - IDCW,Aditya Birla Sun Life Mutual Fund,Open Ended Schemes,Debt Scheme - Banking and PSU Fund,2024-03-15,110.1319,2026-06-23T05:29:58.847318+00:00,https://api.mfapi.in/mf/119551
119551,SBI Bluechip,119551,Aditya Birla Sun Life Banking & PSU Debt Fund  - DIRECT - IDCW,Aditya Birla Sun Life Mutual Fund,Open Ended Schemes,Debt Scheme - Banking and PSU Fund,2024-03-14,110.1196,2026-06-23T05:29:58.847318+00:00,https://api.mfapi.in/mf/119551
119551,SBI Bluechip,119551,Aditya Birla Sun Life Banking & PSU Debt Fund  - DIRECT - IDCW,Aditya Birla Sun Life Mutual Fund,Open Ended Schemes,Debt Scheme - Banking and PSU Fund,2024-03-13,110.1303,2026-06-23T05:29:58.847318+00:00,https://api.mfapi.in/mf/119551
119551,SBI Bluechip,119551,Aditya Birla Sun Life Banking & PSU Debt Fund  - DIRECT - IDCW,Aditya Birla Sun Life Mutual Fund,Open Ended Schemes,Debt Scheme - Banking and PSU Fund,2024-03-12,110.1246,2026-06-23T05:29:58.847318+00:00,https://api.mfapi.in/mf/119551
119551,SBI Bluechip,119551,Aditya Birla Sun Life Banking & PSU Debt Fund  - DIRECT - IDCW,Aditya Birla Sun Life Mutual Fund,Open Ended Schemes,Debt Scheme - Banking and PSU Fund,2024-03-11,110.12,2026-06-23T05:29:58.847318+00:00,https://api.mfapi.in/mf/119551
119551,SBI Bluechip,119551,Aditya Birla Sun Life Banking & PSU Debt Fund  - DIRECT - IDCW,Aditya Birla Sun Life Mutual Fund,Open Ended Schemes,Debt Scheme - Banking and PSU Fund,2024-03-07,109.9624,2026-06-23T05:29:58.847318+00:00,https://api.mfapi.in/mf/119551
119551,SBI Bluechip,119551,Aditya Birla Sun Life Banking & PSU Debt Fund  - DIRECT - IDCW,Aditya Birla Sun Life Mutual Fund,Open Ended Schemes,Debt Scheme - Banking and PSU Fund,2024-03-06,109.9177,2026-06-23T05:29:58.847318+00:00,https://api.mfapi.in/mf/119551
119551,SBI Bluechip,119551,Aditya Birla Sun Life Banking & PSU Debt Fund  - DIRECT - IDCW,Aditya Birla Sun Life Mutual Fund,Open Ended Schemes,Debt Scheme - Banking and PSU Fund,2024-03-05,109.8552,2026-06-23T05:29:58.847318+00:00,https://api.mfapi.in/mf/119551
119551,SBI Bluechip,119551,Aditya Birla Sun Life Banking & PSU Debt Fund  - DIRECT - IDCW,Aditya Birla Sun Life Mutual Fund,Open Ended Schemes,Debt Scheme - Banking and PSU Fund,2024-03-04,109.8436,2026-06-23T05:29:58.847318+00:00,https://api.mfapi.in/mf/119551
119551,SBI Bluechip,119551,Aditya Birla Sun Life Banking & PSU Debt Fund  - DIRECT - IDCW,Aditya Birla Sun Life Mutual Fund,Open Ended Schemes,Debt Scheme - Banking and PSU Fund,2024-03-01,109.7834,2026-06-23T05:29:58.847318+00:00,https://api.mfapi.in/mf/119551
119551,SBI Bluechip,119551,Aditya Birla Sun Life Banking & PSU Debt Fund  - DIRECT - IDCW,Aditya Birla Sun Life Mutual Fund,Open Ended Schemes,Debt Scheme - Banking and PSU Fund,2024-02-29,109.7711,2026-06-23T05:29:58.847318+00:00,https://api.mfapi.in/mf/119551
119551,SBI Bluechip,119551,Aditya Birla Sun Life Banking & PSU Debt Fund  - DIRECT - IDCW,Aditya Birla Sun Life Mutual Fund,Open Ended Schemes,Debt Scheme - Banking and PSU Fund,2024-02-28,109.7569,2026-06-23T05:29:58.847318+00:00,https://api.mfapi.in/mf/119551
119551,SBI Bluechip,119551,Aditya Birla Sun Life Banking & PSU Debt Fund  - DIRECT - IDCW,Aditya Birla Sun Life Mutual Fund,Open Ended Schemes,Debt Scheme - Banking and PSU Fund,2024-02-27,109.7147,2026-06-23T05:29:58.847318+00:00,https://api.mfapi.in/mf/119551
119551,SBI Bluechip,119551,Aditya Birla Sun Life Banking & PSU Debt Fund  - DIRECT - IDCW,Aditya Birla Sun Life Mutual Fund,Open Ended Schemes,Debt Scheme - Banking and PSU Fund,2024-02-26,109.7161,2026-06-23T05:29:58.847318+00:00,https://api.mfapi.in/mf/119551
119551,SBI Bluechip,119551,Aditya Birla Sun Life Banking & PSU Debt Fund  - DIRECT - IDCW,Aditya Birla Sun Life Mutual Fund,Open Ended Schemes,Debt Scheme - Banking and PSU Fund,2024-02-23,109.6186,2026-06-23T05:29:58.847318+00:00,https://api.mfapi.in/mf/119551
119551,SBI Bluechip,119551,Aditya Birla Sun Life Banking & PSU Debt Fund  - DIRECT - IDCW,Aditya Birla Sun Life Mutual Fund,Open Ended Schemes,Debt Scheme - Banking and PSU Fund,2024-02-22,109.6091,2026-06-23T05:29:58.847318+00:00,https://api.mfapi.in/mf/119551
119551,SBI Bluechip,119551,Aditya Birla Sun Life Banking & PSU Debt Fund  - DIRECT - IDCW,Aditya Birla Sun Life Mutual Fund,Open Ended Schemes,Debt Scheme - Banking and PSU Fund,2024-02-21,109.5846,2026-06-23T05:29:58.847318+00:00,https://api.mfapi.in/mf/119551
119551,SBI Bluechip,119551,Aditya Birla Sun Life Banking & PSU Debt Fund  - DIRECT - IDCW,Aditya Birla Sun Life Mutual Fund,Open Ended Schemes,Debt Scheme - Banking and PSU Fund,2024-02-20,109.5383,2026-06-23T05:29:58.847318+00:00,https://api.mfapi.in/mf/119551
119551,SBI Bluechip,119551,Aditya Birla Sun Life Banking & PSU Debt Fund  - DIRECT - IDCW,Aditya Birla Sun Life Mutual Fund,Open Ended Schemes,Debt Scheme - Banking and PSU Fund,2024-02-16,109.393,2026-06-23T05:29:58.847318+00:00,https://api.mfapi.in/mf/119551
119551,SBI Bluechip,119551,Aditya Birla Sun Life Banking & PSU Debt Fund  - DIRECT - IDCW,Aditya Birla Sun Life Mutual Fund,Open Ended Schemes,Debt Scheme - Banking and PSU Fund,2024-02-15,109.3771,2026-06-23T05:29:58.847318+00:00,https://api.mfapi.in/mf/119551
119551,SBI Bluechip,119551,Aditya Birla Sun Life Banking & PSU Debt Fund  - DIRECT - IDCW,Aditya Birla Sun Life Mutual Fund,Open Ended Schemes,Debt Scheme - Banking and PSU Fund,2024-02-14,109.2938,2026-06-23T05:29:58.847318+00:00,https://api.mfapi.in/mf/119551
119551,SBI Bluechip,119551,Aditya Birla Sun Life Banking & PSU Debt Fund  - DIRECT - IDCW,Aditya Birla Sun Life Mutual Fund,Open Ended Schemes,Debt Scheme - Banking and PSU Fund,2024-02-13,109.3221,2026-06-23T05:29:58.847318+00:00,https://api.mfapi.in/mf/119551
119551,SBI Bluechip,119551,Aditya Birla Sun Life Banking & PSU Debt Fund  - DIRECT - IDCW,Aditya Birla Sun Life Mutual Fund,Open Ended Schemes,Debt Scheme - Banking and PSU Fund,2024-02-12,109.3183,2026-06-23T05:29:58.847318+00:00,https://api.mfapi.in/mf/119551
119551,SBI Bluechip,119551,Aditya Birla Sun Life Banking & PSU Debt Fund  - DIRECT - IDCW,Aditya Birla Sun Life Mutual Fund,Open Ended Schemes,Debt Scheme - Banking and PSU Fund,2024-02-09,109.2569,2026-06-23T05:29:58.847318+00:00,https://api.mfapi.in/mf/119551
119551,SBI Bluechip,119551,Aditya Birla Sun Life Banking & PSU Debt Fund  - DIRECT - IDCW,Aditya Birla Sun Life Mutual Fund,Open Ended Schemes,Debt Scheme - Banking and PSU Fund,2024-02-08,109.2929,2026-06-23T05:29:58.847318+00:00,https://api.mfapi.in/mf/119551
119551,SBI Bluechip,119551,Aditya Birla Sun Life Banking & PSU Debt Fund  - DIRECT - IDCW,Aditya Birla Sun Life Mutual Fund,Open Ended Schemes,Debt Scheme - Banking and PSU Fund,2024-02-07,109.2938,2026-06-23T05:29:58.847318+00:00,https://api.mfapi.in/mf/119551
119551,SBI Bluechip,119551,Aditya Birla Sun Life Banking & PSU Debt Fund  - DIRECT - IDCW,Aditya Birla Sun Life Mutual Fund,Open Ended Schemes,Debt Scheme - Banking and PSU Fund,2024-02-06,109.2489,2026-06-23T05:29:58.847318+00:00,https://api.mfapi.in/mf/119551
119551,SBI Bluechip,119551,Aditya Birla Sun Life Banking & PSU Debt Fund  - DIRECT - IDCW,Aditya Birla Sun Life Mutual Fund,Open Ended Schemes,Debt Scheme - Banking and PSU Fund,2024-02-05,109.2279,2026-06-23T05:29:58.847318+00:00,https://api.mfapi.in/mf/119551
119551,SBI Bluechip,119551,Aditya Birla Sun Life Banking & PSU Debt Fund  - DIRECT - IDCW,Aditya Birla Sun Life Mutual Fund,Open Ended Schemes,Debt Scheme - Banking and PSU Fund,2024-02-02,109.2484,2026-06-23T05:29:58.847318+00:00,https://api.mfapi.in/mf/119551
119551,SBI Bluechip,119551,Aditya Birla Sun Life Banking & PSU Debt Fund  - DIRECT - IDCW,Aditya Birla Sun Life Mutual Fund,Open Ended Schemes,Debt Scheme - Banking and PSU Fund,2024-02-01,109.1334,2026-06-23T05:29:58.847318+00:00,https://api.mfapi.in/mf/119551
119551,SBI Bluechip,119551,Aditya Birla Sun Life Banking & PSU Debt Fund  - DIRECT - IDCW,Aditya Birla Sun Life Mutual Fund,Open Ended Schemes,Debt Scheme - Banking and PSU Fund,2024-01-31,108.9501,2026-06-23T05:29:58.847318+00:00,https://api.mfapi.in/mf/119551
119551,SBI Bluechip,119551,Aditya Birla Sun Life Banking & PSU Debt Fund  - DIRECT - IDCW,Aditya Birla Sun Life Mutual Fund,Open Ended Schemes,Debt Scheme - Banking and PSU Fund,2024-01-30,108.9094,2026-06-23T05:29:58.847318+00:00,https://api.mfapi.in/mf/119551
119551,SBI Bluechip,119551,Aditya Birla Sun Life Banking & PSU Debt Fund  - DIRECT - IDCW,Aditya Birla Sun Life Mutual Fund,Open Ended Schemes,Debt Scheme - Banking and PSU Fund,2024-01-29,108.8663,2026-06-23T05:29:58.847318+00:00,https://api.mfapi.in/mf/119551
119551,SBI Bluechip,119551,Aditya Birla Sun Life Banking & PSU Debt Fund  - DIRECT - IDCW,Aditya Birla Sun Life Mutual Fund,Open Ended Schemes,Debt Scheme - Banking and PSU Fund,2024-01-25,108.7795,2026-06-23T05:29:58.847318+00:00,https://api.mfapi.in/mf/119551
119551,SBI Bluechip,119551,Aditya Birla Sun Life Banking & PSU Debt Fund  - DIRECT - IDCW,Aditya Birla Sun Life Mutual Fund,Open Ended Schemes,Debt Scheme - Banking and PSU Fund,2024-01-24,108.7584,2026-06-23T05:29:58.847318+00:00,https://api.mfapi.in/mf/119551
119551,SBI Bluechip,119551,Aditya Birla Sun Life Banking & PSU Debt Fund  - DIRECT - IDCW,Aditya Birla Sun Life Mutual Fund,Open Ended Schemes,Debt Scheme - Banking and PSU Fund,2024-01-23,108.756,2026-06-23T05:29:58.847318+00:00,https://api.mfapi.in/mf/119551
119551,SBI Bluechip,119551,Aditya Birla Sun Life Banking & PSU Debt Fund  - DIRECT - IDCW,Aditya Birla Sun Life Mutual Fund,Open Ended Schemes,Debt Scheme - Banking and PSU Fund,2024-01-19,108.6634,2026-06-23T05:29:58.847318+00:00,https://api.mfapi.in/mf/119551
119551,SBI Bluechip,119551,Aditya Birla Sun Life Banking & PSU Debt Fund  - DIRECT - IDCW,Aditya Birla Sun Life Mutual Fund,Open Ended Schemes,Debt Scheme - Banking and PSU Fund,2024-01-18,108.6691,2026-06-23T05:29:58.847318+00:00,https://api.mfapi.in/mf/119551
119551,SBI Bluechip,119551,Aditya Birla Sun Life Banking & PSU Debt Fund  - DIRECT - IDCW,Aditya Birla Sun Life Mutual Fund,Open Ended Schemes,Debt Scheme - Banking and PSU Fund,2024-01-17,108.6641,2026-06-23T05:29:58.847318+00:00,https://api.mfapi.in/mf/119551
119551,SBI Bluechip,119551,Aditya Birla Sun Life Banking & PSU Debt Fund  - DIRECT - IDCW,Aditya Birla Sun Life Mutual Fund,Open Ended Schemes,Debt Scheme - Banking and PSU Fund,2024-01-16,108.6565,2026-06-23T05:29:58.847318+00:00,https://api.mfapi.in/mf/119551
119551,SBI Bluechip,119551,Aditya Birla Sun Life Banking & PSU Debt Fund  - DIRECT - IDCW,Aditya Birla Sun Life Mutual Fund,Open Ended Schemes,Debt Scheme - Banking and PSU Fund,2024-01-15,108.6546,2026-06-23T05:29:58.847318+00:00,https://api.mfapi.in/mf/119551
119551,SBI Bluechip,119551,Aditya Birla Sun Life Banking & PSU Debt Fund  - DIRECT - IDCW,Aditya Birla Sun Life Mutual Fund,Open Ended Schemes,Debt Scheme - Banking and PSU Fund,2024-01-12,108.5277,2026-06-23T05:29:58.847318+00:00,https://api.mfapi.in/mf/119551
119551,SBI Bluechip,119551,Aditya Birla Sun Life Banking & PSU Debt Fund  - DIRECT - IDCW,Aditya Birla Sun Life Mutual Fund,Open Ended Schemes,Debt Scheme - Banking and PSU Fund,2024-01-11,108.4768,2026-06-23T05:29:58.847318+00:00,https://api.mfapi.in/mf/119551
119551,SBI Bluechip,119551,Aditya Birla Sun Life Banking & PSU Debt Fund  - DIRECT - IDCW,Aditya Birla Sun Life Mutual Fund,Open Ended Schemes,Debt Scheme - Banking and PSU Fund,2024-01-10,108.4687,2026-06-23T05:29:58.847318+00:00,https://api.mfapi.in/mf/119551
119551,SBI Bluechip,119551,Aditya Birla Sun Life Banking & PSU Debt Fund  - DIRECT - IDCW,Aditya Birla Sun Life Mutual Fund,Open Ended Schemes,Debt Scheme - Banking and PSU Fund,2024-01-09,108.4351,2026-06-23T05:29:58.847318+00:00,https://api.mfapi.in/mf/119551
119551,SBI Bluechip,119551,Aditya Birla Sun Life Banking & PSU Debt Fund  - DIRECT - IDCW,Aditya Birla Sun Life Mutual Fund,Open Ended Schemes,Debt Scheme - Banking and PSU Fund,2024-01-08,108.4013,2026-06-23T05:29:58.847318+00:00,https://api.mfapi.in/mf/119551
119551,SBI Bluechip,119551,Aditya Birla Sun Life Banking & PSU Debt Fund  - DIRECT - IDCW,Aditya Birla Sun Life Mutual Fund,Open Ended Schemes,Debt Scheme - Banking and PSU Fund,2024-01-05,108.2934,2026-06-23T05:29:58.847318+00:00,https://api.mfapi.in/mf/119551
119551,SBI Bluechip,119551,Aditya Birla Sun Life Banking & PSU Debt Fund  - DIRECT - IDCW,Aditya Birla Sun Life Mutual Fund,Open Ended Schemes,Debt Scheme - Banking and PSU Fund,2024-01-04,108.3068,2026-06-23T05:29:58.847318+00:00,https://api.mfapi.in/mf/119551
119551,SBI Bluechip,119551,Aditya Birla Sun Life Banking & PSU Debt Fund  - DIRECT - IDCW,Aditya Birla Sun Life Mutual Fund,Open Ended Schemes,Debt Scheme - Banking and PSU Fund,2024-01-03,108.3033,2026-06-23T05:29:58.847318+00:00,https://api.mfapi.in/mf/119551
119551,SBI Bluechip,119551,Aditya Birla Sun Life Banking & PSU Debt Fund  - DIRECT - IDCW,Aditya Birla Sun Life Mutual Fund,Open Ended Schemes,Debt Scheme - Banking and PSU Fund,2024-01-02,108.302,2026-06-23T05:29:58.847318+00:00,https://api.mfapi.in/mf/119551
119551,SBI Bluechip,119551,Aditya Birla Sun Life Banking & PSU Debt Fund  - DIRECT - IDCW,Aditya Birla Sun Life Mutual Fund,Open Ended Schemes,Debt Scheme - Banking and PSU Fund,2024-01-01,108.2962,2026-06-23T05:29:58.847318+00:00,https://api.mfapi.in/mf/119551
119551,SBI Bluechip,119551,Aditya Birla Sun Life Banking & PSU Debt Fund  - DIRECT - IDCW,Aditya Birla Sun Life Mutual Fund,Open Ended Schemes,Debt Scheme - Banking and PSU Fund,2023-12-29,108.2404,2026-06-23T05:29:58.847318+00:00,https://api.mfapi.in/mf/119551
119551,SBI Bluechip,119551,Aditya Birla Sun Life Banking & PSU Debt Fund  - DIRECT - IDCW,Aditya Birla Sun Life Mutual Fund,Open Ended Schemes,Debt Scheme - Banking and PSU Fund,2023-12-28,116.2869,2026-06-23T05:29:58.847318+00:00,https://api.mfapi.in/mf/119551
119551,SBI Bluechip,119551,Aditya Birla Sun Life Banking & PSU Debt Fund  - DIRECT - IDCW,Aditya Birla Sun Life Mutual Fund,Open Ended Schemes,Debt Scheme - Banking and PSU Fund,2023-12-27,116.2785,2026-06-23T05:29:58.847318+00:00,https://api.mfapi.in/mf/119551
119551,SBI Bluechip,119551,Aditya Birla Sun Life Banking & PSU Debt Fund  - DIRECT - IDCW,Aditya Birla Sun Life Mutual Fund,Open Ended Schemes,Debt Scheme - Banking and PSU Fund,2023-12-26,116.29,2026-06-23T05:29:58.847318+00:00,https://api.mfapi.in/mf/119551
119551,SBI Bluechip,119551,Aditya Birla Sun Life Banking & PSU Debt Fund  - DIRECT - IDCW,Aditya Birla Sun Life Mutual Fund,Open Ended Schemes,Debt Scheme - Banking and PSU Fund,2023-12-22,116.1862,2026-06-23T05:29:58.847318+00:00,https://api.mfapi.in/mf/119551
119551,SBI Bluechip,119551,Aditya Birla Sun Life Banking & PSU Debt Fund  - DIRECT - IDCW,Aditya Birla Sun Life Mutual Fund,Open Ended Schemes,Debt Scheme - Banking and PSU Fund,2023-12-21,116.1666,2026-06-23T05:29:58.847318+00:00,https://api.mfapi.in/mf/119551
119551,SBI Bluechip,119551,Aditya Birla Sun Life Banking & PSU Debt Fund  - DIRECT - IDCW,Aditya Birla Sun Life Mutual Fund,Open Ended Schemes,Debt Scheme - Banking and PSU Fund,2023-12-20,116.1637,2026-06-23T05:29:58.847318+00:00,https://api.mfapi.in/mf/119551
119551,SBI Bluechip,119551,Aditya Birla Sun Life Banking & PSU Debt Fund  - DIRECT - IDCW,Aditya Birla Sun Life Mutual Fund,Open Ended Schemes,Debt Scheme - Banking and PSU Fund,2023-12-19,116.146,2026-06-23T05:29:58.847318+00:00,https://api.mfapi.in/mf/119551
119551,SBI Bluechip,119551,Aditya Birla Sun Life Banking & PSU Debt Fund  - DIRECT - IDCW,Aditya Birla Sun Life Mutual Fund,Open Ended Schemes,Debt Scheme - Banking and PSU Fund,2023-12-18,116.1498,2026-06-23T05:29:58.847318+00:00,https://api.mfapi.in/mf/119551
119551,SBI Bluechip,119551,Aditya Birla Sun Life Banking & PSU Debt Fund  - DIRECT - IDCW,Aditya Birla Sun Life Mutual Fund,Open Ended Schemes,Debt Scheme - Banking and PSU Fund,2023-12-15,116.0675,2026-06-23T05:29:58.847318+00:00,https://api.mfapi.in/mf/119551
119551,SBI Bluechip,119551,Aditya Birla Sun Life Banking & PSU Debt Fund  - DIRECT - IDCW,Aditya Birla Sun Life Mutual Fund,Open Ended Schemes,Debt Scheme - Banking and PSU Fund,2023-12-14,115.9449,2026-06-23T05:29:58.847318+00:00,https://api.mfapi.in/mf/119551
119551,SBI Bluechip,119551,Aditya Birla Sun Life Banking & PSU Debt Fund  - DIRECT - IDCW,Aditya Birla Sun Life Mutual Fund,Open Ended Schemes,Debt Scheme - Banking and PSU Fund,2023-12-13,115.7767,2026-06-23T05:29:58.847318+00:00,https://api.mfapi.in/mf/119551
119551,SBI Bluechip,119551,Aditya Birla Sun Life Banking & PSU Debt Fund  - DIRECT - IDCW,Aditya Birla Sun Life Mutual Fund,Open Ended Schemes,Debt Scheme - Banking and PSU Fund,2023-12-12,115.7387,2026-06-23T05:29:58.847318+00:00,https://api.mfapi.in/mf/119551
119551,SBI Bluechip,119551,Aditya Birla Sun Life Banking & PSU Debt Fund  - DIRECT - IDCW,Aditya Birla Sun Life Mutual Fund,Open Ended Schemes,Debt Scheme - Banking and PSU Fund,2023-12-11,115.7213,2026-06-23T05:29:58.847318+00:00,https://api.mfapi.in/mf/119551
119551,SBI Bluechip,119551,Aditya Birla Sun Life Banking & PSU Debt Fund  - DIRECT - IDCW,Aditya Birla Sun Life Mutual Fund,Open Ended Schemes,Debt Scheme - Banking and PSU Fund,2023-12-08,115.6975,2026-06-23T05:29:58.847318+00:00,https://api.mfapi.in/mf/119551
119551,SBI Bluechip,119551,Aditya Birla Sun Life Banking & PSU Debt Fund  - DIRECT - IDCW,Aditya Birla Sun Life Mutual Fund,Open Ended Schemes,Debt Scheme - Banking and PSU Fund,2023-12-07,115.7012,2026-06-23T05:29:58.847318+00:00,https://api.mfapi.in/mf/119551
119551,SBI Bluechip,119551,Aditya Birla Sun Life Banking & PSU Debt Fund  - DIRECT - IDCW,Aditya Birla Sun Life Mutual Fund,Open Ended Schemes,Debt Scheme - Banking and PSU Fund,2023-12-06,115.6714,2026-06-23T05:29:58.847318+00:00,https://api.mfapi.in/mf/119551
119551,SBI Bluechip,119551,Aditya Birla Sun Life Banking & PSU Debt Fund  - DIRECT - IDCW,Aditya Birla Sun Life Mutual Fund,Open Ended Schemes,Debt Scheme - Banking and PSU Fund,2023-12-05,115.6087,2026-06-23T05:29:58.847318+00:00,https://api.mfapi.in/mf/119551
119551,SBI Bluechip,119551,Aditya Birla Sun Life Banking & PSU Debt Fund  - DIRECT - IDCW,Aditya Birla Sun Life Mutual Fund,Open Ended Schemes,Debt Scheme - Banking and PSU Fund,2023-12-04,115.5786,2026-06-23T05:29:58.847318+00:00,https://api.mfapi.in/mf/119551
119551,SBI Bluechip,119551,Aditya Birla Sun Life Banking & PSU Debt Fund  - DIRECT - IDCW,Aditya Birla Sun Life Mutual Fund,Open Ended Schemes,Debt Scheme - Banking and PSU Fund,2023-12-01,115.4928,2026-06-23T05:29:58.847318+00:00,https://api.mfapi.in/mf/119551
119551,SBI Bluechip,119551,Aditya Birla Sun Life Banking & PSU Debt Fund  - DIRECT - IDCW,Aditya Birla Sun Life Mutual Fund,Open Ended Schemes,Debt Scheme - Banking and PSU Fund,2023-11-30,115.5118,2026-06-23T05:29:58.847318+00:00,https://api.mfapi.in/mf/119551
119551,SBI Bluechip,119551,Aditya Birla Sun Life Banking & PSU Debt Fund  - DIRECT - IDCW,Aditya Birla Sun Life Mutual Fund,Open Ended Schemes,Debt Scheme - Banking and PSU Fund,2023-11-29,115.5248,2026-06-23T05:29:58.847318+00:00,https://api.mfapi.in/mf/119551
119551,SBI Bluechip,119551,Aditya Birla Sun Life Banking & PSU Debt Fund  - DIRECT - IDCW,Aditya Birla Sun Life Mutual Fund,Open Ended Schemes,Debt Scheme - Banking and PSU Fund,2023-11-28,115.4606,2026-06-23T05:29:58.847318+00:00,https://api.mfapi.in/mf/119551
119551,SBI Bluechip,119551,Aditya Birla Sun Life Banking & PSU Debt Fund  - DIRECT - IDCW,Aditya Birla Sun Life Mutual Fund,Open Ended Schemes,Debt Scheme - Banking and PSU Fund,2023-11-24,115.3487,2026-06-23T05:29:58.847318+00:00,https://api.mfapi.in/mf/119551
119551,SBI Bluechip,119551,Aditya Birla Sun Life Banking & PSU Debt Fund  - DIRECT - IDCW,Aditya Birla Sun Life Mutual Fund,Open Ended Schemes,Debt Scheme - Banking and PSU Fund,2023-11-23,115.3838,2026-06-23T05:29:58.847318+00:00,https://api.mfapi.in/mf/119551
119551,SBI Bluechip,119551,Aditya Birla Sun Life Banking & PSU Debt Fund  - DIRECT - IDCW,Aditya Birla Sun Life Mutual Fund,Open Ended Schemes,Debt Scheme - Banking and PSU Fund,2023-11-22,115.3956,2026-06-23T05:29:58.847318+00:00,https://api.mfapi.in/mf/119551
119551,SBI Bluechip,119551,Aditya Birla Sun Life Banking & PSU Debt Fund  - DIRECT - IDCW,Aditya Birla Sun Life Mutual Fund,Open Ended Schemes,Debt Scheme - Banking and PSU Fund,2023-11-21,115.3462,2026-06-23T05:29:58.847318+00:00,https://api.mfapi.in/mf/119551
119551,SBI Bluechip,119551,Aditya Birla Sun Life Banking & PSU Debt Fund  - DIRECT - IDCW,Aditya Birla Sun Life Mutual Fund,Open Ended Schemes,Debt Scheme - Banking and PSU Fund,2023-11-20,115.4124,2026-06-23T05:29:58.847318+00:00,https://api.mfapi.in/mf/119551
119551,SBI Bluechip,119551,Aditya Birla Sun Life Banking & PSU Debt Fund  - DIRECT - IDCW,Aditya Birla Sun Life Mutual Fund,Open Ended Schemes,Debt Scheme - Banking and PSU Fund,2023-11-17,115.4046,2026-06-23T05:29:58.847318+00:00,https://api.mfapi.in/mf/119551
119551,SBI Bluechip,119551,Aditya Birla Sun Life Banking & PSU Debt Fund  - DIRECT - IDCW,Aditya Birla Sun Life Mutual Fund,Open Ended Schemes,Debt Scheme - Banking and PSU Fund,2023-11-16,115.359,2026-06-23T05:29:58.847318+00:00,https://api.mfapi.in/mf/119551
119551,SBI Bluechip,119551,Aditya Birla Sun Life Banking & PSU Debt Fund  - DIRECT - IDCW,Aditya Birla Sun Life Mutual Fund,Open Ended Schemes,Debt Scheme - Banking and PSU Fund,2023-11-15,115.3184,2026-06-23T05:29:58.847318+00:00,https://api.mfapi.in/mf/119551
119551,SBI Bluechip,119551,Aditya Birla Sun Life Banking & PSU Debt Fund  - DIRECT - IDCW,Aditya Birla Sun Life Mutual Fund,Open Ended Schemes,Debt Scheme - Banking and PSU Fund,2023-11-13,115.1762,2026-06-23T05:29:58.847318+00:00,https://api.mfapi.in/mf/119551
119551,SBI Bluechip,119551,Aditya Birla Sun Life Banking & PSU Debt Fund  - DIRECT - IDCW,Aditya Birla Sun Life Mutual Fund,Open Ended Schemes,Debt Scheme - Banking and PSU Fund,2023-11-10,115.1099,2026-06-23T05:29:58.847318+00:00,https://api.mfapi.in/mf/119551
119551,SBI Bluechip,119551,Aditya Birla Sun Life Banking & PSU Debt Fund  - DIRECT - IDCW,Aditya Birla Sun Life Mutual Fund,Open Ended Schemes,Debt Scheme - Banking and PSU Fund,2023-11-09,115.1482,2026-06-23T05:29:58.847318+00:00,https://api.mfapi.in/mf/119551
119551,SBI Bluechip,119551,Aditya Birla Sun Life Banking & PSU Debt Fund  - DIRECT - IDCW,Aditya Birla Sun Life Mutual Fund,Open Ended Schemes,Debt Scheme - Banking and PSU Fund,2023-11-08,115.097,2026-06-23T05:29:58.847318+00:00,https://api.mfapi.in/mf/119551
119551,SBI Bluechip,119551,Aditya Birla Sun Life Banking & PSU Debt Fund  - DIRECT - IDCW,Aditya Birla Sun Life Mutual Fund,Open Ended Schemes,Debt Scheme - Banking and PSU Fund,2023-11-07,115.0481,2026-06-23T05:29:58.847318+00:00,https://api.mfapi.in/mf/119551
119551,SBI Bluechip,119551,Aditya Birla Sun Life Banking & PSU Debt Fund  - DIRECT - IDCW,Aditya Birla Sun Life Mutual Fund,Open Ended Schemes,Debt Scheme - Banking and PSU Fund,2023-11-06,114.9939,2026-06-23T05:29:58.847318+00:00,https://api.mfapi.in/mf/119551
119551,SBI Bluechip,119551,Aditya Birla Sun Life Banking & PSU Debt Fund  - DIRECT - IDCW,Aditya Birla Sun Life Mutual Fund,Open Ended Schemes,Debt Scheme - Banking and PSU Fund,2023-11-03,114.9185,2026-06-23T05:29:58.847318+00:00,https://api.mfapi.in/mf/119551
119551,SBI Bluechip,119551,Aditya Birla Sun Life Banking & PSU Debt Fund  - DIRECT - IDCW,Aditya Birla Sun Life Mutual Fund,Open Ended Schemes,Debt Scheme - Banking and PSU Fund,2023-11-02,114.8598,2026-06-23T05:29:58.847318+00:00,https://api.mfapi.in/mf/119551
119551,SBI Bluechip,119551,Aditya Birla Sun Life Banking & PSU Debt Fund  - DIRECT - IDCW,Aditya Birla Sun Life Mutual Fund,Open Ended Schemes,Debt Scheme - Banking and PSU Fund,2023-11-01,114.7619,2026-06-23T05:29:58.847318+00:00,https://api.mfapi.in/mf/119551
119551,SBI Bluechip,119551,Aditya Birla Sun Life Banking & PSU Debt Fund  - DIRECT - IDCW,Aditya Birla Sun Life Mutual Fund,Open Ended Schemes,Debt Scheme - Banking and PSU Fund,2023-10-31,114.7532,2026-06-23T05:29:58.847318+00:00,https://api.mfapi.in/mf/119551
119551,SBI Bluechip,119551,Aditya Birla Sun Life Banking & PSU Debt Fund  - DIRECT - IDCW,Aditya Birla Sun Life Mutual Fund,Open Ended Schemes,Debt Scheme - Banking and PSU Fund,2023-10-30,114.7213,2026-06-23T05:29:58.847318+00:00,https://api.mfapi.in/mf/119551
119551,SBI Bluechip,119551,Aditya Birla Sun Life Banking & PSU Debt Fund  - DIRECT - IDCW,Aditya Birla Sun Life Mutual Fund,Open Ended Schemes,Debt Scheme - Banking and PSU Fund,2023-10-27,114.6755,2026-06-23T05:29:58.847318+00:00,https://api.mfapi.in/mf/119551
119551,SBI Bluechip,119551,Aditya Birla Sun Life Banking & PSU Debt Fund  - DIRECT - IDCW,Aditya Birla Sun Life Mutual Fund,Open Ended Schemes,Debt Scheme - Banking and PSU Fund,2023-10-26,114.6543,2026-06-23T05:29:58.847318+00:00,https://api.mfapi.in/mf/119551
119551,SBI Bluechip,119551,Aditya Birla Sun Life Banking & PSU Debt Fund  - DIRECT - IDCW,Aditya Birla Sun Life Mutual Fund,Open Ended Schemes,Debt Scheme - Banking and PSU Fund,2023-10-25,114.6385,2026-06-23T05:29:58.847318+00:00,https://api.mfapi.in/mf/119551
119551,SBI Bluechip,119551,Aditya Birla Sun Life Banking & PSU Debt Fund  - DIRECT - IDCW,Aditya Birla Sun Life Mutual Fund,Open Ended Schemes,Debt Scheme - Banking and PSU Fund,2023-10-23,114.5561,2026-06-23T05:29:58.847318+00:00,https://api.mfapi.in/mf/119551
119551,SBI Bluechip,119551,Aditya Birla Sun Life Banking & PSU Debt Fund  - DIRECT - IDCW,Aditya Birla Sun Life Mutual Fund,Open Ended Schemes,Debt Scheme - Banking and PSU Fund,2023-10-20,114.5203,2026-06-23T05:29:58.847318+00:00,https://api.mfapi.in/mf/119551
119551,SBI Bluechip,119551,Aditya Birla Sun Life Banking & PSU Debt Fund  - DIRECT - IDCW,Aditya Birla Sun Life Mutual Fund,Open Ended Schemes,Debt Scheme - Banking and PSU Fund,2023-10-19,114.5085,2026-06-23T05:29:58.847318+00:00,https://api.mfapi.in/mf/119551
119551,SBI Bluechip,119551,Aditya Birla Sun Life Banking & PSU Debt Fund  - DIRECT - IDCW,Aditya Birla Sun Life Mutual Fund,Open Ended Schemes,Debt Scheme - Banking and PSU Fund,2023-10-18,114.5264,2026-06-23T05:29:58.847318+00:00,https://api.mfapi.in/mf/119551
119551,SBI Bluechip,119551,Aditya Birla Sun Life Banking & PSU Debt Fund  - DIRECT - IDCW,Aditya Birla Sun Life Mutual Fund,Open Ended Schemes,Debt Scheme - Banking and PSU Fund,2023-10-17,114.5336,2026-06-23T05:29:58.847318+00:00,https://api.mfapi.in/mf/119551
119551,SBI Bluechip,119551,Aditya Birla Sun Life Banking & PSU Debt Fund  - DIRECT - IDCW,Aditya Birla Sun Life Mutual Fund,Open Ended Schemes,Debt Scheme - Banking and PSU Fund,2023-10-16,114.515,2026-06-23T05:29:58.847318+00:00,https://api.mfapi.in/mf/119551
119551,SBI Bluechip,119551,Aditya Birla Sun Life Banking & PSU Debt Fund  - DIRECT - IDCW,Aditya Birla Sun Life Mutual Fund,Open Ended Schemes,Debt Scheme - Banking and PSU Fund,2023-10-13,114.4576,2026-06-23T05:29:58.847318+00:00,https://api.mfapi.in/mf/119551
119551,SBI Bluechip,119551,Aditya Birla Sun Life Banking & PSU Debt Fund  - DIRECT - IDCW,Aditya Birla Sun Life Mutual Fund,Open Ended Schemes,Debt Scheme - Banking and PSU Fund,2023-10-12,114.4277,2026-06-23T05:29:58.847318+00:00,https://api.mfapi.in/mf/119551
119551,SBI Bluechip,119551,Aditya Birla Sun Life Banking & PSU Debt Fund  - DIRECT - IDCW,Aditya Birla Sun Life Mutual Fund,Open Ended Schemes,Debt Scheme - Banking and PSU Fund,2023-10-11,114.3772,2026-06-23T05:29:58.847318+00:00,https://api.mfapi.in/mf/119551
119551,SBI Bluechip,119551,Aditya Birla Sun Life Banking & PSU Debt Fund  - DIRECT - IDCW,Aditya Birla Sun Life Mutual Fund,Open Ended Schemes,Debt Scheme - Banking and PSU Fund,2023-10-10,114.2773,2026-06-23T05:29:58.847318+00:00,https://api.mfapi.in/mf/119551
119551,SBI Bluechip,119551,Aditya Birla Sun Life Banking & PSU Debt Fund  - DIRECT - IDCW,Aditya Birla Sun Life Mutual Fund,Open Ended Schemes,Debt Scheme - Banking and PSU Fund,2023-10-09,114.2335,2026-06-23T05:29:58.847318+00:00,https://api.mfapi.in/mf/119551
119551,SBI Bluechip,119551,Aditya Birla Sun Life Banking & PSU Debt Fund  - DIRECT - IDCW,Aditya Birla Sun Life Mutual Fund,Open Ended Schemes,Debt Scheme - Banking and PSU Fund,2023-10-06,114.2282,2026-06-23T05:29:58.847318+00:00,https://api.mfapi.in/mf/119551
119551,SBI Bluechip,119551,Aditya Birla Sun Life Banking & PSU Debt Fund  - DIRECT - IDCW,Aditya Birla Sun Life Mutual Fund,Open Ended Schemes,Debt Scheme - Banking and PSU Fund,2023-10-05,114.5152,2026-06-23T05:29:58.847318+00:00,https://api.mfapi.in/mf/119551
119551,SBI Bluechip,119551,Aditya Birla Sun Life Banking & PSU Debt Fund  - DIRECT - IDCW,Aditya Birla Sun Life Mutual Fund,Open Ended Schemes,Debt Scheme - Banking and PSU Fund,2023-10-04,114.4301,2026-06-23T05:29:58.847318+00:00,https://api.mfapi.in/mf/119551
119551,SBI Bluechip,119551,Aditya Birla Sun Life Banking & PSU Debt Fund  - DIRECT - IDCW,Aditya Birla Sun Life Mutual Fund,Open Ended Schemes,Debt Scheme - Banking and PSU Fund,2023-10-03,114.4257,2026-06-23T05:29:58.847318+00:00,https://api.mfapi.in/mf/119551
119551,SBI Bluechip,119551,Aditya Birla Sun Life Banking & PSU Debt Fund  - DIRECT - IDCW,Aditya Birla Sun Life Mutual Fund,Open Ended Schemes,Debt Scheme - Banking and PSU Fund,2023-09-29,114.3746,2026-06-23T05:29:58.847318+00:00,https://api.mfapi.in/mf/119551
119551,SBI Bluechip,119551,Aditya Birla Sun Life Banking & PSU Debt Fund  - DIRECT - IDCW,Aditya Birla Sun Life Mutual Fund,Open Ended Schemes,Debt Scheme - Banking and PSU Fund,2023-09-27,114.4022,2026-06-23T05:29:58.847318+00:00,https://api.mfapi.in/mf/119551
119551,SBI Bluechip,119551,Aditya Birla Sun Life Banking & PSU Debt Fund  - DIRECT - IDCW,Aditya Birla Sun Life Mutual Fund,Open Ended Schemes,Debt Scheme - Banking and PSU Fund,2023-09-26,114.3858,2026-06-23T05:29:58.847318+00:00,https://api.mfapi.in/mf/119551
119551,SBI Bluechip,119551,Aditya Birla Sun Life Banking & PSU Debt Fund  - DIRECT - IDCW,Aditya Birla Sun Life Mutual Fund,Open Ended Schemes,Debt Scheme - Banking and PSU Fund,2023-09-25,114.3926,2026-06-23T05:29:58.847318+00:00,https://api.mfapi.in/mf/119551
119551,SBI Bluechip,119551,Aditya Birla Sun Life Banking & PSU Debt Fund  - DIRECT - IDCW,Aditya Birla Sun Life Mutual Fund,Open Ended Schemes,Debt Scheme - Banking and PSU Fund,2023-09-22,114.3437,2026-06-23T05:29:58.847318+00:00,https://api.mfapi.in/mf/119551
119551,SBI Bluechip,119551,Aditya Birla Sun Life Banking & PSU Debt Fund  - DIRECT - IDCW,Aditya Birla Sun Life Mutual Fund,Open Ended Schemes,Debt Scheme - Banking and PSU Fund,2023-09-21,114.3346,2026-06-23T05:29:58.847318+00:00,https://api.mfapi.in/mf/119551
119551,SBI Bluechip,119551,Aditya Birla Sun Life Banking & PSU Debt Fund  - DIRECT - IDCW,Aditya Birla Sun Life Mutual Fund,Open Ended Schemes,Debt Scheme - Banking and PSU Fund,2023-09-20,114.3068,2026-06-23T05:29:58.847318+00:00,https://api.mfapi.in/mf/119551
119551,SBI Bluechip,119551,Aditya Birla Sun Life Banking & PSU Debt Fund  - DIRECT - IDCW,Aditya Birla Sun Life Mutual Fund,Open Ended Schemes,Debt Scheme - Banking and PSU Fund,2023-09-18,114.2257,2026-06-23T05:29:58.847318+00:00,https://api.mfapi.in/mf/119551
119551,SBI Bluechip,119551,Aditya Birla Sun Life Banking & PSU Debt Fund  - DIRECT - IDCW,Aditya Birla Sun Life Mutual Fund,Open Ended Schemes,Debt Scheme - Banking and PSU Fund,2023-09-15,114.1634,2026-06-23T05:29:58.847318+00:00,https://api.mfapi.in/mf/119551
119551,SBI Bluechip,119551,Aditya Birla Sun Life Banking & PSU Debt Fund  - DIRECT - IDCW,Aditya Birla Sun Life Mutual Fund,Open Ended Schemes,Debt Scheme - Banking and PSU Fund,2023-09-14,114.2468,2026-06-23T05:29:58.847318+00:00,https://api.mfapi.in/mf/119551
119551,SBI Bluechip,119551,Aditya Birla Sun Life Banking & PSU Debt Fund  - DIRECT - IDCW,Aditya Birla Sun Life Mutual Fund,Open Ended Schemes,Debt Scheme - Banking and PSU Fund,2023-09-13,114.1471,2026-06-23T05:29:58.847318+00:00,https://api.mfapi.in/mf/119551
119551,SBI Bluechip,119551,Aditya Birla Sun Life Banking & PSU Debt Fund  - DIRECT - IDCW,Aditya Birla Sun Life Mutual Fund,Open Ended Schemes,Debt Scheme - Banking and PSU Fund,2023-09-12,114.0096,2026-06-23T05:29:58.847318+00:00,https://api.mfapi.in/mf/119551
119551,SBI Bluechip,119551,Aditya Birla Sun Life Banking & PSU Debt Fund  - DIRECT - IDCW,Aditya Birla Sun Life Mutual Fund,Open Ended Schemes,Debt Scheme - Banking and PSU Fund,2023-09-11,114.0239,2026-06-23T05:29:58.847318+00:00,https://api.mfapi.in/mf/119551
119551,SBI Bluechip,119551,Aditya Birla Sun Life Banking & PSU Debt Fund  - DIRECT - IDCW,Aditya Birla Sun Life Mutual Fund,Open Ended Schemes,Debt Scheme - Banking and PSU Fund,2023-09-08,114.0015,2026-06-23T05:29:58.847318+00:00,https://api.mfapi.in/mf/119551
119551,SBI Bluechip,119551,Aditya Birla Sun Life Banking & PSU Debt Fund  - DIRECT - IDCW,Aditya Birla Sun Life Mutual Fund,Open Ended Schemes,Debt Scheme - Banking and PSU Fund,2023-09-07,114.0437,2026-06-23T05:29:58.847318+00:00,https://api.mfapi.in/mf/119551
119551,SBI Bluechip,119551,Aditya Birla Sun Life Banking & PSU Debt Fund  - DIRECT - IDCW,Aditya Birla Sun Life Mutual Fund,Open Ended Schemes,Debt Scheme - Banking and PSU Fund,2023-09-06,113.9571,2026-06-23T05:29:58.847318+00:00,https://api.mfapi.in/mf/119551
119551,SBI Bluechip,119551,Aditya Birla Sun Life Banking & PSU Debt Fund  - DIRECT - IDCW,Aditya Birla Sun Life Mutual Fund,Open Ended Schemes,Debt Scheme - Banking and PSU Fund,2023-09-05,113.9984,2026-06-23T05:29:58.847318+00:00,https://api.mfapi.in/mf/119551
119551,SBI Bluechip,119551,Aditya Birla Sun Life Banking & PSU Debt Fund  - DIRECT - IDCW,Aditya Birla Sun Life Mutual Fund,Open Ended Schemes,Debt Scheme - Banking and PSU Fund,2023-09-04,113.9843,2026-06-23T05:29:58.847318+00:00,https://api.mfapi.in/mf/119551
119551,SBI Bluechip,119551,Aditya Birla Sun Life Banking & PSU Debt Fund  - DIRECT - IDCW,Aditya Birla Sun Life Mutual Fund,Open Ended Schemes,Debt Scheme - Banking and PSU Fund,2023-09-01,113.9205,2026-06-23T05:29:58.847318+00:00,https://api.mfapi.in/mf/119551
119551,SBI Bluechip,119551,Aditya Birla Sun Life Banking & PSU Debt Fund  - DIRECT - IDCW,Aditya Birla Sun Life Mutual Fund,Open Ended Schemes,Debt Scheme - Banking and PSU Fund,2023-08-31,113.9005,2026-06-23T05:29:58.847318+00:00,https://api.mfapi.in/mf/119551
119551,SBI Bluechip,119551,Aditya Birla Sun Life Banking & PSU Debt Fund  - DIRECT - IDCW,Aditya Birla Sun Life Mutual Fund,Open Ended Schemes,Debt Scheme - Banking and PSU Fund,2023-08-30,113.8834,2026-06-23T05:29:58.847318+00:00,https://api.mfapi.in/mf/119551
119551,SBI Bluechip,119551,Aditya Birla Sun Life Banking & PSU Debt Fund  - DIRECT - IDCW,Aditya Birla Sun Life Mutual Fund,Open Ended Schemes,Debt Scheme - Banking and PSU Fund,2023-08-29,113.8467,2026-06-23T05:29:58.847318+00:00,https://api.mfapi.in/mf/119551
119551,SBI Bluechip,119551,Aditya Birla Sun Life Banking & PSU Debt Fund  - DIRECT - IDCW,Aditya Birla Sun Life Mutual Fund,Open Ended Schemes,Debt Scheme - Banking and PSU Fund,2023-08-28,113.8221,2026-06-23T05:29:58.847318+00:00,https://api.mfapi.in/mf/119551
119551,SBI Bluechip,119551,Aditya Birla Sun Life Banking & PSU Debt Fund  - DIRECT - IDCW,Aditya Birla Sun Life Mutual Fund,Open Ended Schemes,Debt Scheme - Banking and PSU Fund,2023-08-25,113.708,2026-06-23T05:29:58.847318+00:00,https://api.mfapi.in/mf/119551
119551,SBI Bluechip,119551,Aditya Birla Sun Life Banking & PSU Debt Fund  - DIRECT - IDCW,Aditya Birla Sun Life Mutual Fund,Open Ended Schemes,Debt Scheme - Banking and PSU Fund,2023-08-24,113.6982,2026-06-23T05:29:58.847318+00:00,https://api.mfapi.in/mf/119551
119551,SBI Bluechip,119551,Aditya Birla Sun Life Banking & PSU Debt Fund  - DIRECT - IDCW,Aditya Birla Sun Life Mutual Fund,Open Ended Schemes,Debt Scheme - Banking and PSU Fund,2023-08-23,113.6358,2026-06-23T05:29:58.847318+00:00,https://api.mfapi.in/mf/119551
119551,SBI Bluechip,119551,Aditya Birla Sun Life Banking & PSU Debt Fund  - DIRECT - IDCW,Aditya Birla Sun Life Mutual Fund,Open Ended Schemes,Debt Scheme - Banking and PSU Fund,2023-08-22,113.5608,2026-06-23T05:29:58.847318+00:00,https://api.mfapi.in/mf/119551
119551,SBI Bluechip,119551,Aditya Birla Sun Life Banking & PSU Debt Fund  - DIRECT - IDCW,Aditya Birla Sun Life Mutual Fund,Open Ended Schemes,Debt Scheme - Banking and PSU Fund,2023-08-21,113.5726,2026-06-23T05:29:58.847318+00:00,https://api.mfapi.in/mf/119551
119551,SBI Bluechip,119551,Aditya Birla Sun Life Banking & PSU Debt Fund  - DIRECT - IDCW,Aditya Birla Sun Life Mutual Fund,Open Ended Schemes,Debt Scheme - Banking and PSU Fund,2023-08-18,113.5055,2026-06-23T05:29:58.847318+00:00,https://api.mfapi.in/mf/119551
119551,SBI Bluechip,119551,Aditya Birla Sun Life Banking & PSU Debt Fund  - DIRECT - IDCW,Aditya Birla Sun Life Mutual Fund,Open Ended Schemes,Debt Scheme - Banking and PSU Fund,2023-08-17,113.448,2026-06-23T05:29:58.847318+00:00,https://api.mfapi.in/mf/119551
119551,SBI Bluechip,119551,Aditya Birla Sun Life Banking & PSU Debt Fund  - DIRECT - IDCW,Aditya Birla Sun Life Mutual Fund,Open Ended Schemes,Debt Scheme - Banking and PSU Fund,2023-08-14,113.4717,2026-06-23T05:29:58.847318+00:00,https://api.mfapi.in/mf/119551
119551,SBI Bluechip,119551,Aditya Birla Sun Life Banking & PSU Debt Fund  - DIRECT - IDCW,Aditya Birla Sun Life Mutual Fund,Open Ended Schemes,Debt Scheme - Banking and PSU Fund,2023-08-11,113.4328,2026-06-23T05:29:58.847318+00:00,https://api.mfapi.in/mf/119551
119551,SBI Bluechip,119551,Aditya Birla Sun Life Banking & PSU Debt Fund  - DIRECT - IDCW,Aditya Birla Sun Life Mutual Fund,Open Ended Schemes,Debt Scheme - Banking and PSU Fund,2023-08-10,113.4695,2026-06-23T05:29:58.847318+00:00,https://api.mfapi.in/mf/119551
119551,SBI Bluechip,119551,Aditya Birla Sun Life Banking & PSU Debt Fund  - DIRECT - IDCW,Aditya Birla Sun Life Mutual Fund,Open Ended Schemes,Debt Scheme - Banking and PSU Fund,2023-08-09,113.4446,2026-06-23T05:29:58.847318+00:00,https://api.mfapi.in/mf/119551
119551,SBI Bluechip,119551,Aditya Birla Sun Life Banking & PSU Debt Fund  - DIRECT - IDCW,Aditya Birla Sun Life Mutual Fund,Open Ended Schemes,Debt Scheme - Banking and PSU Fund,2023-08-08,113.4097,2026-06-23T05:29:58.847318+00:00,https://api.mfapi.in/mf/119551
119551,SBI Bluechip,119551,Aditya Birla Sun Life Banking & PSU Debt Fund  - DIRECT - IDCW,Aditya Birla Sun Life Mutual Fund,Open Ended Schemes,Debt Scheme - Banking and PSU Fund,2023-08-07,113.4145,2026-06-23T05:29:58.847318+00:00,https://api.mfapi.in/mf/119551
119551,SBI Bluechip,119551,Aditya Birla Sun Life Banking & PSU Debt Fund  - DIRECT - IDCW,Aditya Birla Sun Life Mutual Fund,Open Ended Schemes,Debt Scheme - Banking and PSU Fund,2023-08-04,113.3024,2026-06-23T05:29:58.847318+00:00,https://api.mfapi.in/mf/119551
119551,SBI Bluechip,119551,Aditya Birla Sun Life Banking & PSU Debt Fund  - DIRECT - IDCW,Aditya Birla Sun Life Mutual Fund,Open Ended Schemes,Debt Scheme - Banking and PSU Fund,2023-08-03,113.3366,2026-06-23T05:29:58.847318+00:00,https://api.mfapi.in/mf/119551
119551,SBI Bluechip,119551,Aditya Birla Sun Life Banking & PSU Debt Fund  - DIRECT - IDCW,Aditya Birla Sun Life Mutual Fund,Open Ended Schemes,Debt Scheme - Banking and PSU Fund,2023-08-02,113.371,2026-06-23T05:29:58.847318+00:00,https://api.mfapi.in/mf/119551
119551,SBI Bluechip,119551,Aditya Birla Sun Life Banking & PSU Debt Fund  - DIRECT - IDCW,Aditya Birla Sun Life Mutual Fund,Open Ended Schemes,Debt Scheme - Banking and PSU Fund,2023-08-01,113.3502,2026-06-23T05:29:58.847318+00:00,https://api.mfapi.in/mf/119551
119551,SBI Bluechip,119551,Aditya Birla Sun Life Banking & PSU Debt Fund  - DIRECT - IDCW,Aditya Birla Sun Life Mutual Fund,Open Ended Schemes,Debt Scheme - Banking and PSU Fund,2023-07-31,113.2955,2026-06-23T05:29:58.847318+00:00,https://api.mfapi.in/mf/119551
119551,SBI Bluechip,119551,Aditya Birla Sun Life Banking & PSU Debt Fund  - DIRECT - IDCW,Aditya Birla Sun Life Mutual Fund,Open Ended Schemes,Debt Scheme - Banking and PSU Fund,2023-07-28,113.2233,2026-06-23T05:29:58.847318+00:00,https://api.mfapi.in/mf/119551
119551,SBI Bluechip,119551,Aditya Birla Sun Life Banking & PSU Debt Fund  - DIRECT - IDCW,Aditya Birla Sun Life Mutual Fund,Open Ended Schemes,Debt Scheme - Banking and PSU Fund,2023-07-27,113.302,2026-06-23T05:29:58.847318+00:00,https://api.mfapi.in/mf/119551
119551,SBI Bluechip,119551,Aditya Birla Sun Life Banking & PSU Debt Fund  - DIRECT - IDCW,Aditya Birla Sun Life Mutual Fund,Open Ended Schemes,Debt Scheme - Banking and PSU Fund,2023-07-26,113.25,2026-06-23T05:29:58.847318+00:00,https://api.mfapi.in/mf/119551
119551,SBI Bluechip,119551,Aditya Birla Sun Life Banking & PSU Debt Fund  - DIRECT - IDCW,Aditya Birla Sun Life Mutual Fund,Open Ended Schemes,Debt Scheme - Banking and PSU Fund,2023-07-25,113.2068,2026-06-23T05:29:58.847318+00:00,https://api.mfapi.in/mf/119551
119551,SBI Bluechip,119551,Aditya Birla Sun Life Banking & PSU Debt Fund  - DIRECT - IDCW,Aditya Birla Sun Life Mutual Fund,Open Ended Schemes,Debt Scheme - Banking and PSU Fund,2023-07-24,113.252,2026-06-23T05:29:58.847318+00:00,https://api.mfapi.in/mf/119551
119551,SBI Bluechip,119551,Aditya Birla Sun Life Banking & PSU Debt Fund  - DIRECT - IDCW,Aditya Birla Sun Life Mutual Fund,Open Ended Schemes,Debt Scheme - Banking and PSU Fund,2023-07-21,113.1867,2026-06-23T05:29:58.847318+00:00,https://api.mfapi.in/mf/119551
119551,SBI Bluechip,119551,Aditya Birla Sun Life Banking & PSU Debt Fund  - DIRECT - IDCW,Aditya Birla Sun Life Mutual Fund,Open Ended Schemes,Debt Scheme - Banking and PSU Fund,2023-07-20,113.2135,2026-06-23T05:29:58.847318+00:00,https://api.mfapi.in/mf/119551
119551,SBI Bluechip,119551,Aditya Birla Sun Life Banking & PSU Debt Fund  - DIRECT - IDCW,Aditya Birla Sun Life Mutual Fund,Open Ended Schemes,Debt Scheme - Banking and PSU Fund,2023-07-19,113.185,2026-06-23T05:29:58.847318+00:00,https://api.mfapi.in/mf/119551
119551,SBI Bluechip,119551,Aditya Birla Sun Life Banking & PSU Debt Fund  - DIRECT - IDCW,Aditya Birla Sun Life Mutual Fund,Open Ended Schemes,Debt Scheme - Banking and PSU Fund,2023-07-18,113.1539,2026-06-23T05:29:58.847318+00:00,https://api.mfapi.in/mf/119551
119551,SBI Bluechip,119551,Aditya Birla Sun Life Banking & PSU Debt Fund  - DIRECT - IDCW,Aditya Birla Sun Life Mutual Fund,Open Ended Schemes,Debt Scheme - Banking and PSU Fund,2023-07-17,113.0933,2026-06-23T05:29:58.847318+00:00,https://api.mfapi.in/mf/119551
119551,SBI Bluechip,119551,Aditya Birla Sun Life Banking & PSU Debt Fund  - DIRECT - IDCW,Aditya Birla Sun Life Mutual Fund,Open Ended Schemes,Debt Scheme - Banking and PSU Fund,2023-07-14,113.0224,2026-06-23T05:29:58.847318+00:00,https://api.mfapi.in/mf/119551
119551,SBI Bluechip,119551,Aditya Birla Sun Life Banking & PSU Debt Fund  - DIRECT - IDCW,Aditya Birla Sun Life Mutual Fund,Open Ended Schemes,Debt Scheme - Banking and PSU Fund,2023-07-13,112.9794,2026-06-23T05:29:58.847318+00:00,https://api.mfapi.in/mf/119551
119551,SBI Bluechip,119551,Aditya Birla Sun Life Banking & PSU Debt Fund  - DIRECT - IDCW,Aditya Birla Sun Life Mutual Fund,Open Ended Schemes,Debt Scheme - Banking and PSU Fund,2023-07-12,112.8785,2026-06-23T05:29:58.847318+00:00,https://api.mfapi.in/mf/119551
119551,SBI Bluechip,119551,Aditya Birla Sun Life Banking & PSU Debt Fund  - DIRECT - IDCW,Aditya Birla Sun Life Mutual Fund,Open Ended Schemes,Debt Scheme - Banking and PSU Fund,2023-07-11,112.879,2026-06-23T05:29:58.847318+00:00,https://api.mfapi.in/mf/119551
119551,SBI Bluechip,119551,Aditya Birla Sun Life Banking & PSU Debt Fund  - DIRECT - IDCW,Aditya Birla Sun Life Mutual Fund,Open Ended Schemes,Debt Scheme - Banking and PSU Fund,2023-07-10,112.7947,2026-06-23T05:29:58.847318+00:00,https://api.mfapi.in/mf/119551
119551,SBI Bluechip,119551,Aditya Birla Sun Life Banking & PSU Debt Fund  - DIRECT - IDCW,Aditya Birla Sun Life Mutual Fund,Open Ended Schemes,Debt Scheme - Banking and PSU Fund,2023-07-07,112.7417,2026-06-23T05:29:58.847318+00:00,https://api.mfapi.in/mf/119551
119551,SBI Bluechip,119551,Aditya Birla Sun Life Banking & PSU Debt Fund  - DIRECT - IDCW,Aditya Birla Sun Life Mutual Fund,Open Ended Schemes,Debt Scheme - Banking and PSU Fund,2023-07-06,112.7607,2026-06-23T05:29:58.847318+00:00,https://api.mfapi.in/mf/119551
119551,SBI Bluechip,119551,Aditya Birla Sun Life Banking & PSU Debt Fund  - DIRECT - IDCW,Aditya Birla Sun Life Mutual Fund,Open Ended Schemes,Debt Scheme - Banking and PSU Fund,2023-07-05,112.7734,2026-06-23T05:29:58.847318+00:00,https://api.mfapi.in/mf/119551
119551,SBI Bluechip,119551,Aditya Birla Sun Life Banking & PSU Debt Fund  - DIRECT - IDCW,Aditya Birla Sun Life Mutual Fund,Open Ended Schemes,Debt Scheme - Banking and PSU Fund,2023-07-04,112.7332,2026-06-23T05:29:58.847318+00:00,https://api.mfapi.in/mf/119551
119551,SBI Bluechip,119551,Aditya Birla Sun Life Banking & PSU Debt Fund  - DIRECT - IDCW,Aditya Birla Sun Life Mutual Fund,Open Ended Schemes,Debt Scheme - Banking and PSU Fund,2023-07-03,112.6779,2026-06-23T05:29:58.847318+00:00,https://api.mfapi.in/mf/119551
119551,SBI Bluechip,119551,Aditya Birla Sun Life Banking & PSU Debt Fund  - DIRECT - IDCW,Aditya Birla Sun Life Mutual Fund,Open Ended Schemes,Debt Scheme - Banking and PSU Fund,2023-06-30,112.6635,2026-06-23T05:29:58.847318+00:00,https://api.mfapi.in/mf/119551
119551,SBI Bluechip,119551,Aditya Birla Sun Life Banking & PSU Debt Fund  - DIRECT - IDCW,Aditya Birla Sun Life Mutual Fund,Open Ended Schemes,Debt Scheme - Banking and PSU Fund,2023-06-28,112.6521,2026-06-23T05:29:58.847318+00:00,https://api.mfapi.in/mf/119551
119551,SBI Bluechip,119551,Aditya Birla Sun Life Banking & PSU Debt Fund  - DIRECT - IDCW,Aditya Birla Sun Life Mutual Fund,Open Ended Schemes,Debt Scheme - Banking and PSU Fund,2023-06-27,112.6073,2026-06-23T05:29:58.847318+00:00,https://api.mfapi.in/mf/119551
119551,SBI Bluechip,119551,Aditya Birla Sun Life Banking & PSU Debt Fund  - DIRECT - IDCW,Aditya Birla Sun Life Mutual Fund,Open Ended Schemes,Debt Scheme - Banking and PSU Fund,2023-06-26,112.5988,2026-06-23T05:29:58.847318+00:00,https://api.mfapi.in/mf/119551
119551,SBI Bluechip,119551,Aditya Birla Sun Life Banking & PSU Debt Fund  - DIRECT - IDCW,Aditya Birla Sun Life Mutual Fund,Open Ended Schemes,Debt Scheme - Banking and PSU Fund,2023-06-23,112.5447,2026-06-23T05:29:58.847318+00:00,https://api.mfapi.in/mf/119551
119551,SBI Bluechip,119551,Aditya Birla Sun Life Banking & PSU Debt Fund  - DIRECT - IDCW,Aditya Birla Sun Life Mutual Fund,Open Ended Schemes,Debt Scheme - Banking and PSU Fund,2023-06-22,112.5347,2026-06-23T05:29:58.847318+00:00,https://api.mfapi.in/mf/119551
119551,SBI Bluechip,119551,Aditya Birla Sun Life Banking & PSU Debt Fund  - DIRECT - IDCW,Aditya Birla Sun Life Mutual Fund,Open Ended Schemes,Debt Scheme - Banking and PSU Fund,2023-06-21,112.5483,2026-06-23T05:29:58.847318+00:00,https://api.mfapi.in/mf/119551
119551,SBI Bluechip,119551,Aditya Birla Sun Life Banking & PSU Debt Fund  - DIRECT - IDCW,Aditya Birla Sun Life Mutual Fund,Open Ended Schemes,Debt Scheme - Banking and PSU Fund,2023-06-20,112.5543,2026-06-23T05:29:58.847318+00:00,https://api.mfapi.in/mf/119551
119551,SBI Bluechip,119551,Aditya Birla Sun Life Banking & PSU Debt Fund  - DIRECT - IDCW,Aditya Birla Sun Life Mutual Fund,Open Ended Schemes,Debt Scheme - Banking and PSU Fund,2023-06-19,112.5427,2026-06-23T05:29:58.847318+00:00,https://api.mfapi.in/mf/119551
119551,SBI Bluechip,119551,Aditya Birla Sun Life Banking & PSU Debt Fund  - DIRECT - IDCW,Aditya Birla Sun Life Mutual Fund,Open Ended Schemes,Debt Scheme - Banking and PSU Fund,2023-06-16,112.4688,2026-06-23T05:29:58.847318+00:00,https://api.mfapi.in/mf/119551
119551,SBI Bluechip,119551,Aditya Birla Sun Life Banking & PSU Debt Fund  - DIRECT - IDCW,Aditya Birla Sun Life Mutual Fund,Open Ended Schemes,Debt Scheme - Banking and PSU Fund,2023-06-15,112.4579,2026-06-23T05:29:58.847318+00:00,https://api.mfapi.in/mf/119551
119551,SBI Bluechip,119551,Aditya Birla Sun Life Banking & PSU Debt Fund  - DIRECT - IDCW,Aditya Birla Sun Life Mutual Fund,Open Ended Schemes,Debt Scheme - Banking and PSU Fund,2023-06-14,112.4522,2026-06-23T05:29:58.847318+00:00,https://api.mfapi.in/mf/119551
119551,SBI Bluechip,119551,Aditya Birla Sun Life Banking & PSU Debt Fund  - DIRECT - IDCW,Aditya Birla Sun Life Mutual Fund,Open Ended Schemes,Debt Scheme - Banking and PSU Fund,2023-06-13,112.4564,2026-06-23T05:29:58.847318+00:00,https://api.mfapi.in/mf/119551
119551,SBI Bluechip,119551,Aditya Birla Sun Life Banking & PSU Debt Fund  - DIRECT - IDCW,Aditya Birla Sun Life Mutual Fund,Open Ended Schemes,Debt Scheme - Banking and PSU Fund,2023-06-12,112.4181,2026-06-23T05:29:58.847318+00:00,https://api.mfapi.in/mf/119551
119551,SBI Bluechip,119551,Aditya Birla Sun Life Banking & PSU Debt Fund  - DIRECT - IDCW,Aditya Birla Sun Life Mutual Fund,Open Ended Schemes,Debt Scheme - Banking and PSU Fund,2023-06-09,112.3662,2026-06-23T05:29:58.847318+00:00,https://api.mfapi.in/mf/119551
119551,SBI Bluechip,119551,Aditya Birla Sun Life Banking & PSU Debt Fund  - DIRECT - IDCW,Aditya Birla Sun Life Mutual Fund,Open Ended Schemes,Debt Scheme - Banking and PSU Fund,2023-06-08,112.3995,2026-06-23T05:29:58.847318+00:00,https://api.mfapi.in/mf/119551
119551,SBI Bluechip,119551,Aditya Birla Sun Life Banking & PSU Debt Fund  - DIRECT - IDCW,Aditya Birla Sun Life Mutual Fund,Open Ended Schemes,Debt Scheme - Banking and PSU Fund,2023-06-07,112.4241,2026-06-23T05:29:58.847318+00:00,https://api.mfapi.in/mf/119551
119551,SBI Bluechip,119551,Aditya Birla Sun Life Banking & PSU Debt Fund  - DIRECT - IDCW,Aditya Birla Sun Life Mutual Fund,Open Ended Schemes,Debt Scheme - Banking and PSU Fund,2023-06-06,112.3976,2026-06-23T05:29:58.847318+00:00,https://api.mfapi.in/mf/119551
119551,SBI Bluechip,119551,Aditya Birla Sun Life Banking & PSU Debt Fund  - DIRECT - IDCW,Aditya Birla Sun Life Mutual Fund,Open Ended Schemes,Debt Scheme - Banking and PSU Fund,2023-06-05,112.35,2026-06-23T05:29:58.847318+00:00,https://api.mfapi.in/mf/119551
119551,SBI Bluechip,119551,Aditya Birla Sun Life Banking & PSU Debt Fund  - DIRECT - IDCW,Aditya Birla Sun Life Mutual Fund,Open Ended Schemes,Debt Scheme - Banking and PSU Fund,2023-06-02,112.3136,2026-06-23T05:29:58.847318+00:00,https://api.mfapi.in/mf/119551
119551,SBI Bluechip,119551,Aditya Birla Sun Life Banking & PSU Debt Fund  - DIRECT - IDCW,Aditya Birla Sun Life Mutual Fund,Open Ended Schemes,Debt Scheme - Banking and PSU Fund,2023-06-01,112.3041,2026-06-23T05:29:58.847318+00:00,https://api.mfapi.in/mf/119551
119551,SBI Bluechip,119551,Aditya Birla Sun Life Banking & PSU Debt Fund  - DIRECT - IDCW,Aditya Birla Sun Life Mutual Fund,Open Ended Schemes,Debt Scheme - Banking and PSU Fund,2023-05-31,112.2328,2026-06-23T05:29:58.847318+00:00,https://api.mfapi.in/mf/119551
119551,SBI Bluechip,119551,Aditya Birla Sun Life Banking & PSU Debt Fund  - DIRECT - IDCW,Aditya Birla Sun Life Mutual Fund,Open Ended Schemes,Debt Scheme - Banking and PSU Fund,2023-05-30,112.2149,2026-06-23T05:29:58.847318+00:00,https://api.mfapi.in/mf/119551
119551,SBI Bluechip,119551,Aditya Birla Sun Life Banking & PSU Debt Fund  - DIRECT - IDCW,Aditya Birla Sun Life Mutual Fund,Open Ended Schemes,Debt Scheme - Banking and PSU Fund,2023-05-29,112.1994,2026-06-23T05:29:58.847318+00:00,https://api.mfapi.in/mf/119551
119551,SBI Bluechip,119551,Aditya Birla Sun Life Banking & PSU Debt Fund  - DIRECT - IDCW,Aditya Birla Sun Life Mutual Fund,Open Ended Schemes,Debt Scheme - Banking and PSU Fund,2023-05-26,112.1609,2026-06-23T05:29:58.847318+00:00,https://api.mfapi.in/mf/119551
119551,SBI Bluechip,119551,Aditya Birla Sun Life Banking & PSU Debt Fund  - DIRECT - IDCW,Aditya Birla Sun Life Mutual Fund,Open Ended Schemes,Debt Scheme - Banking and PSU Fund,2023-05-25,112.1468,2026-06-23T05:29:58.847318+00:00,https://api.mfapi.in/mf/119551
119551,SBI Bluechip,119551,Aditya Birla Sun Life Banking & PSU Debt Fund  - DIRECT - IDCW,Aditya Birla Sun Life Mutual Fund,Open Ended Schemes,Debt Scheme - Banking and PSU Fund,2023-05-24,112.1392,2026-06-23T05:29:58.847318+00:00,https://api.mfapi.in/mf/119551
119551,SBI Bluechip,119551,Aditya Birla Sun Life Banking & PSU Debt Fund  - DIRECT - IDCW,Aditya Birla Sun Life Mutual Fund,Open Ended Schemes,Debt Scheme - Banking and PSU Fund,2023-05-23,112.1072,2026-06-23T05:29:58.847318+00:00,https://api.mfapi.in/mf/119551
119551,SBI Bluechip,119551,Aditya Birla Sun Life Banking & PSU Debt Fund  - DIRECT - IDCW,Aditya Birla Sun Life Mutual Fund,Open Ended Schemes,Debt Scheme - Banking and PSU Fund,2023-05-22,112.1196,2026-06-23T05:29:58.847318+00:00,https://api.mfapi.in/mf/119551
119551,SBI Bluechip,119551,Aditya Birla Sun Life Banking & PSU Debt Fund  - DIRECT - IDCW,Aditya Birla Sun Life Mutual Fund,Open Ended Schemes,Debt Scheme - Banking and PSU Fund,2023-05-19,111.9729,2026-06-23T05:29:58.847318+00:00,https://api.mfapi.in/mf/119551
119551,SBI Bluechip,119551,Aditya Birla Sun Life Banking & PSU Debt Fund  - DIRECT - IDCW,Aditya Birla Sun Life Mutual Fund,Open Ended Schemes,Debt Scheme - Banking and PSU Fund,2023-05-18,111.9625,2026-06-23T05:29:58.847318+00:00,https://api.mfapi.in/mf/119551
119551,SBI Bluechip,119551,Aditya Birla Sun Life Banking & PSU Debt Fund  - DIRECT - IDCW,Aditya Birla Sun Life Mutual Fund,Open Ended Schemes,Debt Scheme - Banking and PSU Fund,2023-05-17,111.8786,2026-06-23T05:29:58.847318+00:00,https://api.mfapi.in/mf/119551
119551,SBI Bluechip,119551,Aditya Birla Sun Life Banking & PSU Debt Fund  - DIRECT - IDCW,Aditya Birla Sun Life Mutual Fund,Open Ended Schemes,Debt Scheme - Banking and PSU Fund,2023-05-16,111.8439,2026-06-23T05:29:58.847318+00:00,https://api.mfapi.in/mf/119551
119551,SBI Bluechip,119551,Aditya Birla Sun Life Banking & PSU Debt Fund  - DIRECT - IDCW,Aditya Birla Sun Life Mutual Fund,Open Ended Schemes,Debt Scheme - Banking and PSU Fund,2023-05-15,111.8017,2026-06-23T05:29:58.847318+00:00,https://api.mfapi.in/mf/119551
119551,SBI Bluechip,119551,Aditya Birla Sun Life Banking & PSU Debt Fund  - DIRECT - IDCW,Aditya Birla Sun Life Mutual Fund,Open Ended Schemes,Debt Scheme - Banking and PSU Fund,2023-05-12,111.7357,2026-06-23T05:29:58.847318+00:00,https://api.mfapi.in/mf/119551
119551,SBI Bluechip,119551,Aditya Birla Sun Life Banking & PSU Debt Fund  - DIRECT - IDCW,Aditya Birla Sun Life Mutual Fund,Open Ended Schemes,Debt Scheme - Banking and PSU Fund,2023-05-11,111.6912,2026-06-23T05:29:58.847318+00:00,https://api.mfapi.in/mf/119551
119551,SBI Bluechip,119551,Aditya Birla Sun Life Banking & PSU Debt Fund  - DIRECT - IDCW,Aditya Birla Sun Life Mutual Fund,Open Ended Schemes,Debt Scheme - Banking and PSU Fund,2023-05-10,111.6632,2026-06-23T05:29:58.847318+00:00,https://api.mfapi.in/mf/119551
119551,SBI Bluechip,119551,Aditya Birla Sun Life Banking & PSU Debt Fund  - DIRECT - IDCW,Aditya Birla Sun Life Mutual Fund,Open Ended Schemes,Debt Scheme - Banking and PSU Fund,2023-05-09,111.6494,2026-06-23T05:29:58.847318+00:00,https://api.mfapi.in/mf/119551
119551,SBI Bluechip,119551,Aditya Birla Sun Life Banking & PSU Debt Fund  - DIRECT - IDCW,Aditya Birla Sun Life Mutual Fund,Open Ended Schemes,Debt Scheme - Banking and PSU Fund,2023-05-08,111.6462,2026-06-23T05:29:58.847318+00:00,https://api.mfapi.in/mf/119551
119551,SBI Bluechip,119551,Aditya Birla Sun Life Banking & PSU Debt Fund  - DIRECT - IDCW,Aditya Birla Sun Life Mutual Fund,Open Ended Schemes,Debt Scheme - Banking and PSU Fund,2023-05-04,111.556,2026-06-23T05:29:58.847318+00:00,https://api.mfapi.in/mf/119551
119551,SBI Bluechip,119551,Aditya Birla Sun Life Banking & PSU Debt Fund  - DIRECT - IDCW,Aditya Birla Sun Life Mutual Fund,Open Ended Schemes,Debt Scheme - Banking and PSU Fund,2023-05-03,111.534,2026-06-23T05:29:58.847318+00:00,https://api.mfapi.in/mf/119551
119551,SBI Bluechip,119551,Aditya Birla Sun Life Banking & PSU Debt Fund  - DIRECT - IDCW,Aditya Birla Sun Life Mutual Fund,Open Ended Schemes,Debt Scheme - Banking and PSU Fund,2023-05-02,111.4551,2026-06-23T05:29:58.847318+00:00,https://api.mfapi.in/mf/119551
119551,SBI Bluechip,119551,Aditya Birla Sun Life Banking & PSU Debt Fund  - DIRECT - IDCW,Aditya Birla Sun Life Mutual Fund,Open Ended Schemes,Debt Scheme - Banking and PSU Fund,2023-04-28,111.3814,2026-06-23T05:29:58.847318+00:00,https://api.mfapi.in/mf/119551
119551,SBI Bluechip,119551,Aditya Birla Sun Life Banking & PSU Debt Fund  - DIRECT - IDCW,Aditya Birla Sun Life Mutual Fund,Open Ended Schemes,Debt Scheme - Banking and PSU Fund,2023-04-27,111.3747,2026-06-23T05:29:58.847318+00:00,https://api.mfapi.in/mf/119551
119551,SBI Bluechip,119551,Aditya Birla Sun Life Banking & PSU Debt Fund  - DIRECT - IDCW,Aditya Birla Sun Life Mutual Fund,Open Ended Schemes,Debt Scheme - Banking and PSU Fund,2023-04-26,111.3157,2026-06-23T05:29:58.847318+00:00,https://api.mfapi.in/mf/119551
119551,SBI Bluechip,119551,Aditya Birla Sun Life Banking & PSU Debt Fund  - DIRECT - IDCW,Aditya Birla Sun Life Mutual Fund,Open Ended Schemes,Debt Scheme - Banking and PSU Fund,2023-04-25,111.2845,2026-06-23T05:29:58.847318+00:00,https://api.mfapi.in/mf/119551
119551,SBI Bluechip,119551,Aditya Birla Sun Life Banking & PSU Debt Fund  - DIRECT - IDCW,Aditya Birla Sun Life Mutual Fund,Open Ended Schemes,Debt Scheme - Banking and PSU Fund,2023-04-24,111.2444,2026-06-23T05:29:58.847318+00:00,https://api.mfapi.in/mf/119551
119551,SBI Bluechip,119551,Aditya Birla Sun Life Banking & PSU Debt Fund  - DIRECT - IDCW,Aditya Birla Sun Life Mutual Fund,Open Ended Schemes,Debt Scheme - Banking and PSU Fund,2023-04-21,111.1177,2026-06-23T05:29:58.847318+00:00,https://api.mfapi.in/mf/119551
119551,SBI Bluechip,119551,Aditya Birla Sun Life Banking & PSU Debt Fund  - DIRECT - IDCW,Aditya Birla Sun Life Mutual Fund,Open Ended Schemes,Debt Scheme - Banking and PSU Fund,2023-04-20,111.0695,2026-06-23T05:29:58.847318+00:00,https://api.mfapi.in/mf/119551
119551,SBI Bluechip,119551,Aditya Birla Sun Life Banking & PSU Debt Fund  - DIRECT - IDCW,Aditya Birla Sun Life Mutual Fund,Open Ended Schemes,Debt Scheme - Banking and PSU Fund,2023-04-19,111.0669,2026-06-23T05:29:58.847318+00:00,https://api.mfapi.in/mf/119551
119551,SBI Bluechip,119551,Aditya Birla Sun Life Banking & PSU Debt Fund  - DIRECT - IDCW,Aditya Birla Sun Life Mutual Fund,Open Ended Schemes,Debt Scheme - Banking and PSU Fund,2023-04-18,111.029,2026-06-23T05:29:58.847318+00:00,https://api.mfapi.in/mf/119551
119551,SBI Bluechip,119551,Aditya Birla Sun Life Banking & PSU Debt Fund  - DIRECT - IDCW,Aditya Birla Sun Life Mutual Fund,Open Ended Schemes,Debt Scheme - Banking and PSU Fund,2023-04-17,110.9947,2026-06-23T05:29:58.847318+00:00,https://api.mfapi.in/mf/119551
119551,SBI Bluechip,119551,Aditya Birla Sun Life Banking & PSU Debt Fund  - DIRECT - IDCW,Aditya Birla Sun Life Mutual Fund,Open Ended Schemes,Debt Scheme - Banking and PSU Fund,2023-04-13,110.9273,2026-06-23T05:29:58.847318+00:00,https://api.mfapi.in/mf/119551
119551,SBI Bluechip,119551,Aditya Birla Sun Life Banking & PSU Debt Fund  - DIRECT - IDCW,Aditya Birla Sun Life Mutual Fund,Open Ended Schemes,Debt Scheme - Banking and PSU Fund,2023-04-12,110.9134,2026-06-23T05:29:58.847318+00:00,https://api.mfapi.in/mf/119551
119551,SBI Bluechip,119551,Aditya Birla Sun Life Banking & PSU Debt Fund  - DIRECT - IDCW,Aditya Birla Sun Life Mutual Fund,Open Ended Schemes,Debt Scheme - Banking and PSU Fund,2023-04-11,110.847,2026-06-23T05:29:58.847318+00:00,https://api.mfapi.in/mf/119551
119551,SBI Bluechip,119551,Aditya Birla Sun Life Banking & PSU Debt Fund  - DIRECT - IDCW,Aditya Birla Sun Life Mutual Fund,Open Ended Schemes,Debt Scheme - Banking and PSU Fund,2023-04-10,110.8339,2026-06-23T05:29:58.847318+00:00,https://api.mfapi.in/mf/119551
119551,SBI Bluechip,119551,Aditya Birla Sun Life Banking & PSU Debt Fund  - DIRECT - IDCW,Aditya Birla Sun Life Mutual Fund,Open Ended Schemes,Debt Scheme - Banking and PSU Fund,2023-04-06,110.7692,2026-06-23T05:29:58.847318+00:00,https://api.mfapi.in/mf/119551
119551,SBI Bluechip,119551,Aditya Birla Sun Life Banking & PSU Debt Fund  - DIRECT - IDCW,Aditya Birla Sun Life Mutual Fund,Open Ended Schemes,Debt Scheme - Banking and PSU Fund,2023-04-05,110.5493,2026-06-23T05:29:58.847318+00:00,https://api.mfapi.in/mf/119551
119551,SBI Bluechip,119551,Aditya Birla Sun Life Banking & PSU Debt Fund  - DIRECT - IDCW,Aditya Birla Sun Life Mutual Fund,Open Ended Schemes,Debt Scheme - Banking and PSU Fund,2023-04-03,110.4369,2026-06-23T05:29:58.847318+00:00,https://api.mfapi.in/mf/119551
119551,SBI Bluechip,119551,Aditya Birla Sun Life Banking & PSU Debt Fund  - DIRECT - IDCW,Aditya Birla Sun Life Mutual Fund,Open Ended Schemes,Debt Scheme - Banking and PSU Fund,2023-03-31,110.3887,2026-06-23T05:29:58.847318+00:00,https://api.mfapi.in/mf/119551
119551,SBI Bluechip,119551,Aditya Birla Sun Life Banking & PSU Debt Fund  - DIRECT - IDCW,Aditya Birla Sun Life Mutual Fund,Open Ended Schemes,Debt Scheme - Banking and PSU Fund,2023-03-29,110.2525,2026-06-23T05:29:58.847318+00:00,https://api.mfapi.in/mf/119551
119551,SBI Bluechip,119551,Aditya Birla Sun Life Banking & PSU Debt Fund  - DIRECT - IDCW,Aditya Birla Sun Life Mutual Fund,Open Ended Schemes,Debt Scheme - Banking and PSU Fund,2023-03-28,110.1156,2026-06-23T05:29:58.847318+00:00,https://api.mfapi.in/mf/119551
119551,SBI Bluechip,119551,Aditya Birla Sun Life Banking & PSU Debt Fund  - DIRECT - IDCW,Aditya Birla Sun Life Mutual Fund,Open Ended Schemes,Debt Scheme - Banking and PSU Fund,2023-03-27,110.1469,2026-06-23T05:29:58.847318+00:00,https://api.mfapi.in/mf/119551
119551,SBI Bluechip,119551,Aditya Birla Sun Life Banking & PSU Debt Fund  - DIRECT - IDCW,Aditya Birla Sun Life Mutual Fund,Open Ended Schemes,Debt Scheme - Banking and PSU Fund,2023-03-24,110.0794,2026-06-23T05:29:58.847318+00:00,https://api.mfapi.in/mf/119551
119551,SBI Bluechip,119551,Aditya Birla Sun Life Banking & PSU Debt Fund  - DIRECT - IDCW,Aditya Birla Sun Life Mutual Fund,Open Ended Schemes,Debt Scheme - Banking and PSU Fund,2023-03-23,110.0625,2026-06-23T05:29:58.847318+00:00,https://api.mfapi.in/mf/119551
119551,SBI Bluechip,119551,Aditya Birla Sun Life Banking & PSU Debt Fund  - DIRECT - IDCW,Aditya Birla Sun Life Mutual Fund,Open Ended Schemes,Debt Scheme - Banking and PSU Fund,2023-03-21,109.981,2026-06-23T05:29:58.847318+00:00,https://api.mfapi.in/mf/119551
119551,SBI Bluechip,119551,Aditya Birla Sun Life Banking & PSU Debt Fund  - DIRECT - IDCW,Aditya Birla Sun Life Mutual Fund,Open Ended Schemes,Debt Scheme - Banking and PSU Fund,2023-03-20,109.9509,2026-06-23T05:29:58.847318+00:00,https://api.mfapi.in/mf/119551
119551,SBI Bluechip,119551,Aditya Birla Sun Life Banking & PSU Debt Fund  - DIRECT - IDCW,Aditya Birla Sun Life Mutual Fund,Open Ended Schemes,Debt Scheme - Banking and PSU Fund,2023-03-17,109.8366,2026-06-23T05:29:58.847318+00:00,https://api.mfapi.in/mf/119551
119551,SBI Bluechip,119551,Aditya Birla Sun Life Banking & PSU Debt Fund  - DIRECT - IDCW,Aditya Birla Sun Life Mutual Fund,Open Ended Schemes,Debt Scheme - Banking and PSU Fund,2023-03-16,109.7988,2026-06-23T05:29:58.847318+00:00,https://api.mfapi.in/mf/119551
119551,SBI Bluechip,119551,Aditya Birla Sun Life Banking & PSU Debt Fund  - DIRECT - IDCW,Aditya Birla Sun Life Mutual Fund,Open Ended Schemes,Debt Scheme - Banking and PSU Fund,2023-03-15,109.8123,2026-06-23T05:29:58.847318+00:00,https://api.mfapi.in/mf/119551
119551,SBI Bluechip,119551,Aditya Birla Sun Life Banking & PSU Debt Fund  - DIRECT - IDCW,Aditya Birla Sun Life Mutual Fund,Open Ended Schemes,Debt Scheme - Banking and PSU Fund,2023-03-14,109.7889,2026-06-23T05:29:58.847318+00:00,https://api.mfapi.in/mf/119551
119551,SBI Bluechip,119551,Aditya Birla Sun Life Banking & PSU Debt Fund  - DIRECT - IDCW,Aditya Birla Sun Life Mutual Fund,Open Ended Schemes,Debt Scheme - Banking and PSU Fund,2023-03-13,109.7345,2026-06-23T05:29:58.847318+00:00,https://api.mfapi.in/mf/119551
119551,SBI Bluechip,119551,Aditya Birla Sun Life Banking & PSU Debt Fund  - DIRECT - IDCW,Aditya Birla Sun Life Mutual Fund,Open Ended Schemes,Debt Scheme - Banking and PSU Fund,2023-03-10,109.5769,2026-06-23T05:29:58.847318+00:00,https://api.mfapi.in/mf/119551
119551,SBI Bluechip,119551,Aditya Birla Sun Life Banking & PSU Debt Fund  - DIRECT - IDCW,Aditya Birla Sun Life Mutual Fund,Open Ended Schemes,Debt Scheme - Banking and PSU Fund,2023-03-09,109.541,2026-06-23T05:29:58.847318+00:00,https://api.mfapi.in/mf/119551
119551,SBI Bluechip,119551,Aditya Birla Sun Life Banking & PSU Debt Fund  - DIRECT - IDCW,Aditya Birla Sun Life Mutual Fund,Open Ended Schemes,Debt Scheme - Banking and PSU Fund,2023-03-08,109.5103,2026-06-23T05:29:58.847318+00:00,https://api.mfapi.in/mf/119551
119551,SBI Bluechip,119551,Aditya Birla Sun Life Banking & PSU Debt Fund  - DIRECT - IDCW,Aditya Birla Sun Life Mutual Fund,Open Ended Schemes,Debt Scheme - Banking and PSU Fund,2023-03-06,109.5313,2026-06-23T05:29:58.847318+00:00,https://api.mfapi.in/mf/119551
119551,SBI Bluechip,119551,Aditya Birla Sun Life Banking & PSU Debt Fund  - DIRECT - IDCW,Aditya Birla Sun Life Mutual Fund,Open Ended Schemes,Debt Scheme - Banking and PSU Fund,2023-03-03,109.4874,2026-06-23T05:29:58.847318+00:00,https://api.mfapi.in/mf/119551
119551,SBI Bluechip,119551,Aditya Birla Sun Life Banking & PSU Debt Fund  - DIRECT - IDCW,Aditya Birla Sun Life Mutual Fund,Open Ended Schemes,Debt Scheme - Banking and PSU Fund,2023-03-02,109.447,2026-06-23T05:29:58.847318+00:00,https://api.mfapi.in/mf/119551
119551,SBI Bluechip,119551,Aditya Birla Sun Life Banking & PSU Debt Fund  - DIRECT - IDCW,Aditya Birla Sun Life Mutual Fund,Open Ended Schemes,Debt Scheme - Banking and PSU Fund,2023-03-01,109.43,2026-06-23T05:29:58.847318+00:00,https://api.mfapi.in/mf/119551
119551,SBI Bluechip,119551,Aditya Birla Sun Life Banking & PSU Debt Fund  - DIRECT - IDCW,Aditya Birla Sun Life Mutual Fund,Open Ended Schemes,Debt Scheme - Banking and PSU Fund,2023-02-28,109.4442,2026-06-23T05:29:58.847318+00:00,https://api.mfapi.in/mf/119551
119551,SBI Bluechip,119551,Aditya Birla Sun Life Banking & PSU Debt Fund  - DIRECT - IDCW,Aditya Birla Sun Life Mutual Fund,Open Ended Schemes,Debt Scheme - Banking and PSU Fund,2023-02-27,109.4341,2026-06-23T05:29:58.847318+00:00,https://api.mfapi.in/mf/119551
119551,SBI Bluechip,119551,Aditya Birla Sun Life Banking & PSU Debt Fund  - DIRECT - IDCW,Aditya Birla Sun Life Mutual Fund,Open Ended Schemes,Debt Scheme - Banking and PSU Fund,2023-02-24,109.4234,2026-06-23T05:29:58.847318+00:00,https://api.mfapi.in/mf/119551
119551,SBI Bluechip,119551,Aditya Birla Sun Life Banking & PSU Debt Fund  - DIRECT - IDCW,Aditya Birla Sun Life Mutual Fund,Open Ended Schemes,Debt Scheme - Banking and PSU Fund,2023-02-23,109.409,2026-06-23T05:29:58.847318+00:00,https://api.mfapi.in/mf/119551
119551,SBI Bluechip,119551,Aditya Birla Sun Life Banking & PSU Debt Fund  - DIRECT - IDCW,Aditya Birla Sun Life Mutual Fund,Open Ended Schemes,Debt Scheme - Banking and PSU Fund,2023-02-22,109.3818,2026-06-23T05:29:58.847318+00:00,https://api.mfapi.in/mf/119551
119551,SBI Bluechip,119551,Aditya Birla Sun Life Banking & PSU Debt Fund  - DIRECT - IDCW,Aditya Birla Sun Life Mutual Fund,Open Ended Schemes,Debt Scheme - Banking and PSU Fund,2023-02-21,109.4182,2026-06-23T05:29:58.847318+00:00,https://api.mfapi.in/mf/119551
119551,SBI Bluechip,119551,Aditya Birla Sun Life Banking & PSU Debt Fund  - DIRECT - IDCW,Aditya Birla Sun Life Mutual Fund,Open Ended Schemes,Debt Scheme - Banking and PSU Fund,2023-02-20,109.378,2026-06-23T05:29:58.847318+00:00,https://api.mfapi.in/mf/119551
119551,SBI Bluechip,119551,Aditya Birla Sun Life Banking & PSU Debt Fund  - DIRECT - IDCW,Aditya Birla Sun Life Mutual Fund,Open Ended Schemes,Debt Scheme - Banking and PSU Fund,2023-02-17,109.2924,2026-06-23T05:29:58.847318+00:00,https://api.mfapi.in/mf/119551
119551,SBI Bluechip,119551,Aditya Birla Sun Life Banking & PSU Debt Fund  - DIRECT - IDCW,Aditya Birla Sun Life Mutual Fund,Open Ended Schemes,Debt Scheme - Banking and PSU Fund,2023-02-16,109.3243,2026-06-23T05:29:58.847318+00:00,https://api.mfapi.in/mf/119551
119551,SBI Bluechip,119551,Aditya Birla Sun Life Banking & PSU Debt Fund  - DIRECT - IDCW,Aditya Birla Sun Life Mutual Fund,Open Ended Schemes,Debt Scheme - Banking and PSU Fund,2023-02-15,109.2929,2026-06-23T05:29:58.847318+00:00,https://api.mfapi.in/mf/119551
119551,SBI Bluechip,119551,Aditya Birla Sun Life Banking & PSU Debt Fund  - DIRECT - IDCW,Aditya Birla Sun Life Mutual Fund,Open Ended Schemes,Debt Scheme - Banking and PSU Fund,2023-02-14,109.248,2026-06-23T05:29:58.847318+00:00,https://api.mfapi.in/mf/119551
119551,SBI Bluechip,119551,Aditya Birla Sun Life Banking & PSU Debt Fund  - DIRECT - IDCW,Aditya Birla Sun Life Mutual Fund,Open Ended Schemes,Debt Scheme - Banking and PSU Fund,2023-02-13,109.2826,2026-06-23T05:29:58.847318+00:00,https://api.mfapi.in/mf/119551
119551,SBI Bluechip,119551,Aditya Birla Sun Life Banking & PSU Debt Fund  - DIRECT - IDCW,Aditya Birla Sun Life Mutual Fund,Open Ended Schemes,Debt Scheme - Banking and PSU Fund,2023-02-10,109.2412,2026-06-23T05:29:58.847318+00:00,https://api.mfapi.in/mf/119551
119551,SBI Bluechip,119551,Aditya Birla Sun Life Banking & PSU Debt Fund  - DIRECT - IDCW,Aditya Birla Sun Life Mutual Fund,Open Ended Schemes,Debt Scheme - Banking and PSU Fund,2023-02-09,109.2446,2026-06-23T05:29:58.847318+00:00,https://api.mfapi.in/mf/119551
119551,SBI Bluechip,119551,Aditya Birla Sun Life Banking & PSU Debt Fund  - DIRECT - IDCW,Aditya Birla Sun Life Mutual Fund,Open Ended Schemes,Debt Scheme - Banking and PSU Fund,2023-02-08,109.2472,2026-06-23T05:29:58.847318+00:00,https://api.mfapi.in/mf/119551
119551,SBI Bluechip,119551,Aditya Birla Sun Life Banking & PSU Debt Fund  - DIRECT - IDCW,Aditya Birla Sun Life Mutual Fund,Open Ended Schemes,Debt Scheme - Banking and PSU Fund,2023-02-07,109.2826,2026-06-23T05:29:58.847318+00:00,https://api.mfapi.in/mf/119551
119551,SBI Bluechip,119551,Aditya Birla Sun Life Banking & PSU Debt Fund  - DIRECT - IDCW,Aditya Birla Sun Life Mutual Fund,Open Ended Schemes,Debt Scheme - Banking and PSU Fund,2023-02-06,109.2662,2026-06-23T05:29:58.847318+00:00,https://api.mfapi.in/mf/119551
119551,SBI Bluechip,119551,Aditya Birla Sun Life Banking & PSU Debt Fund  - DIRECT - IDCW,Aditya Birla Sun Life Mutual Fund,Open Ended Schemes,Debt Scheme - Banking and PSU Fund,2023-02-03,109.2425,2026-06-23T05:29:58.847318+00:00,https://api.mfapi.in/mf/119551
119551,SBI Bluechip,119551,Aditya Birla Sun Life Banking & PSU Debt Fund  - DIRECT - IDCW,Aditya Birla Sun Life Mutual Fund,Open Ended Schemes,Debt Scheme - Banking and PSU Fund,2023-02-02,109.2186,2026-06-23T05:29:58.847318+00:00,https://api.mfapi.in/mf/119551
119551,SBI Bluechip,119551,Aditya Birla Sun Life Banking & PSU Debt Fund  - DIRECT - IDCW,Aditya Birla Sun Life Mutual Fund,Open Ended Schemes,Debt Scheme - Banking and PSU Fund,2023-02-01,109.1849,2026-06-23T05:29:58.847318+00:00,https://api.mfapi.in/mf/119551
119551,SBI Bluechip,119551,Aditya Birla Sun Life Banking & PSU Debt Fund  - DIRECT - IDCW,Aditya Birla Sun Life Mutual Fund,Open Ended Schemes,Debt Scheme - Banking and PSU Fund,2023-01-31,109.0678,2026-06-23T05:29:58.847318+00:00,https://api.mfapi.in/mf/119551
119551,SBI Bluechip,119551,Aditya Birla Sun Life Banking & PSU Debt Fund  - DIRECT - IDCW,Aditya Birla Sun Life Mutual Fund,Open Ended Schemes,Debt Scheme - Banking and PSU Fund,2023-01-30,109.0072,2026-06-23T05:29:58.847318+00:00,https://api.mfapi.in/mf/119551
119551,SBI Bluechip,119551,Aditya Birla Sun Life Banking & PSU Debt Fund  - DIRECT - IDCW,Aditya Birla Sun Life Mutual Fund,Open Ended Schemes,Debt Scheme - Banking and PSU Fund,2023-01-27,108.9787,2026-06-23T05:29:58.847318+00:00,https://api.mfapi.in/mf/119551
119551,SBI Bluechip,119551,Aditya Birla Sun Life Banking & PSU Debt Fund  - DIRECT - IDCW,Aditya Birla Sun Life Mutual Fund,Open Ended Schemes,Debt Scheme - Banking and PSU Fund,2023-01-25,108.9962,2026-06-23T05:29:58.847318+00:00,https://api.mfapi.in/mf/119551
119551,SBI Bluechip,119551,Aditya Birla Sun Life Banking & PSU Debt Fund  - DIRECT - IDCW,Aditya Birla Sun Life Mutual Fund,Open Ended Schemes,Debt Scheme - Banking and PSU Fund,2023-01-24,108.9995,2026-06-23T05:29:58.847318+00:00,https://api.mfapi.in/mf/119551
119551,SBI Bluechip,119551,Aditya Birla Sun Life Banking & PSU Debt Fund  - DIRECT - IDCW,Aditya Birla Sun Life Mutual Fund,Open Ended Schemes,Debt Scheme - Banking and PSU Fund,2023-01-23,108.9803,2026-06-23T05:29:58.847318+00:00,https://api.mfapi.in/mf/119551
119551,SBI Bluechip,119551,Aditya Birla Sun Life Banking & PSU Debt Fund  - DIRECT - IDCW,Aditya Birla Sun Life Mutual Fund,Open Ended Schemes,Debt Scheme - Banking and PSU Fund,2023-01-20,108.9335,2026-06-23T05:29:58.847318+00:00,https://api.mfapi.in/mf/119551
119551,SBI Bluechip,119551,Aditya Birla Sun Life Banking & PSU Debt Fund  - DIRECT - IDCW,Aditya Birla Sun Life Mutual Fund,Open Ended Schemes,Debt Scheme - Banking and PSU Fund,2023-01-19,108.9578,2026-06-23T05:29:58.847318+00:00,https://api.mfapi.in/mf/119551
119551,SBI Bluechip,119551,Aditya Birla Sun Life Banking & PSU Debt Fund  - DIRECT - IDCW,Aditya Birla Sun Life Mutual Fund,Open Ended Schemes,Debt Scheme - Banking and PSU Fund,2023-01-18,108.929,2026-06-23T05:29:58.847318+00:00,https://api.mfapi.in/mf/119551
119551,SBI Bluechip,119551,Aditya Birla Sun Life Banking & PSU Debt Fund  - DIRECT - IDCW,Aditya Birla Sun Life Mutual Fund,Open Ended Schemes,Debt Scheme - Banking and PSU Fund,2023-01-17,108.9098,2026-06-23T05:29:58.847318+00:00,https://api.mfapi.in/mf/119551
119551,SBI Bluechip,119551,Aditya Birla Sun Life Banking & PSU Debt Fund  - DIRECT - IDCW,Aditya Birla Sun Life Mutual Fund,Open Ended Schemes,Debt Scheme - Banking and PSU Fund,2023-01-16,108.8945,2026-06-23T05:29:58.847318+00:00,https://api.mfapi.in/mf/119551
119551,SBI Bluechip,119551,Aditya Birla Sun Life Banking & PSU Debt Fund  - DIRECT - IDCW,Aditya Birla Sun Life Mutual Fund,Open Ended Schemes,Debt Scheme - Banking and PSU Fund,2023-01-13,108.8441,2026-06-23T05:29:58.847318+00:00,https://api.mfapi.in/mf/119551
119551,SBI Bluechip,119551,Aditya Birla Sun Life Banking & PSU Debt Fund  - DIRECT - IDCW,Aditya Birla Sun Life Mutual Fund,Open Ended Schemes,Debt Scheme - Banking and PSU Fund,2023-01-12,108.8154,2026-06-23T05:29:58.847318+00:00,https://api.mfapi.in/mf/119551
119551,SBI Bluechip,119551,Aditya Birla Sun Life Banking & PSU Debt Fund  - DIRECT - IDCW,Aditya Birla Sun Life Mutual Fund,Open Ended Schemes,Debt Scheme - Banking and PSU Fund,2023-01-11,108.7682,2026-06-23T05:29:58.847318+00:00,https://api.mfapi.in/mf/119551
119551,SBI Bluechip,119551,Aditya Birla Sun Life Banking & PSU Debt Fund  - DIRECT - IDCW,Aditya Birla Sun Life Mutual Fund,Open Ended Schemes,Debt Scheme - Banking and PSU Fund,2023-01-10,108.7409,2026-06-23T05:29:58.847318+00:00,https://api.mfapi.in/mf/119551
119551,SBI Bluechip,119551,Aditya Birla Sun Life Banking & PSU Debt Fund  - DIRECT - IDCW,Aditya Birla Sun Life Mutual Fund,Open Ended Schemes,Debt Scheme - Banking and PSU Fund,2023-01-09,108.7189,2026-06-23T05:29:58.847318+00:00,https://api.mfapi.in/mf/119551
119551,SBI Bluechip,119551,Aditya Birla Sun Life Banking & PSU Debt Fund  - DIRECT - IDCW,Aditya Birla Sun Life Mutual Fund,Open Ended Schemes,Debt Scheme - Banking and PSU Fund,2023-01-06,108.6235,2026-06-23T05:29:58.847318+00:00,https://api.mfapi.in/mf/119551
119551,SBI Bluechip,119551,Aditya Birla Sun Life Banking & PSU Debt Fund  - DIRECT - IDCW,Aditya Birla Sun Life Mutual Fund,Open Ended Schemes,Debt Scheme - Banking and PSU Fund,2023-01-05,108.6405,2026-06-23T05:29:58.847318+00:00,https://api.mfapi.in/mf/119551
119551,SBI Bluechip,119551,Aditya Birla Sun Life Banking & PSU Debt Fund  - DIRECT - IDCW,Aditya Birla Sun Life Mutual Fund,Open Ended Schemes,Debt Scheme - Banking and PSU Fund,2023-01-04,108.6262,2026-06-23T05:29:58.847318+00:00,https://api.mfapi.in/mf/119551
119551,SBI Bluechip,119551,Aditya Birla Sun Life Banking & PSU Debt Fund  - DIRECT - IDCW,Aditya Birla Sun Life Mutual Fund,Open Ended Schemes,Debt Scheme - Banking and PSU Fund,2023-01-03,108.627,2026-06-23T05:29:58.847318+00:00,https://api.mfapi.in/mf/119551
119551,SBI Bluechip,119551,Aditya Birla Sun Life Banking & PSU Debt Fund  - DIRECT - IDCW,Aditya Birla Sun Life Mutual Fund,Open Ended Schemes,Debt Scheme - Banking and PSU Fund,2023-01-02,108.5922,2026-06-23T05:29:58.847318+00:00,https://api.mfapi.in/mf/119551
119551,SBI Bluechip,119551,Aditya Birla Sun Life Banking & PSU Debt Fund  - DIRECT - IDCW,Aditya Birla Sun Life Mutual Fund,Open Ended Schemes,Debt Scheme - Banking and PSU Fund,2022-12-30,108.5225,2026-06-23T05:29:58.847318+00:00,https://api.mfapi.in/mf/119551
119551,SBI Bluechip,119551,Aditya Birla Sun Life Banking & PSU Debt Fund  - DIRECT - IDCW,Aditya Birla Sun Life Mutual Fund,Open Ended Schemes,Debt Scheme - Banking and PSU Fund,2022-12-29,108.4982,2026-06-23T05:29:58.847318+00:00,https://api.mfapi.in/mf/119551
119551,SBI Bluechip,119551,Aditya Birla Sun Life Banking & PSU Debt Fund  - DIRECT - IDCW,Aditya Birla Sun Life Mutual Fund,Open Ended Schemes,Debt Scheme - Banking and PSU Fund,2022-12-28,108.4921,2026-06-23T05:29:58.847318+00:00,https://api.mfapi.in/mf/119551
119551,SBI Bluechip,119551,Aditya Birla Sun Life Banking & PSU Debt Fund  - DIRECT - IDCW,Aditya Birla Sun Life Mutual Fund,Open Ended Schemes,Debt Scheme - Banking and PSU Fund,2022-12-27,108.472,2026-06-23T05:29:58.847318+00:00,https://api.mfapi.in/mf/119551
119551,SBI Bluechip,119551,Aditya Birla Sun Life Banking & PSU Debt Fund  - DIRECT - IDCW,Aditya Birla Sun Life Mutual Fund,Open Ended Schemes,Debt Scheme - Banking and PSU Fund,2022-12-26,108.4303,2026-06-23T05:29:58.847318+00:00,https://api.mfapi.in/mf/119551
119551,SBI Bluechip,119551,Aditya Birla Sun Life Banking & PSU Debt Fund  - DIRECT - IDCW,Aditya Birla Sun Life Mutual Fund,Open Ended Schemes,Debt Scheme - Banking and PSU Fund,2022-12-23,108.4095,2026-06-23T05:29:58.847318+00:00,https://api.mfapi.in/mf/119551
119551,SBI Bluechip,119551,Aditya Birla Sun Life Banking & PSU Debt Fund  - DIRECT - IDCW,Aditya Birla Sun Life Mutual Fund,Open Ended Schemes,Debt Scheme - Banking and PSU Fund,2022-12-22,108.3903,2026-06-23T05:29:58.847318+00:00,https://api.mfapi.in/mf/119551
119551,SBI Bluechip,119551,Aditya Birla Sun Life Banking & PSU Debt Fund  - DIRECT - IDCW,Aditya Birla Sun Life Mutual Fund,Open Ended Schemes,Debt Scheme - Banking and PSU Fund,2022-12-21,108.3843,2026-06-23T05:29:58.847318+00:00,https://api.mfapi.in/mf/119551
119551,SBI Bluechip,119551,Aditya Birla Sun Life Banking & PSU Debt Fund  - DIRECT - IDCW,Aditya Birla Sun Life Mutual Fund,Open Ended Schemes,Debt Scheme - Banking and PSU Fund,2022-12-20,108.4123,2026-06-23T05:29:58.847318+00:00,https://api.mfapi.in/mf/119551
119551,SBI Bluechip,119551,Aditya Birla Sun Life Banking & PSU Debt Fund  - DIRECT - IDCW,Aditya Birla Sun Life Mutual Fund,Open Ended Schemes,Debt Scheme - Banking and PSU Fund,2022-12-19,108.3837,2026-06-23T05:29:58.847318+00:00,https://api.mfapi.in/mf/119551
119551,SBI Bluechip,119551,Aditya Birla Sun Life Banking & PSU Debt Fund  - DIRECT - IDCW,Aditya Birla Sun Life Mutual Fund,Open Ended Schemes,Debt Scheme - Banking and PSU Fund,2022-12-16,108.3466,2026-06-23T05:29:58.847318+00:00,https://api.mfapi.in/mf/119551
119551,SBI Bluechip,119551,Aditya Birla Sun Life Banking & PSU Debt Fund  - DIRECT - IDCW,Aditya Birla Sun Life Mutual Fund,Open Ended Schemes,Debt Scheme - Banking and PSU Fund,2022-12-15,108.3336,2026-06-23T05:29:58.847318+00:00,https://api.mfapi.in/mf/119551
119551,SBI Bluechip,119551,Aditya Birla Sun Life Banking & PSU Debt Fund  - DIRECT - IDCW,Aditya Birla Sun Life Mutual Fund,Open Ended Schemes,Debt Scheme - Banking and PSU Fund,2022-12-14,108.3488,2026-06-23T05:29:58.847318+00:00,https://api.mfapi.in/mf/119551
119551,SBI Bluechip,119551,Aditya Birla Sun Life Banking & PSU Debt Fund  - DIRECT - IDCW,Aditya Birla Sun Life Mutual Fund,Open Ended Schemes,Debt Scheme - Banking and PSU Fund,2022-12-13,108.2884,2026-06-23T05:29:58.847318+00:00,https://api.mfapi.in/mf/119551
119551,SBI Bluechip,119551,Aditya Birla Sun Life Banking & PSU Debt Fund  - DIRECT - IDCW,Aditya Birla Sun Life Mutual Fund,Open Ended Schemes,Debt Scheme - Banking and PSU Fund,2022-12-12,108.2614,2026-06-23T05:29:58.847318+00:00,https://api.mfapi.in/mf/119551
119551,SBI Bluechip,119551,Aditya Birla Sun Life Banking & PSU Debt Fund  - DIRECT - IDCW,Aditya Birla Sun Life Mutual Fund,Open Ended Schemes,Debt Scheme - Banking and PSU Fund,2022-12-09,108.1868,2026-06-23T05:29:58.847318+00:00,https://api.mfapi.in/mf/119551
119551,SBI Bluechip,119551,Aditya Birla Sun Life Banking & PSU Debt Fund  - DIRECT - IDCW,Aditya Birla Sun Life Mutual Fund,Open Ended Schemes,Debt Scheme - Banking and PSU Fund,2022-12-08,108.1783,2026-06-23T05:29:58.847318+00:00,https://api.mfapi.in/mf/119551
119551,SBI Bluechip,119551,Aditya Birla Sun Life Banking & PSU Debt Fund  - DIRECT - IDCW,Aditya Birla Sun Life Mutual Fund,Open Ended Schemes,Debt Scheme - Banking and PSU Fund,2022-12-07,108.1551,2026-06-23T05:29:58.847318+00:00,https://api.mfapi.in/mf/119551
119551,SBI Bluechip,119551,Aditya Birla Sun Life Banking & PSU Debt Fund  - DIRECT - IDCW,Aditya Birla Sun Life Mutual Fund,Open Ended Schemes,Debt Scheme - Banking and PSU Fund,2022-12-06,108.1762,2026-06-23T05:29:58.847318+00:00,https://api.mfapi.in/mf/119551
119551,SBI Bluechip,119551,Aditya Birla Sun Life Banking & PSU Debt Fund  - DIRECT - IDCW,Aditya Birla Sun Life Mutual Fund,Open Ended Schemes,Debt Scheme - Banking and PSU Fund,2022-12-05,108.1499,2026-06-23T05:29:58.847318+00:00,https://api.mfapi.in/mf/119551
119551,SBI Bluechip,119551,Aditya Birla Sun Life Banking & PSU Debt Fund  - DIRECT - IDCW,Aditya Birla Sun Life Mutual Fund,Open Ended Schemes,Debt Scheme - Banking and PSU Fund,2022-12-02,108.0988,2026-06-23T05:29:58.847318+00:00,https://api.mfapi.in/mf/119551
119551,SBI Bluechip,119551,Aditya Birla Sun Life Banking & PSU Debt Fund  - DIRECT - IDCW,Aditya Birla Sun Life Mutual Fund,Open Ended Schemes,Debt Scheme - Banking and PSU Fund,2022-12-01,108.0832,2026-06-23T05:29:58.847318+00:00,https://api.mfapi.in/mf/119551
119551,SBI Bluechip,119551,Aditya Birla Sun Life Banking & PSU Debt Fund  - DIRECT - IDCW,Aditya Birla Sun Life Mutual Fund,Open Ended Schemes,Debt Scheme - Banking and PSU Fund,2022-11-30,108.0334,2026-06-23T05:29:58.847318+00:00,https://api.mfapi.in/mf/119551
119551,SBI Bluechip,119551,Aditya Birla Sun Life Banking & PSU Debt Fund  - DIRECT - IDCW,Aditya Birla Sun Life Mutual Fund,Open Ended Schemes,Debt Scheme - Banking and PSU Fund,2022-11-29,107.99,2026-06-23T05:29:58.847318+00:00,https://api.mfapi.in/mf/119551
119551,SBI Bluechip,119551,Aditya Birla Sun Life Banking & PSU Debt Fund  - DIRECT - IDCW,Aditya Birla Sun Life Mutual Fund,Open Ended Schemes,Debt Scheme - Banking and PSU Fund,2022-11-28,107.9959,2026-06-23T05:29:58.847318+00:00,https://api.mfapi.in/mf/119551
119551,SBI Bluechip,119551,Aditya Birla Sun Life Banking & PSU Debt Fund  - DIRECT - IDCW,Aditya Birla Sun Life Mutual Fund,Open Ended Schemes,Debt Scheme - Banking and PSU Fund,2022-11-25,107.9066,2026-06-23T05:29:58.847318+00:00,https://api.mfapi.in/mf/119551
119551,SBI Bluechip,119551,Aditya Birla Sun Life Banking & PSU Debt Fund  - DIRECT - IDCW,Aditya Birla Sun Life Mutual Fund,Open Ended Schemes,Debt Scheme - Banking and PSU Fund,2022-11-24,107.8882,2026-06-23T05:29:58.847318+00:00,https://api.mfapi.in/mf/119551
119551,SBI Bluechip,119551,Aditya Birla Sun Life Banking & PSU Debt Fund  - DIRECT - IDCW,Aditya Birla Sun Life Mutual Fund,Open Ended Schemes,Debt Scheme - Banking and PSU Fund,2022-11-23,107.8393,2026-06-23T05:29:58.847318+00:00,https://api.mfapi.in/mf/119551
119551,SBI Bluechip,119551,Aditya Birla Sun Life Banking & PSU Debt Fund  - DIRECT - IDCW,Aditya Birla Sun Life Mutual Fund,Open Ended Schemes,Debt Scheme - Banking and PSU Fund,2022-11-22,107.8369,2026-06-23T05:29:58.847318+00:00,https://api.mfapi.in/mf/119551
119551,SBI Bluechip,119551,Aditya Birla Sun Life Banking & PSU Debt Fund  - DIRECT - IDCW,Aditya Birla Sun Life Mutual Fund,Open Ended Schemes,Debt Scheme - Banking and PSU Fund,2022-11-21,107.8002,2026-06-23T05:29:58.847318+00:00,https://api.mfapi.in/mf/119551
119551,SBI Bluechip,119551,Aditya Birla Sun Life Banking & PSU Debt Fund  - DIRECT - IDCW,Aditya Birla Sun Life Mutual Fund,Open Ended Schemes,Debt Scheme - Banking and PSU Fund,2022-11-18,107.7527,2026-06-23T05:29:58.847318+00:00,https://api.mfapi.in/mf/119551
119551,SBI Bluechip,119551,Aditya Birla Sun Life Banking & PSU Debt Fund  - DIRECT - IDCW,Aditya Birla Sun Life Mutual Fund,Open Ended Schemes,Debt Scheme - Banking and PSU Fund,2022-11-17,107.7346,2026-06-23T05:29:58.847318+00:00,https://api.mfapi.in/mf/119551
119551,SBI Bluechip,119551,Aditya Birla Sun Life Banking & PSU Debt Fund  - DIRECT - IDCW,Aditya Birla Sun Life Mutual Fund,Open Ended Schemes,Debt Scheme - Banking and PSU Fund,2022-11-16,107.7065,2026-06-23T05:29:58.847318+00:00,https://api.mfapi.in/mf/119551
119551,SBI Bluechip,119551,Aditya Birla Sun Life Banking & PSU Debt Fund  - DIRECT - IDCW,Aditya Birla Sun Life Mutual Fund,Open Ended Schemes,Debt Scheme - Banking and PSU Fund,2022-11-15,107.709,2026-06-23T05:29:58.847318+00:00,https://api.mfapi.in/mf/119551
119551,SBI Bluechip,119551,Aditya Birla Sun Life Banking & PSU Debt Fund  - DIRECT - IDCW,Aditya Birla Sun Life Mutual Fund,Open Ended Schemes,Debt Scheme - Banking and PSU Fund,2022-11-14,107.6593,2026-06-23T05:29:58.847318+00:00,https://api.mfapi.in/mf/119551
119551,SBI Bluechip,119551,Aditya Birla Sun Life Banking & PSU Debt Fund  - DIRECT - IDCW,Aditya Birla Sun Life Mutual Fund,Open Ended Schemes,Debt Scheme - Banking and PSU Fund,2022-11-11,107.6105,2026-06-23T05:29:58.847318+00:00,https://api.mfapi.in/mf/119551
119551,SBI Bluechip,119551,Aditya Birla Sun Life Banking & PSU Debt Fund  - DIRECT - IDCW,Aditya Birla Sun Life Mutual Fund,Open Ended Schemes,Debt Scheme - Banking and PSU Fund,2022-11-10,107.5243,2026-06-23T05:29:58.847318+00:00,https://api.mfapi.in/mf/119551
119551,SBI Bluechip,119551,Aditya Birla Sun Life Banking & PSU Debt Fund  - DIRECT - IDCW,Aditya Birla Sun Life Mutual Fund,Open Ended Schemes,Debt Scheme - Banking and PSU Fund,2022-11-09,107.4581,2026-06-23T05:29:58.847318+00:00,https://api.mfapi.in/mf/119551
119551,SBI Bluechip,119551,Aditya Birla Sun Life Banking & PSU Debt Fund  - DIRECT - IDCW,Aditya Birla Sun Life Mutual Fund,Open Ended Schemes,Debt Scheme - Banking and PSU Fund,2022-11-07,107.3633,2026-06-23T05:29:58.847318+00:00,https://api.mfapi.in/mf/119551
119551,SBI Bluechip,119551,Aditya Birla Sun Life Banking & PSU Debt Fund  - DIRECT - IDCW,Aditya Birla Sun Life Mutual Fund,Open Ended Schemes,Debt Scheme - Banking and PSU Fund,2022-11-04,107.307,2026-06-23T05:29:58.847318+00:00,https://api.mfapi.in/mf/119551
119551,SBI Bluechip,119551,Aditya Birla Sun Life Banking & PSU Debt Fund  - DIRECT - IDCW,Aditya Birla Sun Life Mutual Fund,Open Ended Schemes,Debt Scheme - Banking and PSU Fund,2022-11-03,107.2944,2026-06-23T05:29:58.847318+00:00,https://api.mfapi.in/mf/119551
119551,SBI Bluechip,119551,Aditya Birla Sun Life Banking & PSU Debt Fund  - DIRECT - IDCW,Aditya Birla Sun Life Mutual Fund,Open Ended Schemes,Debt Scheme - Banking and PSU Fund,2022-11-02,107.303,2026-06-23T05:29:58.847318+00:00,https://api.mfapi.in/mf/119551
119551,SBI Bluechip,119551,Aditya Birla Sun Life Banking & PSU Debt Fund  - DIRECT - IDCW,Aditya Birla Sun Life Mutual Fund,Open Ended Schemes,Debt Scheme - Banking and PSU Fund,2022-11-01,107.2818,2026-06-23T05:29:58.847318+00:00,https://api.mfapi.in/mf/119551
119551,SBI Bluechip,119551,Aditya Birla Sun Life Banking & PSU Debt Fund  - DIRECT - IDCW,Aditya Birla Sun Life Mutual Fund,Open Ended Schemes,Debt Scheme - Banking and PSU Fund,2022-10-31,107.2729,2026-06-23T05:29:58.847318+00:00,https://api.mfapi.in/mf/119551
119551,SBI Bluechip,119551,Aditya Birla Sun Life Banking & PSU Debt Fund  - DIRECT - IDCW,Aditya Birla Sun Life Mutual Fund,Open Ended Schemes,Debt Scheme - Banking and PSU Fund,2022-10-28,107.2137,2026-06-23T05:29:58.847318+00:00,https://api.mfapi.in/mf/119551
119551,SBI Bluechip,119551,Aditya Birla Sun Life Banking & PSU Debt Fund  - DIRECT - IDCW,Aditya Birla Sun Life Mutual Fund,Open Ended Schemes,Debt Scheme - Banking and PSU Fund,2022-10-27,107.2349,2026-06-23T05:29:58.847318+00:00,https://api.mfapi.in/mf/119551
119551,SBI Bluechip,119551,Aditya Birla Sun Life Banking & PSU Debt Fund  - DIRECT - IDCW,Aditya Birla Sun Life Mutual Fund,Open Ended Schemes,Debt Scheme - Banking and PSU Fund,2022-10-25,107.112,2026-06-23T05:29:58.847318+00:00,https://api.mfapi.in/mf/119551
119551,SBI Bluechip,119551,Aditya Birla Sun Life Banking & PSU Debt Fund  - DIRECT - IDCW,Aditya Birla Sun Life Mutual Fund,Open Ended Schemes,Debt Scheme - Banking and PSU Fund,2022-10-21,106.9649,2026-06-23T05:29:58.847318+00:00,https://api.mfapi.in/mf/119551
119551,SBI Bluechip,119551,Aditya Birla Sun Life Banking & PSU Debt Fund  - DIRECT - IDCW,Aditya Birla Sun Life Mutual Fund,Open Ended Schemes,Debt Scheme - Banking and PSU Fund,2022-10-20,106.9757,2026-06-23T05:29:58.847318+00:00,https://api.mfapi.in/mf/119551
119551,SBI Bluechip,119551,Aditya Birla Sun Life Banking & PSU Debt Fund  - DIRECT - IDCW,Aditya Birla Sun Life Mutual Fund,Open Ended Schemes,Debt Scheme - Banking and PSU Fund,2022-10-19,106.997,2026-06-23T05:29:58.847318+00:00,https://api.mfapi.in/mf/119551
119551,SBI Bluechip,119551,Aditya Birla Sun Life Banking & PSU Debt Fund  - DIRECT - IDCW,Aditya Birla Sun Life Mutual Fund,Open Ended Schemes,Debt Scheme - Banking and PSU Fund,2022-10-18,106.9767,2026-06-23T05:29:58.847318+00:00,https://api.mfapi.in/mf/119551
119551,SBI Bluechip,119551,Aditya Birla Sun Life Banking & PSU Debt Fund  - DIRECT - IDCW,Aditya Birla Sun Life Mutual Fund,Open Ended Schemes,Debt Scheme - Banking and PSU Fund,2022-10-17,106.9437,2026-06-23T05:29:58.847318+00:00,https://api.mfapi.in/mf/119551
119551,SBI Bluechip,119551,Aditya Birla Sun Life Banking & PSU Debt Fund  - DIRECT - IDCW,Aditya Birla Sun Life Mutual Fund,Open Ended Schemes,Debt Scheme - Banking and PSU Fund,2022-10-14,106.7922,2026-06-23T05:29:58.847318+00:00,https://api.mfapi.in/mf/119551
119551,SBI Bluechip,119551,Aditya Birla Sun Life Banking & PSU Debt Fund  - DIRECT - IDCW,Aditya Birla Sun Life Mutual Fund,Open Ended Schemes,Debt Scheme - Banking and PSU Fund,2022-10-13,106.812,2026-06-23T05:29:58.847318+00:00,https://api.mfapi.in/mf/119551
119551,SBI Bluechip,119551,Aditya Birla Sun Life Banking & PSU Debt Fund  - DIRECT - IDCW,Aditya Birla Sun Life Mutual Fund,Open Ended Schemes,Debt Scheme - Banking and PSU Fund,2022-10-12,106.808,2026-06-23T05:29:58.847318+00:00,https://api.mfapi.in/mf/119551
119551,SBI Bluechip,119551,Aditya Birla Sun Life Banking & PSU Debt Fund  - DIRECT - IDCW,Aditya Birla Sun Life Mutual Fund,Open Ended Schemes,Debt Scheme - Banking and PSU Fund,2022-10-11,106.782,2026-06-23T05:29:58.847318+00:00,https://api.mfapi.in/mf/119551
119551,SBI Bluechip,119551,Aditya Birla Sun Life Banking & PSU Debt Fund  - DIRECT - IDCW,Aditya Birla Sun Life Mutual Fund,Open Ended Schemes,Debt Scheme - Banking and PSU Fund,2022-10-10,106.8233,2026-06-23T05:29:58.847318+00:00,https://api.mfapi.in/mf/119551
119551,SBI Bluechip,119551,Aditya Birla Sun Life Banking & PSU Debt Fund  - DIRECT - IDCW,Aditya Birla Sun Life Mutual Fund,Open Ended Schemes,Debt Scheme - Banking and PSU Fund,2022-10-07,106.8408,2026-06-23T05:29:58.847318+00:00,https://api.mfapi.in/mf/119551
119551,SBI Bluechip,119551,Aditya Birla Sun Life Banking & PSU Debt Fund  - DIRECT - IDCW,Aditya Birla Sun Life Mutual Fund,Open Ended Schemes,Debt Scheme - Banking and PSU Fund,2022-10-06,106.8875,2026-06-23T05:29:58.847318+00:00,https://api.mfapi.in/mf/119551
119551,SBI Bluechip,119551,Aditya Birla Sun Life Banking & PSU Debt Fund  - DIRECT - IDCW,Aditya Birla Sun Life Mutual Fund,Open Ended Schemes,Debt Scheme - Banking and PSU Fund,2022-10-04,106.8856,2026-06-23T05:29:58.847318+00:00,https://api.mfapi.in/mf/119551
119551,SBI Bluechip,119551,Aditya Birla Sun Life Banking & PSU Debt Fund  - DIRECT - IDCW,Aditya Birla Sun Life Mutual Fund,Open Ended Schemes,Debt Scheme - Banking and PSU Fund,2022-10-03,106.8261,2026-06-23T05:29:58.847318+00:00,https://api.mfapi.in/mf/119551
119551,SBI Bluechip,119551,Aditya Birla Sun Life Banking & PSU Debt Fund  - DIRECT - IDCW,Aditya Birla Sun Life Mutual Fund,Open Ended Schemes,Debt Scheme - Banking and PSU Fund,2022-09-30,106.7948,2026-06-23T05:29:58.847318+00:00,https://api.mfapi.in/mf/119551
119551,SBI Bluechip,119551,Aditya Birla Sun Life Banking & PSU Debt Fund  - DIRECT - IDCW,Aditya Birla Sun Life Mutual Fund,Open Ended Schemes,Debt Scheme - Banking and PSU Fund,2022-09-29,106.7145,2026-06-23T05:29:58.847318+00:00,https://api.mfapi.in/mf/119551
119551,SBI Bluechip,119551,Aditya Birla Sun Life Banking & PSU Debt Fund  - DIRECT - IDCW,Aditya Birla Sun Life Mutual Fund,Open Ended Schemes,Debt Scheme - Banking and PSU Fund,2022-09-28,106.6485,2026-06-23T05:29:58.847318+00:00,https://api.mfapi.in/mf/119551
119551,SBI Bluechip,119551,Aditya Birla Sun Life Banking & PSU Debt Fund  - DIRECT - IDCW,Aditya Birla Sun Life Mutual Fund,Open Ended Schemes,Debt Scheme - Banking and PSU Fund,2022-09-27,106.6575,2026-06-23T05:29:58.847318+00:00,https://api.mfapi.in/mf/119551
119551,SBI Bluechip,119551,Aditya Birla Sun Life Banking & PSU Debt Fund  - DIRECT - IDCW,Aditya Birla Sun Life Mutual Fund,Open Ended Schemes,Debt Scheme - Banking and PSU Fund,2022-09-26,106.6784,2026-06-23T05:29:58.847318+00:00,https://api.mfapi.in/mf/119551
119551,SBI Bluechip,119551,Aditya Birla Sun Life Banking & PSU Debt Fund  - DIRECT - IDCW,Aditya Birla Sun Life Mutual Fund,Open Ended Schemes,Debt Scheme - Banking and PSU Fund,2022-09-23,106.6333,2026-06-23T05:29:58.847318+00:00,https://api.mfapi.in/mf/119551
119551,SBI Bluechip,119551,Aditya Birla Sun Life Banking & PSU Debt Fund  - DIRECT - IDCW,Aditya Birla Sun Life Mutual Fund,Open Ended Schemes,Debt Scheme - Banking and PSU Fund,2022-09-22,106.7549,2026-06-23T05:29:58.847318+00:00,https://api.mfapi.in/mf/119551
119551,SBI Bluechip,119551,Aditya Birla Sun Life Banking & PSU Debt Fund  - DIRECT - IDCW,Aditya Birla Sun Life Mutual Fund,Open Ended Schemes,Debt Scheme - Banking and PSU Fund,2022-09-21,106.8072,2026-06-23T05:29:58.847318+00:00,https://api.mfapi.in/mf/119551
119551,SBI Bluechip,119551,Aditya Birla Sun Life Banking & PSU Debt Fund  - DIRECT - IDCW,Aditya Birla Sun Life Mutual Fund,Open Ended Schemes,Debt Scheme - Banking and PSU Fund,2022-09-20,106.824,2026-06-23T05:29:58.847318+00:00,https://api.mfapi.in/mf/119551
119551,SBI Bluechip,119551,Aditya Birla Sun Life Banking & PSU Debt Fund  - DIRECT - IDCW,Aditya Birla Sun Life Mutual Fund,Open Ended Schemes,Debt Scheme - Banking and PSU Fund,2022-09-19,106.8748,2026-06-23T05:29:58.847318+00:00,https://api.mfapi.in/mf/119551
119551,SBI Bluechip,119551,Aditya Birla Sun Life Banking & PSU Debt Fund  - DIRECT - IDCW,Aditya Birla Sun Life Mutual Fund,Open Ended Schemes,Debt Scheme - Banking and PSU Fund,2022-09-16,106.8585,2026-06-23T05:29:58.847318+00:00,https://api.mfapi.in/mf/119551
119551,SBI Bluechip,119551,Aditya Birla Sun Life Banking & PSU Debt Fund  - DIRECT - IDCW,Aditya Birla Sun Life Mutual Fund,Open Ended Schemes,Debt Scheme - Banking and PSU Fund,2022-09-15,106.9084,2026-06-23T05:29:58.847318+00:00,https://api.mfapi.in/mf/119551
119551,SBI Bluechip,119551,Aditya Birla Sun Life Banking & PSU Debt Fund  - DIRECT - IDCW,Aditya Birla Sun Life Mutual Fund,Open Ended Schemes,Debt Scheme - Banking and PSU Fund,2022-09-14,106.9625,2026-06-23T05:29:58.847318+00:00,https://api.mfapi.in/mf/119551
119551,SBI Bluechip,119551,Aditya Birla Sun Life Banking & PSU Debt Fund  - DIRECT - IDCW,Aditya Birla Sun Life Mutual Fund,Open Ended Schemes,Debt Scheme - Banking and PSU Fund,2022-09-13,106.9983,2026-06-23T05:29:58.847318+00:00,https://api.mfapi.in/mf/119551
119551,SBI Bluechip,119551,Aditya Birla Sun Life Banking & PSU Debt Fund  - DIRECT - IDCW,Aditya Birla Sun Life Mutual Fund,Open Ended Schemes,Debt Scheme - Banking and PSU Fund,2022-09-12,106.954,2026-06-23T05:29:58.847318+00:00,https://api.mfapi.in/mf/119551
119551,SBI Bluechip,119551,Aditya Birla Sun Life Banking & PSU Debt Fund  - DIRECT - IDCW,Aditya Birla Sun Life Mutual Fund,Open Ended Schemes,Debt Scheme - Banking and PSU Fund,2022-09-09,106.9116,2026-06-23T05:29:58.847318+00:00,https://api.mfapi.in/mf/119551
119551,SBI Bluechip,119551,Aditya Birla Sun Life Banking & PSU Debt Fund  - DIRECT - IDCW,Aditya Birla Sun Life Mutual Fund,Open Ended Schemes,Debt Scheme - Banking and PSU Fund,2022-09-08,106.9005,2026-06-23T05:29:58.847318+00:00,https://api.mfapi.in/mf/119551
119551,SBI Bluechip,119551,Aditya Birla Sun Life Banking & PSU Debt Fund  - DIRECT - IDCW,Aditya Birla Sun Life Mutual Fund,Open Ended Schemes,Debt Scheme - Banking and PSU Fund,2022-09-07,106.8681,2026-06-23T05:29:58.847318+00:00,https://api.mfapi.in/mf/119551
119551,SBI Bluechip,119551,Aditya Birla Sun Life Banking & PSU Debt Fund  - DIRECT - IDCW,Aditya Birla Sun Life Mutual Fund,Open Ended Schemes,Debt Scheme - Banking and PSU Fund,2022-09-06,106.8291,2026-06-23T05:29:58.847318+00:00,https://api.mfapi.in/mf/119551
119551,SBI Bluechip,119551,Aditya Birla Sun Life Banking & PSU Debt Fund  - DIRECT - IDCW,Aditya Birla Sun Life Mutual Fund,Open Ended Schemes,Debt Scheme - Banking and PSU Fund,2022-09-05,106.8191,2026-06-23T05:29:58.847318+00:00,https://api.mfapi.in/mf/119551
119551,SBI Bluechip,119551,Aditya Birla Sun Life Banking & PSU Debt Fund  - DIRECT - IDCW,Aditya Birla Sun Life Mutual Fund,Open Ended Schemes,Debt Scheme - Banking and PSU Fund,2022-09-02,106.7705,2026-06-23T05:29:58.847318+00:00,https://api.mfapi.in/mf/119551
119551,SBI Bluechip,119551,Aditya Birla Sun Life Banking & PSU Debt Fund  - DIRECT - IDCW,Aditya Birla Sun Life Mutual Fund,Open Ended Schemes,Debt Scheme - Banking and PSU Fund,2022-09-01,106.7475,2026-06-23T05:29:58.847318+00:00,https://api.mfapi.in/mf/119551
119551,SBI Bluechip,119551,Aditya Birla Sun Life Banking & PSU Debt Fund  - DIRECT - IDCW,Aditya Birla Sun Life Mutual Fund,Open Ended Schemes,Debt Scheme - Banking and PSU Fund,2022-08-30,106.7038,2026-06-23T05:29:58.847318+00:00,https://api.mfapi.in/mf/119551
119551,SBI Bluechip,119551,Aditya Birla Sun Life Banking & PSU Debt Fund  - DIRECT - IDCW,Aditya Birla Sun Life Mutual Fund,Open Ended Schemes,Debt Scheme - Banking and PSU Fund,2022-08-29,106.6906,2026-06-23T05:29:58.847318+00:00,https://api.mfapi.in/mf/119551
119551,SBI Bluechip,119551,Aditya Birla Sun Life Banking & PSU Debt Fund  - DIRECT - IDCW,Aditya Birla Sun Life Mutual Fund,Open Ended Schemes,Debt Scheme - Banking and PSU Fund,2022-08-26,106.6296,2026-06-23T05:29:58.847318+00:00,https://api.mfapi.in/mf/119551
119551,SBI Bluechip,119551,Aditya Birla Sun Life Banking & PSU Debt Fund  - DIRECT - IDCW,Aditya Birla Sun Life Mutual Fund,Open Ended Schemes,Debt Scheme - Banking and PSU Fund,2022-08-25,106.5824,2026-06-23T05:29:58.847318+00:00,https://api.mfapi.in/mf/119551
119551,SBI Bluechip,119551,Aditya Birla Sun Life Banking & PSU Debt Fund  - DIRECT - IDCW,Aditya Birla Sun Life Mutual Fund,Open Ended Schemes,Debt Scheme - Banking and PSU Fund,2022-08-24,106.599,2026-06-23T05:29:58.847318+00:00,https://api.mfapi.in/mf/119551
119551,SBI Bluechip,119551,Aditya Birla Sun Life Banking & PSU Debt Fund  - DIRECT - IDCW,Aditya Birla Sun Life Mutual Fund,Open Ended Schemes,Debt Scheme - Banking and PSU Fund,2022-08-23,106.5597,2026-06-23T05:29:58.847318+00:00,https://api.mfapi.in/mf/119551
119551,SBI Bluechip,119551,Aditya Birla Sun Life Banking & PSU Debt Fund  - DIRECT - IDCW,Aditya Birla Sun Life Mutual Fund,Open Ended Schemes,Debt Scheme - Banking and PSU Fund,2022-08-22,106.5568,2026-06-23T05:29:58.847318+00:00,https://api.mfapi.in/mf/119551
119551,SBI Bluechip,119551,Aditya Birla Sun Life Banking & PSU Debt Fund  - DIRECT - IDCW,Aditya Birla Sun Life Mutual Fund,Open Ended Schemes,Debt Scheme - Banking and PSU Fund,2022-08-19,106.5072,2026-06-23T05:29:58.847318+00:00,https://api.mfapi.in/mf/119551
119551,SBI Bluechip,119551,Aditya Birla Sun Life Banking & PSU Debt Fund  - DIRECT - IDCW,Aditya Birla Sun Life Mutual Fund,Open Ended Schemes,Debt Scheme - Banking and PSU Fund,2022-08-18,106.5141,2026-06-23T05:29:58.847318+00:00,https://api.mfapi.in/mf/119551
119551,SBI Bluechip,119551,Aditya Birla Sun Life Banking & PSU Debt Fund  - DIRECT - IDCW,Aditya Birla Sun Life Mutual Fund,Open Ended Schemes,Debt Scheme - Banking and PSU Fund,2022-08-17,106.5092,2026-06-23T05:29:58.847318+00:00,https://api.mfapi.in/mf/119551
119551,SBI Bluechip,119551,Aditya Birla Sun Life Banking & PSU Debt Fund  - DIRECT - IDCW,Aditya Birla Sun Life Mutual Fund,Open Ended Schemes,Debt Scheme - Banking and PSU Fund,2022-08-12,106.3294,2026-06-23T05:29:58.847318+00:00,https://api.mfapi.in/mf/119551
119551,SBI Bluechip,119551,Aditya Birla Sun Life Banking & PSU Debt Fund  - DIRECT - IDCW,Aditya Birla Sun Life Mutual Fund,Open Ended Schemes,Debt Scheme - Banking and PSU Fund,2022-08-11,106.3209,2026-06-23T05:29:58.847318+00:00,https://api.mfapi.in/mf/119551
119551,SBI Bluechip,119551,Aditya Birla Sun Life Banking & PSU Debt Fund  - DIRECT - IDCW,Aditya Birla Sun Life Mutual Fund,Open Ended Schemes,Debt Scheme - Banking and PSU Fund,2022-08-10,106.2542,2026-06-23T05:29:58.847318+00:00,https://api.mfapi.in/mf/119551
119551,SBI Bluechip,119551,Aditya Birla Sun Life Banking & PSU Debt Fund  - DIRECT - IDCW,Aditya Birla Sun Life Mutual Fund,Open Ended Schemes,Debt Scheme - Banking and PSU Fund,2022-08-08,106.1541,2026-06-23T05:29:58.847318+00:00,https://api.mfapi.in/mf/119551
119551,SBI Bluechip,119551,Aditya Birla Sun Life Banking & PSU Debt Fund  - DIRECT - IDCW,Aditya Birla Sun Life Mutual Fund,Open Ended Schemes,Debt Scheme - Banking and PSU Fund,2022-08-05,106.1086,2026-06-23T05:29:58.847318+00:00,https://api.mfapi.in/mf/119551
119551,SBI Bluechip,119551,Aditya Birla Sun Life Banking & PSU Debt Fund  - DIRECT - IDCW,Aditya Birla Sun Life Mutual Fund,Open Ended Schemes,Debt Scheme - Banking and PSU Fund,2022-08-04,106.2254,2026-06-23T05:29:58.847318+00:00,https://api.mfapi.in/mf/119551
119551,SBI Bluechip,119551,Aditya Birla Sun Life Banking & PSU Debt Fund  - DIRECT - IDCW,Aditya Birla Sun Life Mutual Fund,Open Ended Schemes,Debt Scheme - Banking and PSU Fund,2022-08-03,106.15,2026-06-23T05:29:58.847318+00:00,https://api.mfapi.in/mf/119551
119551,SBI Bluechip,119551,Aditya Birla Sun Life Banking & PSU Debt Fund  - DIRECT - IDCW,Aditya Birla Sun Life Mutual Fund,Open Ended Schemes,Debt Scheme - Banking and PSU Fund,2022-08-02,106.1993,2026-06-23T05:29:58.847318+00:00,https://api.mfapi.in/mf/119551
119551,SBI Bluechip,119551,Aditya Birla Sun Life Banking & PSU Debt Fund  - DIRECT - IDCW,Aditya Birla Sun Life Mutual Fund,Open Ended Schemes,Debt Scheme - Banking and PSU Fund,2022-08-01,106.1219,2026-06-23T05:29:58.847318+00:00,https://api.mfapi.in/mf/119551
119551,SBI Bluechip,119551,Aditya Birla Sun Life Banking & PSU Debt Fund  - DIRECT - IDCW,Aditya Birla Sun Life Mutual Fund,Open Ended Schemes,Debt Scheme - Banking and PSU Fund,2022-07-29,106.0066,2026-06-23T05:29:58.847318+00:00,https://api.mfapi.in/mf/119551
119551,SBI Bluechip,119551,Aditya Birla Sun Life Banking & PSU Debt Fund  - DIRECT - IDCW,Aditya Birla Sun Life Mutual Fund,Open Ended Schemes,Debt Scheme - Banking and PSU Fund,2022-07-28,105.9484,2026-06-23T05:29:58.847318+00:00,https://api.mfapi.in/mf/119551
119551,SBI Bluechip,119551,Aditya Birla Sun Life Banking & PSU Debt Fund  - DIRECT - IDCW,Aditya Birla Sun Life Mutual Fund,Open Ended Schemes,Debt Scheme - Banking and PSU Fund,2022-07-27,105.9293,2026-06-23T05:29:58.847318+00:00,https://api.mfapi.in/mf/119551
119551,SBI Bluechip,119551,Aditya Birla Sun Life Banking & PSU Debt Fund  - DIRECT - IDCW,Aditya Birla Sun Life Mutual Fund,Open Ended Schemes,Debt Scheme - Banking and PSU Fund,2022-07-26,105.9161,2026-06-23T05:29:58.847318+00:00,https://api.mfapi.in/mf/119551
119551,SBI Bluechip,119551,Aditya Birla Sun Life Banking & PSU Debt Fund  - DIRECT - IDCW,Aditya Birla Sun Life Mutual Fund,Open Ended Schemes,Debt Scheme - Banking and PSU Fund,2022-07-25,105.9141,2026-06-23T05:29:58.847318+00:00,https://api.mfapi.in/mf/119551
119551,SBI Bluechip,119551,Aditya Birla Sun Life Banking & PSU Debt Fund  - DIRECT - IDCW,Aditya Birla Sun Life Mutual Fund,Open Ended Schemes,Debt Scheme - Banking and PSU Fund,2022-07-22,105.8449,2026-06-23T05:29:58.847318+00:00,https://api.mfapi.in/mf/119551
119551,SBI Bluechip,119551,Aditya Birla Sun Life Banking & PSU Debt Fund  - DIRECT - IDCW,Aditya Birla Sun Life Mutual Fund,Open Ended Schemes,Debt Scheme - Banking and PSU Fund,2022-07-21,105.8401,2026-06-23T05:29:58.847318+00:00,https://api.mfapi.in/mf/119551
119551,SBI Bluechip,119551,Aditya Birla Sun Life Banking & PSU Debt Fund  - DIRECT - IDCW,Aditya Birla Sun Life Mutual Fund,Open Ended Schemes,Debt Scheme - Banking and PSU Fund,2022-07-20,105.8304,2026-06-23T05:29:58.847318+00:00,https://api.mfapi.in/mf/119551
119551,SBI Bluechip,119551,Aditya Birla Sun Life Banking & PSU Debt Fund  - DIRECT - IDCW,Aditya Birla Sun Life Mutual Fund,Open Ended Schemes,Debt Scheme - Banking and PSU Fund,2022-07-19,105.7996,2026-06-23T05:29:58.847318+00:00,https://api.mfapi.in/mf/119551
119551,SBI Bluechip,119551,Aditya Birla Sun Life Banking & PSU Debt Fund  - DIRECT - IDCW,Aditya Birla Sun Life Mutual Fund,Open Ended Schemes,Debt Scheme - Banking and PSU Fund,2022-07-18,105.788,2026-06-23T05:29:58.847318+00:00,https://api.mfapi.in/mf/119551
119551,SBI Bluechip,119551,Aditya Birla Sun Life Banking & PSU Debt Fund  - DIRECT - IDCW,Aditya Birla Sun Life Mutual Fund,Open Ended Schemes,Debt Scheme - Banking and PSU Fund,2022-07-15,105.776,2026-06-23T05:29:58.847318+00:00,https://api.mfapi.in/mf/119551
119551,SBI Bluechip,119551,Aditya Birla Sun Life Banking & PSU Debt Fund  - DIRECT - IDCW,Aditya Birla Sun Life Mutual Fund,Open Ended Schemes,Debt Scheme - Banking and PSU Fund,2022-07-14,105.776,2026-06-23T05:29:58.847318+00:00,https://api.mfapi.in/mf/119551
119551,SBI Bluechip,119551,Aditya Birla Sun Life Banking & PSU Debt Fund  - DIRECT - IDCW,Aditya Birla Sun Life Mutual Fund,Open Ended Schemes,Debt Scheme - Banking and PSU Fund,2022-07-13,105.7695,2026-06-23T05:29:58.847318+00:00,https://api.mfapi.in/mf/119551
119551,SBI Bluechip,119551,Aditya Birla Sun Life Banking & PSU Debt Fund  - DIRECT - IDCW,Aditya Birla Sun Life Mutual Fund,Open Ended Schemes,Debt Scheme - Banking and PSU Fund,2022-07-12,105.7093,2026-06-23T05:29:58.847318+00:00,https://api.mfapi.in/mf/119551
119551,SBI Bluechip,119551,Aditya Birla Sun Life Banking & PSU Debt Fund  - DIRECT - IDCW,Aditya Birla Sun Life Mutual Fund,Open Ended Schemes,Debt Scheme - Banking and PSU Fund,2022-07-11,105.672,2026-06-23T05:29:58.847318+00:00,https://api.mfapi.in/mf/119551
119551,SBI Bluechip,119551,Aditya Birla Sun Life Banking & PSU Debt Fund  - DIRECT - IDCW,Aditya Birla Sun Life Mutual Fund,Open Ended Schemes,Debt Scheme - Banking and PSU Fund,2022-07-08,105.6723,2026-06-23T05:29:58.847318+00:00,https://api.mfapi.in/mf/119551
119551,SBI Bluechip,119551,Aditya Birla Sun Life Banking & PSU Debt Fund  - DIRECT - IDCW,Aditya Birla Sun Life Mutual Fund,Open Ended Schemes,Debt Scheme - Banking and PSU Fund,2022-07-07,105.7041,2026-06-23T05:29:58.847318+00:00,https://api.mfapi.in/mf/119551
119551,SBI Bluechip,119551,Aditya Birla Sun Life Banking & PSU Debt Fund  - DIRECT - IDCW,Aditya Birla Sun Life Mutual Fund,Open Ended Schemes,Debt Scheme - Banking and PSU Fund,2022-07-06,105.7065,2026-06-23T05:29:58.847318+00:00,https://api.mfapi.in/mf/119551
119551,SBI Bluechip,119551,Aditya Birla Sun Life Banking & PSU Debt Fund  - DIRECT - IDCW,Aditya Birla Sun Life Mutual Fund,Open Ended Schemes,Debt Scheme - Banking and PSU Fund,2022-07-05,105.5371,2026-06-23T05:29:58.847318+00:00,https://api.mfapi.in/mf/119551
119551,SBI Bluechip,119551,Aditya Birla Sun Life Banking & PSU Debt Fund  - DIRECT - IDCW,Aditya Birla Sun Life Mutual Fund,Open Ended Schemes,Debt Scheme - Banking and PSU Fund,2022-07-04,105.4884,2026-06-23T05:29:58.847318+00:00,https://api.mfapi.in/mf/119551
119551,SBI Bluechip,119551,Aditya Birla Sun Life Banking & PSU Debt Fund  - DIRECT - IDCW,Aditya Birla Sun Life Mutual Fund,Open Ended Schemes,Debt Scheme - Banking and PSU Fund,2022-07-01,105.3963,2026-06-23T05:29:58.847318+00:00,https://api.mfapi.in/mf/119551
119551,SBI Bluechip,119551,Aditya Birla Sun Life Banking & PSU Debt Fund  - DIRECT - IDCW,Aditya Birla Sun Life Mutual Fund,Open Ended Schemes,Debt Scheme - Banking and PSU Fund,2022-06-30,105.3199,2026-06-23T05:29:58.847318+00:00,https://api.mfapi.in/mf/119551
119551,SBI Bluechip,119551,Aditya Birla Sun Life Banking & PSU Debt Fund  - DIRECT - IDCW,Aditya Birla Sun Life Mutual Fund,Open Ended Schemes,Debt Scheme - Banking and PSU Fund,2022-06-29,105.2859,2026-06-23T05:29:58.847318+00:00,https://api.mfapi.in/mf/119551
119551,SBI Bluechip,119551,Aditya Birla Sun Life Banking & PSU Debt Fund  - DIRECT - IDCW,Aditya Birla Sun Life Mutual Fund,Open Ended Schemes,Debt Scheme - Banking and PSU Fund,2022-06-28,105.2771,2026-06-23T05:29:58.847318+00:00,https://api.mfapi.in/mf/119551
119551,SBI Bluechip,119551,Aditya Birla Sun Life Banking & PSU Debt Fund  - DIRECT - IDCW,Aditya Birla Sun Life Mutual Fund,Open Ended Schemes,Debt Scheme - Banking and PSU Fund,2022-06-27,105.2922,2026-06-23T05:29:58.847318+00:00,https://api.mfapi.in/mf/119551
119551,SBI Bluechip,119551,Aditya Birla Sun Life Banking & PSU Debt Fund  - DIRECT - IDCW,Aditya Birla Sun Life Mutual Fund,Open Ended Schemes,Debt Scheme - Banking and PSU Fund,2022-06-24,105.1971,2026-06-23T05:29:58.847318+00:00,https://api.mfapi.in/mf/119551
119551,SBI Bluechip,119551,Aditya Birla Sun Life Banking & PSU Debt Fund  - DIRECT - IDCW,Aditya Birla Sun Life Mutual Fund,Open Ended Schemes,Debt Scheme - Banking and PSU Fund,2022-06-23,105.2106,2026-06-23T05:29:58.847318+00:00,https://api.mfapi.in/mf/119551
119551,SBI Bluechip,119551,Aditya Birla Sun Life Banking & PSU Debt Fund  - DIRECT - IDCW,Aditya Birla Sun Life Mutual Fund,Open Ended Schemes,Debt Scheme - Banking and PSU Fund,2022-06-22,105.1767,2026-06-23T05:29:58.847318+00:00,https://api.mfapi.in/mf/119551
119551,SBI Bluechip,119551,Aditya Birla Sun Life Banking & PSU Debt Fund  - DIRECT - IDCW,Aditya Birla Sun Life Mutual Fund,Open Ended Schemes,Debt Scheme - Banking and PSU Fund,2022-06-21,112.757,2026-06-23T05:29:58.847318+00:00,https://api.mfapi.in/mf/119551
119551,SBI Bluechip,119551,Aditya Birla Sun Life Banking & PSU Debt Fund  - DIRECT - IDCW,Aditya Birla Sun Life Mutual Fund,Open Ended Schemes,Debt Scheme - Banking and PSU Fund,2022-06-20,112.7336,2026-06-23T05:29:58.847318+00:00,https://api.mfapi.in/mf/119551
119551,SBI Bluechip,119551,Aditya Birla Sun Life Banking & PSU Debt Fund  - DIRECT - IDCW,Aditya Birla Sun Life Mutual Fund,Open Ended Schemes,Debt Scheme - Banking and PSU Fund,2022-06-17,112.5783,2026-06-23T05:29:58.847318+00:00,https://api.mfapi.in/mf/119551
119551,SBI Bluechip,119551,Aditya Birla Sun Life Banking & PSU Debt Fund  - DIRECT - IDCW,Aditya Birla Sun Life Mutual Fund,Open Ended Schemes,Debt Scheme - Banking and PSU Fund,2022-06-16,112.5715,2026-06-23T05:29:58.847318+00:00,https://api.mfapi.in/mf/119551
119551,SBI Bluechip,119551,Aditya Birla Sun Life Banking & PSU Debt Fund  - DIRECT - IDCW,Aditya Birla Sun Life Mutual Fund,Open Ended Schemes,Debt Scheme - Banking and PSU Fund,2022-06-15,112.5757,2026-06-23T05:29:58.847318+00:00,https://api.mfapi.in/mf/119551
119551,SBI Bluechip,119551,Aditya Birla Sun Life Banking & PSU Debt Fund  - DIRECT - IDCW,Aditya Birla Sun Life Mutual Fund,Open Ended Schemes,Debt Scheme - Banking and PSU Fund,2022-06-14,112.583,2026-06-23T05:29:58.847318+00:00,https://api.mfapi.in/mf/119551
119551,SBI Bluechip,119551,Aditya Birla Sun Life Banking & PSU Debt Fund  - DIRECT - IDCW,Aditya Birla Sun Life Mutual Fund,Open Ended Schemes,Debt Scheme - Banking and PSU Fund,2022-06-13,112.5985,2026-06-23T05:29:58.847318+00:00,https://api.mfapi.in/mf/119551
119551,SBI Bluechip,119551,Aditya Birla Sun Life Banking & PSU Debt Fund  - DIRECT - IDCW,Aditya Birla Sun Life Mutual Fund,Open Ended Schemes,Debt Scheme - Banking and PSU Fund,2022-06-10,112.6848,2026-06-23T05:29:58.847318+00:00,https://api.mfapi.in/mf/119551
119551,SBI Bluechip,119551,Aditya Birla Sun Life Banking & PSU Debt Fund  - DIRECT - IDCW,Aditya Birla Sun Life Mutual Fund,Open Ended Schemes,Debt Scheme - Banking and PSU Fund,2022-06-09,112.6487,2026-06-23T05:29:58.847318+00:00,https://api.mfapi.in/mf/119551
119551,SBI Bluechip,119551,Aditya Birla Sun Life Banking & PSU Debt Fund  - DIRECT - IDCW,Aditya Birla Sun Life Mutual Fund,Open Ended Schemes,Debt Scheme - Banking and PSU Fund,2022-06-08,112.5902,2026-06-23T05:29:58.847318+00:00,https://api.mfapi.in/mf/119551
119551,SBI Bluechip,119551,Aditya Birla Sun Life Banking & PSU Debt Fund  - DIRECT - IDCW,Aditya Birla Sun Life Mutual Fund,Open Ended Schemes,Debt Scheme - Banking and PSU Fund,2022-06-07,112.4553,2026-06-23T05:29:58.847318+00:00,https://api.mfapi.in/mf/119551
119551,SBI Bluechip,119551,Aditya Birla Sun Life Banking & PSU Debt Fund  - DIRECT - IDCW,Aditya Birla Sun Life Mutual Fund,Open Ended Schemes,Debt Scheme - Banking and PSU Fund,2022-06-06,112.53,2026-06-23T05:29:58.847318+00:00,https://api.mfapi.in/mf/119551
119551,SBI Bluechip,119551,Aditya Birla Sun Life Banking & PSU Debt Fund  - DIRECT - IDCW,Aditya Birla Sun Life Mutual Fund,Open Ended Schemes,Debt Scheme - Banking and PSU Fund,2022-06-03,112.5469,2026-06-23T05:29:58.847318+00:00,https://api.mfapi.in/mf/119551
119551,SBI Bluechip,119551,Aditya Birla Sun Life Banking & PSU Debt Fund  - DIRECT - IDCW,Aditya Birla Sun Life Mutual Fund,Open Ended Schemes,Debt Scheme - Banking and PSU Fund,2022-06-02,112.579,2026-06-23T05:29:58.847318+00:00,https://api.mfapi.in/mf/119551
119551,SBI Bluechip,119551,Aditya Birla Sun Life Banking & PSU Debt Fund  - DIRECT - IDCW,Aditya Birla Sun Life Mutual Fund,Open Ended Schemes,Debt Scheme - Banking and PSU Fund,2022-06-01,112.5519,2026-06-23T05:29:58.847318+00:00,https://api.mfapi.in/mf/119551
119551,SBI Bluechip,119551,Aditya Birla Sun Life Banking & PSU Debt Fund  - DIRECT - IDCW,Aditya Birla Sun Life Mutual Fund,Open Ended Schemes,Debt Scheme - Banking and PSU Fund,2022-05-31,112.6801,2026-06-23T05:29:58.847318+00:00,https://api.mfapi.in/mf/119551
119551,SBI Bluechip,119551,Aditya Birla Sun Life Banking & PSU Debt Fund  - DIRECT - IDCW,Aditya Birla Sun Life Mutual Fund,Open Ended Schemes,Debt Scheme - Banking and PSU Fund,2022-05-30,112.6166,2026-06-23T05:29:58.847318+00:00,https://api.mfapi.in/mf/119551
119551,SBI Bluechip,119551,Aditya Birla Sun Life Banking & PSU Debt Fund  - DIRECT - IDCW,Aditya Birla Sun Life Mutual Fund,Open Ended Schemes,Debt Scheme - Banking and PSU Fund,2022-05-27,112.5875,2026-06-23T05:29:58.847318+00:00,https://api.mfapi.in/mf/119551
119551,SBI Bluechip,119551,Aditya Birla Sun Life Banking & PSU Debt Fund  - DIRECT - IDCW,Aditya Birla Sun Life Mutual Fund,Open Ended Schemes,Debt Scheme - Banking and PSU Fund,2022-05-26,112.5751,2026-06-23T05:29:58.847318+00:00,https://api.mfapi.in/mf/119551
119551,SBI Bluechip,119551,Aditya Birla Sun Life Banking & PSU Debt Fund  - DIRECT - IDCW,Aditya Birla Sun Life Mutual Fund,Open Ended Schemes,Debt Scheme - Banking and PSU Fund,2022-05-25,112.5511,2026-06-23T05:29:58.847318+00:00,https://api.mfapi.in/mf/119551
119551,SBI Bluechip,119551,Aditya Birla Sun Life Banking & PSU Debt Fund  - DIRECT - IDCW,Aditya Birla Sun Life Mutual Fund,Open Ended Schemes,Debt Scheme - Banking and PSU Fund,2022-05-24,112.5432,2026-06-23T05:29:58.847318+00:00,https://api.mfapi.in/mf/119551
119551,SBI Bluechip,119551,Aditya Birla Sun Life Banking & PSU Debt Fund  - DIRECT - IDCW,Aditya Birla Sun Life Mutual Fund,Open Ended Schemes,Debt Scheme - Banking and PSU Fund,2022-05-23,112.5061,2026-06-23T05:29:58.847318+00:00,https://api.mfapi.in/mf/119551
119551,SBI Bluechip,119551,Aditya Birla Sun Life Banking & PSU Debt Fund  - DIRECT - IDCW,Aditya Birla Sun Life Mutual Fund,Open Ended Schemes,Debt Scheme - Banking and PSU Fund,2022-05-20,112.4374,2026-06-23T05:29:58.847318+00:00,https://api.mfapi.in/mf/119551
119551,SBI Bluechip,119551,Aditya Birla Sun Life Banking & PSU Debt Fund  - DIRECT - IDCW,Aditya Birla Sun Life Mutual Fund,Open Ended Schemes,Debt Scheme - Banking and PSU Fund,2022-05-19,112.4539,2026-06-23T05:29:58.847318+00:00,https://api.mfapi.in/mf/119551
119551,SBI Bluechip,119551,Aditya Birla Sun Life Banking & PSU Debt Fund  - DIRECT - IDCW,Aditya Birla Sun Life Mutual Fund,Open Ended Schemes,Debt Scheme - Banking and PSU Fund,2022-05-18,112.4368,2026-06-23T05:29:58.847318+00:00,https://api.mfapi.in/mf/119551
119551,SBI Bluechip,119551,Aditya Birla Sun Life Banking & PSU Debt Fund  - DIRECT - IDCW,Aditya Birla Sun Life Mutual Fund,Open Ended Schemes,Debt Scheme - Banking and PSU Fund,2022-05-17,112.4137,2026-06-23T05:29:58.847318+00:00,https://api.mfapi.in/mf/119551
119551,SBI Bluechip,119551,Aditya Birla Sun Life Banking & PSU Debt Fund  - DIRECT - IDCW,Aditya Birla Sun Life Mutual Fund,Open Ended Schemes,Debt Scheme - Banking and PSU Fund,2022-05-13,112.3647,2026-06-23T05:29:58.847318+00:00,https://api.mfapi.in/mf/119551
119551,SBI Bluechip,119551,Aditya Birla Sun Life Banking & PSU Debt Fund  - DIRECT - IDCW,Aditya Birla Sun Life Mutual Fund,Open Ended Schemes,Debt Scheme - Banking and PSU Fund,2022-05-12,112.433,2026-06-23T05:29:58.847318+00:00,https://api.mfapi.in/mf/119551
119551,SBI Bluechip,119551,Aditya Birla Sun Life Banking & PSU Debt Fund  - DIRECT - IDCW,Aditya Birla Sun Life Mutual Fund,Open Ended Schemes,Debt Scheme - Banking and PSU Fund,2022-05-11,112.3991,2026-06-23T05:29:58.847318+00:00,https://api.mfapi.in/mf/119551
119551,SBI Bluechip,119551,Aditya Birla Sun Life Banking & PSU Debt Fund  - DIRECT - IDCW,Aditya Birla Sun Life Mutual Fund,Open Ended Schemes,Debt Scheme - Banking and PSU Fund,2022-05-10,112.3479,2026-06-23T05:29:58.847318+00:00,https://api.mfapi.in/mf/119551
119551,SBI Bluechip,119551,Aditya Birla Sun Life Banking & PSU Debt Fund  - DIRECT - IDCW,Aditya Birla Sun Life Mutual Fund,Open Ended Schemes,Debt Scheme - Banking and PSU Fund,2022-05-09,112.2672,2026-06-23T05:29:58.847318+00:00,https://api.mfapi.in/mf/119551
119551,SBI Bluechip,119551,Aditya Birla Sun Life Banking & PSU Debt Fund  - DIRECT - IDCW,Aditya Birla Sun Life Mutual Fund,Open Ended Schemes,Debt Scheme - Banking and PSU Fund,2022-05-06,112.244,2026-06-23T05:29:58.847318+00:00,https://api.mfapi.in/mf/119551
119551,SBI Bluechip,119551,Aditya Birla Sun Life Banking & PSU Debt Fund  - DIRECT - IDCW,Aditya Birla Sun Life Mutual Fund,Open Ended Schemes,Debt Scheme - Banking and PSU Fund,2022-05-05,112.3588,2026-06-23T05:29:58.847318+00:00,https://api.mfapi.in/mf/119551
119551,SBI Bluechip,119551,Aditya Birla Sun Life Banking & PSU Debt Fund  - DIRECT - IDCW,Aditya Birla Sun Life Mutual Fund,Open Ended Schemes,Debt Scheme - Banking and PSU Fund,2022-05-04,112.4331,2026-06-23T05:29:58.847318+00:00,https://api.mfapi.in/mf/119551
119551,SBI Bluechip,119551,Aditya Birla Sun Life Banking & PSU Debt Fund  - DIRECT - IDCW,Aditya Birla Sun Life Mutual Fund,Open Ended Schemes,Debt Scheme - Banking and PSU Fund,2022-05-02,113.1319,2026-06-23T05:29:58.847318+00:00,https://api.mfapi.in/mf/119551
119551,SBI Bluechip,119551,Aditya Birla Sun Life Banking & PSU Debt Fund  - DIRECT - IDCW,Aditya Birla Sun Life Mutual Fund,Open Ended Schemes,Debt Scheme - Banking and PSU Fund,2022-04-29,113.0956,2026-06-23T05:29:58.847318+00:00,https://api.mfapi.in/mf/119551
119551,SBI Bluechip,119551,Aditya Birla Sun Life Banking & PSU Debt Fund  - DIRECT - IDCW,Aditya Birla Sun Life Mutual Fund,Open Ended Schemes,Debt Scheme - Banking and PSU Fund,2022-04-28,113.0848,2026-06-23T05:29:58.847318+00:00,https://api.mfapi.in/mf/119551
119551,SBI Bluechip,119551,Aditya Birla Sun Life Banking & PSU Debt Fund  - DIRECT - IDCW,Aditya Birla Sun Life Mutual Fund,Open Ended Schemes,Debt Scheme - Banking and PSU Fund,2022-04-27,113.0954,2026-06-23T05:29:58.847318+00:00,https://api.mfapi.in/mf/119551
119551,SBI Bluechip,119551,Aditya Birla Sun Life Banking & PSU Debt Fund  - DIRECT - IDCW,Aditya Birla Sun Life Mutual Fund,Open Ended Schemes,Debt Scheme - Banking and PSU Fund,2022-04-26,113.0579,2026-06-23T05:29:58.847318+00:00,https://api.mfapi.in/mf/119551
119551,SBI Bluechip,119551,Aditya Birla Sun Life Banking & PSU Debt Fund  - DIRECT - IDCW,Aditya Birla Sun Life Mutual Fund,Open Ended Schemes,Debt Scheme - Banking and PSU Fund,2022-04-25,113.0615,2026-06-23T05:29:58.847318+00:00,https://api.mfapi.in/mf/119551
119551,SBI Bluechip,119551,Aditya Birla Sun Life Banking & PSU Debt Fund  - DIRECT - IDCW,Aditya Birla Sun Life Mutual Fund,Open Ended Schemes,Debt Scheme - Banking and PSU Fund,2022-04-22,112.959,2026-06-23T05:29:58.847318+00:00,https://api.mfapi.in/mf/119551
119551,SBI Bluechip,119551,Aditya Birla Sun Life Banking & PSU Debt Fund  - DIRECT - IDCW,Aditya Birla Sun Life Mutual Fund,Open Ended Schemes,Debt Scheme - Banking and PSU Fund,2022-04-21,112.956,2026-06-23T05:29:58.847318+00:00,https://api.mfapi.in/mf/119551
119551,SBI Bluechip,119551,Aditya Birla Sun Life Banking & PSU Debt Fund  - DIRECT - IDCW,Aditya Birla Sun Life Mutual Fund,Open Ended Schemes,Debt Scheme - Banking and PSU Fund,2022-04-20,112.936,2026-06-23T05:29:58.847318+00:00,https://api.mfapi.in/mf/119551
119551,SBI Bluechip,119551,Aditya Birla Sun Life Banking & PSU Debt Fund  - DIRECT - IDCW,Aditya Birla Sun Life Mutual Fund,Open Ended Schemes,Debt Scheme - Banking and PSU Fund,2022-04-19,112.9046,2026-06-23T05:29:58.847318+00:00,https://api.mfapi.in/mf/119551
119551,SBI Bluechip,119551,Aditya Birla Sun Life Banking & PSU Debt Fund  - DIRECT - IDCW,Aditya Birla Sun Life Mutual Fund,Open Ended Schemes,Debt Scheme - Banking and PSU Fund,2022-04-18,112.8584,2026-06-23T05:29:58.847318+00:00,https://api.mfapi.in/mf/119551
119551,SBI Bluechip,119551,Aditya Birla Sun Life Banking & PSU Debt Fund  - DIRECT - IDCW,Aditya Birla Sun Life Mutual Fund,Open Ended Schemes,Debt Scheme - Banking and PSU Fund,2022-04-13,112.6844,2026-06-23T05:29:58.847318+00:00,https://api.mfapi.in/mf/119551
119551,SBI Bluechip,119551,Aditya Birla Sun Life Banking & PSU Debt Fund  - DIRECT - IDCW,Aditya Birla Sun Life Mutual Fund,Open Ended Schemes,Debt Scheme - Banking and PSU Fund,2022-04-12,112.8405,2026-06-23T05:29:58.847318+00:00,https://api.mfapi.in/mf/119551
119551,SBI Bluechip,119551,Aditya Birla Sun Life Banking & PSU Debt Fund  - DIRECT - IDCW,Aditya Birla Sun Life Mutual Fund,Open Ended Schemes,Debt Scheme - Banking and PSU Fund,2022-04-11,112.8479,2026-06-23T05:29:58.847318+00:00,https://api.mfapi.in/mf/119551
119551,SBI Bluechip,119551,Aditya Birla Sun Life Banking & PSU Debt Fund  - DIRECT - IDCW,Aditya Birla Sun Life Mutual Fund,Open Ended Schemes,Debt Scheme - Banking and PSU Fund,2022-04-08,112.9062,2026-06-23T05:29:58.847318+00:00,https://api.mfapi.in/mf/119551
119551,SBI Bluechip,119551,Aditya Birla Sun Life Banking & PSU Debt Fund  - DIRECT - IDCW,Aditya Birla Sun Life Mutual Fund,Open Ended Schemes,Debt Scheme - Banking and PSU Fund,2022-04-07,113.1825,2026-06-23T05:29:58.847318+00:00,https://api.mfapi.in/mf/119551
119551,SBI Bluechip,119551,Aditya Birla Sun Life Banking & PSU Debt Fund  - DIRECT - IDCW,Aditya Birla Sun Life Mutual Fund,Open Ended Schemes,Debt Scheme - Banking and PSU Fund,2022-04-06,113.1607,2026-06-23T05:29:58.847318+00:00,https://api.mfapi.in/mf/119551
119551,SBI Bluechip,119551,Aditya Birla Sun Life Banking & PSU Debt Fund  - DIRECT - IDCW,Aditya Birla Sun Life Mutual Fund,Open Ended Schemes,Debt Scheme - Banking and PSU Fund,2022-04-05,113.1661,2026-06-23T05:29:58.847318+00:00,https://api.mfapi.in/mf/119551
119551,SBI Bluechip,119551,Aditya Birla Sun Life Banking & PSU Debt Fund  - DIRECT - IDCW,Aditya Birla Sun Life Mutual Fund,Open Ended Schemes,Debt Scheme - Banking and PSU Fund,2022-04-04,113.1171,2026-06-23T05:29:58.847318+00:00,https://api.mfapi.in/mf/119551
119551,SBI Bluechip,119551,Aditya Birla Sun Life Banking & PSU Debt Fund  - DIRECT - IDCW,Aditya Birla Sun Life Mutual Fund,Open Ended Schemes,Debt Scheme - Banking and PSU Fund,2022-03-31,113.0782,2026-06-23T05:29:58.847318+00:00,https://api.mfapi.in/mf/119551
119551,SBI Bluechip,119551,Aditya Birla Sun Life Banking & PSU Debt Fund  - DIRECT - IDCW,Aditya Birla Sun Life Mutual Fund,Open Ended Schemes,Debt Scheme - Banking and PSU Fund,2022-03-30,113.0255,2026-06-23T05:29:58.847318+00:00,https://api.mfapi.in/mf/119551
119551,SBI Bluechip,119551,Aditya Birla Sun Life Banking & PSU Debt Fund  - DIRECT - IDCW,Aditya Birla Sun Life Mutual Fund,Open Ended Schemes,Debt Scheme - Banking and PSU Fund,2022-03-29,112.9912,2026-06-23T05:29:58.847318+00:00,https://api.mfapi.in/mf/119551
119551,SBI Bluechip,119551,Aditya Birla Sun Life Banking & PSU Debt Fund  - DIRECT - IDCW,Aditya Birla Sun Life Mutual Fund,Open Ended Schemes,Debt Scheme - Banking and PSU Fund,2022-03-28,112.9448,2026-06-23T05:29:58.847318+00:00,https://api.mfapi.in/mf/119551
119551,SBI Bluechip,119551,Aditya Birla Sun Life Banking & PSU Debt Fund  - DIRECT - IDCW,Aditya Birla Sun Life Mutual Fund,Open Ended Schemes,Debt Scheme - Banking and PSU Fund,2022-03-25,112.9034,2026-06-23T05:29:58.847318+00:00,https://api.mfapi.in/mf/119551
119551,SBI Bluechip,119551,Aditya Birla Sun Life Banking & PSU Debt Fund  - DIRECT - IDCW,Aditya Birla Sun Life Mutual Fund,Open Ended Schemes,Debt Scheme - Banking and PSU Fund,2022-03-24,112.8542,2026-06-23T05:29:58.847318+00:00,https://api.mfapi.in/mf/119551
119551,SBI Bluechip,119551,Aditya Birla Sun Life Banking & PSU Debt Fund  - DIRECT - IDCW,Aditya Birla Sun Life Mutual Fund,Open Ended Schemes,Debt Scheme - Banking and PSU Fund,2022-03-23,112.8231,2026-06-23T05:29:58.847318+00:00,https://api.mfapi.in/mf/119551
119551,SBI Bluechip,119551,Aditya Birla Sun Life Banking & PSU Debt Fund  - DIRECT - IDCW,Aditya Birla Sun Life Mutual Fund,Open Ended Schemes,Debt Scheme - Banking and PSU Fund,2022-03-22,121.9441,2026-06-23T05:29:58.847318+00:00,https://api.mfapi.in/mf/119551
119551,SBI Bluechip,119551,Aditya Birla Sun Life Banking & PSU Debt Fund  - DIRECT - IDCW,Aditya Birla Sun Life Mutual Fund,Open Ended Schemes,Debt Scheme - Banking and PSU Fund,2022-03-21,121.9474,2026-06-23T05:29:58.847318+00:00,https://api.mfapi.in/mf/119551
119551,SBI Bluechip,119551,Aditya Birla Sun Life Banking & PSU Debt Fund  - DIRECT - IDCW,Aditya Birla Sun Life Mutual Fund,Open Ended Schemes,Debt Scheme - Banking and PSU Fund,2022-03-17,121.8816,2026-06-23T05:29:58.847318+00:00,https://api.mfapi.in/mf/119551
119551,SBI Bluechip,119551,Aditya Birla Sun Life Banking & PSU Debt Fund  - DIRECT - IDCW,Aditya Birla Sun Life Mutual Fund,Open Ended Schemes,Debt Scheme - Banking and PSU Fund,2022-03-16,121.7919,2026-06-23T05:29:58.847318+00:00,https://api.mfapi.in/mf/119551
119551,SBI Bluechip,119551,Aditya Birla Sun Life Banking & PSU Debt Fund  - DIRECT - IDCW,Aditya Birla Sun Life Mutual Fund,Open Ended Schemes,Debt Scheme - Banking and PSU Fund,2022-03-15,121.8177,2026-06-23T05:29:58.847318+00:00,https://api.mfapi.in/mf/119551
119551,SBI Bluechip,119551,Aditya Birla Sun Life Banking & PSU Debt Fund  - DIRECT - IDCW,Aditya Birla Sun Life Mutual Fund,Open Ended Schemes,Debt Scheme - Banking and PSU Fund,2022-03-14,121.7179,2026-06-23T05:29:58.847318+00:00,https://api.mfapi.in/mf/119551
119551,SBI Bluechip,119551,Aditya Birla Sun Life Banking & PSU Debt Fund  - DIRECT - IDCW,Aditya Birla Sun Life Mutual Fund,Open Ended Schemes,Debt Scheme - Banking and PSU Fund,2022-03-11,121.6652,2026-06-23T05:29:58.847318+00:00,https://api.mfapi.in/mf/119551
119551,SBI Bluechip,119551,Aditya Birla Sun Life Banking & PSU Debt Fund  - DIRECT - IDCW,Aditya Birla Sun Life Mutual Fund,Open Ended Schemes,Debt Scheme - Banking and PSU Fund,2022-03-10,121.6699,2026-06-23T05:29:58.847318+00:00,https://api.mfapi.in/mf/119551
119551,SBI Bluechip,119551,Aditya Birla Sun Life Banking & PSU Debt Fund  - DIRECT - IDCW,Aditya Birla Sun Life Mutual Fund,Open Ended Schemes,Debt Scheme - Banking and PSU Fund,2022-03-09,121.6144,2026-06-23T05:29:58.847318+00:00,https://api.mfapi.in/mf/119551
119551,SBI Bluechip,119551,Aditya Birla Sun Life Banking & PSU Debt Fund  - DIRECT - IDCW,Aditya Birla Sun Life Mutual Fund,Open Ended Schemes,Debt Scheme - Banking and PSU Fund,2022-03-08,121.5935,2026-06-23T05:29:58.847318+00:00,https://api.mfapi.in/mf/119551
119551,SBI Bluechip,119551,Aditya Birla Sun Life Banking & PSU Debt Fund  - DIRECT - IDCW,Aditya Birla Sun Life Mutual Fund,Open Ended Schemes,Debt Scheme - Banking and PSU Fund,2022-03-07,121.6023,2026-06-23T05:29:58.847318+00:00,https://api.mfapi.in/mf/119551
119551,SBI Bluechip,119551,Aditya Birla Sun Life Banking & PSU Debt Fund  - DIRECT - IDCW,Aditya Birla Sun Life Mutual Fund,Open Ended Schemes,Debt Scheme - Banking and PSU Fund,2022-03-04,121.6603,2026-06-23T05:29:58.847318+00:00,https://api.mfapi.in/mf/119551
119551,SBI Bluechip,119551,Aditya Birla Sun Life Banking & PSU Debt Fund  - DIRECT - IDCW,Aditya Birla Sun Life Mutual Fund,Open Ended Schemes,Debt Scheme - Banking and PSU Fund,2022-03-03,121.6296,2026-06-23T05:29:58.847318+00:00,https://api.mfapi.in/mf/119551
119551,SBI Bluechip,119551,Aditya Birla Sun Life Banking & PSU Debt Fund  - DIRECT - IDCW,Aditya Birla Sun Life Mutual Fund,Open Ended Schemes,Debt Scheme - Banking and PSU Fund,2022-03-02,121.665,2026-06-23T05:29:58.847318+00:00,https://api.mfapi.in/mf/119551
119551,SBI Bluechip,119551,Aditya Birla Sun Life Banking & PSU Debt Fund  - DIRECT - IDCW,Aditya Birla Sun Life Mutual Fund,Open Ended Schemes,Debt Scheme - Banking and PSU Fund,2022-02-28,121.7348,2026-06-23T05:29:58.847318+00:00,https://api.mfapi.in/mf/119551
119551,SBI Bluechip,119551,Aditya Birla Sun Life Banking & PSU Debt Fund  - DIRECT - IDCW,Aditya Birla Sun Life Mutual Fund,Open Ended Schemes,Debt Scheme - Banking and PSU Fund,2022-02-25,121.7161,2026-06-23T05:29:58.847318+00:00,https://api.mfapi.in/mf/119551
119551,SBI Bluechip,119551,Aditya Birla Sun Life Banking & PSU Debt Fund  - DIRECT - IDCW,Aditya Birla Sun Life Mutual Fund,Open Ended Schemes,Debt Scheme - Banking and PSU Fund,2022-02-24,121.7161,2026-06-23T05:29:58.847318+00:00,https://api.mfapi.in/mf/119551
119551,SBI Bluechip,119551,Aditya Birla Sun Life Banking & PSU Debt Fund  - DIRECT - IDCW,Aditya Birla Sun Life Mutual Fund,Open Ended Schemes,Debt Scheme - Banking and PSU Fund,2022-02-23,121.7264,2026-06-23T05:29:58.847318+00:00,https://api.mfapi.in/mf/119551
119551,SBI Bluechip,119551,Aditya Birla Sun Life Banking & PSU Debt Fund  - DIRECT - IDCW,Aditya Birla Sun Life Mutual Fund,Open Ended Schemes,Debt Scheme - Banking and PSU Fund,2022-02-22,121.6893,2026-06-23T05:29:58.847318+00:00,https://api.mfapi.in/mf/119551
119551,SBI Bluechip,119551,Aditya Birla Sun Life Banking & PSU Debt Fund  - DIRECT - IDCW,Aditya Birla Sun Life Mutual Fund,Open Ended Schemes,Debt Scheme - Banking and PSU Fund,2022-02-21,121.7193,2026-06-23T05:29:58.847318+00:00,https://api.mfapi.in/mf/119551
119551,SBI Bluechip,119551,Aditya Birla Sun Life Banking & PSU Debt Fund  - DIRECT - IDCW,Aditya Birla Sun Life Mutual Fund,Open Ended Schemes,Debt Scheme - Banking and PSU Fund,2022-02-18,121.6824,2026-06-23T05:29:58.847318+00:00,https://api.mfapi.in/mf/119551
119551,SBI Bluechip,119551,Aditya Birla Sun Life Banking & PSU Debt Fund  - DIRECT - IDCW,Aditya Birla Sun Life Mutual Fund,Open Ended Schemes,Debt Scheme - Banking and PSU Fund,2022-02-17,121.6561,2026-06-23T05:29:58.847318+00:00,https://api.mfapi.in/mf/119551
119551,SBI Bluechip,119551,Aditya Birla Sun Life Banking & PSU Debt Fund  - DIRECT - IDCW,Aditya Birla Sun Life Mutual Fund,Open Ended Schemes,Debt Scheme - Banking and PSU Fund,2022-02-16,121.6448,2026-06-23T05:29:58.847318+00:00,https://api.mfapi.in/mf/119551
119551,SBI Bluechip,119551,Aditya Birla Sun Life Banking & PSU Debt Fund  - DIRECT - IDCW,Aditya Birla Sun Life Mutual Fund,Open Ended Schemes,Debt Scheme - Banking and PSU Fund,2022-02-15,121.6181,2026-06-23T05:29:58.847318+00:00,https://api.mfapi.in/mf/119551
119551,SBI Bluechip,119551,Aditya Birla Sun Life Banking & PSU Debt Fund  - DIRECT - IDCW,Aditya Birla Sun Life Mutual Fund,Open Ended Schemes,Debt Scheme - Banking and PSU Fund,2022-02-14,121.6236,2026-06-23T05:29:58.847318+00:00,https://api.mfapi.in/mf/119551
119551,SBI Bluechip,119551,Aditya Birla Sun Life Banking & PSU Debt Fund  - DIRECT - IDCW,Aditya Birla Sun Life Mutual Fund,Open Ended Schemes,Debt Scheme - Banking and PSU Fund,2022-02-11,121.5265,2026-06-23T05:29:58.847318+00:00,https://api.mfapi.in/mf/119551
119551,SBI Bluechip,119551,Aditya Birla Sun Life Banking & PSU Debt Fund  - DIRECT - IDCW,Aditya Birla Sun Life Mutual Fund,Open Ended Schemes,Debt Scheme - Banking and PSU Fund,2022-02-10,121.4458,2026-06-23T05:29:58.847318+00:00,https://api.mfapi.in/mf/119551
119551,SBI Bluechip,119551,Aditya Birla Sun Life Banking & PSU Debt Fund  - DIRECT - IDCW,Aditya Birla Sun Life Mutual Fund,Open Ended Schemes,Debt Scheme - Banking and PSU Fund,2022-02-09,121.2257,2026-06-23T05:29:58.847318+00:00,https://api.mfapi.in/mf/119551
119551,SBI Bluechip,119551,Aditya Birla Sun Life Banking & PSU Debt Fund  - DIRECT - IDCW,Aditya Birla Sun Life Mutual Fund,Open Ended Schemes,Debt Scheme - Banking and PSU Fund,2022-02-08,121.1629,2026-06-23T05:29:58.847318+00:00,https://api.mfapi.in/mf/119551
119551,SBI Bluechip,119551,Aditya Birla Sun Life Banking & PSU Debt Fund  - DIRECT - IDCW,Aditya Birla Sun Life Mutual Fund,Open Ended Schemes,Debt Scheme - Banking and PSU Fund,2022-02-04,121.0091,2026-06-23T05:29:58.847318+00:00,https://api.mfapi.in/mf/119551
119551,SBI Bluechip,119551,Aditya Birla Sun Life Banking & PSU Debt Fund  - DIRECT - IDCW,Aditya Birla Sun Life Mutual Fund,Open Ended Schemes,Debt Scheme - Banking and PSU Fund,2022-02-03,121.0079,2026-06-23T05:29:58.847318+00:00,https://api.mfapi.in/mf/119551
119551,SBI Bluechip,119551,Aditya Birla Sun Life Banking & PSU Debt Fund  - DIRECT - IDCW,Aditya Birla Sun Life Mutual Fund,Open Ended Schemes,Debt Scheme - Banking and PSU Fund,2022-02-02,120.9797,2026-06-23T05:29:58.847318+00:00,https://api.mfapi.in/mf/119551
119551,SBI Bluechip,119551,Aditya Birla Sun Life Banking & PSU Debt Fund  - DIRECT - IDCW,Aditya Birla Sun Life Mutual Fund,Open Ended Schemes,Debt Scheme - Banking and PSU Fund,2022-02-01,121.041,2026-06-23T05:29:58.847318+00:00,https://api.mfapi.in/mf/119551
119551,SBI Bluechip,119551,Aditya Birla Sun Life Banking & PSU Debt Fund  - DIRECT - IDCW,Aditya Birla Sun Life Mutual Fund,Open Ended Schemes,Debt Scheme - Banking and PSU Fund,2022-01-31,121.2264,2026-06-23T05:29:58.847318+00:00,https://api.mfapi.in/mf/119551
119551,SBI Bluechip,119551,Aditya Birla Sun Life Banking & PSU Debt Fund  - DIRECT - IDCW,Aditya Birla Sun Life Mutual Fund,Open Ended Schemes,Debt Scheme - Banking and PSU Fund,2022-01-28,121.1287,2026-06-23T05:29:58.847318+00:00,https://api.mfapi.in/mf/119551
119551,SBI Bluechip,119551,Aditya Birla Sun Life Banking & PSU Debt Fund  - DIRECT - IDCW,Aditya Birla Sun Life Mutual Fund,Open Ended Schemes,Debt Scheme - Banking and PSU Fund,2022-01-27,121.1095,2026-06-23T05:29:58.847318+00:00,https://api.mfapi.in/mf/119551
119551,SBI Bluechip,119551,Aditya Birla Sun Life Banking & PSU Debt Fund  - DIRECT - IDCW,Aditya Birla Sun Life Mutual Fund,Open Ended Schemes,Debt Scheme - Banking and PSU Fund,2022-01-25,121.1535,2026-06-23T05:29:58.847318+00:00,https://api.mfapi.in/mf/119551
119551,SBI Bluechip,119551,Aditya Birla Sun Life Banking & PSU Debt Fund  - DIRECT - IDCW,Aditya Birla Sun Life Mutual Fund,Open Ended Schemes,Debt Scheme - Banking and PSU Fund,2022-01-24,121.1248,2026-06-23T05:29:58.847318+00:00,https://api.mfapi.in/mf/119551
119551,SBI Bluechip,119551,Aditya Birla Sun Life Banking & PSU Debt Fund  - DIRECT - IDCW,Aditya Birla Sun Life Mutual Fund,Open Ended Schemes,Debt Scheme - Banking and PSU Fund,2022-01-21,121.133,2026-06-23T05:29:58.847318+00:00,https://api.mfapi.in/mf/119551
119551,SBI Bluechip,119551,Aditya Birla Sun Life Banking & PSU Debt Fund  - DIRECT - IDCW,Aditya Birla Sun Life Mutual Fund,Open Ended Schemes,Debt Scheme - Banking and PSU Fund,2022-01-20,121.1056,2026-06-23T05:29:58.847318+00:00,https://api.mfapi.in/mf/119551
119551,SBI Bluechip,119551,Aditya Birla Sun Life Banking & PSU Debt Fund  - DIRECT - IDCW,Aditya Birla Sun Life Mutual Fund,Open Ended Schemes,Debt Scheme - Banking and PSU Fund,2022-01-19,121.0829,2026-06-23T05:29:58.847318+00:00,https://api.mfapi.in/mf/119551
119551,SBI Bluechip,119551,Aditya Birla Sun Life Banking & PSU Debt Fund  - DIRECT - IDCW,Aditya Birla Sun Life Mutual Fund,Open Ended Schemes,Debt Scheme - Banking and PSU Fund,2022-01-18,121.0769,2026-06-23T05:29:58.847318+00:00,https://api.mfapi.in/mf/119551
119551,SBI Bluechip,119551,Aditya Birla Sun Life Banking & PSU Debt Fund  - DIRECT - IDCW,Aditya Birla Sun Life Mutual Fund,Open Ended Schemes,Debt Scheme - Banking and PSU Fund,2022-01-17,121.0746,2026-06-23T05:29:58.847318+00:00,https://api.mfapi.in/mf/119551
119551,SBI Bluechip,119551,Aditya Birla Sun Life Banking & PSU Debt Fund  - DIRECT - IDCW,Aditya Birla Sun Life Mutual Fund,Open Ended Schemes,Debt Scheme - Banking and PSU Fund,2022-01-14,121.0906,2026-06-23T05:29:58.847318+00:00,https://api.mfapi.in/mf/119551
119551,SBI Bluechip,119551,Aditya Birla Sun Life Banking & PSU Debt Fund  - DIRECT - IDCW,Aditya Birla Sun Life Mutual Fund,Open Ended Schemes,Debt Scheme - Banking and PSU Fund,2022-01-13,121.0679,2026-06-23T05:29:58.847318+00:00,https://api.mfapi.in/mf/119551
119551,SBI Bluechip,119551,Aditya Birla Sun Life Banking & PSU Debt Fund  - DIRECT - IDCW,Aditya Birla Sun Life Mutual Fund,Open Ended Schemes,Debt Scheme - Banking and PSU Fund,2022-01-12,121.0236,2026-06-23T05:29:58.847318+00:00,https://api.mfapi.in/mf/119551
119551,SBI Bluechip,119551,Aditya Birla Sun Life Banking & PSU Debt Fund  - DIRECT - IDCW,Aditya Birla Sun Life Mutual Fund,Open Ended Schemes,Debt Scheme - Banking and PSU Fund,2022-01-11,120.9723,2026-06-23T05:29:58.847318+00:00,https://api.mfapi.in/mf/119551
119551,SBI Bluechip,119551,Aditya Birla Sun Life Banking & PSU Debt Fund  - DIRECT - IDCW,Aditya Birla Sun Life Mutual Fund,Open Ended Schemes,Debt Scheme - Banking and PSU Fund,2022-01-10,120.9198,2026-06-23T05:29:58.847318+00:00,https://api.mfapi.in/mf/119551
119551,SBI Bluechip,119551,Aditya Birla Sun Life Banking & PSU Debt Fund  - DIRECT - IDCW,Aditya Birla Sun Life Mutual Fund,Open Ended Schemes,Debt Scheme - Banking and PSU Fund,2022-01-07,120.9547,2026-06-23T05:29:58.847318+00:00,https://api.mfapi.in/mf/119551
119551,SBI Bluechip,119551,Aditya Birla Sun Life Banking & PSU Debt Fund  - DIRECT - IDCW,Aditya Birla Sun Life Mutual Fund,Open Ended Schemes,Debt Scheme - Banking and PSU Fund,2022-01-06,120.9577,2026-06-23T05:29:58.847318+00:00,https://api.mfapi.in/mf/119551
119551,SBI Bluechip,119551,Aditya Birla Sun Life Banking & PSU Debt Fund  - DIRECT - IDCW,Aditya Birla Sun Life Mutual Fund,Open Ended Schemes,Debt Scheme - Banking and PSU Fund,2022-01-05,120.9314,2026-06-23T05:29:58.847318+00:00,https://api.mfapi.in/mf/119551
119551,SBI Bluechip,119551,Aditya Birla Sun Life Banking & PSU Debt Fund  - DIRECT - IDCW,Aditya Birla Sun Life Mutual Fund,Open Ended Schemes,Debt Scheme - Banking and PSU Fund,2022-01-04,120.9326,2026-06-23T05:29:58.847318+00:00,https://api.mfapi.in/mf/119551
119551,SBI Bluechip,119551,Aditya Birla Sun Life Banking & PSU Debt Fund  - DIRECT - IDCW,Aditya Birla Sun Life Mutual Fund,Open Ended Schemes,Debt Scheme - Banking and PSU Fund,2022-01-03,120.9791,2026-06-23T05:29:58.847318+00:00,https://api.mfapi.in/mf/119551
119551,SBI Bluechip,119551,Aditya Birla Sun Life Banking & PSU Debt Fund  - DIRECT - IDCW,Aditya Birla Sun Life Mutual Fund,Open Ended Schemes,Debt Scheme - Banking and PSU Fund,2021-12-31,120.9424,2026-06-23T05:29:58.847318+00:00,https://api.mfapi.in/mf/119551
119551,SBI Bluechip,119551,Aditya Birla Sun Life Banking & PSU Debt Fund  - DIRECT - IDCW,Aditya Birla Sun Life Mutual Fund,Open Ended Schemes,Debt Scheme - Banking and PSU Fund,2021-12-30,120.9049,2026-06-23T05:29:58.847318+00:00,https://api.mfapi.in/mf/119551
119551,SBI Bluechip,119551,Aditya Birla Sun Life Banking & PSU Debt Fund  - DIRECT - IDCW,Aditya Birla Sun Life Mutual Fund,Open Ended Schemes,Debt Scheme - Banking and PSU Fund,2021-12-29,120.9039,2026-06-23T05:29:58.847318+00:00,https://api.mfapi.in/mf/119551
119551,SBI Bluechip,119551,Aditya Birla Sun Life Banking & PSU Debt Fund  - DIRECT - IDCW,Aditya Birla Sun Life Mutual Fund,Open Ended Schemes,Debt Scheme - Banking and PSU Fund,2021-12-28,120.8977,2026-06-23T05:29:58.847318+00:00,https://api.mfapi.in/mf/119551
119551,SBI Bluechip,119551,Aditya Birla Sun Life Banking & PSU Debt Fund  - DIRECT - IDCW,Aditya Birla Sun Life Mutual Fund,Open Ended Schemes,Debt Scheme - Banking and PSU Fund,2021-12-27,120.9367,2026-06-23T05:29:58.847318+00:00,https://api.mfapi.in/mf/119551
119551,SBI Bluechip,119551,Aditya Birla Sun Life Banking & PSU Debt Fund  - DIRECT - IDCW,Aditya Birla Sun Life Mutual Fund,Open Ended Schemes,Debt Scheme - Banking and PSU Fund,2021-12-24,120.886,2026-06-23T05:29:58.847318+00:00,https://api.mfapi.in/mf/119551
119551,SBI Bluechip,119551,Aditya Birla Sun Life Banking & PSU Debt Fund  - DIRECT - IDCW,Aditya Birla Sun Life Mutual Fund,Open Ended Schemes,Debt Scheme - Banking and PSU Fund,2021-12-23,120.8813,2026-06-23T05:29:58.847318+00:00,https://api.mfapi.in/mf/119551
119551,SBI Bluechip,119551,Aditya Birla Sun Life Banking & PSU Debt Fund  - DIRECT - IDCW,Aditya Birla Sun Life Mutual Fund,Open Ended Schemes,Debt Scheme - Banking and PSU Fund,2021-12-22,120.8645,2026-06-23T05:29:58.847318+00:00,https://api.mfapi.in/mf/119551
119551,SBI Bluechip,119551,Aditya Birla Sun Life Banking & PSU Debt Fund  - DIRECT - IDCW,Aditya Birla Sun Life Mutual Fund,Open Ended Schemes,Debt Scheme - Banking and PSU Fund,2021-12-21,132.1135,2026-06-23T05:29:58.847318+00:00,https://api.mfapi.in/mf/119551
119551,SBI Bluechip,119551,Aditya Birla Sun Life Banking & PSU Debt Fund  - DIRECT - IDCW,Aditya Birla Sun Life Mutual Fund,Open Ended Schemes,Debt Scheme - Banking and PSU Fund,2021-12-20,132.1983,2026-06-23T05:29:58.847318+00:00,https://api.mfapi.in/mf/119551
119551,SBI Bluechip,119551,Aditya Birla Sun Life Banking & PSU Debt Fund  - DIRECT - IDCW,Aditya Birla Sun Life Mutual Fund,Open Ended Schemes,Debt Scheme - Banking and PSU Fund,2021-12-17,132.2288,2026-06-23T05:29:58.847318+00:00,https://api.mfapi.in/mf/119551
119551,SBI Bluechip,119551,Aditya Birla Sun Life Banking & PSU Debt Fund  - DIRECT - IDCW,Aditya Birla Sun Life Mutual Fund,Open Ended Schemes,Debt Scheme - Banking and PSU Fund,2021-12-16,132.2637,2026-06-23T05:29:58.847318+00:00,https://api.mfapi.in/mf/119551
119551,SBI Bluechip,119551,Aditya Birla Sun Life Banking & PSU Debt Fund  - DIRECT - IDCW,Aditya Birla Sun Life Mutual Fund,Open Ended Schemes,Debt Scheme - Banking and PSU Fund,2021-12-15,132.2563,2026-06-23T05:29:58.847318+00:00,https://api.mfapi.in/mf/119551
119551,SBI Bluechip,119551,Aditya Birla Sun Life Banking & PSU Debt Fund  - DIRECT - IDCW,Aditya Birla Sun Life Mutual Fund,Open Ended Schemes,Debt Scheme - Banking and PSU Fund,2021-12-14,132.2368,2026-06-23T05:29:58.847318+00:00,https://api.mfapi.in/mf/119551
119551,SBI Bluechip,119551,Aditya Birla Sun Life Banking & PSU Debt Fund  - DIRECT - IDCW,Aditya Birla Sun Life Mutual Fund,Open Ended Schemes,Debt Scheme - Banking and PSU Fund,2021-12-13,132.1789,2026-06-23T05:29:58.847318+00:00,https://api.mfapi.in/mf/119551
119551,SBI Bluechip,119551,Aditya Birla Sun Life Banking & PSU Debt Fund  - DIRECT - IDCW,Aditya Birla Sun Life Mutual Fund,Open Ended Schemes,Debt Scheme - Banking and PSU Fund,2021-12-10,132.1656,2026-06-23T05:29:58.847318+00:00,https://api.mfapi.in/mf/119551
119551,SBI Bluechip,119551,Aditya Birla Sun Life Banking & PSU Debt Fund  - DIRECT - IDCW,Aditya Birla Sun Life Mutual Fund,Open Ended Schemes,Debt Scheme - Banking and PSU Fund,2021-12-09,132.162,2026-06-23T05:29:58.847318+00:00,https://api.mfapi.in/mf/119551
119551,SBI Bluechip,119551,Aditya Birla Sun Life Banking & PSU Debt Fund  - DIRECT - IDCW,Aditya Birla Sun Life Mutual Fund,Open Ended Schemes,Debt Scheme - Banking and PSU Fund,2021-12-08,132.1611,2026-06-23T05:29:58.847318+00:00,https://api.mfapi.in/mf/119551
119551,SBI Bluechip,119551,Aditya Birla Sun Life Banking & PSU Debt Fund  - DIRECT - IDCW,Aditya Birla Sun Life Mutual Fund,Open Ended Schemes,Debt Scheme - Banking and PSU Fund,2021-12-07,132.0998,2026-06-23T05:29:58.847318+00:00,https://api.mfapi.in/mf/119551
119551,SBI Bluechip,119551,Aditya Birla Sun Life Banking & PSU Debt Fund  - DIRECT - IDCW,Aditya Birla Sun Life Mutual Fund,Open Ended Schemes,Debt Scheme - Banking and PSU Fund,2021-12-06,132.0903,2026-06-23T05:29:58.847318+00:00,https://api.mfapi.in/mf/119551
119551,SBI Bluechip,119551,Aditya Birla Sun Life Banking & PSU Debt Fund  - DIRECT - IDCW,Aditya Birla Sun Life Mutual Fund,Open Ended Schemes,Debt Scheme - Banking and PSU Fund,2021-12-03,132.0162,2026-06-23T05:29:58.847318+00:00,https://api.mfapi.in/mf/119551
119551,SBI Bluechip,119551,Aditya Birla Sun Life Banking & PSU Debt Fund  - DIRECT - IDCW,Aditya Birla Sun Life Mutual Fund,Open Ended Schemes,Debt Scheme - Banking and PSU Fund,2021-12-02,132.0146,2026-06-23T05:29:58.847318+00:00,https://api.mfapi.in/mf/119551
119551,SBI Bluechip,119551,Aditya Birla Sun Life Banking & PSU Debt Fund  - DIRECT - IDCW,Aditya Birla Sun Life Mutual Fund,Open Ended Schemes,Debt Scheme - Banking and PSU Fund,2021-12-01,131.9697,2026-06-23T05:29:58.847318+00:00,https://api.mfapi.in/mf/119551
119551,SBI Bluechip,119551,Aditya Birla Sun Life Banking & PSU Debt Fund  - DIRECT - IDCW,Aditya Birla Sun Life Mutual Fund,Open Ended Schemes,Debt Scheme - Banking and PSU Fund,2021-11-30,131.9668,2026-06-23T05:29:58.847318+00:00,https://api.mfapi.in/mf/119551
119551,SBI Bluechip,119551,Aditya Birla Sun Life Banking & PSU Debt Fund  - DIRECT - IDCW,Aditya Birla Sun Life Mutual Fund,Open Ended Schemes,Debt Scheme - Banking and PSU Fund,2021-11-29,131.9194,2026-06-23T05:29:58.847318+00:00,https://api.mfapi.in/mf/119551
119551,SBI Bluechip,119551,Aditya Birla Sun Life Banking & PSU Debt Fund  - DIRECT - IDCW,Aditya Birla Sun Life Mutual Fund,Open Ended Schemes,Debt Scheme - Banking and PSU Fund,2021-11-26,131.8818,2026-06-23T05:29:58.847318+00:00,https://api.mfapi.in/mf/119551
119551,SBI Bluechip,119551,Aditya Birla Sun Life Banking & PSU Debt Fund  - DIRECT - IDCW,Aditya Birla Sun Life Mutual Fund,Open Ended Schemes,Debt Scheme - Banking and PSU Fund,2021-11-25,131.8704,2026-06-23T05:29:58.847318+00:00,https://api.mfapi.in/mf/119551
119551,SBI Bluechip,119551,Aditya Birla Sun Life Banking & PSU Debt Fund  - DIRECT - IDCW,Aditya Birla Sun Life Mutual Fund,Open Ended Schemes,Debt Scheme - Banking and PSU Fund,2021-11-24,131.8645,2026-06-23T05:29:58.847318+00:00,https://api.mfapi.in/mf/119551
119551,SBI Bluechip,119551,Aditya Birla Sun Life Banking & PSU Debt Fund  - DIRECT - IDCW,Aditya Birla Sun Life Mutual Fund,Open Ended Schemes,Debt Scheme - Banking and PSU Fund,2021-11-23,131.8686,2026-06-23T05:29:58.847318+00:00,https://api.mfapi.in/mf/119551
119551,SBI Bluechip,119551,Aditya Birla Sun Life Banking & PSU Debt Fund  - DIRECT - IDCW,Aditya Birla Sun Life Mutual Fund,Open Ended Schemes,Debt Scheme - Banking and PSU Fund,2021-11-22,131.858,2026-06-23T05:29:58.847318+00:00,https://api.mfapi.in/mf/119551
119551,SBI Bluechip,119551,Aditya Birla Sun Life Banking & PSU Debt Fund  - DIRECT - IDCW,Aditya Birla Sun Life Mutual Fund,Open Ended Schemes,Debt Scheme - Banking and PSU Fund,2021-11-18,131.7944,2026-06-23T05:29:58.847318+00:00,https://api.mfapi.in/mf/119551
119551,SBI Bluechip,119551,Aditya Birla Sun Life Banking & PSU Debt Fund  - DIRECT - IDCW,Aditya Birla Sun Life Mutual Fund,Open Ended Schemes,Debt Scheme - Banking and PSU Fund,2021-11-17,131.7489,2026-06-23T05:29:58.847318+00:00,https://api.mfapi.in/mf/119551
119551,SBI Bluechip,119551,Aditya Birla Sun Life Banking & PSU Debt Fund  - DIRECT - IDCW,Aditya Birla Sun Life Mutual Fund,Open Ended Schemes,Debt Scheme - Banking and PSU Fund,2021-11-16,131.7479,2026-06-23T05:29:58.847318+00:00,https://api.mfapi.in/mf/119551
119551,SBI Bluechip,119551,Aditya Birla Sun Life Banking & PSU Debt Fund  - DIRECT - IDCW,Aditya Birla Sun Life Mutual Fund,Open Ended Schemes,Debt Scheme - Banking and PSU Fund,2021-11-15,131.7417,2026-06-23T05:29:58.847318+00:00,https://api.mfapi.in/mf/119551
119551,SBI Bluechip,119551,Aditya Birla Sun Life Banking & PSU Debt Fund  - DIRECT - IDCW,Aditya Birla Sun Life Mutual Fund,Open Ended Schemes,Debt Scheme - Banking and PSU Fund,2021-11-12,131.6894,2026-06-23T05:29:58.847318+00:00,https://api.mfapi.in/mf/119551
119551,SBI Bluechip,119551,Aditya Birla Sun Life Banking & PSU Debt Fund  - DIRECT - IDCW,Aditya Birla Sun Life Mutual Fund,Open Ended Schemes,Debt Scheme - Banking and PSU Fund,2021-11-11,131.6866,2026-06-23T05:29:58.847318+00:00,https://api.mfapi.in/mf/119551
119551,SBI Bluechip,119551,Aditya Birla Sun Life Banking & PSU Debt Fund  - DIRECT - IDCW,Aditya Birla Sun Life Mutual Fund,Open Ended Schemes,Debt Scheme - Banking and PSU Fund,2021-11-10,131.659,2026-06-23T05:29:58.847318+00:00,https://api.mfapi.in/mf/119551
119551,SBI Bluechip,119551,Aditya Birla Sun Life Banking & PSU Debt Fund  - DIRECT - IDCW,Aditya Birla Sun Life Mutual Fund,Open Ended Schemes,Debt Scheme - Banking and PSU Fund,2021-11-09,131.6599,2026-06-23T05:29:58.847318+00:00,https://api.mfapi.in/mf/119551
119551,SBI Bluechip,119551,Aditya Birla Sun Life Banking & PSU Debt Fund  - DIRECT - IDCW,Aditya Birla Sun Life Mutual Fund,Open Ended Schemes,Debt Scheme - Banking and PSU Fund,2021-11-08,131.6163,2026-06-23T05:29:58.847318+00:00,https://api.mfapi.in/mf/119551
119551,SBI Bluechip,119551,Aditya Birla Sun Life Banking & PSU Debt Fund  - DIRECT - IDCW,Aditya Birla Sun Life Mutual Fund,Open Ended Schemes,Debt Scheme - Banking and PSU Fund,2021-11-03,131.4386,2026-06-23T05:29:58.847318+00:00,https://api.mfapi.in/mf/119551
119551,SBI Bluechip,119551,Aditya Birla Sun Life Banking & PSU Debt Fund  - DIRECT - IDCW,Aditya Birla Sun Life Mutual Fund,Open Ended Schemes,Debt Scheme - Banking and PSU Fund,2021-11-02,131.3907,2026-06-23T05:29:58.847318+00:00,https://api.mfapi.in/mf/119551
119551,SBI Bluechip,119551,Aditya Birla Sun Life Banking & PSU Debt Fund  - DIRECT - IDCW,Aditya Birla Sun Life Mutual Fund,Open Ended Schemes,Debt Scheme - Banking and PSU Fund,2021-11-01,131.3951,2026-06-23T05:29:58.847318+00:00,https://api.mfapi.in/mf/119551
119551,SBI Bluechip,119551,Aditya Birla Sun Life Banking & PSU Debt Fund  - DIRECT - IDCW,Aditya Birla Sun Life Mutual Fund,Open Ended Schemes,Debt Scheme - Banking and PSU Fund,2021-10-29,131.3687,2026-06-23T05:29:58.847318+00:00,https://api.mfapi.in/mf/119551
119551,SBI Bluechip,119551,Aditya Birla Sun Life Banking & PSU Debt Fund  - DIRECT - IDCW,Aditya Birla Sun Life Mutual Fund,Open Ended Schemes,Debt Scheme - Banking and PSU Fund,2021-10-28,131.396,2026-06-23T05:29:58.847318+00:00,https://api.mfapi.in/mf/119551
119551,SBI Bluechip,119551,Aditya Birla Sun Life Banking & PSU Debt Fund  - DIRECT - IDCW,Aditya Birla Sun Life Mutual Fund,Open Ended Schemes,Debt Scheme - Banking and PSU Fund,2021-10-27,131.4254,2026-06-23T05:29:58.847318+00:00,https://api.mfapi.in/mf/119551
119551,SBI Bluechip,119551,Aditya Birla Sun Life Banking & PSU Debt Fund  - DIRECT - IDCW,Aditya Birla Sun Life Mutual Fund,Open Ended Schemes,Debt Scheme - Banking and PSU Fund,2021-10-26,131.4286,2026-06-23T05:29:58.847318+00:00,https://api.mfapi.in/mf/119551
119551,SBI Bluechip,119551,Aditya Birla Sun Life Banking & PSU Debt Fund  - DIRECT - IDCW,Aditya Birla Sun Life Mutual Fund,Open Ended Schemes,Debt Scheme - Banking and PSU Fund,2021-10-25,131.5009,2026-06-23T05:29:58.847318+00:00,https://api.mfapi.in/mf/119551
119551,SBI Bluechip,119551,Aditya Birla Sun Life Banking & PSU Debt Fund  - DIRECT - IDCW,Aditya Birla Sun Life Mutual Fund,Open Ended Schemes,Debt Scheme - Banking and PSU Fund,2021-10-22,131.4697,2026-06-23T05:29:58.847318+00:00,https://api.mfapi.in/mf/119551
119551,SBI Bluechip,119551,Aditya Birla Sun Life Banking & PSU Debt Fund  - DIRECT - IDCW,Aditya Birla Sun Life Mutual Fund,Open Ended Schemes,Debt Scheme - Banking and PSU Fund,2021-10-21,131.4413,2026-06-23T05:29:58.847318+00:00,https://api.mfapi.in/mf/119551
119551,SBI Bluechip,119551,Aditya Birla Sun Life Banking & PSU Debt Fund  - DIRECT - IDCW,Aditya Birla Sun Life Mutual Fund,Open Ended Schemes,Debt Scheme - Banking and PSU Fund,2021-10-20,131.3437,2026-06-23T05:29:58.847318+00:00,https://api.mfapi.in/mf/119551
119551,SBI Bluechip,119551,Aditya Birla Sun Life Banking & PSU Debt Fund  - DIRECT - IDCW,Aditya Birla Sun Life Mutual Fund,Open Ended Schemes,Debt Scheme - Banking and PSU Fund,2021-10-18,131.3686,2026-06-23T05:29:58.847318+00:00,https://api.mfapi.in/mf/119551
119551,SBI Bluechip,119551,Aditya Birla Sun Life Banking & PSU Debt Fund  - DIRECT - IDCW,Aditya Birla Sun Life Mutual Fund,Open Ended Schemes,Debt Scheme - Banking and PSU Fund,2021-10-14,131.3603,2026-06-23T05:29:58.847318+00:00,https://api.mfapi.in/mf/119551
119551,SBI Bluechip,119551,Aditya Birla Sun Life Banking & PSU Debt Fund  - DIRECT - IDCW,Aditya Birla Sun Life Mutual Fund,Open Ended Schemes,Debt Scheme - Banking and PSU Fund,2021-10-13,131.3582,2026-06-23T05:29:58.847318+00:00,https://api.mfapi.in/mf/119551
119551,SBI Bluechip,119551,Aditya Birla Sun Life Banking & PSU Debt Fund  - DIRECT - IDCW,Aditya Birla Sun Life Mutual Fund,Open Ended Schemes,Debt Scheme - Banking and PSU Fund,2021-10-12,131.2981,2026-06-23T05:29:58.847318+00:00,https://api.mfapi.in/mf/119551
119551,SBI Bluechip,119551,Aditya Birla Sun Life Banking & PSU Debt Fund  - DIRECT - IDCW,Aditya Birla Sun Life Mutual Fund,Open Ended Schemes,Debt Scheme - Banking and PSU Fund,2021-10-11,131.2562,2026-06-23T05:29:58.847318+00:00,https://api.mfapi.in/mf/119551
119551,SBI Bluechip,119551,Aditya Birla Sun Life Banking & PSU Debt Fund  - DIRECT - IDCW,Aditya Birla Sun Life Mutual Fund,Open Ended Schemes,Debt Scheme - Banking and PSU Fund,2021-10-08,131.2335,2026-06-23T05:29:58.847318+00:00,https://api.mfapi.in/mf/119551
119551,SBI Bluechip,119551,Aditya Birla Sun Life Banking & PSU Debt Fund  - DIRECT - IDCW,Aditya Birla Sun Life Mutual Fund,Open Ended Schemes,Debt Scheme - Banking and PSU Fund,2021-10-07,131.2265,2026-06-23T05:29:58.847318+00:00,https://api.mfapi.in/mf/119551
119551,SBI Bluechip,119551,Aditya Birla Sun Life Banking & PSU Debt Fund  - DIRECT - IDCW,Aditya Birla Sun Life Mutual Fund,Open Ended Schemes,Debt Scheme - Banking and PSU Fund,2021-10-06,131.2459,2026-06-23T05:29:58.847318+00:00,https://api.mfapi.in/mf/119551
119551,SBI Bluechip,119551,Aditya Birla Sun Life Banking & PSU Debt Fund  - DIRECT - IDCW,Aditya Birla Sun Life Mutual Fund,Open Ended Schemes,Debt Scheme - Banking and PSU Fund,2021-10-05,131.2616,2026-06-23T05:29:58.847318+00:00,https://api.mfapi.in/mf/119551
119551,SBI Bluechip,119551,Aditya Birla Sun Life Banking & PSU Debt Fund  - DIRECT - IDCW,Aditya Birla Sun Life Mutual Fund,Open Ended Schemes,Debt Scheme - Banking and PSU Fund,2021-10-04,131.3094,2026-06-23T05:29:58.847318+00:00,https://api.mfapi.in/mf/119551
119551,SBI Bluechip,119551,Aditya Birla Sun Life Banking & PSU Debt Fund  - DIRECT - IDCW,Aditya Birla Sun Life Mutual Fund,Open Ended Schemes,Debt Scheme - Banking and PSU Fund,2021-10-01,131.2393,2026-06-23T05:29:58.847318+00:00,https://api.mfapi.in/mf/119551
119551,SBI Bluechip,119551,Aditya Birla Sun Life Banking & PSU Debt Fund  - DIRECT - IDCW,Aditya Birla Sun Life Mutual Fund,Open Ended Schemes,Debt Scheme - Banking and PSU Fund,2021-09-30,131.2526,2026-06-23T05:29:58.847318+00:00,https://api.mfapi.in/mf/119551
119551,SBI Bluechip,119551,Aditya Birla Sun Life Banking & PSU Debt Fund  - DIRECT - IDCW,Aditya Birla Sun Life Mutual Fund,Open Ended Schemes,Debt Scheme - Banking and PSU Fund,2021-09-29,131.2328,2026-06-23T05:29:58.847318+00:00,https://api.mfapi.in/mf/119551
119551,SBI Bluechip,119551,Aditya Birla Sun Life Banking & PSU Debt Fund  - DIRECT - IDCW,Aditya Birla Sun Life Mutual Fund,Open Ended Schemes,Debt Scheme - Banking and PSU Fund,2021-09-28,131.3044,2026-06-23T05:29:58.847318+00:00,https://api.mfapi.in/mf/119551
119551,SBI Bluechip,119551,Aditya Birla Sun Life Banking & PSU Debt Fund  - DIRECT - IDCW,Aditya Birla Sun Life Mutual Fund,Open Ended Schemes,Debt Scheme - Banking and PSU Fund,2021-09-27,131.258,2026-06-23T05:29:58.847318+00:00,https://api.mfapi.in/mf/119551
119551,SBI Bluechip,119551,Aditya Birla Sun Life Banking & PSU Debt Fund  - DIRECT - IDCW,Aditya Birla Sun Life Mutual Fund,Open Ended Schemes,Debt Scheme - Banking and PSU Fund,2021-09-24,131.2694,2026-06-23T05:29:58.847318+00:00,https://api.mfapi.in/mf/119551
119551,SBI Bluechip,119551,Aditya Birla Sun Life Banking & PSU Debt Fund  - DIRECT - IDCW,Aditya Birla Sun Life Mutual Fund,Open Ended Schemes,Debt Scheme - Banking and PSU Fund,2021-09-23,131.3554,2026-06-23T05:29:58.847318+00:00,https://api.mfapi.in/mf/119551
119551,SBI Bluechip,119551,Aditya Birla Sun Life Banking & PSU Debt Fund  - DIRECT - IDCW,Aditya Birla Sun Life Mutual Fund,Open Ended Schemes,Debt Scheme - Banking and PSU Fund,2021-09-22,131.3513,2026-06-23T05:29:58.847318+00:00,https://api.mfapi.in/mf/119551
119551,SBI Bluechip,119551,Aditya Birla Sun Life Banking & PSU Debt Fund  - DIRECT - IDCW,Aditya Birla Sun Life Mutual Fund,Open Ended Schemes,Debt Scheme - Banking and PSU Fund,2021-09-21,131.3316,2026-06-23T05:29:58.847318+00:00,https://api.mfapi.in/mf/119551
119551,SBI Bluechip,119551,Aditya Birla Sun Life Banking & PSU Debt Fund  - DIRECT - IDCW,Aditya Birla Sun Life Mutual Fund,Open Ended Schemes,Debt Scheme - Banking and PSU Fund,2021-09-20,131.3222,2026-06-23T05:29:58.847318+00:00,https://api.mfapi.in/mf/119551
119551,SBI Bluechip,119551,Aditya Birla Sun Life Banking & PSU Debt Fund  - DIRECT - IDCW,Aditya Birla Sun Life Mutual Fund,Open Ended Schemes,Debt Scheme - Banking and PSU Fund,2021-09-17,131.2591,2026-06-23T05:29:58.847318+00:00,https://api.mfapi.in/mf/119551
119551,SBI Bluechip,119551,Aditya Birla Sun Life Banking & PSU Debt Fund  - DIRECT - IDCW,Aditya Birla Sun Life Mutual Fund,Open Ended Schemes,Debt Scheme - Banking and PSU Fund,2021-09-16,131.2345,2026-06-23T05:29:58.847318+00:00,https://api.mfapi.in/mf/119551
119551,SBI Bluechip,119551,Aditya Birla Sun Life Banking & PSU Debt Fund  - DIRECT - IDCW,Aditya Birla Sun Life Mutual Fund,Open Ended Schemes,Debt Scheme - Banking and PSU Fund,2021-09-15,131.1996,2026-06-23T05:29:58.847318+00:00,https://api.mfapi.in/mf/119551
119551,SBI Bluechip,119551,Aditya Birla Sun Life Banking & PSU Debt Fund  - DIRECT - IDCW,Aditya Birla Sun Life Mutual Fund,Open Ended Schemes,Debt Scheme - Banking and PSU Fund,2021-09-14,144.1251,2026-06-23T05:29:58.847318+00:00,https://api.mfapi.in/mf/119551
119551,SBI Bluechip,119551,Aditya Birla Sun Life Banking & PSU Debt Fund  - DIRECT - IDCW,Aditya Birla Sun Life Mutual Fund,Open Ended Schemes,Debt Scheme - Banking and PSU Fund,2021-09-13,144.1118,2026-06-23T05:29:58.847318+00:00,https://api.mfapi.in/mf/119551
119551,SBI Bluechip,119551,Aditya Birla Sun Life Banking & PSU Debt Fund  - DIRECT - IDCW,Aditya Birla Sun Life Mutual Fund,Open Ended Schemes,Debt Scheme - Banking and PSU Fund,2021-09-09,144.0574,2026-06-23T05:29:58.847318+00:00,https://api.mfapi.in/mf/119551
119551,SBI Bluechip,119551,Aditya Birla Sun Life Banking & PSU Debt Fund  - DIRECT - IDCW,Aditya Birla Sun Life Mutual Fund,Open Ended Schemes,Debt Scheme - Banking and PSU Fund,2021-09-08,144.0275,2026-06-23T05:29:58.847318+00:00,https://api.mfapi.in/mf/119551
119551,SBI Bluechip,119551,Aditya Birla Sun Life Banking & PSU Debt Fund  - DIRECT - IDCW,Aditya Birla Sun Life Mutual Fund,Open Ended Schemes,Debt Scheme - Banking and PSU Fund,2021-09-07,144.0042,2026-06-23T05:29:58.847318+00:00,https://api.mfapi.in/mf/119551
119551,SBI Bluechip,119551,Aditya Birla Sun Life Banking & PSU Debt Fund  - DIRECT - IDCW,Aditya Birla Sun Life Mutual Fund,Open Ended Schemes,Debt Scheme - Banking and PSU Fund,2021-09-06,144.0148,2026-06-23T05:29:58.847318+00:00,https://api.mfapi.in/mf/119551
119551,SBI Bluechip,119551,Aditya Birla Sun Life Banking & PSU Debt Fund  - DIRECT - IDCW,Aditya Birla Sun Life Mutual Fund,Open Ended Schemes,Debt Scheme - Banking and PSU Fund,2021-09-03,143.9699,2026-06-23T05:29:58.847318+00:00,https://api.mfapi.in/mf/119551
119551,SBI Bluechip,119551,Aditya Birla Sun Life Banking & PSU Debt Fund  - DIRECT - IDCW,Aditya Birla Sun Life Mutual Fund,Open Ended Schemes,Debt Scheme - Banking and PSU Fund,2021-09-02,143.9444,2026-06-23T05:29:58.847318+00:00,https://api.mfapi.in/mf/119551
119551,SBI Bluechip,119551,Aditya Birla Sun Life Banking & PSU Debt Fund  - DIRECT - IDCW,Aditya Birla Sun Life Mutual Fund,Open Ended Schemes,Debt Scheme - Banking and PSU Fund,2021-09-01,143.8746,2026-06-23T05:29:58.847318+00:00,https://api.mfapi.in/mf/119551
119551,SBI Bluechip,119551,Aditya Birla Sun Life Banking & PSU Debt Fund  - DIRECT - IDCW,Aditya Birla Sun Life Mutual Fund,Open Ended Schemes,Debt Scheme - Banking and PSU Fund,2021-08-31,143.7984,2026-06-23T05:29:58.847318+00:00,https://api.mfapi.in/mf/119551
119551,SBI Bluechip,119551,Aditya Birla Sun Life Banking & PSU Debt Fund  - DIRECT - IDCW,Aditya Birla Sun Life Mutual Fund,Open Ended Schemes,Debt Scheme - Banking and PSU Fund,2021-08-30,143.7535,2026-06-23T05:29:58.847318+00:00,https://api.mfapi.in/mf/119551
119551,SBI Bluechip,119551,Aditya Birla Sun Life Banking & PSU Debt Fund  - DIRECT - IDCW,Aditya Birla Sun Life Mutual Fund,Open Ended Schemes,Debt Scheme - Banking and PSU Fund,2021-08-27,143.6277,2026-06-23T05:29:58.847318+00:00,https://api.mfapi.in/mf/119551
119551,SBI Bluechip,119551,Aditya Birla Sun Life Banking & PSU Debt Fund  - DIRECT - IDCW,Aditya Birla Sun Life Mutual Fund,Open Ended Schemes,Debt Scheme - Banking and PSU Fund,2021-08-26,143.5893,2026-06-23T05:29:58.847318+00:00,https://api.mfapi.in/mf/119551
119551,SBI Bluechip,119551,Aditya Birla Sun Life Banking & PSU Debt Fund  - DIRECT - IDCW,Aditya Birla Sun Life Mutual Fund,Open Ended Schemes,Debt Scheme - Banking and PSU Fund,2021-08-25,143.5853,2026-06-23T05:29:58.847318+00:00,https://api.mfapi.in/mf/119551
119551,SBI Bluechip,119551,Aditya Birla Sun Life Banking & PSU Debt Fund  - DIRECT - IDCW,Aditya Birla Sun Life Mutual Fund,Open Ended Schemes,Debt Scheme - Banking and PSU Fund,2021-08-24,143.5629,2026-06-23T05:29:58.847318+00:00,https://api.mfapi.in/mf/119551
119551,SBI Bluechip,119551,Aditya Birla Sun Life Banking & PSU Debt Fund  - DIRECT - IDCW,Aditya Birla Sun Life Mutual Fund,Open Ended Schemes,Debt Scheme - Banking and PSU Fund,2021-08-23,143.5597,2026-06-23T05:29:58.847318+00:00,https://api.mfapi.in/mf/119551
119551,SBI Bluechip,119551,Aditya Birla Sun Life Banking & PSU Debt Fund  - DIRECT - IDCW,Aditya Birla Sun Life Mutual Fund,Open Ended Schemes,Debt Scheme - Banking and PSU Fund,2021-08-20,143.5164,2026-06-23T05:29:58.847318+00:00,https://api.mfapi.in/mf/119551
119551,SBI Bluechip,119551,Aditya Birla Sun Life Banking & PSU Debt Fund  - DIRECT - IDCW,Aditya Birla Sun Life Mutual Fund,Open Ended Schemes,Debt Scheme - Banking and PSU Fund,2021-08-18,143.4818,2026-06-23T05:29:58.847318+00:00,https://api.mfapi.in/mf/119551
119551,SBI Bluechip,119551,Aditya Birla Sun Life Banking & PSU Debt Fund  - DIRECT - IDCW,Aditya Birla Sun Life Mutual Fund,Open Ended Schemes,Debt Scheme - Banking and PSU Fund,2021-08-17,143.3696,2026-06-23T05:29:58.847318+00:00,https://api.mfapi.in/mf/119551
119551,SBI Bluechip,119551,Aditya Birla Sun Life Banking & PSU Debt Fund  - DIRECT - IDCW,Aditya Birla Sun Life Mutual Fund,Open Ended Schemes,Debt Scheme - Banking and PSU Fund,2021-08-13,143.2392,2026-06-23T05:29:58.847318+00:00,https://api.mfapi.in/mf/119551
119551,SBI Bluechip,119551,Aditya Birla Sun Life Banking & PSU Debt Fund  - DIRECT - IDCW,Aditya Birla Sun Life Mutual Fund,Open Ended Schemes,Debt Scheme - Banking and PSU Fund,2021-08-12,143.136,2026-06-23T05:29:58.847318+00:00,https://api.mfapi.in/mf/119551
119551,SBI Bluechip,119551,Aditya Birla Sun Life Banking & PSU Debt Fund  - DIRECT - IDCW,Aditya Birla Sun Life Mutual Fund,Open Ended Schemes,Debt Scheme - Banking and PSU Fund,2021-08-11,143.0625,2026-06-23T05:29:58.847318+00:00,https://api.mfapi.in/mf/119551
119551,SBI Bluechip,119551,Aditya Birla Sun Life Banking & PSU Debt Fund  - DIRECT - IDCW,Aditya Birla Sun Life Mutual Fund,Open Ended Schemes,Debt Scheme - Banking and PSU Fund,2021-08-10,143.0486,2026-06-23T05:29:58.847318+00:00,https://api.mfapi.in/mf/119551
119551,SBI Bluechip,119551,Aditya Birla Sun Life Banking & PSU Debt Fund  - DIRECT - IDCW,Aditya Birla Sun Life Mutual Fund,Open Ended Schemes,Debt Scheme - Banking and PSU Fund,2021-08-09,142.9661,2026-06-23T05:29:58.847318+00:00,https://api.mfapi.in/mf/119551
119551,SBI Bluechip,119551,Aditya Birla Sun Life Banking & PSU Debt Fund  - DIRECT - IDCW,Aditya Birla Sun Life Mutual Fund,Open Ended Schemes,Debt Scheme - Banking and PSU Fund,2021-08-06,142.91,2026-06-23T05:29:58.847318+00:00,https://api.mfapi.in/mf/119551
119551,SBI Bluechip,119551,Aditya Birla Sun Life Banking & PSU Debt Fund  - DIRECT - IDCW,Aditya Birla Sun Life Mutual Fund,Open Ended Schemes,Debt Scheme - Banking and PSU Fund,2021-08-05,143.021,2026-06-23T05:29:58.847318+00:00,https://api.mfapi.in/mf/119551
119551,SBI Bluechip,119551,Aditya Birla Sun Life Banking & PSU Debt Fund  - DIRECT - IDCW,Aditya Birla Sun Life Mutual Fund,Open Ended Schemes,Debt Scheme - Banking and PSU Fund,2021-08-04,142.9647,2026-06-23T05:29:58.847318+00:00,https://api.mfapi.in/mf/119551
119551,SBI Bluechip,119551,Aditya Birla Sun Life Banking & PSU Debt Fund  - DIRECT - IDCW,Aditya Birla Sun Life Mutual Fund,Open Ended Schemes,Debt Scheme - Banking and PSU Fund,2021-08-03,142.9404,2026-06-23T05:29:58.847318+00:00,https://api.mfapi.in/mf/119551
119551,SBI Bluechip,119551,Aditya Birla Sun Life Banking & PSU Debt Fund  - DIRECT - IDCW,Aditya Birla Sun Life Mutual Fund,Open Ended Schemes,Debt Scheme - Banking and PSU Fund,2021-08-02,142.9005,2026-06-23T05:29:58.847318+00:00,https://api.mfapi.in/mf/119551
119551,SBI Bluechip,119551,Aditya Birla Sun Life Banking & PSU Debt Fund  - DIRECT - IDCW,Aditya Birla Sun Life Mutual Fund,Open Ended Schemes,Debt Scheme - Banking and PSU Fund,2021-07-30,142.839,2026-06-23T05:29:58.847318+00:00,https://api.mfapi.in/mf/119551
119551,SBI Bluechip,119551,Aditya Birla Sun Life Banking & PSU Debt Fund  - DIRECT - IDCW,Aditya Birla Sun Life Mutual Fund,Open Ended Schemes,Debt Scheme - Banking and PSU Fund,2021-07-29,142.8184,2026-06-23T05:29:58.847318+00:00,https://api.mfapi.in/mf/119551
119551,SBI Bluechip,119551,Aditya Birla Sun Life Banking & PSU Debt Fund  - DIRECT - IDCW,Aditya Birla Sun Life Mutual Fund,Open Ended Schemes,Debt Scheme - Banking and PSU Fund,2021-07-28,142.8006,2026-06-23T05:29:58.847318+00:00,https://api.mfapi.in/mf/119551
119551,SBI Bluechip,119551,Aditya Birla Sun Life Banking & PSU Debt Fund  - DIRECT - IDCW,Aditya Birla Sun Life Mutual Fund,Open Ended Schemes,Debt Scheme - Banking and PSU Fund,2021-07-27,142.7747,2026-06-23T05:29:58.847318+00:00,https://api.mfapi.in/mf/119551
119551,SBI Bluechip,119551,Aditya Birla Sun Life Banking & PSU Debt Fund  - DIRECT - IDCW,Aditya Birla Sun Life Mutual Fund,Open Ended Schemes,Debt Scheme - Banking and PSU Fund,2021-07-26,142.719,2026-06-23T05:29:58.847318+00:00,https://api.mfapi.in/mf/119551
119551,SBI Bluechip,119551,Aditya Birla Sun Life Banking & PSU Debt Fund  - DIRECT - IDCW,Aditya Birla Sun Life Mutual Fund,Open Ended Schemes,Debt Scheme - Banking and PSU Fund,2021-07-23,142.6218,2026-06-23T05:29:58.847318+00:00,https://api.mfapi.in/mf/119551
119551,SBI Bluechip,119551,Aditya Birla Sun Life Banking & PSU Debt Fund  - DIRECT - IDCW,Aditya Birla Sun Life Mutual Fund,Open Ended Schemes,Debt Scheme - Banking and PSU Fund,2021-07-22,142.6239,2026-06-23T05:29:58.847318+00:00,https://api.mfapi.in/mf/119551
119551,SBI Bluechip,119551,Aditya Birla Sun Life Banking & PSU Debt Fund  - DIRECT - IDCW,Aditya Birla Sun Life Mutual Fund,Open Ended Schemes,Debt Scheme - Banking and PSU Fund,2021-07-20,142.6213,2026-06-23T05:29:58.847318+00:00,https://api.mfapi.in/mf/119551
119551,SBI Bluechip,119551,Aditya Birla Sun Life Banking & PSU Debt Fund  - DIRECT - IDCW,Aditya Birla Sun Life Mutual Fund,Open Ended Schemes,Debt Scheme - Banking and PSU Fund,2021-07-19,142.5654,2026-06-23T05:29:58.847318+00:00,https://api.mfapi.in/mf/119551
119551,SBI Bluechip,119551,Aditya Birla Sun Life Banking & PSU Debt Fund  - DIRECT - IDCW,Aditya Birla Sun Life Mutual Fund,Open Ended Schemes,Debt Scheme - Banking and PSU Fund,2021-07-16,142.5092,2026-06-23T05:29:58.847318+00:00,https://api.mfapi.in/mf/119551
119551,SBI Bluechip,119551,Aditya Birla Sun Life Banking & PSU Debt Fund  - DIRECT - IDCW,Aditya Birla Sun Life Mutual Fund,Open Ended Schemes,Debt Scheme - Banking and PSU Fund,2021-07-15,142.3806,2026-06-23T05:29:58.847318+00:00,https://api.mfapi.in/mf/119551
119551,SBI Bluechip,119551,Aditya Birla Sun Life Banking & PSU Debt Fund  - DIRECT - IDCW,Aditya Birla Sun Life Mutual Fund,Open Ended Schemes,Debt Scheme - Banking and PSU Fund,2021-07-14,142.2968,2026-06-23T05:29:58.847318+00:00,https://api.mfapi.in/mf/119551
119551,SBI Bluechip,119551,Aditya Birla Sun Life Banking & PSU Debt Fund  - DIRECT - IDCW,Aditya Birla Sun Life Mutual Fund,Open Ended Schemes,Debt Scheme - Banking and PSU Fund,2021-07-13,142.2948,2026-06-23T05:29:58.847318+00:00,https://api.mfapi.in/mf/119551
119551,SBI Bluechip,119551,Aditya Birla Sun Life Banking & PSU Debt Fund  - DIRECT - IDCW,Aditya Birla Sun Life Mutual Fund,Open Ended Schemes,Debt Scheme - Banking and PSU Fund,2021-07-12,142.1602,2026-06-23T05:29:58.847318+00:00,https://api.mfapi.in/mf/119551
119551,SBI Bluechip,119551,Aditya Birla Sun Life Banking & PSU Debt Fund  - DIRECT - IDCW,Aditya Birla Sun Life Mutual Fund,Open Ended Schemes,Debt Scheme - Banking and PSU Fund,2021-07-09,142.2029,2026-06-23T05:29:58.847318+00:00,https://api.mfapi.in/mf/119551
119551,SBI Bluechip,119551,Aditya Birla Sun Life Banking & PSU Debt Fund  - DIRECT - IDCW,Aditya Birla Sun Life Mutual Fund,Open Ended Schemes,Debt Scheme - Banking and PSU Fund,2021-07-08,142.1696,2026-06-23T05:29:58.847318+00:00,https://api.mfapi.in/mf/119551
119551,SBI Bluechip,119551,Aditya Birla Sun Life Banking & PSU Debt Fund  - DIRECT - IDCW,Aditya Birla Sun Life Mutual Fund,Open Ended Schemes,Debt Scheme - Banking and PSU Fund,2021-07-07,142.0218,2026-06-23T05:29:58.847318+00:00,https://api.mfapi.in/mf/119551
119551,SBI Bluechip,119551,Aditya Birla Sun Life Banking & PSU Debt Fund  - DIRECT - IDCW,Aditya Birla Sun Life Mutual Fund,Open Ended Schemes,Debt Scheme - Banking and PSU Fund,2021-07-06,141.942,2026-06-23T05:29:58.847318+00:00,https://api.mfapi.in/mf/119551
119551,SBI Bluechip,119551,Aditya Birla Sun Life Banking & PSU Debt Fund  - DIRECT - IDCW,Aditya Birla Sun Life Mutual Fund,Open Ended Schemes,Debt Scheme - Banking and PSU Fund,2021-07-05,142.0229,2026-06-23T05:29:58.847318+00:00,https://api.mfapi.in/mf/119551
119551,SBI Bluechip,119551,Aditya Birla Sun Life Banking & PSU Debt Fund  - DIRECT - IDCW,Aditya Birla Sun Life Mutual Fund,Open Ended Schemes,Debt Scheme - Banking and PSU Fund,2021-07-02,141.9245,2026-06-23T05:29:58.847318+00:00,https://api.mfapi.in/mf/119551
119551,SBI Bluechip,119551,Aditya Birla Sun Life Banking & PSU Debt Fund  - DIRECT - IDCW,Aditya Birla Sun Life Mutual Fund,Open Ended Schemes,Debt Scheme - Banking and PSU Fund,2021-07-01,141.9515,2026-06-23T05:29:58.847318+00:00,https://api.mfapi.in/mf/119551
119551,SBI Bluechip,119551,Aditya Birla Sun Life Banking & PSU Debt Fund  - DIRECT - IDCW,Aditya Birla Sun Life Mutual Fund,Open Ended Schemes,Debt Scheme - Banking and PSU Fund,2021-06-30,141.9021,2026-06-23T05:29:58.847318+00:00,https://api.mfapi.in/mf/119551
119551,SBI Bluechip,119551,Aditya Birla Sun Life Banking & PSU Debt Fund  - DIRECT - IDCW,Aditya Birla Sun Life Mutual Fund,Open Ended Schemes,Debt Scheme - Banking and PSU Fund,2021-06-29,155.1137,2026-06-23T05:29:58.847318+00:00,https://api.mfapi.in/mf/119551
119551,SBI Bluechip,119551,Aditya Birla Sun Life Banking & PSU Debt Fund  - DIRECT - IDCW,Aditya Birla Sun Life Mutual Fund,Open Ended Schemes,Debt Scheme - Banking and PSU Fund,2021-06-28,155.1258,2026-06-23T05:29:58.847318+00:00,https://api.mfapi.in/mf/119551
119551,SBI Bluechip,119551,Aditya Birla Sun Life Banking & PSU Debt Fund  - DIRECT - IDCW,Aditya Birla Sun Life Mutual Fund,Open Ended Schemes,Debt Scheme - Banking and PSU Fund,2021-06-25,155.1462,2026-06-23T05:29:58.847318+00:00,https://api.mfapi.in/mf/119551
119551,SBI Bluechip,119551,Aditya Birla Sun Life Banking & PSU Debt Fund  - DIRECT - IDCW,Aditya Birla Sun Life Mutual Fund,Open Ended Schemes,Debt Scheme - Banking and PSU Fund,2021-06-24,155.1814,2026-06-23T05:29:58.847318+00:00,https://api.mfapi.in/mf/119551
119551,SBI Bluechip,119551,Aditya Birla Sun Life Banking & PSU Debt Fund  - DIRECT - IDCW,Aditya Birla Sun Life Mutual Fund,Open Ended Schemes,Debt Scheme - Banking and PSU Fund,2021-06-23,155.1573,2026-06-23T05:29:58.847318+00:00,https://api.mfapi.in/mf/119551
119551,SBI Bluechip,119551,Aditya Birla Sun Life Banking & PSU Debt Fund  - DIRECT - IDCW,Aditya Birla Sun Life Mutual Fund,Open Ended Schemes,Debt Scheme - Banking and PSU Fund,2021-06-22,155.1506,2026-06-23T05:29:58.847318+00:00,https://api.mfapi.in/mf/119551
119551,SBI Bluechip,119551,Aditya Birla Sun Life Banking & PSU Debt Fund  - DIRECT - IDCW,Aditya Birla Sun Life Mutual Fund,Open Ended Schemes,Debt Scheme - Banking and PSU Fund,2021-06-21,155.1952,2026-06-23T05:29:58.847318+00:00,https://api.mfapi.in/mf/119551
119551,SBI Bluechip,119551,Aditya Birla Sun Life Banking & PSU Debt Fund  - DIRECT - IDCW,Aditya Birla Sun Life Mutual Fund,Open Ended Schemes,Debt Scheme - Banking and PSU Fund,2021-06-18,155.1221,2026-06-23T05:29:58.847318+00:00,https://api.mfapi.in/mf/119551
119551,SBI Bluechip,119551,Aditya Birla Sun Life Banking & PSU Debt Fund  - DIRECT - IDCW,Aditya Birla Sun Life Mutual Fund,Open Ended Schemes,Debt Scheme - Banking and PSU Fund,2021-06-17,155.0726,2026-06-23T05:29:58.847318+00:00,https://api.mfapi.in/mf/119551
119551,SBI Bluechip,119551,Aditya Birla Sun Life Banking & PSU Debt Fund  - DIRECT - IDCW,Aditya Birla Sun Life Mutual Fund,Open Ended Schemes,Debt Scheme - Banking and PSU Fund,2021-06-16,155.0843,2026-06-23T05:29:58.847318+00:00,https://api.mfapi.in/mf/119551
119551,SBI Bluechip,119551,Aditya Birla Sun Life Banking & PSU Debt Fund  - DIRECT - IDCW,Aditya Birla Sun Life Mutual Fund,Open Ended Schemes,Debt Scheme - Banking and PSU Fund,2021-06-15,155.2961,2026-06-23T05:29:58.847318+00:00,https://api.mfapi.in/mf/119551
119551,SBI Bluechip,119551,Aditya Birla Sun Life Banking & PSU Debt Fund  - DIRECT - IDCW,Aditya Birla Sun Life Mutual Fund,Open Ended Schemes,Debt Scheme - Banking and PSU Fund,2021-06-14,155.429,2026-06-23T05:29:58.847318+00:00,https://api.mfapi.in/mf/119551
119551,SBI Bluechip,119551,Aditya Birla Sun Life Banking & PSU Debt Fund  - DIRECT - IDCW,Aditya Birla Sun Life Mutual Fund,Open Ended Schemes,Debt Scheme - Banking and PSU Fund,2021-06-11,155.3755,2026-06-23T05:29:58.847318+00:00,https://api.mfapi.in/mf/119551
119551,SBI Bluechip,119551,Aditya Birla Sun Life Banking & PSU Debt Fund  - DIRECT - IDCW,Aditya Birla Sun Life Mutual Fund,Open Ended Schemes,Debt Scheme - Banking and PSU Fund,2021-06-10,155.3161,2026-06-23T05:29:58.847318+00:00,https://api.mfapi.in/mf/119551
119551,SBI Bluechip,119551,Aditya Birla Sun Life Banking & PSU Debt Fund  - DIRECT - IDCW,Aditya Birla Sun Life Mutual Fund,Open Ended Schemes,Debt Scheme - Banking and PSU Fund,2021-06-09,155.2699,2026-06-23T05:29:58.847318+00:00,https://api.mfapi.in/mf/119551
119551,SBI Bluechip,119551,Aditya Birla Sun Life Banking & PSU Debt Fund  - DIRECT - IDCW,Aditya Birla Sun Life Mutual Fund,Open Ended Schemes,Debt Scheme - Banking and PSU Fund,2021-06-08,155.1383,2026-06-23T05:29:58.847318+00:00,https://api.mfapi.in/mf/119551
119551,SBI Bluechip,119551,Aditya Birla Sun Life Banking & PSU Debt Fund  - DIRECT - IDCW,Aditya Birla Sun Life Mutual Fund,Open Ended Schemes,Debt Scheme - Banking and PSU Fund,2021-06-07,155.1117,2026-06-23T05:29:58.847318+00:00,https://api.mfapi.in/mf/119551
119551,SBI Bluechip,119551,Aditya Birla Sun Life Banking & PSU Debt Fund  - DIRECT - IDCW,Aditya Birla Sun Life Mutual Fund,Open Ended Schemes,Debt Scheme - Banking and PSU Fund,2021-06-04,154.9869,2026-06-23T05:29:58.847318+00:00,https://api.mfapi.in/mf/119551
119551,SBI Bluechip,119551,Aditya Birla Sun Life Banking & PSU Debt Fund  - DIRECT - IDCW,Aditya Birla Sun Life Mutual Fund,Open Ended Schemes,Debt Scheme - Banking and PSU Fund,2021-06-03,154.9384,2026-06-23T05:29:58.847318+00:00,https://api.mfapi.in/mf/119551
119551,SBI Bluechip,119551,Aditya Birla Sun Life Banking & PSU Debt Fund  - DIRECT - IDCW,Aditya Birla Sun Life Mutual Fund,Open Ended Schemes,Debt Scheme - Banking and PSU Fund,2021-06-02,154.8632,2026-06-23T05:29:58.847318+00:00,https://api.mfapi.in/mf/119551
119551,SBI Bluechip,119551,Aditya Birla Sun Life Banking & PSU Debt Fund  - DIRECT - IDCW,Aditya Birla Sun Life Mutual Fund,Open Ended Schemes,Debt Scheme - Banking and PSU Fund,2021-06-01,154.8506,2026-06-23T05:29:58.847318+00:00,https://api.mfapi.in/mf/119551
119551,SBI Bluechip,119551,Aditya Birla Sun Life Banking & PSU Debt Fund  - DIRECT - IDCW,Aditya Birla Sun Life Mutual Fund,Open Ended Schemes,Debt Scheme - Banking and PSU Fund,2021-05-31,154.8591,2026-06-23T05:29:58.847318+00:00,https://api.mfapi.in/mf/119551
119551,SBI Bluechip,119551,Aditya Birla Sun Life Banking & PSU Debt Fund  - DIRECT - IDCW,Aditya Birla Sun Life Mutual Fund,Open Ended Schemes,Debt Scheme - Banking and PSU Fund,2021-05-28,154.8325,2026-06-23T05:29:58.847318+00:00,https://api.mfapi.in/mf/119551
119551,SBI Bluechip,119551,Aditya Birla Sun Life Banking & PSU Debt Fund  - DIRECT - IDCW,Aditya Birla Sun Life Mutual Fund,Open Ended Schemes,Debt Scheme - Banking and PSU Fund,2021-05-27,154.8336,2026-06-23T05:29:58.847318+00:00,https://api.mfapi.in/mf/119551
119551,SBI Bluechip,119551,Aditya Birla Sun Life Banking & PSU Debt Fund  - DIRECT - IDCW,Aditya Birla Sun Life Mutual Fund,Open Ended Schemes,Debt Scheme - Banking and PSU Fund,2021-05-25,154.783,2026-06-23T05:29:58.847318+00:00,https://api.mfapi.in/mf/119551
119551,SBI Bluechip,119551,Aditya Birla Sun Life Banking & PSU Debt Fund  - DIRECT - IDCW,Aditya Birla Sun Life Mutual Fund,Open Ended Schemes,Debt Scheme - Banking and PSU Fund,2021-05-24,154.7069,2026-06-23T05:29:58.847318+00:00,https://api.mfapi.in/mf/119551
119551,SBI Bluechip,119551,Aditya Birla Sun Life Banking & PSU Debt Fund  - DIRECT - IDCW,Aditya Birla Sun Life Mutual Fund,Open Ended Schemes,Debt Scheme - Banking and PSU Fund,2021-05-21,154.6417,2026-06-23T05:29:58.847318+00:00,https://api.mfapi.in/mf/119551
119551,SBI Bluechip,119551,Aditya Birla Sun Life Banking & PSU Debt Fund  - DIRECT - IDCW,Aditya Birla Sun Life Mutual Fund,Open Ended Schemes,Debt Scheme - Banking and PSU Fund,2021-05-20,154.6073,2026-06-23T05:29:58.847318+00:00,https://api.mfapi.in/mf/119551
119551,SBI Bluechip,119551,Aditya Birla Sun Life Banking & PSU Debt Fund  - DIRECT - IDCW,Aditya Birla Sun Life Mutual Fund,Open Ended Schemes,Debt Scheme - Banking and PSU Fund,2021-05-19,154.599,2026-06-23T05:29:58.847318+00:00,https://api.mfapi.in/mf/119551
119551,SBI Bluechip,119551,Aditya Birla Sun Life Banking & PSU Debt Fund  - DIRECT - IDCW,Aditya Birla Sun Life Mutual Fund,Open Ended Schemes,Debt Scheme - Banking and PSU Fund,2021-05-18,154.4638,2026-06-23T05:29:58.847318+00:00,https://api.mfapi.in/mf/119551
119551,SBI Bluechip,119551,Aditya Birla Sun Life Banking & PSU Debt Fund  - DIRECT - IDCW,Aditya Birla Sun Life Mutual Fund,Open Ended Schemes,Debt Scheme - Banking and PSU Fund,2021-05-17,154.4002,2026-06-23T05:29:58.847318+00:00,https://api.mfapi.in/mf/119551
119551,SBI Bluechip,119551,Aditya Birla Sun Life Banking & PSU Debt Fund  - DIRECT - IDCW,Aditya Birla Sun Life Mutual Fund,Open Ended Schemes,Debt Scheme - Banking and PSU Fund,2021-05-14,154.3309,2026-06-23T05:29:58.847318+00:00,https://api.mfapi.in/mf/119551
119551,SBI Bluechip,119551,Aditya Birla Sun Life Banking & PSU Debt Fund  - DIRECT - IDCW,Aditya Birla Sun Life Mutual Fund,Open Ended Schemes,Debt Scheme - Banking and PSU Fund,2021-05-12,154.3311,2026-06-23T05:29:58.847318+00:00,https://api.mfapi.in/mf/119551
119551,SBI Bluechip,119551,Aditya Birla Sun Life Banking & PSU Debt Fund  - DIRECT - IDCW,Aditya Birla Sun Life Mutual Fund,Open Ended Schemes,Debt Scheme - Banking and PSU Fund,2021-05-11,154.341,2026-06-23T05:29:58.847318+00:00,https://api.mfapi.in/mf/119551
119551,SBI Bluechip,119551,Aditya Birla Sun Life Banking & PSU Debt Fund  - DIRECT - IDCW,Aditya Birla Sun Life Mutual Fund,Open Ended Schemes,Debt Scheme - Banking and PSU Fund,2021-05-10,154.2372,2026-06-23T05:29:58.847318+00:00,https://api.mfapi.in/mf/119551
119551,SBI Bluechip,119551,Aditya Birla Sun Life Banking & PSU Debt Fund  - DIRECT - IDCW,Aditya Birla Sun Life Mutual Fund,Open Ended Schemes,Debt Scheme - Banking and PSU Fund,2021-05-07,154.1903,2026-06-23T05:29:58.847318+00:00,https://api.mfapi.in/mf/119551
119551,SBI Bluechip,119551,Aditya Birla Sun Life Banking & PSU Debt Fund  - DIRECT - IDCW,Aditya Birla Sun Life Mutual Fund,Open Ended Schemes,Debt Scheme - Banking and PSU Fund,2021-05-06,154.1495,2026-06-23T05:29:58.847318+00:00,https://api.mfapi.in/mf/119551
119551,SBI Bluechip,119551,Aditya Birla Sun Life Banking & PSU Debt Fund  - DIRECT - IDCW,Aditya Birla Sun Life Mutual Fund,Open Ended Schemes,Debt Scheme - Banking and PSU Fund,2021-05-05,154.1232,2026-06-23T05:29:58.847318+00:00,https://api.mfapi.in/mf/119551
119551,SBI Bluechip,119551,Aditya Birla Sun Life Banking & PSU Debt Fund  - DIRECT - IDCW,Aditya Birla Sun Life Mutual Fund,Open Ended Schemes,Debt Scheme - Banking and PSU Fund,2021-05-04,154.0742,2026-06-23T05:29:58.847318+00:00,https://api.mfapi.in/mf/119551
119551,SBI Bluechip,119551,Aditya Birla Sun Life Banking & PSU Debt Fund  - DIRECT - IDCW,Aditya Birla Sun Life Mutual Fund,Open Ended Schemes,Debt Scheme - Banking and PSU Fund,2021-05-03,154.0501,2026-06-23T05:29:58.847318+00:00,https://api.mfapi.in/mf/119551
119551,SBI Bluechip,119551,Aditya Birla Sun Life Banking & PSU Debt Fund  - DIRECT - IDCW,Aditya Birla Sun Life Mutual Fund,Open Ended Schemes,Debt Scheme - Banking and PSU Fund,2021-04-30,153.951,2026-06-23T05:29:58.847318+00:00,https://api.mfapi.in/mf/119551
119551,SBI Bluechip,119551,Aditya Birla Sun Life Banking & PSU Debt Fund  - DIRECT - IDCW,Aditya Birla Sun Life Mutual Fund,Open Ended Schemes,Debt Scheme - Banking and PSU Fund,2021-04-29,153.8646,2026-06-23T05:29:58.847318+00:00,https://api.mfapi.in/mf/119551
119551,SBI Bluechip,119551,Aditya Birla Sun Life Banking & PSU Debt Fund  - DIRECT - IDCW,Aditya Birla Sun Life Mutual Fund,Open Ended Schemes,Debt Scheme - Banking and PSU Fund,2021-04-28,153.8557,2026-06-23T05:29:58.847318+00:00,https://api.mfapi.in/mf/119551
119551,SBI Bluechip,119551,Aditya Birla Sun Life Banking & PSU Debt Fund  - DIRECT - IDCW,Aditya Birla Sun Life Mutual Fund,Open Ended Schemes,Debt Scheme - Banking and PSU Fund,2021-04-27,153.7634,2026-06-23T05:29:58.847318+00:00,https://api.mfapi.in/mf/119551
119551,SBI Bluechip,119551,Aditya Birla Sun Life Banking & PSU Debt Fund  - DIRECT - IDCW,Aditya Birla Sun Life Mutual Fund,Open Ended Schemes,Debt Scheme - Banking and PSU Fund,2021-04-26,153.6353,2026-06-23T05:29:58.847318+00:00,https://api.mfapi.in/mf/119551
119551,SBI Bluechip,119551,Aditya Birla Sun Life Banking & PSU Debt Fund  - DIRECT - IDCW,Aditya Birla Sun Life Mutual Fund,Open Ended Schemes,Debt Scheme - Banking and PSU Fund,2021-04-23,153.459,2026-06-23T05:29:58.847318+00:00,https://api.mfapi.in/mf/119551
119551,SBI Bluechip,119551,Aditya Birla Sun Life Banking & PSU Debt Fund  - DIRECT - IDCW,Aditya Birla Sun Life Mutual Fund,Open Ended Schemes,Debt Scheme - Banking and PSU Fund,2021-04-22,153.3766,2026-06-23T05:29:58.847318+00:00,https://api.mfapi.in/mf/119551
119551,SBI Bluechip,119551,Aditya Birla Sun Life Banking & PSU Debt Fund  - DIRECT - IDCW,Aditya Birla Sun Life Mutual Fund,Open Ended Schemes,Debt Scheme - Banking and PSU Fund,2021-04-20,153.322,2026-06-23T05:29:58.847318+00:00,https://api.mfapi.in/mf/119551
119551,SBI Bluechip,119551,Aditya Birla Sun Life Banking & PSU Debt Fund  - DIRECT - IDCW,Aditya Birla Sun Life Mutual Fund,Open Ended Schemes,Debt Scheme - Banking and PSU Fund,2021-04-19,153.2788,2026-06-23T05:29:58.847318+00:00,https://api.mfapi.in/mf/119551
119551,SBI Bluechip,119551,Aditya Birla Sun Life Banking & PSU Debt Fund  - DIRECT - IDCW,Aditya Birla Sun Life Mutual Fund,Open Ended Schemes,Debt Scheme - Banking and PSU Fund,2021-04-16,153.1445,2026-06-23T05:29:58.847318+00:00,https://api.mfapi.in/mf/119551
119551,SBI Bluechip,119551,Aditya Birla Sun Life Banking & PSU Debt Fund  - DIRECT - IDCW,Aditya Birla Sun Life Mutual Fund,Open Ended Schemes,Debt Scheme - Banking and PSU Fund,2021-04-15,153.2182,2026-06-23T05:29:58.847318+00:00,https://api.mfapi.in/mf/119551
119551,SBI Bluechip,119551,Aditya Birla Sun Life Banking & PSU Debt Fund  - DIRECT - IDCW,Aditya Birla Sun Life Mutual Fund,Open Ended Schemes,Debt Scheme - Banking and PSU Fund,2021-04-12,153.3259,2026-06-23T05:29:58.847318+00:00,https://api.mfapi.in/mf/119551
119551,SBI Bluechip,119551,Aditya Birla Sun Life Banking & PSU Debt Fund  - DIRECT - IDCW,Aditya Birla Sun Life Mutual Fund,Open Ended Schemes,Debt Scheme - Banking and PSU Fund,2021-04-09,153.2609,2026-06-23T05:29:58.847318+00:00,https://api.mfapi.in/mf/119551
119551,SBI Bluechip,119551,Aditya Birla Sun Life Banking & PSU Debt Fund  - DIRECT - IDCW,Aditya Birla Sun Life Mutual Fund,Open Ended Schemes,Debt Scheme - Banking and PSU Fund,2021-04-08,153.1697,2026-06-23T05:29:58.847318+00:00,https://api.mfapi.in/mf/119551
119551,SBI Bluechip,119551,Aditya Birla Sun Life Banking & PSU Debt Fund  - DIRECT - IDCW,Aditya Birla Sun Life Mutual Fund,Open Ended Schemes,Debt Scheme - Banking and PSU Fund,2021-04-07,153.1454,2026-06-23T05:29:58.847318+00:00,https://api.mfapi.in/mf/119551
119551,SBI Bluechip,119551,Aditya Birla Sun Life Banking & PSU Debt Fund  - DIRECT - IDCW,Aditya Birla Sun Life Mutual Fund,Open Ended Schemes,Debt Scheme - Banking and PSU Fund,2021-04-06,153.2101,2026-06-23T05:29:58.847318+00:00,https://api.mfapi.in/mf/119551
119551,SBI Bluechip,119551,Aditya Birla Sun Life Banking & PSU Debt Fund  - DIRECT - IDCW,Aditya Birla Sun Life Mutual Fund,Open Ended Schemes,Debt Scheme - Banking and PSU Fund,2021-04-05,153.0069,2026-06-23T05:29:58.847318+00:00,https://api.mfapi.in/mf/119551
119551,SBI Bluechip,119551,Aditya Birla Sun Life Banking & PSU Debt Fund  - DIRECT - IDCW,Aditya Birla Sun Life Mutual Fund,Open Ended Schemes,Debt Scheme - Banking and PSU Fund,2021-03-31,152.7457,2026-06-23T05:29:58.847318+00:00,https://api.mfapi.in/mf/119551
119551,SBI Bluechip,119551,Aditya Birla Sun Life Banking & PSU Debt Fund  - DIRECT - IDCW,Aditya Birla Sun Life Mutual Fund,Open Ended Schemes,Debt Scheme - Banking and PSU Fund,2021-03-30,152.6579,2026-06-23T05:29:58.847318+00:00,https://api.mfapi.in/mf/119551
119551,SBI Bluechip,119551,Aditya Birla Sun Life Banking & PSU Debt Fund  - DIRECT - IDCW,Aditya Birla Sun Life Mutual Fund,Open Ended Schemes,Debt Scheme - Banking and PSU Fund,2021-03-26,152.5344,2026-06-23T05:29:58.847318+00:00,https://api.mfapi.in/mf/119551
119551,SBI Bluechip,119551,Aditya Birla Sun Life Banking & PSU Debt Fund  - DIRECT - IDCW,Aditya Birla Sun Life Mutual Fund,Open Ended Schemes,Debt Scheme - Banking and PSU Fund,2021-03-25,152.4514,2026-06-23T05:29:58.847318+00:00,https://api.mfapi.in/mf/119551
119551,SBI Bluechip,119551,Aditya Birla Sun Life Banking & PSU Debt Fund  - DIRECT - IDCW,Aditya Birla Sun Life Mutual Fund,Open Ended Schemes,Debt Scheme - Banking and PSU Fund,2021-03-24,152.3847,2026-06-23T05:29:58.847318+00:00,https://api.mfapi.in/mf/119551
119551,SBI Bluechip,119551,Aditya Birla Sun Life Banking & PSU Debt Fund  - DIRECT - IDCW,Aditya Birla Sun Life Mutual Fund,Open Ended Schemes,Debt Scheme - Banking and PSU Fund,2021-03-23,152.2243,2026-06-23T05:29:58.847318+00:00,https://api.mfapi.in/mf/119551
119551,SBI Bluechip,119551,Aditya Birla Sun Life Banking & PSU Debt Fund  - DIRECT - IDCW,Aditya Birla Sun Life Mutual Fund,Open Ended Schemes,Debt Scheme - Banking and PSU Fund,2021-03-22,151.8479,2026-06-23T05:29:58.847318+00:00,https://api.mfapi.in/mf/119551
119551,SBI Bluechip,119551,Aditya Birla Sun Life Banking & PSU Debt Fund  - DIRECT - IDCW,Aditya Birla Sun Life Mutual Fund,Open Ended Schemes,Debt Scheme - Banking and PSU Fund,2021-03-19,151.6387,2026-06-23T05:29:58.847318+00:00,https://api.mfapi.in/mf/119551
119551,SBI Bluechip,119551,Aditya Birla Sun Life Banking & PSU Debt Fund  - DIRECT - IDCW,Aditya Birla Sun Life Mutual Fund,Open Ended Schemes,Debt Scheme - Banking and PSU Fund,2021-03-18,151.3901,2026-06-23T05:29:58.847318+00:00,https://api.mfapi.in/mf/119551
119551,SBI Bluechip,119551,Aditya Birla Sun Life Banking & PSU Debt Fund  - DIRECT - IDCW,Aditya Birla Sun Life Mutual Fund,Open Ended Schemes,Debt Scheme - Banking and PSU Fund,2021-03-17,151.3473,2026-06-23T05:29:58.847318+00:00,https://api.mfapi.in/mf/119551
119551,SBI Bluechip,119551,Aditya Birla Sun Life Banking & PSU Debt Fund  - DIRECT - IDCW,Aditya Birla Sun Life Mutual Fund,Open Ended Schemes,Debt Scheme - Banking and PSU Fund,2021-03-16,151.3172,2026-06-23T05:29:58.847318+00:00,https://api.mfapi.in/mf/119551
119551,SBI Bluechip,119551,Aditya Birla Sun Life Banking & PSU Debt Fund  - DIRECT - IDCW,Aditya Birla Sun Life Mutual Fund,Open Ended Schemes,Debt Scheme - Banking and PSU Fund,2021-03-15,151.3381,2026-06-23T05:29:58.847318+00:00,https://api.mfapi.in/mf/119551
119551,SBI Bluechip,119551,Aditya Birla Sun Life Banking & PSU Debt Fund  - DIRECT - IDCW,Aditya Birla Sun Life Mutual Fund,Open Ended Schemes,Debt Scheme - Banking and PSU Fund,2021-03-12,151.6323,2026-06-23T05:29:58.847318+00:00,https://api.mfapi.in/mf/119551
119551,SBI Bluechip,119551,Aditya Birla Sun Life Banking & PSU Debt Fund  - DIRECT - IDCW,Aditya Birla Sun Life Mutual Fund,Open Ended Schemes,Debt Scheme - Banking and PSU Fund,2021-03-10,151.712,2026-06-23T05:29:58.847318+00:00,https://api.mfapi.in/mf/119551
119551,SBI Bluechip,119551,Aditya Birla Sun Life Banking & PSU Debt Fund  - DIRECT - IDCW,Aditya Birla Sun Life Mutual Fund,Open Ended Schemes,Debt Scheme - Banking and PSU Fund,2021-03-09,151.7148,2026-06-23T05:29:58.847318+00:00,https://api.mfapi.in/mf/119551
119551,SBI Bluechip,119551,Aditya Birla Sun Life Banking & PSU Debt Fund  - DIRECT - IDCW,Aditya Birla Sun Life Mutual Fund,Open Ended Schemes,Debt Scheme - Banking and PSU Fund,2021-03-08,151.7216,2026-06-23T05:29:58.847318+00:00,https://api.mfapi.in/mf/119551
119551,SBI Bluechip,119551,Aditya Birla Sun Life Banking & PSU Debt Fund  - DIRECT - IDCW,Aditya Birla Sun Life Mutual Fund,Open Ended Schemes,Debt Scheme - Banking and PSU Fund,2021-03-05,151.6682,2026-06-23T05:29:58.847318+00:00,https://api.mfapi.in/mf/119551
119551,SBI Bluechip,119551,Aditya Birla Sun Life Banking & PSU Debt Fund  - DIRECT - IDCW,Aditya Birla Sun Life Mutual Fund,Open Ended Schemes,Debt Scheme - Banking and PSU Fund,2021-03-04,151.6971,2026-06-23T05:29:58.847318+00:00,https://api.mfapi.in/mf/119551
119551,SBI Bluechip,119551,Aditya Birla Sun Life Banking & PSU Debt Fund  - DIRECT - IDCW,Aditya Birla Sun Life Mutual Fund,Open Ended Schemes,Debt Scheme - Banking and PSU Fund,2021-03-03,151.6682,2026-06-23T05:29:58.847318+00:00,https://api.mfapi.in/mf/119551
119551,SBI Bluechip,119551,Aditya Birla Sun Life Banking & PSU Debt Fund  - DIRECT - IDCW,Aditya Birla Sun Life Mutual Fund,Open Ended Schemes,Debt Scheme - Banking and PSU Fund,2021-03-02,151.6292,2026-06-23T05:29:58.847318+00:00,https://api.mfapi.in/mf/119551
119551,SBI Bluechip,119551,Aditya Birla Sun Life Banking & PSU Debt Fund  - DIRECT - IDCW,Aditya Birla Sun Life Mutual Fund,Open Ended Schemes,Debt Scheme - Banking and PSU Fund,2021-03-01,151.5474,2026-06-23T05:29:58.847318+00:00,https://api.mfapi.in/mf/119551
119551,SBI Bluechip,119551,Aditya Birla Sun Life Banking & PSU Debt Fund  - DIRECT - IDCW,Aditya Birla Sun Life Mutual Fund,Open Ended Schemes,Debt Scheme - Banking and PSU Fund,2021-02-26,151.4836,2026-06-23T05:29:58.847318+00:00,https://api.mfapi.in/mf/119551
119551,SBI Bluechip,119551,Aditya Birla Sun Life Banking & PSU Debt Fund  - DIRECT - IDCW,Aditya Birla Sun Life Mutual Fund,Open Ended Schemes,Debt Scheme - Banking and PSU Fund,2021-02-25,159.5286,2026-06-23T05:29:58.847318+00:00,https://api.mfapi.in/mf/119551
119551,SBI Bluechip,119551,Aditya Birla Sun Life Banking & PSU Debt Fund  - DIRECT - IDCW,Aditya Birla Sun Life Mutual Fund,Open Ended Schemes,Debt Scheme - Banking and PSU Fund,2021-02-24,159.5155,2026-06-23T05:29:58.847318+00:00,https://api.mfapi.in/mf/119551
119551,SBI Bluechip,119551,Aditya Birla Sun Life Banking & PSU Debt Fund  - DIRECT - IDCW,Aditya Birla Sun Life Mutual Fund,Open Ended Schemes,Debt Scheme - Banking and PSU Fund,2021-02-23,159.4945,2026-06-23T05:29:58.847318+00:00,https://api.mfapi.in/mf/119551
119551,SBI Bluechip,119551,Aditya Birla Sun Life Banking & PSU Debt Fund  - DIRECT - IDCW,Aditya Birla Sun Life Mutual Fund,Open Ended Schemes,Debt Scheme - Banking and PSU Fund,2021-02-22,159.5796,2026-06-23T05:29:58.847318+00:00,https://api.mfapi.in/mf/119551
119551,SBI Bluechip,119551,Aditya Birla Sun Life Banking & PSU Debt Fund  - DIRECT - IDCW,Aditya Birla Sun Life Mutual Fund,Open Ended Schemes,Debt Scheme - Banking and PSU Fund,2021-02-18,159.7964,2026-06-23T05:29:58.847318+00:00,https://api.mfapi.in/mf/119551
119551,SBI Bluechip,119551,Aditya Birla Sun Life Banking & PSU Debt Fund  - DIRECT - IDCW,Aditya Birla Sun Life Mutual Fund,Open Ended Schemes,Debt Scheme - Banking and PSU Fund,2021-02-17,159.8489,2026-06-23T05:29:58.847318+00:00,https://api.mfapi.in/mf/119551
119551,SBI Bluechip,119551,Aditya Birla Sun Life Banking & PSU Debt Fund  - DIRECT - IDCW,Aditya Birla Sun Life Mutual Fund,Open Ended Schemes,Debt Scheme - Banking and PSU Fund,2021-02-16,159.8868,2026-06-23T05:29:58.847318+00:00,https://api.mfapi.in/mf/119551
119551,SBI Bluechip,119551,Aditya Birla Sun Life Banking & PSU Debt Fund  - DIRECT - IDCW,Aditya Birla Sun Life Mutual Fund,Open Ended Schemes,Debt Scheme - Banking and PSU Fund,2021-02-15,159.817,2026-06-23T05:29:58.847318+00:00,https://api.mfapi.in/mf/119551
119551,SBI Bluechip,119551,Aditya Birla Sun Life Banking & PSU Debt Fund  - DIRECT - IDCW,Aditya Birla Sun Life Mutual Fund,Open Ended Schemes,Debt Scheme - Banking and PSU Fund,2021-02-12,159.745,2026-06-23T05:29:58.847318+00:00,https://api.mfapi.in/mf/119551
119551,SBI Bluechip,119551,Aditya Birla Sun Life Banking & PSU Debt Fund  - DIRECT - IDCW,Aditya Birla Sun Life Mutual Fund,Open Ended Schemes,Debt Scheme - Banking and PSU Fund,2021-02-11,159.676,2026-06-23T05:29:58.847318+00:00,https://api.mfapi.in/mf/119551
119551,SBI Bluechip,119551,Aditya Birla Sun Life Banking & PSU Debt Fund  - DIRECT - IDCW,Aditya Birla Sun Life Mutual Fund,Open Ended Schemes,Debt Scheme - Banking and PSU Fund,2021-02-10,159.5324,2026-06-23T05:29:58.847318+00:00,https://api.mfapi.in/mf/119551
119551,SBI Bluechip,119551,Aditya Birla Sun Life Banking & PSU Debt Fund  - DIRECT - IDCW,Aditya Birla Sun Life Mutual Fund,Open Ended Schemes,Debt Scheme - Banking and PSU Fund,2021-02-09,159.5233,2026-06-23T05:29:58.847318+00:00,https://api.mfapi.in/mf/119551
119551,SBI Bluechip,119551,Aditya Birla Sun Life Banking & PSU Debt Fund  - DIRECT - IDCW,Aditya Birla Sun Life Mutual Fund,Open Ended Schemes,Debt Scheme - Banking and PSU Fund,2021-02-08,159.6672,2026-06-23T05:29:58.847318+00:00,https://api.mfapi.in/mf/119551
119551,SBI Bluechip,119551,Aditya Birla Sun Life Banking & PSU Debt Fund  - DIRECT - IDCW,Aditya Birla Sun Life Mutual Fund,Open Ended Schemes,Debt Scheme - Banking and PSU Fund,2021-02-05,159.5631,2026-06-23T05:29:58.847318+00:00,https://api.mfapi.in/mf/119551
119551,SBI Bluechip,119551,Aditya Birla Sun Life Banking & PSU Debt Fund  - DIRECT - IDCW,Aditya Birla Sun Life Mutual Fund,Open Ended Schemes,Debt Scheme - Banking and PSU Fund,2021-02-04,159.7473,2026-06-23T05:29:58.847318+00:00,https://api.mfapi.in/mf/119551
119551,SBI Bluechip,119551,Aditya Birla Sun Life Banking & PSU Debt Fund  - DIRECT - IDCW,Aditya Birla Sun Life Mutual Fund,Open Ended Schemes,Debt Scheme - Banking and PSU Fund,2021-02-03,159.7469,2026-06-23T05:29:58.847318+00:00,https://api.mfapi.in/mf/119551
119551,SBI Bluechip,119551,Aditya Birla Sun Life Banking & PSU Debt Fund  - DIRECT - IDCW,Aditya Birla Sun Life Mutual Fund,Open Ended Schemes,Debt Scheme - Banking and PSU Fund,2021-02-02,159.6745,2026-06-23T05:29:58.847318+00:00,https://api.mfapi.in/mf/119551
119551,SBI Bluechip,119551,Aditya Birla Sun Life Banking & PSU Debt Fund  - DIRECT - IDCW,Aditya Birla Sun Life Mutual Fund,Open Ended Schemes,Debt Scheme - Banking and PSU Fund,2021-02-01,160.0612,2026-06-23T05:29:58.847318+00:00,https://api.mfapi.in/mf/119551
119551,SBI Bluechip,119551,Aditya Birla Sun Life Banking & PSU Debt Fund  - DIRECT - IDCW,Aditya Birla Sun Life Mutual Fund,Open Ended Schemes,Debt Scheme - Banking and PSU Fund,2021-01-29,160.5977,2026-06-23T05:29:58.847318+00:00,https://api.mfapi.in/mf/119551
119551,SBI Bluechip,119551,Aditya Birla Sun Life Banking & PSU Debt Fund  - DIRECT - IDCW,Aditya Birla Sun Life Mutual Fund,Open Ended Schemes,Debt Scheme - Banking and PSU Fund,2021-01-28,160.5833,2026-06-23T05:29:58.847318+00:00,https://api.mfapi.in/mf/119551
119551,SBI Bluechip,119551,Aditya Birla Sun Life Banking & PSU Debt Fund  - DIRECT - IDCW,Aditya Birla Sun Life Mutual Fund,Open Ended Schemes,Debt Scheme - Banking and PSU Fund,2021-01-27,160.5509,2026-06-23T05:29:58.847318+00:00,https://api.mfapi.in/mf/119551
119551,SBI Bluechip,119551,Aditya Birla Sun Life Banking & PSU Debt Fund  - DIRECT - IDCW,Aditya Birla Sun Life Mutual Fund,Open Ended Schemes,Debt Scheme - Banking and PSU Fund,2021-01-25,160.5232,2026-06-23T05:29:58.847318+00:00,https://api.mfapi.in/mf/119551
119551,SBI Bluechip,119551,Aditya Birla Sun Life Banking & PSU Debt Fund  - DIRECT - IDCW,Aditya Birla Sun Life Mutual Fund,Open Ended Schemes,Debt Scheme - Banking and PSU Fund,2021-01-22,160.4748,2026-06-23T05:29:58.847318+00:00,https://api.mfapi.in/mf/119551
119551,SBI Bluechip,119551,Aditya Birla Sun Life Banking & PSU Debt Fund  - DIRECT - IDCW,Aditya Birla Sun Life Mutual Fund,Open Ended Schemes,Debt Scheme - Banking and PSU Fund,2021-01-21,160.5205,2026-06-23T05:29:58.847318+00:00,https://api.mfapi.in/mf/119551
119551,SBI Bluechip,119551,Aditya Birla Sun Life Banking & PSU Debt Fund  - DIRECT - IDCW,Aditya Birla Sun Life Mutual Fund,Open Ended Schemes,Debt Scheme - Banking and PSU Fund,2021-01-20,160.4846,2026-06-23T05:29:58.847318+00:00,https://api.mfapi.in/mf/119551
119551,SBI Bluechip,119551,Aditya Birla Sun Life Banking & PSU Debt Fund  - DIRECT - IDCW,Aditya Birla Sun Life Mutual Fund,Open Ended Schemes,Debt Scheme - Banking and PSU Fund,2021-01-19,160.3918,2026-06-23T05:29:58.847318+00:00,https://api.mfapi.in/mf/119551
119551,SBI Bluechip,119551,Aditya Birla Sun Life Banking & PSU Debt Fund  - DIRECT - IDCW,Aditya Birla Sun Life Mutual Fund,Open Ended Schemes,Debt Scheme - Banking and PSU Fund,2021-01-18,160.3776,2026-06-23T05:29:58.847318+00:00,https://api.mfapi.in/mf/119551
119551,SBI Bluechip,119551,Aditya Birla Sun Life Banking & PSU Debt Fund  - DIRECT - IDCW,Aditya Birla Sun Life Mutual Fund,Open Ended Schemes,Debt Scheme - Banking and PSU Fund,2021-01-15,160.6112,2026-06-23T05:29:58.847318+00:00,https://api.mfapi.in/mf/119551
119551,SBI Bluechip,119551,Aditya Birla Sun Life Banking & PSU Debt Fund  - DIRECT - IDCW,Aditya Birla Sun Life Mutual Fund,Open Ended Schemes,Debt Scheme - Banking and PSU Fund,2021-01-14,160.6885,2026-06-23T05:29:58.847318+00:00,https://api.mfapi.in/mf/119551
119551,SBI Bluechip,119551,Aditya Birla Sun Life Banking & PSU Debt Fund  - DIRECT - IDCW,Aditya Birla Sun Life Mutual Fund,Open Ended Schemes,Debt Scheme - Banking and PSU Fund,2021-01-13,160.9046,2026-06-23T05:29:58.847318+00:00,https://api.mfapi.in/mf/119551
119551,SBI Bluechip,119551,Aditya Birla Sun Life Banking & PSU Debt Fund  - DIRECT - IDCW,Aditya Birla Sun Life Mutual Fund,Open Ended Schemes,Debt Scheme - Banking and PSU Fund,2021-01-12,160.9495,2026-06-23T05:29:58.847318+00:00,https://api.mfapi.in/mf/119551
119551,SBI Bluechip,119551,Aditya Birla Sun Life Banking & PSU Debt Fund  - DIRECT - IDCW,Aditya Birla Sun Life Mutual Fund,Open Ended Schemes,Debt Scheme - Banking and PSU Fund,2021-01-11,161.1259,2026-06-23T05:29:58.847318+00:00,https://api.mfapi.in/mf/119551
119551,SBI Bluechip,119551,Aditya Birla Sun Life Banking & PSU Debt Fund  - DIRECT - IDCW,Aditya Birla Sun Life Mutual Fund,Open Ended Schemes,Debt Scheme - Banking and PSU Fund,2021-01-08,161.3775,2026-06-23T05:29:58.847318+00:00,https://api.mfapi.in/mf/119551
119551,SBI Bluechip,119551,Aditya Birla Sun Life Banking & PSU Debt Fund  - DIRECT - IDCW,Aditya Birla Sun Life Mutual Fund,Open Ended Schemes,Debt Scheme - Banking and PSU Fund,2021-01-07,161.2821,2026-06-23T05:29:58.847318+00:00,https://api.mfapi.in/mf/119551
119551,SBI Bluechip,119551,Aditya Birla Sun Life Banking & PSU Debt Fund  - DIRECT - IDCW,Aditya Birla Sun Life Mutual Fund,Open Ended Schemes,Debt Scheme - Banking and PSU Fund,2021-01-06,161.2295,2026-06-23T05:29:58.847318+00:00,https://api.mfapi.in/mf/119551
119551,SBI Bluechip,119551,Aditya Birla Sun Life Banking & PSU Debt Fund  - DIRECT - IDCW,Aditya Birla Sun Life Mutual Fund,Open Ended Schemes,Debt Scheme - Banking and PSU Fund,2021-01-05,161.2313,2026-06-23T05:29:58.847318+00:00,https://api.mfapi.in/mf/119551
119551,SBI Bluechip,119551,Aditya Birla Sun Life Banking & PSU Debt Fund  - DIRECT - IDCW,Aditya Birla Sun Life Mutual Fund,Open Ended Schemes,Debt Scheme - Banking and PSU Fund,2021-01-04,161.0439,2026-06-23T05:29:58.847318+00:00,https://api.mfapi.in/mf/119551
119551,SBI Bluechip,119551,Aditya Birla Sun Life Banking & PSU Debt Fund  - DIRECT - IDCW,Aditya Birla Sun Life Mutual Fund,Open Ended Schemes,Debt Scheme - Banking and PSU Fund,2021-01-01,160.8997,2026-06-23T05:29:58.847318+00:00,https://api.mfapi.in/mf/119551
119551,SBI Bluechip,119551,Aditya Birla Sun Life Banking & PSU Debt Fund  - DIRECT - IDCW,Aditya Birla Sun Life Mutual Fund,Open Ended Schemes,Debt Scheme - Banking and PSU Fund,2020-12-31,160.8071,2026-06-23T05:29:58.847318+00:00,https://api.mfapi.in/mf/119551
119551,SBI Bluechip,119551,Aditya Birla Sun Life Banking & PSU Debt Fund  - DIRECT - IDCW,Aditya Birla Sun Life Mutual Fund,Open Ended Schemes,Debt Scheme - Banking and PSU Fund,2020-12-30,160.7819,2026-06-23T05:29:58.847318+00:00,https://api.mfapi.in/mf/119551
119551,SBI Bluechip,119551,Aditya Birla Sun Life Banking & PSU Debt Fund  - DIRECT - IDCW,Aditya Birla Sun Life Mutual Fund,Open Ended Schemes,Debt Scheme - Banking and PSU Fund,2020-12-29,160.7133,2026-06-23T05:29:58.847318+00:00,https://api.mfapi.in/mf/119551
119551,SBI Bluechip,119551,Aditya Birla Sun Life Banking & PSU Debt Fund  - DIRECT - IDCW,Aditya Birla Sun Life Mutual Fund,Open Ended Schemes,Debt Scheme - Banking and PSU Fund,2020-12-28,160.6676,2026-06-23T05:29:58.847318+00:00,https://api.mfapi.in/mf/119551
119551,SBI Bluechip,119551,Aditya Birla Sun Life Banking & PSU Debt Fund  - DIRECT - IDCW,Aditya Birla Sun Life Mutual Fund,Open Ended Schemes,Debt Scheme - Banking and PSU Fund,2020-12-24,160.516,2026-06-23T05:29:58.847318+00:00,https://api.mfapi.in/mf/119551
119551,SBI Bluechip,119551,Aditya Birla Sun Life Banking & PSU Debt Fund  - DIRECT - IDCW,Aditya Birla Sun Life Mutual Fund,Open Ended Schemes,Debt Scheme - Banking and PSU Fund,2020-12-23,160.4658,2026-06-23T05:29:58.847318+00:00,https://api.mfapi.in/mf/119551
119551,SBI Bluechip,119551,Aditya Birla Sun Life Banking & PSU Debt Fund  - DIRECT - IDCW,Aditya Birla Sun Life Mutual Fund,Open Ended Schemes,Debt Scheme - Banking and PSU Fund,2020-12-22,160.403,2026-06-23T05:29:58.847318+00:00,https://api.mfapi.in/mf/119551
119551,SBI Bluechip,119551,Aditya Birla Sun Life Banking & PSU Debt Fund  - DIRECT - IDCW,Aditya Birla Sun Life Mutual Fund,Open Ended Schemes,Debt Scheme - Banking and PSU Fund,2020-12-21,160.3923,2026-06-23T05:29:58.847318+00:00,https://api.mfapi.in/mf/119551
119551,SBI Bluechip,119551,Aditya Birla Sun Life Banking & PSU Debt Fund  - DIRECT - IDCW,Aditya Birla Sun Life Mutual Fund,Open Ended Schemes,Debt Scheme - Banking and PSU Fund,2020-12-18,160.4386,2026-06-23T05:29:58.847318+00:00,https://api.mfapi.in/mf/119551
119551,SBI Bluechip,119551,Aditya Birla Sun Life Banking & PSU Debt Fund  - DIRECT - IDCW,Aditya Birla Sun Life Mutual Fund,Open Ended Schemes,Debt Scheme - Banking and PSU Fund,2020-12-17,160.4015,2026-06-23T05:29:58.847318+00:00,https://api.mfapi.in/mf/119551
119551,SBI Bluechip,119551,Aditya Birla Sun Life Banking & PSU Debt Fund  - DIRECT - IDCW,Aditya Birla Sun Life Mutual Fund,Open Ended Schemes,Debt Scheme - Banking and PSU Fund,2020-12-16,160.3832,2026-06-23T05:29:58.847318+00:00,https://api.mfapi.in/mf/119551
119551,SBI Bluechip,119551,Aditya Birla Sun Life Banking & PSU Debt Fund  - DIRECT - IDCW,Aditya Birla Sun Life Mutual Fund,Open Ended Schemes,Debt Scheme - Banking and PSU Fund,2020-12-15,160.3865,2026-06-23T05:29:58.847318+00:00,https://api.mfapi.in/mf/119551
119551,SBI Bluechip,119551,Aditya Birla Sun Life Banking & PSU Debt Fund  - DIRECT - IDCW,Aditya Birla Sun Life Mutual Fund,Open Ended Schemes,Debt Scheme - Banking and PSU Fund,2020-12-14,160.3316,2026-06-23T05:29:58.847318+00:00,https://api.mfapi.in/mf/119551
119551,SBI Bluechip,119551,Aditya Birla Sun Life Banking & PSU Debt Fund  - DIRECT - IDCW,Aditya Birla Sun Life Mutual Fund,Open Ended Schemes,Debt Scheme - Banking and PSU Fund,2020-12-11,160.2922,2026-06-23T05:29:58.847318+00:00,https://api.mfapi.in/mf/119551
119551,SBI Bluechip,119551,Aditya Birla Sun Life Banking & PSU Debt Fund  - DIRECT - IDCW,Aditya Birla Sun Life Mutual Fund,Open Ended Schemes,Debt Scheme - Banking and PSU Fund,2020-12-10,160.344,2026-06-23T05:29:58.847318+00:00,https://api.mfapi.in/mf/119551
119551,SBI Bluechip,119551,Aditya Birla Sun Life Banking & PSU Debt Fund  - DIRECT - IDCW,Aditya Birla Sun Life Mutual Fund,Open Ended Schemes,Debt Scheme - Banking and PSU Fund,2020-12-09,160.3147,2026-06-23T05:29:58.847318+00:00,https://api.mfapi.in/mf/119551
119551,SBI Bluechip,119551,Aditya Birla Sun Life Banking & PSU Debt Fund  - DIRECT - IDCW,Aditya Birla Sun Life Mutual Fund,Open Ended Schemes,Debt Scheme - Banking and PSU Fund,2020-12-08,160.3514,2026-06-23T05:29:58.847318+00:00,https://api.mfapi.in/mf/119551
119551,SBI Bluechip,119551,Aditya Birla Sun Life Banking & PSU Debt Fund  - DIRECT - IDCW,Aditya Birla Sun Life Mutual Fund,Open Ended Schemes,Debt Scheme - Banking and PSU Fund,2020-12-07,160.3502,2026-06-23T05:29:58.847318+00:00,https://api.mfapi.in/mf/119551
119551,SBI Bluechip,119551,Aditya Birla Sun Life Banking & PSU Debt Fund  - DIRECT - IDCW,Aditya Birla Sun Life Mutual Fund,Open Ended Schemes,Debt Scheme - Banking and PSU Fund,2020-12-04,160.3103,2026-06-23T05:29:58.847318+00:00,https://api.mfapi.in/mf/119551
119551,SBI Bluechip,119551,Aditya Birla Sun Life Banking & PSU Debt Fund  - DIRECT - IDCW,Aditya Birla Sun Life Mutual Fund,Open Ended Schemes,Debt Scheme - Banking and PSU Fund,2020-12-03,160.1281,2026-06-23T05:29:58.847318+00:00,https://api.mfapi.in/mf/119551
119551,SBI Bluechip,119551,Aditya Birla Sun Life Banking & PSU Debt Fund  - DIRECT - IDCW,Aditya Birla Sun Life Mutual Fund,Open Ended Schemes,Debt Scheme - Banking and PSU Fund,2020-12-02,160.1204,2026-06-23T05:29:58.847318+00:00,https://api.mfapi.in/mf/119551
119551,SBI Bluechip,119551,Aditya Birla Sun Life Banking & PSU Debt Fund  - DIRECT - IDCW,Aditya Birla Sun Life Mutual Fund,Open Ended Schemes,Debt Scheme - Banking and PSU Fund,2020-12-01,160.2519,2026-06-23T05:29:58.847318+00:00,https://api.mfapi.in/mf/119551
119551,SBI Bluechip,119551,Aditya Birla Sun Life Banking & PSU Debt Fund  - DIRECT - IDCW,Aditya Birla Sun Life Mutual Fund,Open Ended Schemes,Debt Scheme - Banking and PSU Fund,2020-11-27,160.2778,2026-06-23T05:29:58.847318+00:00,https://api.mfapi.in/mf/119551
119551,SBI Bluechip,119551,Aditya Birla Sun Life Banking & PSU Debt Fund  - DIRECT - IDCW,Aditya Birla Sun Life Mutual Fund,Open Ended Schemes,Debt Scheme - Banking and PSU Fund,2020-11-26,160.2708,2026-06-23T05:29:58.847318+00:00,https://api.mfapi.in/mf/119551
119551,SBI Bluechip,119551,Aditya Birla Sun Life Banking & PSU Debt Fund  - DIRECT - IDCW,Aditya Birla Sun Life Mutual Fund,Open Ended Schemes,Debt Scheme - Banking and PSU Fund,2020-11-25,160.1039,2026-06-23T05:29:58.847318+00:00,https://api.mfapi.in/mf/119551
119551,SBI Bluechip,119551,Aditya Birla Sun Life Banking & PSU Debt Fund  - DIRECT - IDCW,Aditya Birla Sun Life Mutual Fund,Open Ended Schemes,Debt Scheme - Banking and PSU Fund,2020-11-24,159.983,2026-06-23T05:29:58.847318+00:00,https://api.mfapi.in/mf/119551
119551,SBI Bluechip,119551,Aditya Birla Sun Life Banking & PSU Debt Fund  - DIRECT - IDCW,Aditya Birla Sun Life Mutual Fund,Open Ended Schemes,Debt Scheme - Banking and PSU Fund,2020-11-23,159.9304,2026-06-23T05:29:58.847318+00:00,https://api.mfapi.in/mf/119551
119551,SBI Bluechip,119551,Aditya Birla Sun Life Banking & PSU Debt Fund  - DIRECT - IDCW,Aditya Birla Sun Life Mutual Fund,Open Ended Schemes,Debt Scheme - Banking and PSU Fund,2020-11-20,159.8527,2026-06-23T05:29:58.847318+00:00,https://api.mfapi.in/mf/119551
119551,SBI Bluechip,119551,Aditya Birla Sun Life Banking & PSU Debt Fund  - DIRECT - IDCW,Aditya Birla Sun Life Mutual Fund,Open Ended Schemes,Debt Scheme - Banking and PSU Fund,2020-11-19,159.7636,2026-06-23T05:29:58.847318+00:00,https://api.mfapi.in/mf/119551
119551,SBI Bluechip,119551,Aditya Birla Sun Life Banking & PSU Debt Fund  - DIRECT - IDCW,Aditya Birla Sun Life Mutual Fund,Open Ended Schemes,Debt Scheme - Banking and PSU Fund,2020-11-18,159.5898,2026-06-23T05:29:58.847318+00:00,https://api.mfapi.in/mf/119551
119551,SBI Bluechip,119551,Aditya Birla Sun Life Banking & PSU Debt Fund  - DIRECT - IDCW,Aditya Birla Sun Life Mutual Fund,Open Ended Schemes,Debt Scheme - Banking and PSU Fund,2020-11-17,159.5333,2026-06-23T05:29:58.847318+00:00,https://api.mfapi.in/mf/119551
119551,SBI Bluechip,119551,Aditya Birla Sun Life Banking & PSU Debt Fund  - DIRECT - IDCW,Aditya Birla Sun Life Mutual Fund,Open Ended Schemes,Debt Scheme - Banking and PSU Fund,2020-11-13,159.4146,2026-06-23T05:29:58.847318+00:00,https://api.mfapi.in/mf/119551
119551,SBI Bluechip,119551,Aditya Birla Sun Life Banking & PSU Debt Fund  - DIRECT - IDCW,Aditya Birla Sun Life Mutual Fund,Open Ended Schemes,Debt Scheme - Banking and PSU Fund,2020-11-12,159.3624,2026-06-23T05:29:58.847318+00:00,https://api.mfapi.in/mf/119551
119551,SBI Bluechip,119551,Aditya Birla Sun Life Banking & PSU Debt Fund  - DIRECT - IDCW,Aditya Birla Sun Life Mutual Fund,Open Ended Schemes,Debt Scheme - Banking and PSU Fund,2020-11-11,159.2531,2026-06-23T05:29:58.847318+00:00,https://api.mfapi.in/mf/119551
119551,SBI Bluechip,119551,Aditya Birla Sun Life Banking & PSU Debt Fund  - DIRECT - IDCW,Aditya Birla Sun Life Mutual Fund,Open Ended Schemes,Debt Scheme - Banking and PSU Fund,2020-11-10,159.229,2026-06-23T05:29:58.847318+00:00,https://api.mfapi.in/mf/119551
119551,SBI Bluechip,119551,Aditya Birla Sun Life Banking & PSU Debt Fund  - DIRECT - IDCW,Aditya Birla Sun Life Mutual Fund,Open Ended Schemes,Debt Scheme - Banking and PSU Fund,2020-11-09,159.2568,2026-06-23T05:29:58.847318+00:00,https://api.mfapi.in/mf/119551
119551,SBI Bluechip,119551,Aditya Birla Sun Life Banking & PSU Debt Fund  - DIRECT - IDCW,Aditya Birla Sun Life Mutual Fund,Open Ended Schemes,Debt Scheme - Banking and PSU Fund,2020-11-06,159.2468,2026-06-23T05:29:58.847318+00:00,https://api.mfapi.in/mf/119551
119551,SBI Bluechip,119551,Aditya Birla Sun Life Banking & PSU Debt Fund  - DIRECT - IDCW,Aditya Birla Sun Life Mutual Fund,Open Ended Schemes,Debt Scheme - Banking and PSU Fund,2020-11-05,159.1355,2026-06-23T05:29:58.847318+00:00,https://api.mfapi.in/mf/119551
119551,SBI Bluechip,119551,Aditya Birla Sun Life Banking & PSU Debt Fund  - DIRECT - IDCW,Aditya Birla Sun Life Mutual Fund,Open Ended Schemes,Debt Scheme - Banking and PSU Fund,2020-11-04,158.9374,2026-06-23T05:29:58.847318+00:00,https://api.mfapi.in/mf/119551
119551,SBI Bluechip,119551,Aditya Birla Sun Life Banking & PSU Debt Fund  - DIRECT - IDCW,Aditya Birla Sun Life Mutual Fund,Open Ended Schemes,Debt Scheme - Banking and PSU Fund,2020-11-03,158.9366,2026-06-23T05:29:58.847318+00:00,https://api.mfapi.in/mf/119551
119551,SBI Bluechip,119551,Aditya Birla Sun Life Banking & PSU Debt Fund  - DIRECT - IDCW,Aditya Birla Sun Life Mutual Fund,Open Ended Schemes,Debt Scheme - Banking and PSU Fund,2020-11-02,158.9295,2026-06-23T05:29:58.847318+00:00,https://api.mfapi.in/mf/119551
119551,SBI Bluechip,119551,Aditya Birla Sun Life Banking & PSU Debt Fund  - DIRECT - IDCW,Aditya Birla Sun Life Mutual Fund,Open Ended Schemes,Debt Scheme - Banking and PSU Fund,2020-10-29,158.8367,2026-06-23T05:29:58.847318+00:00,https://api.mfapi.in/mf/119551
119551,SBI Bluechip,119551,Aditya Birla Sun Life Banking & PSU Debt Fund  - DIRECT - IDCW,Aditya Birla Sun Life Mutual Fund,Open Ended Schemes,Debt Scheme - Banking and PSU Fund,2020-10-28,158.857,2026-06-23T05:29:58.847318+00:00,https://api.mfapi.in/mf/119551
119551,SBI Bluechip,119551,Aditya Birla Sun Life Banking & PSU Debt Fund  - DIRECT - IDCW,Aditya Birla Sun Life Mutual Fund,Open Ended Schemes,Debt Scheme - Banking and PSU Fund,2020-10-27,158.8713,2026-06-23T05:29:58.847318+00:00,https://api.mfapi.in/mf/119551
119551,SBI Bluechip,119551,Aditya Birla Sun Life Banking & PSU Debt Fund  - DIRECT - IDCW,Aditya Birla Sun Life Mutual Fund,Open Ended Schemes,Debt Scheme - Banking and PSU Fund,2020-10-26,158.8975,2026-06-23T05:29:58.847318+00:00,https://api.mfapi.in/mf/119551
119551,SBI Bluechip,119551,Aditya Birla Sun Life Banking & PSU Debt Fund  - DIRECT - IDCW,Aditya Birla Sun Life Mutual Fund,Open Ended Schemes,Debt Scheme - Banking and PSU Fund,2020-10-23,158.6936,2026-06-23T05:29:58.847318+00:00,https://api.mfapi.in/mf/119551
119551,SBI Bluechip,119551,Aditya Birla Sun Life Banking & PSU Debt Fund  - DIRECT - IDCW,Aditya Birla Sun Life Mutual Fund,Open Ended Schemes,Debt Scheme - Banking and PSU Fund,2020-10-22,158.5705,2026-06-23T05:29:58.847318+00:00,https://api.mfapi.in/mf/119551
119551,SBI Bluechip,119551,Aditya Birla Sun Life Banking & PSU Debt Fund  - DIRECT - IDCW,Aditya Birla Sun Life Mutual Fund,Open Ended Schemes,Debt Scheme - Banking and PSU Fund,2020-10-21,158.5983,2026-06-23T05:29:58.847318+00:00,https://api.mfapi.in/mf/119551
119551,SBI Bluechip,119551,Aditya Birla Sun Life Banking & PSU Debt Fund  - DIRECT - IDCW,Aditya Birla Sun Life Mutual Fund,Open Ended Schemes,Debt Scheme - Banking and PSU Fund,2020-10-20,158.5896,2026-06-23T05:29:58.847318+00:00,https://api.mfapi.in/mf/119551
119551,SBI Bluechip,119551,Aditya Birla Sun Life Banking & PSU Debt Fund  - DIRECT - IDCW,Aditya Birla Sun Life Mutual Fund,Open Ended Schemes,Debt Scheme - Banking and PSU Fund,2020-10-19,158.4601,2026-06-23T05:29:58.847318+00:00,https://api.mfapi.in/mf/119551
119551,SBI Bluechip,119551,Aditya Birla Sun Life Banking & PSU Debt Fund  - DIRECT - IDCW,Aditya Birla Sun Life Mutual Fund,Open Ended Schemes,Debt Scheme - Banking and PSU Fund,2020-10-16,158.3327,2026-06-23T05:29:58.847318+00:00,https://api.mfapi.in/mf/119551
119551,SBI Bluechip,119551,Aditya Birla Sun Life Banking & PSU Debt Fund  - DIRECT - IDCW,Aditya Birla Sun Life Mutual Fund,Open Ended Schemes,Debt Scheme - Banking and PSU Fund,2020-10-15,158.3381,2026-06-23T05:29:58.847318+00:00,https://api.mfapi.in/mf/119551
119551,SBI Bluechip,119551,Aditya Birla Sun Life Banking & PSU Debt Fund  - DIRECT - IDCW,Aditya Birla Sun Life Mutual Fund,Open Ended Schemes,Debt Scheme - Banking and PSU Fund,2020-10-14,158.1982,2026-06-23T05:29:58.847318+00:00,https://api.mfapi.in/mf/119551
119551,SBI Bluechip,119551,Aditya Birla Sun Life Banking & PSU Debt Fund  - DIRECT - IDCW,Aditya Birla Sun Life Mutual Fund,Open Ended Schemes,Debt Scheme - Banking and PSU Fund,2020-10-13,158.0762,2026-06-23T05:29:58.847318+00:00,https://api.mfapi.in/mf/119551
119551,SBI Bluechip,119551,Aditya Birla Sun Life Banking & PSU Debt Fund  - DIRECT - IDCW,Aditya Birla Sun Life Mutual Fund,Open Ended Schemes,Debt Scheme - Banking and PSU Fund,2020-10-12,157.882,2026-06-23T05:29:58.847318+00:00,https://api.mfapi.in/mf/119551
119551,SBI Bluechip,119551,Aditya Birla Sun Life Banking & PSU Debt Fund  - DIRECT - IDCW,Aditya Birla Sun Life Mutual Fund,Open Ended Schemes,Debt Scheme - Banking and PSU Fund,2020-10-09,157.7498,2026-06-23T05:29:58.847318+00:00,https://api.mfapi.in/mf/119551
119551,SBI Bluechip,119551,Aditya Birla Sun Life Banking & PSU Debt Fund  - DIRECT - IDCW,Aditya Birla Sun Life Mutual Fund,Open Ended Schemes,Debt Scheme - Banking and PSU Fund,2020-10-08,157.086,2026-06-23T05:29:58.847318+00:00,https://api.mfapi.in/mf/119551
119551,SBI Bluechip,119551,Aditya Birla Sun Life Banking & PSU Debt Fund  - DIRECT - IDCW,Aditya Birla Sun Life Mutual Fund,Open Ended Schemes,Debt Scheme - Banking and PSU Fund,2020-10-07,156.9459,2026-06-23T05:29:58.847318+00:00,https://api.mfapi.in/mf/119551
119551,SBI Bluechip,119551,Aditya Birla Sun Life Banking & PSU Debt Fund  - DIRECT - IDCW,Aditya Birla Sun Life Mutual Fund,Open Ended Schemes,Debt Scheme - Banking and PSU Fund,2020-10-06,156.8394,2026-06-23T05:29:58.847318+00:00,https://api.mfapi.in/mf/119551
119551,SBI Bluechip,119551,Aditya Birla Sun Life Banking & PSU Debt Fund  - DIRECT - IDCW,Aditya Birla Sun Life Mutual Fund,Open Ended Schemes,Debt Scheme - Banking and PSU Fund,2020-10-05,156.763,2026-06-23T05:29:58.847318+00:00,https://api.mfapi.in/mf/119551
119551,SBI Bluechip,119551,Aditya Birla Sun Life Banking & PSU Debt Fund  - DIRECT - IDCW,Aditya Birla Sun Life Mutual Fund,Open Ended Schemes,Debt Scheme - Banking and PSU Fund,2020-10-01,156.6388,2026-06-23T05:29:58.847318+00:00,https://api.mfapi.in/mf/119551
119551,SBI Bluechip,119551,Aditya Birla Sun Life Banking & PSU Debt Fund  - DIRECT - IDCW,Aditya Birla Sun Life Mutual Fund,Open Ended Schemes,Debt Scheme - Banking and PSU Fund,2020-09-30,156.4483,2026-06-23T05:29:58.847318+00:00,https://api.mfapi.in/mf/119551
119551,SBI Bluechip,119551,Aditya Birla Sun Life Banking & PSU Debt Fund  - DIRECT - IDCW,Aditya Birla Sun Life Mutual Fund,Open Ended Schemes,Debt Scheme - Banking and PSU Fund,2020-09-29,156.3187,2026-06-23T05:29:58.847318+00:00,https://api.mfapi.in/mf/119551
119551,SBI Bluechip,119551,Aditya Birla Sun Life Banking & PSU Debt Fund  - DIRECT - IDCW,Aditya Birla Sun Life Mutual Fund,Open Ended Schemes,Debt Scheme - Banking and PSU Fund,2020-09-28,156.3511,2026-06-23T05:29:58.847318+00:00,https://api.mfapi.in/mf/119551
119551,SBI Bluechip,119551,Aditya Birla Sun Life Banking & PSU Debt Fund  - DIRECT - IDCW,Aditya Birla Sun Life Mutual Fund,Open Ended Schemes,Debt Scheme - Banking and PSU Fund,2020-09-25,156.3293,2026-06-23T05:29:58.847318+00:00,https://api.mfapi.in/mf/119551
119551,SBI Bluechip,119551,Aditya Birla Sun Life Banking & PSU Debt Fund  - DIRECT - IDCW,Aditya Birla Sun Life Mutual Fund,Open Ended Schemes,Debt Scheme - Banking and PSU Fund,2020-09-24,156.37,2026-06-23T05:29:58.847318+00:00,https://api.mfapi.in/mf/119551
119551,SBI Bluechip,119551,Aditya Birla Sun Life Banking & PSU Debt Fund  - DIRECT - IDCW,Aditya Birla Sun Life Mutual Fund,Open Ended Schemes,Debt Scheme - Banking and PSU Fund,2020-09-23,156.4026,2026-06-23T05:29:58.847318+00:00,https://api.mfapi.in/mf/119551
119551,SBI Bluechip,119551,Aditya Birla Sun Life Banking & PSU Debt Fund  - DIRECT - IDCW,Aditya Birla Sun Life Mutual Fund,Open Ended Schemes,Debt Scheme - Banking and PSU Fund,2020-09-22,156.3459,2026-06-23T05:29:58.847318+00:00,https://api.mfapi.in/mf/119551
119551,SBI Bluechip,119551,Aditya Birla Sun Life Banking & PSU Debt Fund  - DIRECT - IDCW,Aditya Birla Sun Life Mutual Fund,Open Ended Schemes,Debt Scheme - Banking and PSU Fund,2020-09-21,156.2995,2026-06-23T05:29:58.847318+00:00,https://api.mfapi.in/mf/119551
119551,SBI Bluechip,119551,Aditya Birla Sun Life Banking & PSU Debt Fund  - DIRECT - IDCW,Aditya Birla Sun Life Mutual Fund,Open Ended Schemes,Debt Scheme - Banking and PSU Fund,2020-09-18,156.2039,2026-06-23T05:29:58.847318+00:00,https://api.mfapi.in/mf/119551
119551,SBI Bluechip,119551,Aditya Birla Sun Life Banking & PSU Debt Fund  - DIRECT - IDCW,Aditya Birla Sun Life Mutual Fund,Open Ended Schemes,Debt Scheme - Banking and PSU Fund,2020-09-17,156.1649,2026-06-23T05:29:58.847318+00:00,https://api.mfapi.in/mf/119551
119551,SBI Bluechip,119551,Aditya Birla Sun Life Banking & PSU Debt Fund  - DIRECT - IDCW,Aditya Birla Sun Life Mutual Fund,Open Ended Schemes,Debt Scheme - Banking and PSU Fund,2020-09-16,156.1146,2026-06-23T05:29:58.847318+00:00,https://api.mfapi.in/mf/119551
119551,SBI Bluechip,119551,Aditya Birla Sun Life Banking & PSU Debt Fund  - DIRECT - IDCW,Aditya Birla Sun Life Mutual Fund,Open Ended Schemes,Debt Scheme - Banking and PSU Fund,2020-09-15,156.0004,2026-06-23T05:29:58.847318+00:00,https://api.mfapi.in/mf/119551
119551,SBI Bluechip,119551,Aditya Birla Sun Life Banking & PSU Debt Fund  - DIRECT - IDCW,Aditya Birla Sun Life Mutual Fund,Open Ended Schemes,Debt Scheme - Banking and PSU Fund,2020-09-14,156.1284,2026-06-23T05:29:58.847318+00:00,https://api.mfapi.in/mf/119551
119551,SBI Bluechip,119551,Aditya Birla Sun Life Banking & PSU Debt Fund  - DIRECT - IDCW,Aditya Birla Sun Life Mutual Fund,Open Ended Schemes,Debt Scheme - Banking and PSU Fund,2020-09-11,156.1152,2026-06-23T05:29:58.847318+00:00,https://api.mfapi.in/mf/119551
119551,SBI Bluechip,119551,Aditya Birla Sun Life Banking & PSU Debt Fund  - DIRECT - IDCW,Aditya Birla Sun Life Mutual Fund,Open Ended Schemes,Debt Scheme - Banking and PSU Fund,2020-09-10,156.1513,2026-06-23T05:29:58.847318+00:00,https://api.mfapi.in/mf/119551
119551,SBI Bluechip,119551,Aditya Birla Sun Life Banking & PSU Debt Fund  - DIRECT - IDCW,Aditya Birla Sun Life Mutual Fund,Open Ended Schemes,Debt Scheme - Banking and PSU Fund,2020-09-09,156.2123,2026-06-23T05:29:58.847318+00:00,https://api.mfapi.in/mf/119551
119551,SBI Bluechip,119551,Aditya Birla Sun Life Banking & PSU Debt Fund  - DIRECT - IDCW,Aditya Birla Sun Life Mutual Fund,Open Ended Schemes,Debt Scheme - Banking and PSU Fund,2020-09-08,156.1916,2026-06-23T05:29:58.847318+00:00,https://api.mfapi.in/mf/119551
119551,SBI Bluechip,119551,Aditya Birla Sun Life Banking & PSU Debt Fund  - DIRECT - IDCW,Aditya Birla Sun Life Mutual Fund,Open Ended Schemes,Debt Scheme - Banking and PSU Fund,2020-09-07,156.5535,2026-06-23T05:29:58.847318+00:00,https://api.mfapi.in/mf/119551
119551,SBI Bluechip,119551,Aditya Birla Sun Life Banking & PSU Debt Fund  - DIRECT - IDCW,Aditya Birla Sun Life Mutual Fund,Open Ended Schemes,Debt Scheme - Banking and PSU Fund,2020-09-04,156.774,2026-06-23T05:29:58.847318+00:00,https://api.mfapi.in/mf/119551
119551,SBI Bluechip,119551,Aditya Birla Sun Life Banking & PSU Debt Fund  - DIRECT - IDCW,Aditya Birla Sun Life Mutual Fund,Open Ended Schemes,Debt Scheme - Banking and PSU Fund,2020-09-03,156.7417,2026-06-23T05:29:58.847318+00:00,https://api.mfapi.in/mf/119551
119551,SBI Bluechip,119551,Aditya Birla Sun Life Banking & PSU Debt Fund  - DIRECT - IDCW,Aditya Birla Sun Life Mutual Fund,Open Ended Schemes,Debt Scheme - Banking and PSU Fund,2020-09-02,156.5163,2026-06-23T05:29:58.847318+00:00,https://api.mfapi.in/mf/119551
119551,SBI Bluechip,119551,Aditya Birla Sun Life Banking & PSU Debt Fund  - DIRECT - IDCW,Aditya Birla Sun Life Mutual Fund,Open Ended Schemes,Debt Scheme - Banking and PSU Fund,2020-09-01,156.4621,2026-06-23T05:29:58.847318+00:00,https://api.mfapi.in/mf/119551
119551,SBI Bluechip,119551,Aditya Birla Sun Life Banking & PSU Debt Fund  - DIRECT - IDCW,Aditya Birla Sun Life Mutual Fund,Open Ended Schemes,Debt Scheme - Banking and PSU Fund,2020-08-31,155.7972,2026-06-23T05:29:58.847318+00:00,https://api.mfapi.in/mf/119551
119551,SBI Bluechip,119551,Aditya Birla Sun Life Banking & PSU Debt Fund  - DIRECT - IDCW,Aditya Birla Sun Life Mutual Fund,Open Ended Schemes,Debt Scheme - Banking and PSU Fund,2020-08-28,155.1542,2026-06-23T05:29:58.847318+00:00,https://api.mfapi.in/mf/119551
119551,SBI Bluechip,119551,Aditya Birla Sun Life Banking & PSU Debt Fund  - DIRECT - IDCW,Aditya Birla Sun Life Mutual Fund,Open Ended Schemes,Debt Scheme - Banking and PSU Fund,2020-08-27,155.293,2026-06-23T05:29:58.847318+00:00,https://api.mfapi.in/mf/119551
119551,SBI Bluechip,119551,Aditya Birla Sun Life Banking & PSU Debt Fund  - DIRECT - IDCW,Aditya Birla Sun Life Mutual Fund,Open Ended Schemes,Debt Scheme - Banking and PSU Fund,2020-08-26,155.3989,2026-06-23T05:29:58.847318+00:00,https://api.mfapi.in/mf/119551
119551,SBI Bluechip,119551,Aditya Birla Sun Life Banking & PSU Debt Fund  - DIRECT - IDCW,Aditya Birla Sun Life Mutual Fund,Open Ended Schemes,Debt Scheme - Banking and PSU Fund,2020-08-25,155.4841,2026-06-23T05:29:58.847318+00:00,https://api.mfapi.in/mf/119551
119551,SBI Bluechip,119551,Aditya Birla Sun Life Banking & PSU Debt Fund  - DIRECT - IDCW,Aditya Birla Sun Life Mutual Fund,Open Ended Schemes,Debt Scheme - Banking and PSU Fund,2020-08-24,155.3393,2026-06-23T05:29:58.847318+00:00,https://api.mfapi.in/mf/119551
119551,SBI Bluechip,119551,Aditya Birla Sun Life Banking & PSU Debt Fund  - DIRECT - IDCW,Aditya Birla Sun Life Mutual Fund,Open Ended Schemes,Debt Scheme - Banking and PSU Fund,2020-08-21,155.6426,2026-06-23T05:29:58.847318+00:00,https://api.mfapi.in/mf/119551
119551,SBI Bluechip,119551,Aditya Birla Sun Life Banking & PSU Debt Fund  - DIRECT - IDCW,Aditya Birla Sun Life Mutual Fund,Open Ended Schemes,Debt Scheme - Banking and PSU Fund,2020-08-20,156.1183,2026-06-23T05:29:58.847318+00:00,https://api.mfapi.in/mf/119551
119551,SBI Bluechip,119551,Aditya Birla Sun Life Banking & PSU Debt Fund  - DIRECT - IDCW,Aditya Birla Sun Life Mutual Fund,Open Ended Schemes,Debt Scheme - Banking and PSU Fund,2020-08-19,156.0408,2026-06-23T05:29:58.847318+00:00,https://api.mfapi.in/mf/119551
119551,SBI Bluechip,119551,Aditya Birla Sun Life Banking & PSU Debt Fund  - DIRECT - IDCW,Aditya Birla Sun Life Mutual Fund,Open Ended Schemes,Debt Scheme - Banking and PSU Fund,2020-08-18,156.0848,2026-06-23T05:29:58.847318+00:00,https://api.mfapi.in/mf/119551
119551,SBI Bluechip,119551,Aditya Birla Sun Life Banking & PSU Debt Fund  - DIRECT - IDCW,Aditya Birla Sun Life Mutual Fund,Open Ended Schemes,Debt Scheme - Banking and PSU Fund,2020-08-17,156.1178,2026-06-23T05:29:58.847318+00:00,https://api.mfapi.in/mf/119551
119551,SBI Bluechip,119551,Aditya Birla Sun Life Banking & PSU Debt Fund  - DIRECT - IDCW,Aditya Birla Sun Life Mutual Fund,Open Ended Schemes,Debt Scheme - Banking and PSU Fund,2020-08-14,156.1109,2026-06-23T05:29:58.847318+00:00,https://api.mfapi.in/mf/119551
119551,SBI Bluechip,119551,Aditya Birla Sun Life Banking & PSU Debt Fund  - DIRECT - IDCW,Aditya Birla Sun Life Mutual Fund,Open Ended Schemes,Debt Scheme - Banking and PSU Fund,2020-08-13,156.2204,2026-06-23T05:29:58.847318+00:00,https://api.mfapi.in/mf/119551
119551,SBI Bluechip,119551,Aditya Birla Sun Life Banking & PSU Debt Fund  - DIRECT - IDCW,Aditya Birla Sun Life Mutual Fund,Open Ended Schemes,Debt Scheme - Banking and PSU Fund,2020-08-12,156.1023,2026-06-23T05:29:58.847318+00:00,https://api.mfapi.in/mf/119551
119551,SBI Bluechip,119551,Aditya Birla Sun Life Banking & PSU Debt Fund  - DIRECT - IDCW,Aditya Birla Sun Life Mutual Fund,Open Ended Schemes,Debt Scheme - Banking and PSU Fund,2020-08-11,156.1703,2026-06-23T05:29:58.847318+00:00,https://api.mfapi.in/mf/119551
119551,SBI Bluechip,119551,Aditya Birla Sun Life Banking & PSU Debt Fund  - DIRECT - IDCW,Aditya Birla Sun Life Mutual Fund,Open Ended Schemes,Debt Scheme - Banking and PSU Fund,2020-08-10,156.1579,2026-06-23T05:29:58.847318+00:00,https://api.mfapi.in/mf/119551
119551,SBI Bluechip,119551,Aditya Birla Sun Life Banking & PSU Debt Fund  - DIRECT - IDCW,Aditya Birla Sun Life Mutual Fund,Open Ended Schemes,Debt Scheme - Banking and PSU Fund,2020-08-07,156.1963,2026-06-23T05:29:58.847318+00:00,https://api.mfapi.in/mf/119551
119551,SBI Bluechip,119551,Aditya Birla Sun Life Banking & PSU Debt Fund  - DIRECT - IDCW,Aditya Birla Sun Life Mutual Fund,Open Ended Schemes,Debt Scheme - Banking and PSU Fund,2020-08-06,156.273,2026-06-23T05:29:58.847318+00:00,https://api.mfapi.in/mf/119551
119551,SBI Bluechip,119551,Aditya Birla Sun Life Banking & PSU Debt Fund  - DIRECT - IDCW,Aditya Birla Sun Life Mutual Fund,Open Ended Schemes,Debt Scheme - Banking and PSU Fund,2020-08-05,156.4515,2026-06-23T05:29:58.847318+00:00,https://api.mfapi.in/mf/119551
119551,SBI Bluechip,119551,Aditya Birla Sun Life Banking & PSU Debt Fund  - DIRECT - IDCW,Aditya Birla Sun Life Mutual Fund,Open Ended Schemes,Debt Scheme - Banking and PSU Fund,2020-08-04,156.4151,2026-06-23T05:29:58.847318+00:00,https://api.mfapi.in/mf/119551
119551,SBI Bluechip,119551,Aditya Birla Sun Life Banking & PSU Debt Fund  - DIRECT - IDCW,Aditya Birla Sun Life Mutual Fund,Open Ended Schemes,Debt Scheme - Banking and PSU Fund,2020-08-03,156.3569,2026-06-23T05:29:58.847318+00:00,https://api.mfapi.in/mf/119551
119551,SBI Bluechip,119551,Aditya Birla Sun Life Banking & PSU Debt Fund  - DIRECT - IDCW,Aditya Birla Sun Life Mutual Fund,Open Ended Schemes,Debt Scheme - Banking and PSU Fund,2020-07-31,156.2908,2026-06-23T05:29:58.847318+00:00,https://api.mfapi.in/mf/119551
119551,SBI Bluechip,119551,Aditya Birla Sun Life Banking & PSU Debt Fund  - DIRECT - IDCW,Aditya Birla Sun Life Mutual Fund,Open Ended Schemes,Debt Scheme - Banking and PSU Fund,2020-07-30,156.1385,2026-06-23T05:29:58.847318+00:00,https://api.mfapi.in/mf/119551
119551,SBI Bluechip,119551,Aditya Birla Sun Life Banking & PSU Debt Fund  - DIRECT - IDCW,Aditya Birla Sun Life Mutual Fund,Open Ended Schemes,Debt Scheme - Banking and PSU Fund,2020-07-29,156.0698,2026-06-23T05:29:58.847318+00:00,https://api.mfapi.in/mf/119551
119551,SBI Bluechip,119551,Aditya Birla Sun Life Banking & PSU Debt Fund  - DIRECT - IDCW,Aditya Birla Sun Life Mutual Fund,Open Ended Schemes,Debt Scheme - Banking and PSU Fund,2020-07-28,156.0234,2026-06-23T05:29:58.847318+00:00,https://api.mfapi.in/mf/119551
119551,SBI Bluechip,119551,Aditya Birla Sun Life Banking & PSU Debt Fund  - DIRECT - IDCW,Aditya Birla Sun Life Mutual Fund,Open Ended Schemes,Debt Scheme - Banking and PSU Fund,2020-07-27,156.1419,2026-06-23T05:29:58.847318+00:00,https://api.mfapi.in/mf/119551
119551,SBI Bluechip,119551,Aditya Birla Sun Life Banking & PSU Debt Fund  - DIRECT - IDCW,Aditya Birla Sun Life Mutual Fund,Open Ended Schemes,Debt Scheme - Banking and PSU Fund,2020-07-24,156.2363,2026-06-23T05:29:58.847318+00:00,https://api.mfapi.in/mf/119551
119551,SBI Bluechip,119551,Aditya Birla Sun Life Banking & PSU Debt Fund  - DIRECT - IDCW,Aditya Birla Sun Life Mutual Fund,Open Ended Schemes,Debt Scheme - Banking and PSU Fund,2020-07-23,156.2261,2026-06-23T05:29:58.847318+00:00,https://api.mfapi.in/mf/119551
119551,SBI Bluechip,119551,Aditya Birla Sun Life Banking & PSU Debt Fund  - DIRECT - IDCW,Aditya Birla Sun Life Mutual Fund,Open Ended Schemes,Debt Scheme - Banking and PSU Fund,2020-07-22,156.1462,2026-06-23T05:29:58.847318+00:00,https://api.mfapi.in/mf/119551
119551,SBI Bluechip,119551,Aditya Birla Sun Life Banking & PSU Debt Fund  - DIRECT - IDCW,Aditya Birla Sun Life Mutual Fund,Open Ended Schemes,Debt Scheme - Banking and PSU Fund,2020-07-21,156.218,2026-06-23T05:29:58.847318+00:00,https://api.mfapi.in/mf/119551
119551,SBI Bluechip,119551,Aditya Birla Sun Life Banking & PSU Debt Fund  - DIRECT - IDCW,Aditya Birla Sun Life Mutual Fund,Open Ended Schemes,Debt Scheme - Banking and PSU Fund,2020-07-20,156.312,2026-06-23T05:29:58.847318+00:00,https://api.mfapi.in/mf/119551
119551,SBI Bluechip,119551,Aditya Birla Sun Life Banking & PSU Debt Fund  - DIRECT - IDCW,Aditya Birla Sun Life Mutual Fund,Open Ended Schemes,Debt Scheme - Banking and PSU Fund,2020-07-17,156.2261,2026-06-23T05:29:58.847318+00:00,https://api.mfapi.in/mf/119551
119551,SBI Bluechip,119551,Aditya Birla Sun Life Banking & PSU Debt Fund  - DIRECT - IDCW,Aditya Birla Sun Life Mutual Fund,Open Ended Schemes,Debt Scheme - Banking and PSU Fund,2020-07-16,156.1683,2026-06-23T05:29:58.847318+00:00,https://api.mfapi.in/mf/119551
119551,SBI Bluechip,119551,Aditya Birla Sun Life Banking & PSU Debt Fund  - DIRECT - IDCW,Aditya Birla Sun Life Mutual Fund,Open Ended Schemes,Debt Scheme - Banking and PSU Fund,2020-07-15,156.1332,2026-06-23T05:29:58.847318+00:00,https://api.mfapi.in/mf/119551
119551,SBI Bluechip,119551,Aditya Birla Sun Life Banking & PSU Debt Fund  - DIRECT - IDCW,Aditya Birla Sun Life Mutual Fund,Open Ended Schemes,Debt Scheme - Banking and PSU Fund,2020-07-14,155.9369,2026-06-23T05:29:58.847318+00:00,https://api.mfapi.in/mf/119551
119551,SBI Bluechip,119551,Aditya Birla Sun Life Banking & PSU Debt Fund  - DIRECT - IDCW,Aditya Birla Sun Life Mutual Fund,Open Ended Schemes,Debt Scheme - Banking and PSU Fund,2020-07-13,156.0307,2026-06-23T05:29:58.847318+00:00,https://api.mfapi.in/mf/119551
119551,SBI Bluechip,119551,Aditya Birla Sun Life Banking & PSU Debt Fund  - DIRECT - IDCW,Aditya Birla Sun Life Mutual Fund,Open Ended Schemes,Debt Scheme - Banking and PSU Fund,2020-07-10,155.929,2026-06-23T05:29:58.847318+00:00,https://api.mfapi.in/mf/119551
119551,SBI Bluechip,119551,Aditya Birla Sun Life Banking & PSU Debt Fund  - DIRECT - IDCW,Aditya Birla Sun Life Mutual Fund,Open Ended Schemes,Debt Scheme - Banking and PSU Fund,2020-07-09,155.6112,2026-06-23T05:29:58.847318+00:00,https://api.mfapi.in/mf/119551
119551,SBI Bluechip,119551,Aditya Birla Sun Life Banking & PSU Debt Fund  - DIRECT - IDCW,Aditya Birla Sun Life Mutual Fund,Open Ended Schemes,Debt Scheme - Banking and PSU Fund,2020-07-08,155.4959,2026-06-23T05:29:58.847318+00:00,https://api.mfapi.in/mf/119551
119551,SBI Bluechip,119551,Aditya Birla Sun Life Banking & PSU Debt Fund  - DIRECT - IDCW,Aditya Birla Sun Life Mutual Fund,Open Ended Schemes,Debt Scheme - Banking and PSU Fund,2020-07-07,155.2208,2026-06-23T05:29:58.847318+00:00,https://api.mfapi.in/mf/119551
119551,SBI Bluechip,119551,Aditya Birla Sun Life Banking & PSU Debt Fund  - DIRECT - IDCW,Aditya Birla Sun Life Mutual Fund,Open Ended Schemes,Debt Scheme - Banking and PSU Fund,2020-07-06,154.9799,2026-06-23T05:29:58.847318+00:00,https://api.mfapi.in/mf/119551
119551,SBI Bluechip,119551,Aditya Birla Sun Life Banking & PSU Debt Fund  - DIRECT - IDCW,Aditya Birla Sun Life Mutual Fund,Open Ended Schemes,Debt Scheme - Banking and PSU Fund,2020-07-03,154.7628,2026-06-23T05:29:58.847318+00:00,https://api.mfapi.in/mf/119551
119551,SBI Bluechip,119551,Aditya Birla Sun Life Banking & PSU Debt Fund  - DIRECT - IDCW,Aditya Birla Sun Life Mutual Fund,Open Ended Schemes,Debt Scheme - Banking and PSU Fund,2020-07-02,154.6381,2026-06-23T05:29:58.847318+00:00,https://api.mfapi.in/mf/119551
119551,SBI Bluechip,119551,Aditya Birla Sun Life Banking & PSU Debt Fund  - DIRECT - IDCW,Aditya Birla Sun Life Mutual Fund,Open Ended Schemes,Debt Scheme - Banking and PSU Fund,2020-07-01,154.4707,2026-06-23T05:29:58.847318+00:00,https://api.mfapi.in/mf/119551
119551,SBI Bluechip,119551,Aditya Birla Sun Life Banking & PSU Debt Fund  - DIRECT - IDCW,Aditya Birla Sun Life Mutual Fund,Open Ended Schemes,Debt Scheme - Banking and PSU Fund,2020-06-30,154.3407,2026-06-23T05:29:58.847318+00:00,https://api.mfapi.in/mf/119551
119551,SBI Bluechip,119551,Aditya Birla Sun Life Banking & PSU Debt Fund  - DIRECT - IDCW,Aditya Birla Sun Life Mutual Fund,Open Ended Schemes,Debt Scheme - Banking and PSU Fund,2020-06-29,154.1954,2026-06-23T05:29:58.847318+00:00,https://api.mfapi.in/mf/119551
119551,SBI Bluechip,119551,Aditya Birla Sun Life Banking & PSU Debt Fund  - DIRECT - IDCW,Aditya Birla Sun Life Mutual Fund,Open Ended Schemes,Debt Scheme - Banking and PSU Fund,2020-06-26,154.0384,2026-06-23T05:29:58.847318+00:00,https://api.mfapi.in/mf/119551
119551,SBI Bluechip,119551,Aditya Birla Sun Life Banking & PSU Debt Fund  - DIRECT - IDCW,Aditya Birla Sun Life Mutual Fund,Open Ended Schemes,Debt Scheme - Banking and PSU Fund,2020-06-25,153.8658,2026-06-23T05:29:58.847318+00:00,https://api.mfapi.in/mf/119551
119551,SBI Bluechip,119551,Aditya Birla Sun Life Banking & PSU Debt Fund  - DIRECT - IDCW,Aditya Birla Sun Life Mutual Fund,Open Ended Schemes,Debt Scheme - Banking and PSU Fund,2020-06-24,153.6871,2026-06-23T05:29:58.847318+00:00,https://api.mfapi.in/mf/119551
119551,SBI Bluechip,119551,Aditya Birla Sun Life Banking & PSU Debt Fund  - DIRECT - IDCW,Aditya Birla Sun Life Mutual Fund,Open Ended Schemes,Debt Scheme - Banking and PSU Fund,2020-06-23,153.6661,2026-06-23T05:29:58.847318+00:00,https://api.mfapi.in/mf/119551
119551,SBI Bluechip,119551,Aditya Birla Sun Life Banking & PSU Debt Fund  - DIRECT - IDCW,Aditya Birla Sun Life Mutual Fund,Open Ended Schemes,Debt Scheme - Banking and PSU Fund,2020-06-22,153.438,2026-06-23T05:29:58.847318+00:00,https://api.mfapi.in/mf/119551
119551,SBI Bluechip,119551,Aditya Birla Sun Life Banking & PSU Debt Fund  - DIRECT - IDCW,Aditya Birla Sun Life Mutual Fund,Open Ended Schemes,Debt Scheme - Banking and PSU Fund,2020-06-19,153.2792,2026-06-23T05:29:58.847318+00:00,https://api.mfapi.in/mf/119551
119551,SBI Bluechip,119551,Aditya Birla Sun Life Banking & PSU Debt Fund  - DIRECT - IDCW,Aditya Birla Sun Life Mutual Fund,Open Ended Schemes,Debt Scheme - Banking and PSU Fund,2020-06-18,152.9942,2026-06-23T05:29:58.847318+00:00,https://api.mfapi.in/mf/119551
119551,SBI Bluechip,119551,Aditya Birla Sun Life Banking & PSU Debt Fund  - DIRECT - IDCW,Aditya Birla Sun Life Mutual Fund,Open Ended Schemes,Debt Scheme - Banking and PSU Fund,2020-06-17,152.6873,2026-06-23T05:29:58.847318+00:00,https://api.mfapi.in/mf/119551
119551,SBI Bluechip,119551,Aditya Birla Sun Life Banking & PSU Debt Fund  - DIRECT - IDCW,Aditya Birla Sun Life Mutual Fund,Open Ended Schemes,Debt Scheme - Banking and PSU Fund,2020-06-16,152.463,2026-06-23T05:29:58.847318+00:00,https://api.mfapi.in/mf/119551
119551,SBI Bluechip,119551,Aditya Birla Sun Life Banking & PSU Debt Fund  - DIRECT - IDCW,Aditya Birla Sun Life Mutual Fund,Open Ended Schemes,Debt Scheme - Banking and PSU Fund,2020-06-15,152.2922,2026-06-23T05:29:58.847318+00:00,https://api.mfapi.in/mf/119551
119551,SBI Bluechip,119551,Aditya Birla Sun Life Banking & PSU Debt Fund  - DIRECT - IDCW,Aditya Birla Sun Life Mutual Fund,Open Ended Schemes,Debt Scheme - Banking and PSU Fund,2020-06-12,152.1202,2026-06-23T05:29:58.847318+00:00,https://api.mfapi.in/mf/119551
119551,SBI Bluechip,119551,Aditya Birla Sun Life Banking & PSU Debt Fund  - DIRECT - IDCW,Aditya Birla Sun Life Mutual Fund,Open Ended Schemes,Debt Scheme - Banking and PSU Fund,2020-06-11,152.0797,2026-06-23T05:29:58.847318+00:00,https://api.mfapi.in/mf/119551
119551,SBI Bluechip,119551,Aditya Birla Sun Life Banking & PSU Debt Fund  - DIRECT - IDCW,Aditya Birla Sun Life Mutual Fund,Open Ended Schemes,Debt Scheme - Banking and PSU Fund,2020-06-10,151.9285,2026-06-23T05:29:58.847318+00:00,https://api.mfapi.in/mf/119551
119551,SBI Bluechip,119551,Aditya Birla Sun Life Banking & PSU Debt Fund  - DIRECT - IDCW,Aditya Birla Sun Life Mutual Fund,Open Ended Schemes,Debt Scheme - Banking and PSU Fund,2020-06-09,151.8323,2026-06-23T05:29:58.847318+00:00,https://api.mfapi.in/mf/119551
119551,SBI Bluechip,119551,Aditya Birla Sun Life Banking & PSU Debt Fund  - DIRECT - IDCW,Aditya Birla Sun Life Mutual Fund,Open Ended Schemes,Debt Scheme - Banking and PSU Fund,2020-06-08,151.7545,2026-06-23T05:29:58.847318+00:00,https://api.mfapi.in/mf/119551
119551,SBI Bluechip,119551,Aditya Birla Sun Life Banking & PSU Debt Fund  - DIRECT - IDCW,Aditya Birla Sun Life Mutual Fund,Open Ended Schemes,Debt Scheme - Banking and PSU Fund,2020-06-05,151.7947,2026-06-23T05:29:58.847318+00:00,https://api.mfapi.in/mf/119551
119551,SBI Bluechip,119551,Aditya Birla Sun Life Banking & PSU Debt Fund  - DIRECT - IDCW,Aditya Birla Sun Life Mutual Fund,Open Ended Schemes,Debt Scheme - Banking and PSU Fund,2020-06-04,151.7144,2026-06-23T05:29:58.847318+00:00,https://api.mfapi.in/mf/119551
119551,SBI Bluechip,119551,Aditya Birla Sun Life Banking & PSU Debt Fund  - DIRECT - IDCW,Aditya Birla Sun Life Mutual Fund,Open Ended Schemes,Debt Scheme - Banking and PSU Fund,2020-06-03,151.7291,2026-06-23T05:29:58.847318+00:00,https://api.mfapi.in/mf/119551
119551,SBI Bluechip,119551,Aditya Birla Sun Life Banking & PSU Debt Fund  - DIRECT - IDCW,Aditya Birla Sun Life Mutual Fund,Open Ended Schemes,Debt Scheme - Banking and PSU Fund,2020-06-02,151.5887,2026-06-23T05:29:58.847318+00:00,https://api.mfapi.in/mf/119551
119551,SBI Bluechip,119551,Aditya Birla Sun Life Banking & PSU Debt Fund  - DIRECT - IDCW,Aditya Birla Sun Life Mutual Fund,Open Ended Schemes,Debt Scheme - Banking and PSU Fund,2020-06-01,151.7027,2026-06-23T05:29:58.847318+00:00,https://api.mfapi.in/mf/119551
119551,SBI Bluechip,119551,Aditya Birla Sun Life Banking & PSU Debt Fund  - DIRECT - IDCW,Aditya Birla Sun Life Mutual Fund,Open Ended Schemes,Debt Scheme - Banking and PSU Fund,2020-05-29,151.8458,2026-06-23T05:29:58.847318+00:00,https://api.mfapi.in/mf/119551
119551,SBI Bluechip,119551,Aditya Birla Sun Life Banking & PSU Debt Fund  - DIRECT - IDCW,Aditya Birla Sun Life Mutual Fund,Open Ended Schemes,Debt Scheme - Banking and PSU Fund,2020-05-28,151.8499,2026-06-23T05:29:58.847318+00:00,https://api.mfapi.in/mf/119551
119551,SBI Bluechip,119551,Aditya Birla Sun Life Banking & PSU Debt Fund  - DIRECT - IDCW,Aditya Birla Sun Life Mutual Fund,Open Ended Schemes,Debt Scheme - Banking and PSU Fund,2020-05-27,151.8831,2026-06-23T05:29:58.847318+00:00,https://api.mfapi.in/mf/119551
119551,SBI Bluechip,119551,Aditya Birla Sun Life Banking & PSU Debt Fund  - DIRECT - IDCW,Aditya Birla Sun Life Mutual Fund,Open Ended Schemes,Debt Scheme - Banking and PSU Fund,2020-05-26,151.9123,2026-06-23T05:29:58.847318+00:00,https://api.mfapi.in/mf/119551
119551,SBI Bluechip,119551,Aditya Birla Sun Life Banking & PSU Debt Fund  - DIRECT - IDCW,Aditya Birla Sun Life Mutual Fund,Open Ended Schemes,Debt Scheme - Banking and PSU Fund,2020-05-22,151.835,2026-06-23T05:29:58.847318+00:00,https://api.mfapi.in/mf/119551
119551,SBI Bluechip,119551,Aditya Birla Sun Life Banking & PSU Debt Fund  - DIRECT - IDCW,Aditya Birla Sun Life Mutual Fund,Open Ended Schemes,Debt Scheme - Banking and PSU Fund,2020-05-21,151.1568,2026-06-23T05:29:58.847318+00:00,https://api.mfapi.in/mf/119551
119551,SBI Bluechip,119551,Aditya Birla Sun Life Banking & PSU Debt Fund  - DIRECT - IDCW,Aditya Birla Sun Life Mutual Fund,Open Ended Schemes,Debt Scheme - Banking and PSU Fund,2020-05-20,151.0347,2026-06-23T05:29:58.847318+00:00,https://api.mfapi.in/mf/119551
119551,SBI Bluechip,119551,Aditya Birla Sun Life Banking & PSU Debt Fund  - DIRECT - IDCW,Aditya Birla Sun Life Mutual Fund,Open Ended Schemes,Debt Scheme - Banking and PSU Fund,2020-05-19,150.8998,2026-06-23T05:29:58.847318+00:00,https://api.mfapi.in/mf/119551
119551,SBI Bluechip,119551,Aditya Birla Sun Life Banking & PSU Debt Fund  - DIRECT - IDCW,Aditya Birla Sun Life Mutual Fund,Open Ended Schemes,Debt Scheme - Banking and PSU Fund,2020-05-18,150.7375,2026-06-23T05:29:58.847318+00:00,https://api.mfapi.in/mf/119551
119551,SBI Bluechip,119551,Aditya Birla Sun Life Banking & PSU Debt Fund  - DIRECT - IDCW,Aditya Birla Sun Life Mutual Fund,Open Ended Schemes,Debt Scheme - Banking and PSU Fund,2020-05-15,150.5483,2026-06-23T05:29:58.847318+00:00,https://api.mfapi.in/mf/119551
119551,SBI Bluechip,119551,Aditya Birla Sun Life Banking & PSU Debt Fund  - DIRECT - IDCW,Aditya Birla Sun Life Mutual Fund,Open Ended Schemes,Debt Scheme - Banking and PSU Fund,2020-05-14,150.5497,2026-06-23T05:29:58.847318+00:00,https://api.mfapi.in/mf/119551
119551,SBI Bluechip,119551,Aditya Birla Sun Life Banking & PSU Debt Fund  - DIRECT - IDCW,Aditya Birla Sun Life Mutual Fund,Open Ended Schemes,Debt Scheme - Banking and PSU Fund,2020-05-13,150.1633,2026-06-23T05:29:58.847318+00:00,https://api.mfapi.in/mf/119551
119551,SBI Bluechip,119551,Aditya Birla Sun Life Banking & PSU Debt Fund  - DIRECT - IDCW,Aditya Birla Sun Life Mutual Fund,Open Ended Schemes,Debt Scheme - Banking and PSU Fund,2020-05-12,149.9687,2026-06-23T05:29:58.847318+00:00,https://api.mfapi.in/mf/119551
119551,SBI Bluechip,119551,Aditya Birla Sun Life Banking & PSU Debt Fund  - DIRECT - IDCW,Aditya Birla Sun Life Mutual Fund,Open Ended Schemes,Debt Scheme - Banking and PSU Fund,2020-05-11,149.6699,2026-06-23T05:29:58.847318+00:00,https://api.mfapi.in/mf/119551
119551,SBI Bluechip,119551,Aditya Birla Sun Life Banking & PSU Debt Fund  - DIRECT - IDCW,Aditya Birla Sun Life Mutual Fund,Open Ended Schemes,Debt Scheme - Banking and PSU Fund,2020-05-08,150.1326,2026-06-23T05:29:58.847318+00:00,https://api.mfapi.in/mf/119551
119551,SBI Bluechip,119551,Aditya Birla Sun Life Banking & PSU Debt Fund  - DIRECT - IDCW,Aditya Birla Sun Life Mutual Fund,Open Ended Schemes,Debt Scheme - Banking and PSU Fund,2020-05-06,149.8549,2026-06-23T05:29:58.847318+00:00,https://api.mfapi.in/mf/119551
119551,SBI Bluechip,119551,Aditya Birla Sun Life Banking & PSU Debt Fund  - DIRECT - IDCW,Aditya Birla Sun Life Mutual Fund,Open Ended Schemes,Debt Scheme - Banking and PSU Fund,2020-05-05,149.4229,2026-06-23T05:29:58.847318+00:00,https://api.mfapi.in/mf/119551
119551,SBI Bluechip,119551,Aditya Birla Sun Life Banking & PSU Debt Fund  - DIRECT - IDCW,Aditya Birla Sun Life Mutual Fund,Open Ended Schemes,Debt Scheme - Banking and PSU Fund,2020-05-04,149.0855,2026-06-23T05:29:58.847318+00:00,https://api.mfapi.in/mf/119551
119551,SBI Bluechip,119551,Aditya Birla Sun Life Banking & PSU Debt Fund  - DIRECT - IDCW,Aditya Birla Sun Life Mutual Fund,Open Ended Schemes,Debt Scheme - Banking and PSU Fund,2020-04-30,148.6556,2026-06-23T05:29:58.847318+00:00,https://api.mfapi.in/mf/119551
119551,SBI Bluechip,119551,Aditya Birla Sun Life Banking & PSU Debt Fund  - DIRECT - IDCW,Aditya Birla Sun Life Mutual Fund,Open Ended Schemes,Debt Scheme - Banking and PSU Fund,2020-04-29,148.549,2026-06-23T05:29:58.847318+00:00,https://api.mfapi.in/mf/119551
119551,SBI Bluechip,119551,Aditya Birla Sun Life Banking & PSU Debt Fund  - DIRECT - IDCW,Aditya Birla Sun Life Mutual Fund,Open Ended Schemes,Debt Scheme - Banking and PSU Fund,2020-04-28,148.5148,2026-06-23T05:29:58.847318+00:00,https://api.mfapi.in/mf/119551
119551,SBI Bluechip,119551,Aditya Birla Sun Life Banking & PSU Debt Fund  - DIRECT - IDCW,Aditya Birla Sun Life Mutual Fund,Open Ended Schemes,Debt Scheme - Banking and PSU Fund,2020-04-27,148.6922,2026-06-23T05:29:58.847318+00:00,https://api.mfapi.in/mf/119551
119551,SBI Bluechip,119551,Aditya Birla Sun Life Banking & PSU Debt Fund  - DIRECT - IDCW,Aditya Birla Sun Life Mutual Fund,Open Ended Schemes,Debt Scheme - Banking and PSU Fund,2020-04-24,148.6647,2026-06-23T05:29:58.847318+00:00,https://api.mfapi.in/mf/119551
119551,SBI Bluechip,119551,Aditya Birla Sun Life Banking & PSU Debt Fund  - DIRECT - IDCW,Aditya Birla Sun Life Mutual Fund,Open Ended Schemes,Debt Scheme - Banking and PSU Fund,2020-04-23,149.5527,2026-06-23T05:29:58.847318+00:00,https://api.mfapi.in/mf/119551
119551,SBI Bluechip,119551,Aditya Birla Sun Life Banking & PSU Debt Fund  - DIRECT - IDCW,Aditya Birla Sun Life Mutual Fund,Open Ended Schemes,Debt Scheme - Banking and PSU Fund,2020-04-22,149.0793,2026-06-23T05:29:58.847318+00:00,https://api.mfapi.in/mf/119551
119551,SBI Bluechip,119551,Aditya Birla Sun Life Banking & PSU Debt Fund  - DIRECT - IDCW,Aditya Birla Sun Life Mutual Fund,Open Ended Schemes,Debt Scheme - Banking and PSU Fund,2020-04-21,149.0212,2026-06-23T05:29:58.847318+00:00,https://api.mfapi.in/mf/119551
119551,SBI Bluechip,119551,Aditya Birla Sun Life Banking & PSU Debt Fund  - DIRECT - IDCW,Aditya Birla Sun Life Mutual Fund,Open Ended Schemes,Debt Scheme - Banking and PSU Fund,2020-04-20,148.7201,2026-06-23T05:29:58.847318+00:00,https://api.mfapi.in/mf/119551
119551,SBI Bluechip,119551,Aditya Birla Sun Life Banking & PSU Debt Fund  - DIRECT - IDCW,Aditya Birla Sun Life Mutual Fund,Open Ended Schemes,Debt Scheme - Banking and PSU Fund,2020-04-17,147.947,2026-06-23T05:29:58.847318+00:00,https://api.mfapi.in/mf/119551
119551,SBI Bluechip,119551,Aditya Birla Sun Life Banking & PSU Debt Fund  - DIRECT - IDCW,Aditya Birla Sun Life Mutual Fund,Open Ended Schemes,Debt Scheme - Banking and PSU Fund,2020-04-16,147.1239,2026-06-23T05:29:58.847318+00:00,https://api.mfapi.in/mf/119551
119551,SBI Bluechip,119551,Aditya Birla Sun Life Banking & PSU Debt Fund  - DIRECT - IDCW,Aditya Birla Sun Life Mutual Fund,Open Ended Schemes,Debt Scheme - Banking and PSU Fund,2020-04-15,146.8633,2026-06-23T05:29:58.847318+00:00,https://api.mfapi.in/mf/119551
119551,SBI Bluechip,119551,Aditya Birla Sun Life Banking & PSU Debt Fund  - DIRECT - IDCW,Aditya Birla Sun Life Mutual Fund,Open Ended Schemes,Debt Scheme - Banking and PSU Fund,2020-04-13,146.5785,2026-06-23T05:29:58.847318+00:00,https://api.mfapi.in/mf/119551
119551,SBI Bluechip,119551,Aditya Birla Sun Life Banking & PSU Debt Fund  - DIRECT - IDCW,Aditya Birla Sun Life Mutual Fund,Open Ended Schemes,Debt Scheme - Banking and PSU Fund,2020-04-09,146.4196,2026-06-23T05:29:58.847318+00:00,https://api.mfapi.in/mf/119551
119551,SBI Bluechip,119551,Aditya Birla Sun Life Banking & PSU Debt Fund  - DIRECT - IDCW,Aditya Birla Sun Life Mutual Fund,Open Ended Schemes,Debt Scheme - Banking and PSU Fund,2020-04-08,146.4112,2026-06-23T05:29:58.847318+00:00,https://api.mfapi.in/mf/119551
119551,SBI Bluechip,119551,Aditya Birla Sun Life Banking & PSU Debt Fund  - DIRECT - IDCW,Aditya Birla Sun Life Mutual Fund,Open Ended Schemes,Debt Scheme - Banking and PSU Fund,2020-04-07,147.1769,2026-06-23T05:29:58.847318+00:00,https://api.mfapi.in/mf/119551
119551,SBI Bluechip,119551,Aditya Birla Sun Life Banking & PSU Debt Fund  - DIRECT - IDCW,Aditya Birla Sun Life Mutual Fund,Open Ended Schemes,Debt Scheme - Banking and PSU Fund,2020-04-03,147.8815,2026-06-23T05:29:58.847318+00:00,https://api.mfapi.in/mf/119551
119551,SBI Bluechip,119551,Aditya Birla Sun Life Banking & PSU Debt Fund  - DIRECT - IDCW,Aditya Birla Sun Life Mutual Fund,Open Ended Schemes,Debt Scheme - Banking and PSU Fund,2020-03-31,148.1709,2026-06-23T05:29:58.847318+00:00,https://api.mfapi.in/mf/119551
119551,SBI Bluechip,119551,Aditya Birla Sun Life Banking & PSU Debt Fund  - DIRECT - IDCW,Aditya Birla Sun Life Mutual Fund,Open Ended Schemes,Debt Scheme - Banking and PSU Fund,2020-03-30,147.6988,2026-06-23T05:29:58.847318+00:00,https://api.mfapi.in/mf/119551
119551,SBI Bluechip,119551,Aditya Birla Sun Life Banking & PSU Debt Fund  - DIRECT - IDCW,Aditya Birla Sun Life Mutual Fund,Open Ended Schemes,Debt Scheme - Banking and PSU Fund,2020-03-27,147.851,2026-06-23T05:29:58.847318+00:00,https://api.mfapi.in/mf/119551
119551,SBI Bluechip,119551,Aditya Birla Sun Life Banking & PSU Debt Fund  - DIRECT - IDCW,Aditya Birla Sun Life Mutual Fund,Open Ended Schemes,Debt Scheme - Banking and PSU Fund,2020-03-26,144.1796,2026-06-23T05:29:58.847318+00:00,https://api.mfapi.in/mf/119551
119551,SBI Bluechip,119551,Aditya Birla Sun Life Banking & PSU Debt Fund  - DIRECT - IDCW,Aditya Birla Sun Life Mutual Fund,Open Ended Schemes,Debt Scheme - Banking and PSU Fund,2020-03-24,143.8304,2026-06-23T05:29:58.847318+00:00,https://api.mfapi.in/mf/119551
119551,SBI Bluechip,119551,Aditya Birla Sun Life Banking & PSU Debt Fund  - DIRECT - IDCW,Aditya Birla Sun Life Mutual Fund,Open Ended Schemes,Debt Scheme - Banking and PSU Fund,2020-03-23,143.7194,2026-06-23T05:29:58.847318+00:00,https://api.mfapi.in/mf/119551
119551,SBI Bluechip,119551,Aditya Birla Sun Life Banking & PSU Debt Fund  - DIRECT - IDCW,Aditya Birla Sun Life Mutual Fund,Open Ended Schemes,Debt Scheme - Banking and PSU Fund,2020-03-20,144.6272,2026-06-23T05:29:58.847318+00:00,https://api.mfapi.in/mf/119551
119551,SBI Bluechip,119551,Aditya Birla Sun Life Banking & PSU Debt Fund  - DIRECT - IDCW,Aditya Birla Sun Life Mutual Fund,Open Ended Schemes,Debt Scheme - Banking and PSU Fund,2020-03-19,143.9765,2026-06-23T05:29:58.847318+00:00,https://api.mfapi.in/mf/119551
119551,SBI Bluechip,119551,Aditya Birla Sun Life Banking & PSU Debt Fund  - DIRECT - IDCW,Aditya Birla Sun Life Mutual Fund,Open Ended Schemes,Debt Scheme - Banking and PSU Fund,2020-03-18,145.1779,2026-06-23T05:29:58.847318+00:00,https://api.mfapi.in/mf/119551
119551,SBI Bluechip,119551,Aditya Birla Sun Life Banking & PSU Debt Fund  - DIRECT - IDCW,Aditya Birla Sun Life Mutual Fund,Open Ended Schemes,Debt Scheme - Banking and PSU Fund,2020-03-17,145.7796,2026-06-23T05:29:58.847318+00:00,https://api.mfapi.in/mf/119551
119551,SBI Bluechip,119551,Aditya Birla Sun Life Banking & PSU Debt Fund  - DIRECT - IDCW,Aditya Birla Sun Life Mutual Fund,Open Ended Schemes,Debt Scheme - Banking and PSU Fund,2020-03-16,146.3857,2026-06-23T05:29:58.847318+00:00,https://api.mfapi.in/mf/119551
119551,SBI Bluechip,119551,Aditya Birla Sun Life Banking & PSU Debt Fund  - DIRECT - IDCW,Aditya Birla Sun Life Mutual Fund,Open Ended Schemes,Debt Scheme - Banking and PSU Fund,2020-03-13,146.4248,2026-06-23T05:29:58.847318+00:00,https://api.mfapi.in/mf/119551
119551,SBI Bluechip,119551,Aditya Birla Sun Life Banking & PSU Debt Fund  - DIRECT - IDCW,Aditya Birla Sun Life Mutual Fund,Open Ended Schemes,Debt Scheme - Banking and PSU Fund,2020-03-12,147.1302,2026-06-23T05:29:58.847318+00:00,https://api.mfapi.in/mf/119551
119551,SBI Bluechip,119551,Aditya Birla Sun Life Banking & PSU Debt Fund  - DIRECT - IDCW,Aditya Birla Sun Life Mutual Fund,Open Ended Schemes,Debt Scheme - Banking and PSU Fund,2020-03-11,147.9299,2026-06-23T05:29:58.847318+00:00,https://api.mfapi.in/mf/119551
119551,SBI Bluechip,119551,Aditya Birla Sun Life Banking & PSU Debt Fund  - DIRECT - IDCW,Aditya Birla Sun Life Mutual Fund,Open Ended Schemes,Debt Scheme - Banking and PSU Fund,2020-03-09,148.1911,2026-06-23T05:29:58.847318+00:00,https://api.mfapi.in/mf/119551
119551,SBI Bluechip,119551,Aditya Birla Sun Life Banking & PSU Debt Fund  - DIRECT - IDCW,Aditya Birla Sun Life Mutual Fund,Open Ended Schemes,Debt Scheme - Banking and PSU Fund,2020-03-06,148.22,2026-06-23T05:29:58.847318+00:00,https://api.mfapi.in/mf/119551
119551,SBI Bluechip,119551,Aditya Birla Sun Life Banking & PSU Debt Fund  - DIRECT - IDCW,Aditya Birla Sun Life Mutual Fund,Open Ended Schemes,Debt Scheme - Banking and PSU Fund,2020-03-05,148.039,2026-06-23T05:29:58.847318+00:00,https://api.mfapi.in/mf/119551
119551,SBI Bluechip,119551,Aditya Birla Sun Life Banking & PSU Debt Fund  - DIRECT - IDCW,Aditya Birla Sun Life Mutual Fund,Open Ended Schemes,Debt Scheme - Banking and PSU Fund,2020-03-04,148.0648,2026-06-23T05:29:58.847318+00:00,https://api.mfapi.in/mf/119551
119551,SBI Bluechip,119551,Aditya Birla Sun Life Banking & PSU Debt Fund  - DIRECT - IDCW,Aditya Birla Sun Life Mutual Fund,Open Ended Schemes,Debt Scheme - Banking and PSU Fund,2020-03-03,147.6457,2026-06-23T05:29:58.847318+00:00,https://api.mfapi.in/mf/119551
119551,SBI Bluechip,119551,Aditya Birla Sun Life Banking & PSU Debt Fund  - DIRECT - IDCW,Aditya Birla Sun Life Mutual Fund,Open Ended Schemes,Debt Scheme - Banking and PSU Fund,2020-03-02,147.6198,2026-06-23T05:29:58.847318+00:00,https://api.mfapi.in/mf/119551
119551,SBI Bluechip,119551,Aditya Birla Sun Life Banking & PSU Debt Fund  - DIRECT - IDCW,Aditya Birla Sun Life Mutual Fund,Open Ended Schemes,Debt Scheme - Banking and PSU Fund,2020-02-28,147.542,2026-06-23T05:29:58.847318+00:00,https://api.mfapi.in/mf/119551
119551,SBI Bluechip,119551,Aditya Birla Sun Life Banking & PSU Debt Fund  - DIRECT - IDCW,Aditya Birla Sun Life Mutual Fund,Open Ended Schemes,Debt Scheme - Banking and PSU Fund,2020-02-27,147.6783,2026-06-23T05:29:58.847318+00:00,https://api.mfapi.in/mf/119551
119551,SBI Bluechip,119551,Aditya Birla Sun Life Banking & PSU Debt Fund  - DIRECT - IDCW,Aditya Birla Sun Life Mutual Fund,Open Ended Schemes,Debt Scheme - Banking and PSU Fund,2020-02-26,147.7681,2026-06-23T05:29:58.847318+00:00,https://api.mfapi.in/mf/119551
119551,SBI Bluechip,119551,Aditya Birla Sun Life Banking & PSU Debt Fund  - DIRECT - IDCW,Aditya Birla Sun Life Mutual Fund,Open Ended Schemes,Debt Scheme - Banking and PSU Fund,2020-02-25,157.0423,2026-06-23T05:29:58.847318+00:00,https://api.mfapi.in/mf/119551
119551,SBI Bluechip,119551,Aditya Birla Sun Life Banking & PSU Debt Fund  - DIRECT - IDCW,Aditya Birla Sun Life Mutual Fund,Open Ended Schemes,Debt Scheme - Banking and PSU Fund,2020-02-24,157.1105,2026-06-23T05:29:58.847318+00:00,https://api.mfapi.in/mf/119551
119551,SBI Bluechip,119551,Aditya Birla Sun Life Banking & PSU Debt Fund  - DIRECT - IDCW,Aditya Birla Sun Life Mutual Fund,Open Ended Schemes,Debt Scheme - Banking and PSU Fund,2020-02-20,156.9353,2026-06-23T05:29:58.847318+00:00,https://api.mfapi.in/mf/119551
119551,SBI Bluechip,119551,Aditya Birla Sun Life Banking & PSU Debt Fund  - DIRECT - IDCW,Aditya Birla Sun Life Mutual Fund,Open Ended Schemes,Debt Scheme - Banking and PSU Fund,2020-02-18,156.9444,2026-06-23T05:29:58.847318+00:00,https://api.mfapi.in/mf/119551
119551,SBI Bluechip,119551,Aditya Birla Sun Life Banking & PSU Debt Fund  - DIRECT - IDCW,Aditya Birla Sun Life Mutual Fund,Open Ended Schemes,Debt Scheme - Banking and PSU Fund,2020-02-17,157.0124,2026-06-23T05:29:58.847318+00:00,https://api.mfapi.in/mf/119551
119551,SBI Bluechip,119551,Aditya Birla Sun Life Banking & PSU Debt Fund  - DIRECT - IDCW,Aditya Birla Sun Life Mutual Fund,Open Ended Schemes,Debt Scheme - Banking and PSU Fund,2020-02-14,156.828,2026-06-23T05:29:58.847318+00:00,https://api.mfapi.in/mf/119551
119551,SBI Bluechip,119551,Aditya Birla Sun Life Banking & PSU Debt Fund  - DIRECT - IDCW,Aditya Birla Sun Life Mutual Fund,Open Ended Schemes,Debt Scheme - Banking and PSU Fund,2020-02-13,156.7233,2026-06-23T05:29:58.847318+00:00,https://api.mfapi.in/mf/119551
119551,SBI Bluechip,119551,Aditya Birla Sun Life Banking & PSU Debt Fund  - DIRECT - IDCW,Aditya Birla Sun Life Mutual Fund,Open Ended Schemes,Debt Scheme - Banking and PSU Fund,2020-02-12,156.5516,2026-06-23T05:29:58.847318+00:00,https://api.mfapi.in/mf/119551
119551,SBI Bluechip,119551,Aditya Birla Sun Life Banking & PSU Debt Fund  - DIRECT - IDCW,Aditya Birla Sun Life Mutual Fund,Open Ended Schemes,Debt Scheme - Banking and PSU Fund,2020-02-11,156.5581,2026-06-23T05:29:58.847318+00:00,https://api.mfapi.in/mf/119551
119551,SBI Bluechip,119551,Aditya Birla Sun Life Banking & PSU Debt Fund  - DIRECT - IDCW,Aditya Birla Sun Life Mutual Fund,Open Ended Schemes,Debt Scheme - Banking and PSU Fund,2020-02-10,156.5138,2026-06-23T05:29:58.847318+00:00,https://api.mfapi.in/mf/119551
119551,SBI Bluechip,119551,Aditya Birla Sun Life Banking & PSU Debt Fund  - DIRECT - IDCW,Aditya Birla Sun Life Mutual Fund,Open Ended Schemes,Debt Scheme - Banking and PSU Fund,2020-02-07,156.3627,2026-06-23T05:29:58.847318+00:00,https://api.mfapi.in/mf/119551
119551,SBI Bluechip,119551,Aditya Birla Sun Life Banking & PSU Debt Fund  - DIRECT - IDCW,Aditya Birla Sun Life Mutual Fund,Open Ended Schemes,Debt Scheme - Banking and PSU Fund,2020-02-06,155.9182,2026-06-23T05:29:58.847318+00:00,https://api.mfapi.in/mf/119551
119551,SBI Bluechip,119551,Aditya Birla Sun Life Banking & PSU Debt Fund  - DIRECT - IDCW,Aditya Birla Sun Life Mutual Fund,Open Ended Schemes,Debt Scheme - Banking and PSU Fund,2020-02-05,155.3768,2026-06-23T05:29:58.847318+00:00,https://api.mfapi.in/mf/119551
119551,SBI Bluechip,119551,Aditya Birla Sun Life Banking & PSU Debt Fund  - DIRECT - IDCW,Aditya Birla Sun Life Mutual Fund,Open Ended Schemes,Debt Scheme - Banking and PSU Fund,2020-02-04,155.3587,2026-06-23T05:29:58.847318+00:00,https://api.mfapi.in/mf/119551
119551,SBI Bluechip,119551,Aditya Birla Sun Life Banking & PSU Debt Fund  - DIRECT - IDCW,Aditya Birla Sun Life Mutual Fund,Open Ended Schemes,Debt Scheme - Banking and PSU Fund,2020-02-03,155.2432,2026-06-23T05:29:58.847318+00:00,https://api.mfapi.in/mf/119551
119551,SBI Bluechip,119551,Aditya Birla Sun Life Banking & PSU Debt Fund  - DIRECT - IDCW,Aditya Birla Sun Life Mutual Fund,Open Ended Schemes,Debt Scheme - Banking and PSU Fund,2020-01-31,154.9392,2026-06-23T05:29:58.847318+00:00,https://api.mfapi.in/mf/119551
119551,SBI Bluechip,119551,Aditya Birla Sun Life Banking & PSU Debt Fund  - DIRECT - IDCW,Aditya Birla Sun Life Mutual Fund,Open Ended Schemes,Debt Scheme - Banking and PSU Fund,2020-01-30,154.9146,2026-06-23T05:29:58.847318+00:00,https://api.mfapi.in/mf/119551
119551,SBI Bluechip,119551,Aditya Birla Sun Life Banking & PSU Debt Fund  - DIRECT - IDCW,Aditya Birla Sun Life Mutual Fund,Open Ended Schemes,Debt Scheme - Banking and PSU Fund,2020-01-29,154.8904,2026-06-23T05:29:58.847318+00:00,https://api.mfapi.in/mf/119551
119551,SBI Bluechip,119551,Aditya Birla Sun Life Banking & PSU Debt Fund  - DIRECT - IDCW,Aditya Birla Sun Life Mutual Fund,Open Ended Schemes,Debt Scheme - Banking and PSU Fund,2020-01-28,154.9202,2026-06-23T05:29:58.847318+00:00,https://api.mfapi.in/mf/119551
119551,SBI Bluechip,119551,Aditya Birla Sun Life Banking & PSU Debt Fund  - DIRECT - IDCW,Aditya Birla Sun Life Mutual Fund,Open Ended Schemes,Debt Scheme - Banking and PSU Fund,2020-01-27,154.8703,2026-06-23T05:29:58.847318+00:00,https://api.mfapi.in/mf/119551
119551,SBI Bluechip,119551,Aditya Birla Sun Life Banking & PSU Debt Fund  - DIRECT - IDCW,Aditya Birla Sun Life Mutual Fund,Open Ended Schemes,Debt Scheme - Banking and PSU Fund,2020-01-24,154.749,2026-06-23T05:29:58.847318+00:00,https://api.mfapi.in/mf/119551
119551,SBI Bluechip,119551,Aditya Birla Sun Life Banking & PSU Debt Fund  - DIRECT - IDCW,Aditya Birla Sun Life Mutual Fund,Open Ended Schemes,Debt Scheme - Banking and PSU Fund,2020-01-23,154.6714,2026-06-23T05:29:58.847318+00:00,https://api.mfapi.in/mf/119551
119551,SBI Bluechip,119551,Aditya Birla Sun Life Banking & PSU Debt Fund  - DIRECT - IDCW,Aditya Birla Sun Life Mutual Fund,Open Ended Schemes,Debt Scheme - Banking and PSU Fund,2020-01-22,154.5903,2026-06-23T05:29:58.847318+00:00,https://api.mfapi.in/mf/119551
119551,SBI Bluechip,119551,Aditya Birla Sun Life Banking & PSU Debt Fund  - DIRECT - IDCW,Aditya Birla Sun Life Mutual Fund,Open Ended Schemes,Debt Scheme - Banking and PSU Fund,2020-01-21,154.4776,2026-06-23T05:29:58.847318+00:00,https://api.mfapi.in/mf/119551
119551,SBI Bluechip,119551,Aditya Birla Sun Life Banking & PSU Debt Fund  - DIRECT - IDCW,Aditya Birla Sun Life Mutual Fund,Open Ended Schemes,Debt Scheme - Banking and PSU Fund,2020-01-20,154.4228,2026-06-23T05:29:58.847318+00:00,https://api.mfapi.in/mf/119551
119551,SBI Bluechip,119551,Aditya Birla Sun Life Banking & PSU Debt Fund  - DIRECT - IDCW,Aditya Birla Sun Life Mutual Fund,Open Ended Schemes,Debt Scheme - Banking and PSU Fund,2020-01-17,154.3249,2026-06-23T05:29:58.847318+00:00,https://api.mfapi.in/mf/119551
119551,SBI Bluechip,119551,Aditya Birla Sun Life Banking & PSU Debt Fund  - DIRECT - IDCW,Aditya Birla Sun Life Mutual Fund,Open Ended Schemes,Debt Scheme - Banking and PSU Fund,2020-01-16,154.2713,2026-06-23T05:29:58.847318+00:00,https://api.mfapi.in/mf/119551
119551,SBI Bluechip,119551,Aditya Birla Sun Life Banking & PSU Debt Fund  - DIRECT - IDCW,Aditya Birla Sun Life Mutual Fund,Open Ended Schemes,Debt Scheme - Banking and PSU Fund,2020-01-15,154.1889,2026-06-23T05:29:58.847318+00:00,https://api.mfapi.in/mf/119551
119551,SBI Bluechip,119551,Aditya Birla Sun Life Banking & PSU Debt Fund  - DIRECT - IDCW,Aditya Birla Sun Life Mutual Fund,Open Ended Schemes,Debt Scheme - Banking and PSU Fund,2020-01-14,154.1151,2026-06-23T05:29:58.847318+00:00,https://api.mfapi.in/mf/119551
119551,SBI Bluechip,119551,Aditya Birla Sun Life Banking & PSU Debt Fund  - DIRECT - IDCW,Aditya Birla Sun Life Mutual Fund,Open Ended Schemes,Debt Scheme - Banking and PSU Fund,2020-01-13,154.2362,2026-06-23T05:29:58.847318+00:00,https://api.mfapi.in/mf/119551
119551,SBI Bluechip,119551,Aditya Birla Sun Life Banking & PSU Debt Fund  - DIRECT - IDCW,Aditya Birla Sun Life Mutual Fund,Open Ended Schemes,Debt Scheme - Banking and PSU Fund,2020-01-10,154.1672,2026-06-23T05:29:58.847318+00:00,https://api.mfapi.in/mf/119551
119551,SBI Bluechip,119551,Aditya Birla Sun Life Banking & PSU Debt Fund  - DIRECT - IDCW,Aditya Birla Sun Life Mutual Fund,Open Ended Schemes,Debt Scheme - Banking and PSU Fund,2020-01-09,154.2202,2026-06-23T05:29:58.847318+00:00,https://api.mfapi.in/mf/119551
119551,SBI Bluechip,119551,Aditya Birla Sun Life Banking & PSU Debt Fund  - DIRECT - IDCW,Aditya Birla Sun Life Mutual Fund,Open Ended Schemes,Debt Scheme - Banking and PSU Fund,2020-01-08,154.127,2026-06-23T05:29:58.847318+00:00,https://api.mfapi.in/mf/119551
119551,SBI Bluechip,119551,Aditya Birla Sun Life Banking & PSU Debt Fund  - DIRECT - IDCW,Aditya Birla Sun Life Mutual Fund,Open Ended Schemes,Debt Scheme - Banking and PSU Fund,2020-01-07,154.0751,2026-06-23T05:29:58.847318+00:00,https://api.mfapi.in/mf/119551
119551,SBI Bluechip,119551,Aditya Birla Sun Life Banking & PSU Debt Fund  - DIRECT - IDCW,Aditya Birla Sun Life Mutual Fund,Open Ended Schemes,Debt Scheme - Banking and PSU Fund,2020-01-06,154.0036,2026-06-23T05:29:58.847318+00:00,https://api.mfapi.in/mf/119551
119551,SBI Bluechip,119551,Aditya Birla Sun Life Banking & PSU Debt Fund  - DIRECT - IDCW,Aditya Birla Sun Life Mutual Fund,Open Ended Schemes,Debt Scheme - Banking and PSU Fund,2020-01-03,154.0323,2026-06-23T05:29:58.847318+00:00,https://api.mfapi.in/mf/119551
119551,SBI Bluechip,119551,Aditya Birla Sun Life Banking & PSU Debt Fund  - DIRECT - IDCW,Aditya Birla Sun Life Mutual Fund,Open Ended Schemes,Debt Scheme - Banking and PSU Fund,2020-01-02,153.8742,2026-06-23T05:29:58.847318+00:00,https://api.mfapi.in/mf/119551
119551,SBI Bluechip,119551,Aditya Birla Sun Life Banking & PSU Debt Fund  - DIRECT - IDCW,Aditya Birla Sun Life Mutual Fund,Open Ended Schemes,Debt Scheme - Banking and PSU Fund,2020-01-01,153.8193,2026-06-23T05:29:58.847318+00:00,https://api.mfapi.in/mf/119551
119551,SBI Bluechip,119551,Aditya Birla Sun Life Banking & PSU Debt Fund  - DIRECT - IDCW,Aditya Birla Sun Life Mutual Fund,Open Ended Schemes,Debt Scheme - Banking and PSU Fund,2019-12-31,153.7054,2026-06-23T05:29:58.847318+00:00,https://api.mfapi.in/mf/119551
119551,SBI Bluechip,119551,Aditya Birla Sun Life Banking & PSU Debt Fund  - DIRECT - IDCW,Aditya Birla Sun Life Mutual Fund,Open Ended Schemes,Debt Scheme - Banking and PSU Fund,2019-12-30,153.701,2026-06-23T05:29:58.847318+00:00,https://api.mfapi.in/mf/119551
119551,SBI Bluechip,119551,Aditya Birla Sun Life Banking & PSU Debt Fund  - DIRECT - IDCW,Aditya Birla Sun Life Mutual Fund,Open Ended Schemes,Debt Scheme - Banking and PSU Fund,2019-12-27,153.6346,2026-06-23T05:29:58.847318+00:00,https://api.mfapi.in/mf/119551
119551,SBI Bluechip,119551,Aditya Birla Sun Life Banking & PSU Debt Fund  - DIRECT - IDCW,Aditya Birla Sun Life Mutual Fund,Open Ended Schemes,Debt Scheme - Banking and PSU Fund,2019-12-26,153.5576,2026-06-23T05:29:58.847318+00:00,https://api.mfapi.in/mf/119551
119551,SBI Bluechip,119551,Aditya Birla Sun Life Banking & PSU Debt Fund  - DIRECT - IDCW,Aditya Birla Sun Life Mutual Fund,Open Ended Schemes,Debt Scheme - Banking and PSU Fund,2019-12-24,153.5626,2026-06-23T05:29:58.847318+00:00,https://api.mfapi.in/mf/119551
119551,SBI Bluechip,119551,Aditya Birla Sun Life Banking & PSU Debt Fund  - DIRECT - IDCW,Aditya Birla Sun Life Mutual Fund,Open Ended Schemes,Debt Scheme - Banking and PSU Fund,2019-12-23,153.5537,2026-06-23T05:29:58.847318+00:00,https://api.mfapi.in/mf/119551
119551,SBI Bluechip,119551,Aditya Birla Sun Life Banking & PSU Debt Fund  - DIRECT - IDCW,Aditya Birla Sun Life Mutual Fund,Open Ended Schemes,Debt Scheme - Banking and PSU Fund,2019-12-20,153.4572,2026-06-23T05:29:58.847318+00:00,https://api.mfapi.in/mf/119551
119551,SBI Bluechip,119551,Aditya Birla Sun Life Banking & PSU Debt Fund  - DIRECT - IDCW,Aditya Birla Sun Life Mutual Fund,Open Ended Schemes,Debt Scheme - Banking and PSU Fund,2019-12-19,153.1526,2026-06-23T05:29:58.847318+00:00,https://api.mfapi.in/mf/119551
119551,SBI Bluechip,119551,Aditya Birla Sun Life Banking & PSU Debt Fund  - DIRECT - IDCW,Aditya Birla Sun Life Mutual Fund,Open Ended Schemes,Debt Scheme - Banking and PSU Fund,2019-12-18,153.1337,2026-06-23T05:29:58.847318+00:00,https://api.mfapi.in/mf/119551
119551,SBI Bluechip,119551,Aditya Birla Sun Life Banking & PSU Debt Fund  - DIRECT - IDCW,Aditya Birla Sun Life Mutual Fund,Open Ended Schemes,Debt Scheme - Banking and PSU Fund,2019-12-17,153.0346,2026-06-23T05:29:58.847318+00:00,https://api.mfapi.in/mf/119551
119551,SBI Bluechip,119551,Aditya Birla Sun Life Banking & PSU Debt Fund  - DIRECT - IDCW,Aditya Birla Sun Life Mutual Fund,Open Ended Schemes,Debt Scheme - Banking and PSU Fund,2019-12-16,152.9814,2026-06-23T05:29:58.847318+00:00,https://api.mfapi.in/mf/119551
119551,SBI Bluechip,119551,Aditya Birla Sun Life Banking & PSU Debt Fund  - DIRECT - IDCW,Aditya Birla Sun Life Mutual Fund,Open Ended Schemes,Debt Scheme - Banking and PSU Fund,2019-12-13,152.8576,2026-06-23T05:29:58.847318+00:00,https://api.mfapi.in/mf/119551
119551,SBI Bluechip,119551,Aditya Birla Sun Life Banking & PSU Debt Fund  - DIRECT - IDCW,Aditya Birla Sun Life Mutual Fund,Open Ended Schemes,Debt Scheme - Banking and PSU Fund,2019-12-12,152.9682,2026-06-23T05:29:58.847318+00:00,https://api.mfapi.in/mf/119551
119551,SBI Bluechip,119551,Aditya Birla Sun Life Banking & PSU Debt Fund  - DIRECT - IDCW,Aditya Birla Sun Life Mutual Fund,Open Ended Schemes,Debt Scheme - Banking and PSU Fund,2019-12-11,152.9832,2026-06-23T05:29:58.847318+00:00,https://api.mfapi.in/mf/119551
119551,SBI Bluechip,119551,Aditya Birla Sun Life Banking & PSU Debt Fund  - DIRECT - IDCW,Aditya Birla Sun Life Mutual Fund,Open Ended Schemes,Debt Scheme - Banking and PSU Fund,2019-12-10,153.0738,2026-06-23T05:29:58.847318+00:00,https://api.mfapi.in/mf/119551
119551,SBI Bluechip,119551,Aditya Birla Sun Life Banking & PSU Debt Fund  - DIRECT - IDCW,Aditya Birla Sun Life Mutual Fund,Open Ended Schemes,Debt Scheme - Banking and PSU Fund,2019-12-09,153.1183,2026-06-23T05:29:58.847318+00:00,https://api.mfapi.in/mf/119551
119551,SBI Bluechip,119551,Aditya Birla Sun Life Banking & PSU Debt Fund  - DIRECT - IDCW,Aditya Birla Sun Life Mutual Fund,Open Ended Schemes,Debt Scheme - Banking and PSU Fund,2019-12-06,153.1405,2026-06-23T05:29:58.847318+00:00,https://api.mfapi.in/mf/119551
119551,SBI Bluechip,119551,Aditya Birla Sun Life Banking & PSU Debt Fund  - DIRECT - IDCW,Aditya Birla Sun Life Mutual Fund,Open Ended Schemes,Debt Scheme - Banking and PSU Fund,2019-12-05,153.2483,2026-06-23T05:29:58.847318+00:00,https://api.mfapi.in/mf/119551
119551,SBI Bluechip,119551,Aditya Birla Sun Life Banking & PSU Debt Fund  - DIRECT - IDCW,Aditya Birla Sun Life Mutual Fund,Open Ended Schemes,Debt Scheme - Banking and PSU Fund,2019-12-04,153.7405,2026-06-23T05:29:58.847318+00:00,https://api.mfapi.in/mf/119551
119551,SBI Bluechip,119551,Aditya Birla Sun Life Banking & PSU Debt Fund  - DIRECT - IDCW,Aditya Birla Sun Life Mutual Fund,Open Ended Schemes,Debt Scheme - Banking and PSU Fund,2019-12-03,153.6259,2026-06-23T05:29:58.847318+00:00,https://api.mfapi.in/mf/119551
119551,SBI Bluechip,119551,Aditya Birla Sun Life Banking & PSU Debt Fund  - DIRECT - IDCW,Aditya Birla Sun Life Mutual Fund,Open Ended Schemes,Debt Scheme - Banking and PSU Fund,2019-12-02,153.6046,2026-06-23T05:29:58.847318+00:00,https://api.mfapi.in/mf/119551
119551,SBI Bluechip,119551,Aditya Birla Sun Life Banking & PSU Debt Fund  - DIRECT - IDCW,Aditya Birla Sun Life Mutual Fund,Open Ended Schemes,Debt Scheme - Banking and PSU Fund,2019-11-29,153.5381,2026-06-23T05:29:58.847318+00:00,https://api.mfapi.in/mf/119551
119551,SBI Bluechip,119551,Aditya Birla Sun Life Banking & PSU Debt Fund  - DIRECT - IDCW,Aditya Birla Sun Life Mutual Fund,Open Ended Schemes,Debt Scheme - Banking and PSU Fund,2019-11-28,153.4934,2026-06-23T05:29:58.847318+00:00,https://api.mfapi.in/mf/119551
119551,SBI Bluechip,119551,Aditya Birla Sun Life Banking & PSU Debt Fund  - DIRECT - IDCW,Aditya Birla Sun Life Mutual Fund,Open Ended Schemes,Debt Scheme - Banking and PSU Fund,2019-11-27,153.3903,2026-06-23T05:29:58.847318+00:00,https://api.mfapi.in/mf/119551
119551,SBI Bluechip,119551,Aditya Birla Sun Life Banking & PSU Debt Fund  - DIRECT - IDCW,Aditya Birla Sun Life Mutual Fund,Open Ended Schemes,Debt Scheme - Banking and PSU Fund,2019-11-26,153.3485,2026-06-23T05:29:58.847318+00:00,https://api.mfapi.in/mf/119551
119551,SBI Bluechip,119551,Aditya Birla Sun Life Banking & PSU Debt Fund  - DIRECT - IDCW,Aditya Birla Sun Life Mutual Fund,Open Ended Schemes,Debt Scheme - Banking and PSU Fund,2019-11-25,153.296,2026-06-23T05:29:58.847318+00:00,https://api.mfapi.in/mf/119551
119551,SBI Bluechip,119551,Aditya Birla Sun Life Banking & PSU Debt Fund  - DIRECT - IDCW,Aditya Birla Sun Life Mutual Fund,Open Ended Schemes,Debt Scheme - Banking and PSU Fund,2019-11-22,153.1436,2026-06-23T05:29:58.847318+00:00,https://api.mfapi.in/mf/119551
119551,SBI Bluechip,119551,Aditya Birla Sun Life Banking & PSU Debt Fund  - DIRECT - IDCW,Aditya Birla Sun Life Mutual Fund,Open Ended Schemes,Debt Scheme - Banking and PSU Fund,2019-11-21,153.0927,2026-06-23T05:29:58.847318+00:00,https://api.mfapi.in/mf/119551
119551,SBI Bluechip,119551,Aditya Birla Sun Life Banking & PSU Debt Fund  - DIRECT - IDCW,Aditya Birla Sun Life Mutual Fund,Open Ended Schemes,Debt Scheme - Banking and PSU Fund,2019-11-20,153.0708,2026-06-23T05:29:58.847318+00:00,https://api.mfapi.in/mf/119551
119551,SBI Bluechip,119551,Aditya Birla Sun Life Banking & PSU Debt Fund  - DIRECT - IDCW,Aditya Birla Sun Life Mutual Fund,Open Ended Schemes,Debt Scheme - Banking and PSU Fund,2019-11-19,152.9853,2026-06-23T05:29:58.847318+00:00,https://api.mfapi.in/mf/119551
119551,SBI Bluechip,119551,Aditya Birla Sun Life Banking & PSU Debt Fund  - DIRECT - IDCW,Aditya Birla Sun Life Mutual Fund,Open Ended Schemes,Debt Scheme - Banking and PSU Fund,2019-11-18,152.9316,2026-06-23T05:29:58.847318+00:00,https://api.mfapi.in/mf/119551
119551,SBI Bluechip,119551,Aditya Birla Sun Life Banking & PSU Debt Fund  - DIRECT - IDCW,Aditya Birla Sun Life Mutual Fund,Open Ended Schemes,Debt Scheme - Banking and PSU Fund,2019-11-15,152.7979,2026-06-23T05:29:58.847318+00:00,https://api.mfapi.in/mf/119551
119551,SBI Bluechip,119551,Aditya Birla Sun Life Banking & PSU Debt Fund  - DIRECT - IDCW,Aditya Birla Sun Life Mutual Fund,Open Ended Schemes,Debt Scheme - Banking and PSU Fund,2019-11-14,152.6957,2026-06-23T05:29:58.847318+00:00,https://api.mfapi.in/mf/119551
119551,SBI Bluechip,119551,Aditya Birla Sun Life Banking & PSU Debt Fund  - DIRECT - IDCW,Aditya Birla Sun Life Mutual Fund,Open Ended Schemes,Debt Scheme - Banking and PSU Fund,2019-11-13,152.5581,2026-06-23T05:29:58.847318+00:00,https://api.mfapi.in/mf/119551
119551,SBI Bluechip,119551,Aditya Birla Sun Life Banking & PSU Debt Fund  - DIRECT - IDCW,Aditya Birla Sun Life Mutual Fund,Open Ended Schemes,Debt Scheme - Banking and PSU Fund,2019-11-11,152.4214,2026-06-23T05:29:58.847318+00:00,https://api.mfapi.in/mf/119551
119551,SBI Bluechip,119551,Aditya Birla Sun Life Banking & PSU Debt Fund  - DIRECT - IDCW,Aditya Birla Sun Life Mutual Fund,Open Ended Schemes,Debt Scheme - Banking and PSU Fund,2019-11-08,152.3985,2026-06-23T05:29:58.847318+00:00,https://api.mfapi.in/mf/119551
119551,SBI Bluechip,119551,Aditya Birla Sun Life Banking & PSU Debt Fund  - DIRECT - IDCW,Aditya Birla Sun Life Mutual Fund,Open Ended Schemes,Debt Scheme - Banking and PSU Fund,2019-11-07,152.4911,2026-06-23T05:29:58.847318+00:00,https://api.mfapi.in/mf/119551
119551,SBI Bluechip,119551,Aditya Birla Sun Life Banking & PSU Debt Fund  - DIRECT - IDCW,Aditya Birla Sun Life Mutual Fund,Open Ended Schemes,Debt Scheme - Banking and PSU Fund,2019-11-06,152.4607,2026-06-23T05:29:58.847318+00:00,https://api.mfapi.in/mf/119551
119551,SBI Bluechip,119551,Aditya Birla Sun Life Banking & PSU Debt Fund  - DIRECT - IDCW,Aditya Birla Sun Life Mutual Fund,Open Ended Schemes,Debt Scheme - Banking and PSU Fund,2019-11-05,152.4692,2026-06-23T05:29:58.847318+00:00,https://api.mfapi.in/mf/119551
119551,SBI Bluechip,119551,Aditya Birla Sun Life Banking & PSU Debt Fund  - DIRECT - IDCW,Aditya Birla Sun Life Mutual Fund,Open Ended Schemes,Debt Scheme - Banking and PSU Fund,2019-11-04,152.4901,2026-06-23T05:29:58.847318+00:00,https://api.mfapi.in/mf/119551
119551,SBI Bluechip,119551,Aditya Birla Sun Life Banking & PSU Debt Fund  - DIRECT - IDCW,Aditya Birla Sun Life Mutual Fund,Open Ended Schemes,Debt Scheme - Banking and PSU Fund,2019-11-01,152.4285,2026-06-23T05:29:58.847318+00:00,https://api.mfapi.in/mf/119551
119551,SBI Bluechip,119551,Aditya Birla Sun Life Banking & PSU Debt Fund  - DIRECT - IDCW,Aditya Birla Sun Life Mutual Fund,Open Ended Schemes,Debt Scheme - Banking and PSU Fund,2019-10-31,152.3324,2026-06-23T05:29:58.847318+00:00,https://api.mfapi.in/mf/119551
119551,SBI Bluechip,119551,Aditya Birla Sun Life Banking & PSU Debt Fund  - DIRECT - IDCW,Aditya Birla Sun Life Mutual Fund,Open Ended Schemes,Debt Scheme - Banking and PSU Fund,2019-10-30,152.1072,2026-06-23T05:29:58.847318+00:00,https://api.mfapi.in/mf/119551
119551,SBI Bluechip,119551,Aditya Birla Sun Life Banking & PSU Debt Fund  - DIRECT - IDCW,Aditya Birla Sun Life Mutual Fund,Open Ended Schemes,Debt Scheme - Banking and PSU Fund,2019-10-29,151.965,2026-06-23T05:29:58.847318+00:00,https://api.mfapi.in/mf/119551
119551,SBI Bluechip,119551,Aditya Birla Sun Life Banking & PSU Debt Fund  - DIRECT - IDCW,Aditya Birla Sun Life Mutual Fund,Open Ended Schemes,Debt Scheme - Banking and PSU Fund,2019-10-25,151.8433,2026-06-23T05:29:58.847318+00:00,https://api.mfapi.in/mf/119551
119551,SBI Bluechip,119551,Aditya Birla Sun Life Banking & PSU Debt Fund  - DIRECT - IDCW,Aditya Birla Sun Life Mutual Fund,Open Ended Schemes,Debt Scheme - Banking and PSU Fund,2019-10-24,151.7896,2026-06-23T05:29:58.847318+00:00,https://api.mfapi.in/mf/119551
119551,SBI Bluechip,119551,Aditya Birla Sun Life Banking & PSU Debt Fund  - DIRECT - IDCW,Aditya Birla Sun Life Mutual Fund,Open Ended Schemes,Debt Scheme - Banking and PSU Fund,2019-10-23,151.6974,2026-06-23T05:29:58.847318+00:00,https://api.mfapi.in/mf/119551
119551,SBI Bluechip,119551,Aditya Birla Sun Life Banking & PSU Debt Fund  - DIRECT - IDCW,Aditya Birla Sun Life Mutual Fund,Open Ended Schemes,Debt Scheme - Banking and PSU Fund,2019-10-22,151.5632,2026-06-23T05:29:58.847318+00:00,https://api.mfapi.in/mf/119551
119551,SBI Bluechip,119551,Aditya Birla Sun Life Banking & PSU Debt Fund  - DIRECT - IDCW,Aditya Birla Sun Life Mutual Fund,Open Ended Schemes,Debt Scheme - Banking and PSU Fund,2019-10-18,151.4029,2026-06-23T05:29:58.847318+00:00,https://api.mfapi.in/mf/119551
119551,SBI Bluechip,119551,Aditya Birla Sun Life Banking & PSU Debt Fund  - DIRECT - IDCW,Aditya Birla Sun Life Mutual Fund,Open Ended Schemes,Debt Scheme - Banking and PSU Fund,2019-10-17,151.266,2026-06-23T05:29:58.847318+00:00,https://api.mfapi.in/mf/119551
119551,SBI Bluechip,119551,Aditya Birla Sun Life Banking & PSU Debt Fund  - DIRECT - IDCW,Aditya Birla Sun Life Mutual Fund,Open Ended Schemes,Debt Scheme - Banking and PSU Fund,2019-10-16,151.2289,2026-06-23T05:29:58.847318+00:00,https://api.mfapi.in/mf/119551
119551,SBI Bluechip,119551,Aditya Birla Sun Life Banking & PSU Debt Fund  - DIRECT - IDCW,Aditya Birla Sun Life Mutual Fund,Open Ended Schemes,Debt Scheme - Banking and PSU Fund,2019-10-15,151.1294,2026-06-23T05:29:58.847318+00:00,https://api.mfapi.in/mf/119551
119551,SBI Bluechip,119551,Aditya Birla Sun Life Banking & PSU Debt Fund  - DIRECT - IDCW,Aditya Birla Sun Life Mutual Fund,Open Ended Schemes,Debt Scheme - Banking and PSU Fund,2019-10-14,151.0676,2026-06-23T05:29:58.847318+00:00,https://api.mfapi.in/mf/119551
119551,SBI Bluechip,119551,Aditya Birla Sun Life Banking & PSU Debt Fund  - DIRECT - IDCW,Aditya Birla Sun Life Mutual Fund,Open Ended Schemes,Debt Scheme - Banking and PSU Fund,2019-10-11,150.938,2026-06-23T05:29:58.847318+00:00,https://api.mfapi.in/mf/119551
119551,SBI Bluechip,119551,Aditya Birla Sun Life Banking & PSU Debt Fund  - DIRECT - IDCW,Aditya Birla Sun Life Mutual Fund,Open Ended Schemes,Debt Scheme - Banking and PSU Fund,2019-10-10,150.8965,2026-06-23T05:29:58.847318+00:00,https://api.mfapi.in/mf/119551
119551,SBI Bluechip,119551,Aditya Birla Sun Life Banking & PSU Debt Fund  - DIRECT - IDCW,Aditya Birla Sun Life Mutual Fund,Open Ended Schemes,Debt Scheme - Banking and PSU Fund,2019-10-09,150.861,2026-06-23T05:29:58.847318+00:00,https://api.mfapi.in/mf/119551
119551,SBI Bluechip,119551,Aditya Birla Sun Life Banking & PSU Debt Fund  - DIRECT - IDCW,Aditya Birla Sun Life Mutual Fund,Open Ended Schemes,Debt Scheme - Banking and PSU Fund,2019-10-07,150.8064,2026-06-23T05:29:58.847318+00:00,https://api.mfapi.in/mf/119551
119551,SBI Bluechip,119551,Aditya Birla Sun Life Banking & PSU Debt Fund  - DIRECT - IDCW,Aditya Birla Sun Life Mutual Fund,Open Ended Schemes,Debt Scheme - Banking and PSU Fund,2019-10-04,150.7287,2026-06-23T05:29:58.847318+00:00,https://api.mfapi.in/mf/119551
119551,SBI Bluechip,119551,Aditya Birla Sun Life Banking & PSU Debt Fund  - DIRECT - IDCW,Aditya Birla Sun Life Mutual Fund,Open Ended Schemes,Debt Scheme - Banking and PSU Fund,2019-10-03,150.7936,2026-06-23T05:29:58.847318+00:00,https://api.mfapi.in/mf/119551
119551,SBI Bluechip,119551,Aditya Birla Sun Life Banking & PSU Debt Fund  - DIRECT - IDCW,Aditya Birla Sun Life Mutual Fund,Open Ended Schemes,Debt Scheme - Banking and PSU Fund,2019-10-01,150.5812,2026-06-23T05:29:58.847318+00:00,https://api.mfapi.in/mf/119551
119551,SBI Bluechip,119551,Aditya Birla Sun Life Banking & PSU Debt Fund  - DIRECT - IDCW,Aditya Birla Sun Life Mutual Fund,Open Ended Schemes,Debt Scheme - Banking and PSU Fund,2019-09-30,150.4539,2026-06-23T05:29:58.847318+00:00,https://api.mfapi.in/mf/119551
119551,SBI Bluechip,119551,Aditya Birla Sun Life Banking & PSU Debt Fund  - DIRECT - IDCW,Aditya Birla Sun Life Mutual Fund,Open Ended Schemes,Debt Scheme - Banking and PSU Fund,2019-09-27,150.2231,2026-06-23T05:29:58.847318+00:00,https://api.mfapi.in/mf/119551
119551,SBI Bluechip,119551,Aditya Birla Sun Life Banking & PSU Debt Fund  - DIRECT - IDCW,Aditya Birla Sun Life Mutual Fund,Open Ended Schemes,Debt Scheme - Banking and PSU Fund,2019-09-26,150.2039,2026-06-23T05:29:58.847318+00:00,https://api.mfapi.in/mf/119551
119551,SBI Bluechip,119551,Aditya Birla Sun Life Banking & PSU Debt Fund  - DIRECT - IDCW,Aditya Birla Sun Life Mutual Fund,Open Ended Schemes,Debt Scheme - Banking and PSU Fund,2019-09-25,150.1731,2026-06-23T05:29:58.847318+00:00,https://api.mfapi.in/mf/119551
119551,SBI Bluechip,119551,Aditya Birla Sun Life Banking & PSU Debt Fund  - DIRECT - IDCW,Aditya Birla Sun Life Mutual Fund,Open Ended Schemes,Debt Scheme - Banking and PSU Fund,2019-09-24,150.1503,2026-06-23T05:29:58.847318+00:00,https://api.mfapi.in/mf/119551
119551,SBI Bluechip,119551,Aditya Birla Sun Life Banking & PSU Debt Fund  - DIRECT - IDCW,Aditya Birla Sun Life Mutual Fund,Open Ended Schemes,Debt Scheme - Banking and PSU Fund,2019-09-23,150.1778,2026-06-23T05:29:58.847318+00:00,https://api.mfapi.in/mf/119551
119551,SBI Bluechip,119551,Aditya Birla Sun Life Banking & PSU Debt Fund  - DIRECT - IDCW,Aditya Birla Sun Life Mutual Fund,Open Ended Schemes,Debt Scheme - Banking and PSU Fund,2019-09-20,150.0993,2026-06-23T05:29:58.847318+00:00,https://api.mfapi.in/mf/119551
119551,SBI Bluechip,119551,Aditya Birla Sun Life Banking & PSU Debt Fund  - DIRECT - IDCW,Aditya Birla Sun Life Mutual Fund,Open Ended Schemes,Debt Scheme - Banking and PSU Fund,2019-09-19,150.6828,2026-06-23T05:29:58.847318+00:00,https://api.mfapi.in/mf/119551
119551,SBI Bluechip,119551,Aditya Birla Sun Life Banking & PSU Debt Fund  - DIRECT - IDCW,Aditya Birla Sun Life Mutual Fund,Open Ended Schemes,Debt Scheme - Banking and PSU Fund,2019-09-18,150.6191,2026-06-23T05:29:58.847318+00:00,https://api.mfapi.in/mf/119551
119551,SBI Bluechip,119551,Aditya Birla Sun Life Banking & PSU Debt Fund  - DIRECT - IDCW,Aditya Birla Sun Life Mutual Fund,Open Ended Schemes,Debt Scheme - Banking and PSU Fund,2019-09-17,150.3688,2026-06-23T05:29:58.847318+00:00,https://api.mfapi.in/mf/119551
119551,SBI Bluechip,119551,Aditya Birla Sun Life Banking & PSU Debt Fund  - DIRECT - IDCW,Aditya Birla Sun Life Mutual Fund,Open Ended Schemes,Debt Scheme - Banking and PSU Fund,2019-09-16,150.4476,2026-06-23T05:29:58.847318+00:00,https://api.mfapi.in/mf/119551
119551,SBI Bluechip,119551,Aditya Birla Sun Life Banking & PSU Debt Fund  - DIRECT - IDCW,Aditya Birla Sun Life Mutual Fund,Open Ended Schemes,Debt Scheme - Banking and PSU Fund,2019-09-13,150.4937,2026-06-23T05:29:58.847318+00:00,https://api.mfapi.in/mf/119551
119551,SBI Bluechip,119551,Aditya Birla Sun Life Banking & PSU Debt Fund  - DIRECT - IDCW,Aditya Birla Sun Life Mutual Fund,Open Ended Schemes,Debt Scheme - Banking and PSU Fund,2019-09-12,150.3828,2026-06-23T05:29:58.847318+00:00,https://api.mfapi.in/mf/119551
119551,SBI Bluechip,119551,Aditya Birla Sun Life Banking & PSU Debt Fund  - DIRECT - IDCW,Aditya Birla Sun Life Mutual Fund,Open Ended Schemes,Debt Scheme - Banking and PSU Fund,2019-09-11,150.4797,2026-06-23T05:29:58.847318+00:00,https://api.mfapi.in/mf/119551
119551,SBI Bluechip,119551,Aditya Birla Sun Life Banking & PSU Debt Fund  - DIRECT - IDCW,Aditya Birla Sun Life Mutual Fund,Open Ended Schemes,Debt Scheme - Banking and PSU Fund,2019-09-09,150.5778,2026-06-23T05:29:58.847318+00:00,https://api.mfapi.in/mf/119551
119551,SBI Bluechip,119551,Aditya Birla Sun Life Banking & PSU Debt Fund  - DIRECT - IDCW,Aditya Birla Sun Life Mutual Fund,Open Ended Schemes,Debt Scheme - Banking and PSU Fund,2019-09-06,150.3414,2026-06-23T05:29:58.847318+00:00,https://api.mfapi.in/mf/119551
119551,SBI Bluechip,119551,Aditya Birla Sun Life Banking & PSU Debt Fund  - DIRECT - IDCW,Aditya Birla Sun Life Mutual Fund,Open Ended Schemes,Debt Scheme - Banking and PSU Fund,2019-09-05,150.4076,2026-06-23T05:29:58.847318+00:00,https://api.mfapi.in/mf/119551
119551,SBI Bluechip,119551,Aditya Birla Sun Life Banking & PSU Debt Fund  - DIRECT - IDCW,Aditya Birla Sun Life Mutual Fund,Open Ended Schemes,Debt Scheme - Banking and PSU Fund,2019-09-04,150.4906,2026-06-23T05:29:58.847318+00:00,https://api.mfapi.in/mf/119551
119551,SBI Bluechip,119551,Aditya Birla Sun Life Banking & PSU Debt Fund  - DIRECT - IDCW,Aditya Birla Sun Life Mutual Fund,Open Ended Schemes,Debt Scheme - Banking and PSU Fund,2019-09-03,150.4088,2026-06-23T05:29:58.847318+00:00,https://api.mfapi.in/mf/119551
119551,SBI Bluechip,119551,Aditya Birla Sun Life Banking & PSU Debt Fund  - DIRECT - IDCW,Aditya Birla Sun Life Mutual Fund,Open Ended Schemes,Debt Scheme - Banking and PSU Fund,2019-08-30,150.1076,2026-06-23T05:29:58.847318+00:00,https://api.mfapi.in/mf/119551
119551,SBI Bluechip,119551,Aditya Birla Sun Life Banking & PSU Debt Fund  - DIRECT - IDCW,Aditya Birla Sun Life Mutual Fund,Open Ended Schemes,Debt Scheme - Banking and PSU Fund,2019-08-29,150.0625,2026-06-23T05:29:58.847318+00:00,https://api.mfapi.in/mf/119551
119551,SBI Bluechip,119551,Aditya Birla Sun Life Banking & PSU Debt Fund  - DIRECT - IDCW,Aditya Birla Sun Life Mutual Fund,Open Ended Schemes,Debt Scheme - Banking and PSU Fund,2019-08-28,150.1914,2026-06-23T05:29:58.847318+00:00,https://api.mfapi.in/mf/119551
119551,SBI Bluechip,119551,Aditya Birla Sun Life Banking & PSU Debt Fund  - DIRECT - IDCW,Aditya Birla Sun Life Mutual Fund,Open Ended Schemes,Debt Scheme - Banking and PSU Fund,2019-08-27,150.2496,2026-06-23T05:29:58.847318+00:00,https://api.mfapi.in/mf/119551
119551,SBI Bluechip,119551,Aditya Birla Sun Life Banking & PSU Debt Fund  - DIRECT - IDCW,Aditya Birla Sun Life Mutual Fund,Open Ended Schemes,Debt Scheme - Banking and PSU Fund,2019-08-26,150.2418,2026-06-23T05:29:58.847318+00:00,https://api.mfapi.in/mf/119551
119551,SBI Bluechip,119551,Aditya Birla Sun Life Banking & PSU Debt Fund  - DIRECT - IDCW,Aditya Birla Sun Life Mutual Fund,Open Ended Schemes,Debt Scheme - Banking and PSU Fund,2019-08-23,149.9347,2026-06-23T05:29:58.847318+00:00,https://api.mfapi.in/mf/119551
119551,SBI Bluechip,119551,Aditya Birla Sun Life Banking & PSU Debt Fund  - DIRECT - IDCW,Aditya Birla Sun Life Mutual Fund,Open Ended Schemes,Debt Scheme - Banking and PSU Fund,2019-08-22,149.8404,2026-06-23T05:29:58.847318+00:00,https://api.mfapi.in/mf/119551
119551,SBI Bluechip,119551,Aditya Birla Sun Life Banking & PSU Debt Fund  - DIRECT - IDCW,Aditya Birla Sun Life Mutual Fund,Open Ended Schemes,Debt Scheme - Banking and PSU Fund,2019-08-21,149.6765,2026-06-23T05:29:58.847318+00:00,https://api.mfapi.in/mf/119551
119551,SBI Bluechip,119551,Aditya Birla Sun Life Banking & PSU Debt Fund  - DIRECT - IDCW,Aditya Birla Sun Life Mutual Fund,Open Ended Schemes,Debt Scheme - Banking and PSU Fund,2019-08-20,149.4864,2026-06-23T05:29:58.847318+00:00,https://api.mfapi.in/mf/119551
119551,SBI Bluechip,119551,Aditya Birla Sun Life Banking & PSU Debt Fund  - DIRECT - IDCW,Aditya Birla Sun Life Mutual Fund,Open Ended Schemes,Debt Scheme - Banking and PSU Fund,2019-08-19,149.373,2026-06-23T05:29:58.847318+00:00,https://api.mfapi.in/mf/119551
119551,SBI Bluechip,119551,Aditya Birla Sun Life Banking & PSU Debt Fund  - DIRECT - IDCW,Aditya Birla Sun Life Mutual Fund,Open Ended Schemes,Debt Scheme - Banking and PSU Fund,2019-08-16,149.3311,2026-06-23T05:29:58.847318+00:00,https://api.mfapi.in/mf/119551
119551,SBI Bluechip,119551,Aditya Birla Sun Life Banking & PSU Debt Fund  - DIRECT - IDCW,Aditya Birla Sun Life Mutual Fund,Open Ended Schemes,Debt Scheme - Banking and PSU Fund,2019-08-14,149.0809,2026-06-23T05:29:58.847318+00:00,https://api.mfapi.in/mf/119551
119551,SBI Bluechip,119551,Aditya Birla Sun Life Banking & PSU Debt Fund  - DIRECT - IDCW,Aditya Birla Sun Life Mutual Fund,Open Ended Schemes,Debt Scheme - Banking and PSU Fund,2019-08-13,149.4511,2026-06-23T05:29:58.847318+00:00,https://api.mfapi.in/mf/119551
119551,SBI Bluechip,119551,Aditya Birla Sun Life Banking & PSU Debt Fund  - DIRECT - IDCW,Aditya Birla Sun Life Mutual Fund,Open Ended Schemes,Debt Scheme - Banking and PSU Fund,2019-08-09,149.4248,2026-06-23T05:29:58.847318+00:00,https://api.mfapi.in/mf/119551
119551,SBI Bluechip,119551,Aditya Birla Sun Life Banking & PSU Debt Fund  - DIRECT - IDCW,Aditya Birla Sun Life Mutual Fund,Open Ended Schemes,Debt Scheme - Banking and PSU Fund,2019-08-08,149.6843,2026-06-23T05:29:58.847318+00:00,https://api.mfapi.in/mf/119551
119551,SBI Bluechip,119551,Aditya Birla Sun Life Banking & PSU Debt Fund  - DIRECT - IDCW,Aditya Birla Sun Life Mutual Fund,Open Ended Schemes,Debt Scheme - Banking and PSU Fund,2019-08-07,149.5577,2026-06-23T05:29:58.847318+00:00,https://api.mfapi.in/mf/119551
119551,SBI Bluechip,119551,Aditya Birla Sun Life Banking & PSU Debt Fund  - DIRECT - IDCW,Aditya Birla Sun Life Mutual Fund,Open Ended Schemes,Debt Scheme - Banking and PSU Fund,2019-08-06,149.4147,2026-06-23T05:29:58.847318+00:00,https://api.mfapi.in/mf/119551
119551,SBI Bluechip,119551,Aditya Birla Sun Life Banking & PSU Debt Fund  - DIRECT - IDCW,Aditya Birla Sun Life Mutual Fund,Open Ended Schemes,Debt Scheme - Banking and PSU Fund,2019-08-05,149.2155,2026-06-23T05:29:58.847318+00:00,https://api.mfapi.in/mf/119551
119551,SBI Bluechip,119551,Aditya Birla Sun Life Banking & PSU Debt Fund  - DIRECT - IDCW,Aditya Birla Sun Life Mutual Fund,Open Ended Schemes,Debt Scheme - Banking and PSU Fund,2019-08-02,149.3724,2026-06-23T05:29:58.847318+00:00,https://api.mfapi.in/mf/119551
119551,SBI Bluechip,119551,Aditya Birla Sun Life Banking & PSU Debt Fund  - DIRECT - IDCW,Aditya Birla Sun Life Mutual Fund,Open Ended Schemes,Debt Scheme - Banking and PSU Fund,2019-08-01,149.0367,2026-06-23T05:29:58.847318+00:00,https://api.mfapi.in/mf/119551
119551,SBI Bluechip,119551,Aditya Birla Sun Life Banking & PSU Debt Fund  - DIRECT - IDCW,Aditya Birla Sun Life Mutual Fund,Open Ended Schemes,Debt Scheme - Banking and PSU Fund,2019-07-31,149.0512,2026-06-23T05:29:58.847318+00:00,https://api.mfapi.in/mf/119551
119551,SBI Bluechip,119551,Aditya Birla Sun Life Banking & PSU Debt Fund  - DIRECT - IDCW,Aditya Birla Sun Life Mutual Fund,Open Ended Schemes,Debt Scheme - Banking and PSU Fund,2019-07-30,148.892,2026-06-23T05:29:58.847318+00:00,https://api.mfapi.in/mf/119551
119551,SBI Bluechip,119551,Aditya Birla Sun Life Banking & PSU Debt Fund  - DIRECT - IDCW,Aditya Birla Sun Life Mutual Fund,Open Ended Schemes,Debt Scheme - Banking and PSU Fund,2019-07-29,148.7487,2026-06-23T05:29:58.847318+00:00,https://api.mfapi.in/mf/119551
119551,SBI Bluechip,119551,Aditya Birla Sun Life Banking & PSU Debt Fund  - DIRECT - IDCW,Aditya Birla Sun Life Mutual Fund,Open Ended Schemes,Debt Scheme - Banking and PSU Fund,2019-07-26,148.3704,2026-06-23T05:29:58.847318+00:00,https://api.mfapi.in/mf/119551
119551,SBI Bluechip,119551,Aditya Birla Sun Life Banking & PSU Debt Fund  - DIRECT - IDCW,Aditya Birla Sun Life Mutual Fund,Open Ended Schemes,Debt Scheme - Banking and PSU Fund,2019-07-25,148.3413,2026-06-23T05:29:58.847318+00:00,https://api.mfapi.in/mf/119551
119551,SBI Bluechip,119551,Aditya Birla Sun Life Banking & PSU Debt Fund  - DIRECT - IDCW,Aditya Birla Sun Life Mutual Fund,Open Ended Schemes,Debt Scheme - Banking and PSU Fund,2019-07-24,148.6858,2026-06-23T05:29:58.847318+00:00,https://api.mfapi.in/mf/119551
119551,SBI Bluechip,119551,Aditya Birla Sun Life Banking & PSU Debt Fund  - DIRECT - IDCW,Aditya Birla Sun Life Mutual Fund,Open Ended Schemes,Debt Scheme - Banking and PSU Fund,2019-07-23,148.6097,2026-06-23T05:29:58.847318+00:00,https://api.mfapi.in/mf/119551
119551,SBI Bluechip,119551,Aditya Birla Sun Life Banking & PSU Debt Fund  - DIRECT - IDCW,Aditya Birla Sun Life Mutual Fund,Open Ended Schemes,Debt Scheme - Banking and PSU Fund,2019-07-22,148.7174,2026-06-23T05:29:58.847318+00:00,https://api.mfapi.in/mf/119551
119551,SBI Bluechip,119551,Aditya Birla Sun Life Banking & PSU Debt Fund  - DIRECT - IDCW,Aditya Birla Sun Life Mutual Fund,Open Ended Schemes,Debt Scheme - Banking and PSU Fund,2019-07-19,148.8542,2026-06-23T05:29:58.847318+00:00,https://api.mfapi.in/mf/119551
119551,SBI Bluechip,119551,Aditya Birla Sun Life Banking & PSU Debt Fund  - DIRECT - IDCW,Aditya Birla Sun Life Mutual Fund,Open Ended Schemes,Debt Scheme - Banking and PSU Fund,2019-07-18,148.8109,2026-06-23T05:29:58.847318+00:00,https://api.mfapi.in/mf/119551
119551,SBI Bluechip,119551,Aditya Birla Sun Life Banking & PSU Debt Fund  - DIRECT - IDCW,Aditya Birla Sun Life Mutual Fund,Open Ended Schemes,Debt Scheme - Banking and PSU Fund,2019-07-17,148.8778,2026-06-23T05:29:58.847318+00:00,https://api.mfapi.in/mf/119551
119551,SBI Bluechip,119551,Aditya Birla Sun Life Banking & PSU Debt Fund  - DIRECT - IDCW,Aditya Birla Sun Life Mutual Fund,Open Ended Schemes,Debt Scheme - Banking and PSU Fund,2019-07-16,148.9102,2026-06-23T05:29:58.847318+00:00,https://api.mfapi.in/mf/119551
119551,SBI Bluechip,119551,Aditya Birla Sun Life Banking & PSU Debt Fund  - DIRECT - IDCW,Aditya Birla Sun Life Mutual Fund,Open Ended Schemes,Debt Scheme - Banking and PSU Fund,2019-07-15,148.5678,2026-06-23T05:29:58.847318+00:00,https://api.mfapi.in/mf/119551
119551,SBI Bluechip,119551,Aditya Birla Sun Life Banking & PSU Debt Fund  - DIRECT - IDCW,Aditya Birla Sun Life Mutual Fund,Open Ended Schemes,Debt Scheme - Banking and PSU Fund,2019-07-12,148.2944,2026-06-23T05:29:58.847318+00:00,https://api.mfapi.in/mf/119551
119551,SBI Bluechip,119551,Aditya Birla Sun Life Banking & PSU Debt Fund  - DIRECT - IDCW,Aditya Birla Sun Life Mutual Fund,Open Ended Schemes,Debt Scheme - Banking and PSU Fund,2019-07-11,148.2166,2026-06-23T05:29:58.847318+00:00,https://api.mfapi.in/mf/119551
119551,SBI Bluechip,119551,Aditya Birla Sun Life Banking & PSU Debt Fund  - DIRECT - IDCW,Aditya Birla Sun Life Mutual Fund,Open Ended Schemes,Debt Scheme - Banking and PSU Fund,2019-07-10,148.0034,2026-06-23T05:29:58.847318+00:00,https://api.mfapi.in/mf/119551
119551,SBI Bluechip,119551,Aditya Birla Sun Life Banking & PSU Debt Fund  - DIRECT - IDCW,Aditya Birla Sun Life Mutual Fund,Open Ended Schemes,Debt Scheme - Banking and PSU Fund,2019-07-09,147.8228,2026-06-23T05:29:58.847318+00:00,https://api.mfapi.in/mf/119551
119551,SBI Bluechip,119551,Aditya Birla Sun Life Banking & PSU Debt Fund  - DIRECT - IDCW,Aditya Birla Sun Life Mutual Fund,Open Ended Schemes,Debt Scheme - Banking and PSU Fund,2019-07-08,147.8277,2026-06-23T05:29:58.847318+00:00,https://api.mfapi.in/mf/119551
119551,SBI Bluechip,119551,Aditya Birla Sun Life Banking & PSU Debt Fund  - DIRECT - IDCW,Aditya Birla Sun Life Mutual Fund,Open Ended Schemes,Debt Scheme - Banking and PSU Fund,2019-07-05,147.2972,2026-06-23T05:29:58.847318+00:00,https://api.mfapi.in/mf/119551
119551,SBI Bluechip,119551,Aditya Birla Sun Life Banking & PSU Debt Fund  - DIRECT - IDCW,Aditya Birla Sun Life Mutual Fund,Open Ended Schemes,Debt Scheme - Banking and PSU Fund,2019-07-04,146.9134,2026-06-23T05:29:58.847318+00:00,https://api.mfapi.in/mf/119551
119551,SBI Bluechip,119551,Aditya Birla Sun Life Banking & PSU Debt Fund  - DIRECT - IDCW,Aditya Birla Sun Life Mutual Fund,Open Ended Schemes,Debt Scheme - Banking and PSU Fund,2019-07-03,146.678,2026-06-23T05:29:58.847318+00:00,https://api.mfapi.in/mf/119551
119551,SBI Bluechip,119551,Aditya Birla Sun Life Banking & PSU Debt Fund  - DIRECT - IDCW,Aditya Birla Sun Life Mutual Fund,Open Ended Schemes,Debt Scheme - Banking and PSU Fund,2019-07-02,146.4817,2026-06-23T05:29:58.847318+00:00,https://api.mfapi.in/mf/119551
119551,SBI Bluechip,119551,Aditya Birla Sun Life Banking & PSU Debt Fund  - DIRECT - IDCW,Aditya Birla Sun Life Mutual Fund,Open Ended Schemes,Debt Scheme - Banking and PSU Fund,2019-07-01,146.3903,2026-06-23T05:29:58.847318+00:00,https://api.mfapi.in/mf/119551
119551,SBI Bluechip,119551,Aditya Birla Sun Life Banking & PSU Debt Fund  - DIRECT - IDCW,Aditya Birla Sun Life Mutual Fund,Open Ended Schemes,Debt Scheme - Banking and PSU Fund,2019-06-28,146.3797,2026-06-23T05:29:58.847318+00:00,https://api.mfapi.in/mf/119551
119551,SBI Bluechip,119551,Aditya Birla Sun Life Banking & PSU Debt Fund  - DIRECT - IDCW,Aditya Birla Sun Life Mutual Fund,Open Ended Schemes,Debt Scheme - Banking and PSU Fund,2019-06-27,146.3061,2026-06-23T05:29:58.847318+00:00,https://api.mfapi.in/mf/119551
119551,SBI Bluechip,119551,Aditya Birla Sun Life Banking & PSU Debt Fund  - DIRECT - IDCW,Aditya Birla Sun Life Mutual Fund,Open Ended Schemes,Debt Scheme - Banking and PSU Fund,2019-06-26,146.2151,2026-06-23T05:29:58.847318+00:00,https://api.mfapi.in/mf/119551
119551,SBI Bluechip,119551,Aditya Birla Sun Life Banking & PSU Debt Fund  - DIRECT - IDCW,Aditya Birla Sun Life Mutual Fund,Open Ended Schemes,Debt Scheme - Banking and PSU Fund,2019-06-25,146.3663,2026-06-23T05:29:58.847318+00:00,https://api.mfapi.in/mf/119551
119551,SBI Bluechip,119551,Aditya Birla Sun Life Banking & PSU Debt Fund  - DIRECT - IDCW,Aditya Birla Sun Life Mutual Fund,Open Ended Schemes,Debt Scheme - Banking and PSU Fund,2019-06-24,146.4771,2026-06-23T05:29:58.847318+00:00,https://api.mfapi.in/mf/119551
119551,SBI Bluechip,119551,Aditya Birla Sun Life Banking & PSU Debt Fund  - DIRECT - IDCW,Aditya Birla Sun Life Mutual Fund,Open Ended Schemes,Debt Scheme - Banking and PSU Fund,2019-06-21,146.4745,2026-06-23T05:29:58.847318+00:00,https://api.mfapi.in/mf/119551
119551,SBI Bluechip,119551,Aditya Birla Sun Life Banking & PSU Debt Fund  - DIRECT - IDCW,Aditya Birla Sun Life Mutual Fund,Open Ended Schemes,Debt Scheme - Banking and PSU Fund,2019-06-20,146.6796,2026-06-23T05:29:58.847318+00:00,https://api.mfapi.in/mf/119551
119551,SBI Bluechip,119551,Aditya Birla Sun Life Banking & PSU Debt Fund  - DIRECT - IDCW,Aditya Birla Sun Life Mutual Fund,Open Ended Schemes,Debt Scheme - Banking and PSU Fund,2019-06-19,146.5025,2026-06-23T05:29:58.847318+00:00,https://api.mfapi.in/mf/119551
119551,SBI Bluechip,119551,Aditya Birla Sun Life Banking & PSU Debt Fund  - DIRECT - IDCW,Aditya Birla Sun Life Mutual Fund,Open Ended Schemes,Debt Scheme - Banking and PSU Fund,2019-06-18,146.4654,2026-06-23T05:29:58.847318+00:00,https://api.mfapi.in/mf/119551
119551,SBI Bluechip,119551,Aditya Birla Sun Life Banking & PSU Debt Fund  - DIRECT - IDCW,Aditya Birla Sun Life Mutual Fund,Open Ended Schemes,Debt Scheme - Banking and PSU Fund,2019-06-17,146.1223,2026-06-23T05:29:58.847318+00:00,https://api.mfapi.in/mf/119551
119551,SBI Bluechip,119551,Aditya Birla Sun Life Banking & PSU Debt Fund  - DIRECT - IDCW,Aditya Birla Sun Life Mutual Fund,Open Ended Schemes,Debt Scheme - Banking and PSU Fund,2019-06-14,146.087,2026-06-23T05:29:58.847318+00:00,https://api.mfapi.in/mf/119551
119551,SBI Bluechip,119551,Aditya Birla Sun Life Banking & PSU Debt Fund  - DIRECT - IDCW,Aditya Birla Sun Life Mutual Fund,Open Ended Schemes,Debt Scheme - Banking and PSU Fund,2019-06-13,145.8517,2026-06-23T05:29:58.847318+00:00,https://api.mfapi.in/mf/119551
119551,SBI Bluechip,119551,Aditya Birla Sun Life Banking & PSU Debt Fund  - DIRECT - IDCW,Aditya Birla Sun Life Mutual Fund,Open Ended Schemes,Debt Scheme - Banking and PSU Fund,2019-06-12,145.775,2026-06-23T05:29:58.847318+00:00,https://api.mfapi.in/mf/119551
119551,SBI Bluechip,119551,Aditya Birla Sun Life Banking & PSU Debt Fund  - DIRECT - IDCW,Aditya Birla Sun Life Mutual Fund,Open Ended Schemes,Debt Scheme - Banking and PSU Fund,2019-06-11,145.6404,2026-06-23T05:29:58.847318+00:00,https://api.mfapi.in/mf/119551
119551,SBI Bluechip,119551,Aditya Birla Sun Life Banking & PSU Debt Fund  - DIRECT - IDCW,Aditya Birla Sun Life Mutual Fund,Open Ended Schemes,Debt Scheme - Banking and PSU Fund,2019-06-10,145.5955,2026-06-23T05:29:58.847318+00:00,https://api.mfapi.in/mf/119551
119551,SBI Bluechip,119551,Aditya Birla Sun Life Banking & PSU Debt Fund  - DIRECT - IDCW,Aditya Birla Sun Life Mutual Fund,Open Ended Schemes,Debt Scheme - Banking and PSU Fund,2019-06-07,145.8035,2026-06-23T05:29:58.847318+00:00,https://api.mfapi.in/mf/119551
119551,SBI Bluechip,119551,Aditya Birla Sun Life Banking & PSU Debt Fund  - DIRECT - IDCW,Aditya Birla Sun Life Mutual Fund,Open Ended Schemes,Debt Scheme - Banking and PSU Fund,2019-06-06,146.0295,2026-06-23T05:29:58.847318+00:00,https://api.mfapi.in/mf/119551
119551,SBI Bluechip,119551,Aditya Birla Sun Life Banking & PSU Debt Fund  - DIRECT - IDCW,Aditya Birla Sun Life Mutual Fund,Open Ended Schemes,Debt Scheme - Banking and PSU Fund,2019-06-04,145.6843,2026-06-23T05:29:58.847318+00:00,https://api.mfapi.in/mf/119551
119551,SBI Bluechip,119551,Aditya Birla Sun Life Banking & PSU Debt Fund  - DIRECT - IDCW,Aditya Birla Sun Life Mutual Fund,Open Ended Schemes,Debt Scheme - Banking and PSU Fund,2019-06-03,145.7548,2026-06-23T05:29:58.847318+00:00,https://api.mfapi.in/mf/119551
119551,SBI Bluechip,119551,Aditya Birla Sun Life Banking & PSU Debt Fund  - DIRECT - IDCW,Aditya Birla Sun Life Mutual Fund,Open Ended Schemes,Debt Scheme - Banking and PSU Fund,2019-05-31,145.5041,2026-06-23T05:29:58.847318+00:00,https://api.mfapi.in/mf/119551
119551,SBI Bluechip,119551,Aditya Birla Sun Life Banking & PSU Debt Fund  - DIRECT - IDCW,Aditya Birla Sun Life Mutual Fund,Open Ended Schemes,Debt Scheme - Banking and PSU Fund,2019-05-30,145.1312,2026-06-23T05:29:58.847318+00:00,https://api.mfapi.in/mf/119551
119551,SBI Bluechip,119551,Aditya Birla Sun Life Banking & PSU Debt Fund  - DIRECT - IDCW,Aditya Birla Sun Life Mutual Fund,Open Ended Schemes,Debt Scheme - Banking and PSU Fund,2019-05-29,145.1587,2026-06-23T05:29:58.847318+00:00,https://api.mfapi.in/mf/119551
119551,SBI Bluechip,119551,Aditya Birla Sun Life Banking & PSU Debt Fund  - DIRECT - IDCW,Aditya Birla Sun Life Mutual Fund,Open Ended Schemes,Debt Scheme - Banking and PSU Fund,2019-05-28,145.1418,2026-06-23T05:29:58.847318+00:00,https://api.mfapi.in/mf/119551
119551,SBI Bluechip,119551,Aditya Birla Sun Life Banking & PSU Debt Fund  - DIRECT - IDCW,Aditya Birla Sun Life Mutual Fund,Open Ended Schemes,Debt Scheme - Banking and PSU Fund,2019-05-27,145.0011,2026-06-23T05:29:58.847318+00:00,https://api.mfapi.in/mf/119551
119551,SBI Bluechip,119551,Aditya Birla Sun Life Banking & PSU Debt Fund  - DIRECT - IDCW,Aditya Birla Sun Life Mutual Fund,Open Ended Schemes,Debt Scheme - Banking and PSU Fund,2019-05-24,144.51,2026-06-23T05:29:58.847318+00:00,https://api.mfapi.in/mf/119551
119551,SBI Bluechip,119551,Aditya Birla Sun Life Banking & PSU Debt Fund  - DIRECT - IDCW,Aditya Birla Sun Life Mutual Fund,Open Ended Schemes,Debt Scheme - Banking and PSU Fund,2019-05-23,144.3538,2026-06-23T05:29:58.847318+00:00,https://api.mfapi.in/mf/119551
119551,SBI Bluechip,119551,Aditya Birla Sun Life Banking & PSU Debt Fund  - DIRECT - IDCW,Aditya Birla Sun Life Mutual Fund,Open Ended Schemes,Debt Scheme - Banking and PSU Fund,2019-05-22,144.0646,2026-06-23T05:29:58.847318+00:00,https://api.mfapi.in/mf/119551
119551,SBI Bluechip,119551,Aditya Birla Sun Life Banking & PSU Debt Fund  - DIRECT - IDCW,Aditya Birla Sun Life Mutual Fund,Open Ended Schemes,Debt Scheme - Banking and PSU Fund,2019-05-21,144.0003,2026-06-23T05:29:58.847318+00:00,https://api.mfapi.in/mf/119551
119551,SBI Bluechip,119551,Aditya Birla Sun Life Banking & PSU Debt Fund  - DIRECT - IDCW,Aditya Birla Sun Life Mutual Fund,Open Ended Schemes,Debt Scheme - Banking and PSU Fund,2019-05-20,143.9976,2026-06-23T05:29:58.847318+00:00,https://api.mfapi.in/mf/119551
119551,SBI Bluechip,119551,Aditya Birla Sun Life Banking & PSU Debt Fund  - DIRECT - IDCW,Aditya Birla Sun Life Mutual Fund,Open Ended Schemes,Debt Scheme - Banking and PSU Fund,2019-05-17,143.6887,2026-06-23T05:29:58.847318+00:00,https://api.mfapi.in/mf/119551
119551,SBI Bluechip,119551,Aditya Birla Sun Life Banking & PSU Debt Fund  - DIRECT - IDCW,Aditya Birla Sun Life Mutual Fund,Open Ended Schemes,Debt Scheme - Banking and PSU Fund,2019-05-16,143.5546,2026-06-23T05:29:58.847318+00:00,https://api.mfapi.in/mf/119551
119551,SBI Bluechip,119551,Aditya Birla Sun Life Banking & PSU Debt Fund  - DIRECT - IDCW,Aditya Birla Sun Life Mutual Fund,Open Ended Schemes,Debt Scheme - Banking and PSU Fund,2019-05-15,143.5038,2026-06-23T05:29:58.847318+00:00,https://api.mfapi.in/mf/119551
119551,SBI Bluechip,119551,Aditya Birla Sun Life Banking & PSU Debt Fund  - DIRECT - IDCW,Aditya Birla Sun Life Mutual Fund,Open Ended Schemes,Debt Scheme - Banking and PSU Fund,2019-05-14,143.4783,2026-06-23T05:29:58.847318+00:00,https://api.mfapi.in/mf/119551
119551,SBI Bluechip,119551,Aditya Birla Sun Life Banking & PSU Debt Fund  - DIRECT - IDCW,Aditya Birla Sun Life Mutual Fund,Open Ended Schemes,Debt Scheme - Banking and PSU Fund,2019-05-13,143.3346,2026-06-23T05:29:58.847318+00:00,https://api.mfapi.in/mf/119551
119551,SBI Bluechip,119551,Aditya Birla Sun Life Banking & PSU Debt Fund  - DIRECT - IDCW,Aditya Birla Sun Life Mutual Fund,Open Ended Schemes,Debt Scheme - Banking and PSU Fund,2019-05-10,143.2079,2026-06-23T05:29:58.847318+00:00,https://api.mfapi.in/mf/119551
119551,SBI Bluechip,119551,Aditya Birla Sun Life Banking & PSU Debt Fund  - DIRECT - IDCW,Aditya Birla Sun Life Mutual Fund,Open Ended Schemes,Debt Scheme - Banking and PSU Fund,2019-05-09,143.18,2026-06-23T05:29:58.847318+00:00,https://api.mfapi.in/mf/119551
119551,SBI Bluechip,119551,Aditya Birla Sun Life Banking & PSU Debt Fund  - DIRECT - IDCW,Aditya Birla Sun Life Mutual Fund,Open Ended Schemes,Debt Scheme - Banking and PSU Fund,2019-05-08,143.1504,2026-06-23T05:29:58.847318+00:00,https://api.mfapi.in/mf/119551
119551,SBI Bluechip,119551,Aditya Birla Sun Life Banking & PSU Debt Fund  - DIRECT - IDCW,Aditya Birla Sun Life Mutual Fund,Open Ended Schemes,Debt Scheme - Banking and PSU Fund,2019-05-07,143.0787,2026-06-23T05:29:58.847318+00:00,https://api.mfapi.in/mf/119551
119551,SBI Bluechip,119551,Aditya Birla Sun Life Banking & PSU Debt Fund  - DIRECT - IDCW,Aditya Birla Sun Life Mutual Fund,Open Ended Schemes,Debt Scheme - Banking and PSU Fund,2019-05-06,143.0201,2026-06-23T05:29:58.847318+00:00,https://api.mfapi.in/mf/119551
119551,SBI Bluechip,119551,Aditya Birla Sun Life Banking & PSU Debt Fund  - DIRECT - IDCW,Aditya Birla Sun Life Mutual Fund,Open Ended Schemes,Debt Scheme - Banking and PSU Fund,2019-05-03,142.9162,2026-06-23T05:29:58.847318+00:00,https://api.mfapi.in/mf/119551
119551,SBI Bluechip,119551,Aditya Birla Sun Life Banking & PSU Debt Fund  - DIRECT - IDCW,Aditya Birla Sun Life Mutual Fund,Open Ended Schemes,Debt Scheme - Banking and PSU Fund,2019-05-02,142.9669,2026-06-23T05:29:58.847318+00:00,https://api.mfapi.in/mf/119551
119551,SBI Bluechip,119551,Aditya Birla Sun Life Banking & PSU Debt Fund  - DIRECT - IDCW,Aditya Birla Sun Life Mutual Fund,Open Ended Schemes,Debt Scheme - Banking and PSU Fund,2019-04-30,142.9462,2026-06-23T05:29:58.847318+00:00,https://api.mfapi.in/mf/119551
119551,SBI Bluechip,119551,Aditya Birla Sun Life Banking & PSU Debt Fund  - DIRECT - IDCW,Aditya Birla Sun Life Mutual Fund,Open Ended Schemes,Debt Scheme - Banking and PSU Fund,2019-04-26,142.8116,2026-06-23T05:29:58.847318+00:00,https://api.mfapi.in/mf/119551
119551,SBI Bluechip,119551,Aditya Birla Sun Life Banking & PSU Debt Fund  - DIRECT - IDCW,Aditya Birla Sun Life Mutual Fund,Open Ended Schemes,Debt Scheme - Banking and PSU Fund,2019-04-25,142.7254,2026-06-23T05:29:58.847318+00:00,https://api.mfapi.in/mf/119551
119551,SBI Bluechip,119551,Aditya Birla Sun Life Banking & PSU Debt Fund  - DIRECT - IDCW,Aditya Birla Sun Life Mutual Fund,Open Ended Schemes,Debt Scheme - Banking and PSU Fund,2019-04-24,142.817,2026-06-23T05:29:58.847318+00:00,https://api.mfapi.in/mf/119551
119551,SBI Bluechip,119551,Aditya Birla Sun Life Banking & PSU Debt Fund  - DIRECT - IDCW,Aditya Birla Sun Life Mutual Fund,Open Ended Schemes,Debt Scheme - Banking and PSU Fund,2019-04-23,142.717,2026-06-23T05:29:58.847318+00:00,https://api.mfapi.in/mf/119551
119551,SBI Bluechip,119551,Aditya Birla Sun Life Banking & PSU Debt Fund  - DIRECT - IDCW,Aditya Birla Sun Life Mutual Fund,Open Ended Schemes,Debt Scheme - Banking and PSU Fund,2019-04-22,142.7099,2026-06-23T05:29:58.847318+00:00,https://api.mfapi.in/mf/119551
119551,SBI Bluechip,119551,Aditya Birla Sun Life Banking & PSU Debt Fund  - DIRECT - IDCW,Aditya Birla Sun Life Mutual Fund,Open Ended Schemes,Debt Scheme - Banking and PSU Fund,2019-04-18,142.8003,2026-06-23T05:29:58.847318+00:00,https://api.mfapi.in/mf/119551
119551,SBI Bluechip,119551,Aditya Birla Sun Life Banking & PSU Debt Fund  - DIRECT - IDCW,Aditya Birla Sun Life Mutual Fund,Open Ended Schemes,Debt Scheme - Banking and PSU Fund,2019-04-16,142.7755,2026-06-23T05:29:58.847318+00:00,https://api.mfapi.in/mf/119551
119551,SBI Bluechip,119551,Aditya Birla Sun Life Banking & PSU Debt Fund  - DIRECT - IDCW,Aditya Birla Sun Life Mutual Fund,Open Ended Schemes,Debt Scheme - Banking and PSU Fund,2019-04-15,142.7628,2026-06-23T05:29:58.847318+00:00,https://api.mfapi.in/mf/119551
119551,SBI Bluechip,119551,Aditya Birla Sun Life Banking & PSU Debt Fund  - DIRECT - IDCW,Aditya Birla Sun Life Mutual Fund,Open Ended Schemes,Debt Scheme - Banking and PSU Fund,2019-04-12,142.8054,2026-06-23T05:29:58.847318+00:00,https://api.mfapi.in/mf/119551
119551,SBI Bluechip,119551,Aditya Birla Sun Life Banking & PSU Debt Fund  - DIRECT - IDCW,Aditya Birla Sun Life Mutual Fund,Open Ended Schemes,Debt Scheme - Banking and PSU Fund,2019-04-11,142.8471,2026-06-23T05:29:58.847318+00:00,https://api.mfapi.in/mf/119551
119551,SBI Bluechip,119551,Aditya Birla Sun Life Banking & PSU Debt Fund  - DIRECT - IDCW,Aditya Birla Sun Life Mutual Fund,Open Ended Schemes,Debt Scheme - Banking and PSU Fund,2019-04-10,142.9046,2026-06-23T05:29:58.847318+00:00,https://api.mfapi.in/mf/119551
119551,SBI Bluechip,119551,Aditya Birla Sun Life Banking & PSU Debt Fund  - DIRECT - IDCW,Aditya Birla Sun Life Mutual Fund,Open Ended Schemes,Debt Scheme - Banking and PSU Fund,2019-04-09,142.8298,2026-06-23T05:29:58.847318+00:00,https://api.mfapi.in/mf/119551
119551,SBI Bluechip,119551,Aditya Birla Sun Life Banking & PSU Debt Fund  - DIRECT - IDCW,Aditya Birla Sun Life Mutual Fund,Open Ended Schemes,Debt Scheme - Banking and PSU Fund,2019-04-08,142.8229,2026-06-23T05:29:58.847318+00:00,https://api.mfapi.in/mf/119551
119551,SBI Bluechip,119551,Aditya Birla Sun Life Banking & PSU Debt Fund  - DIRECT - IDCW,Aditya Birla Sun Life Mutual Fund,Open Ended Schemes,Debt Scheme - Banking and PSU Fund,2019-04-05,142.9577,2026-06-23T05:29:58.847318+00:00,https://api.mfapi.in/mf/119551
119551,SBI Bluechip,119551,Aditya Birla Sun Life Banking & PSU Debt Fund  - DIRECT - IDCW,Aditya Birla Sun Life Mutual Fund,Open Ended Schemes,Debt Scheme - Banking and PSU Fund,2019-04-04,143.0993,2026-06-23T05:29:58.847318+00:00,https://api.mfapi.in/mf/119551
119551,SBI Bluechip,119551,Aditya Birla Sun Life Banking & PSU Debt Fund  - DIRECT - IDCW,Aditya Birla Sun Life Mutual Fund,Open Ended Schemes,Debt Scheme - Banking and PSU Fund,2019-04-03,143.216,2026-06-23T05:29:58.847318+00:00,https://api.mfapi.in/mf/119551
119551,SBI Bluechip,119551,Aditya Birla Sun Life Banking & PSU Debt Fund  - DIRECT - IDCW,Aditya Birla Sun Life Mutual Fund,Open Ended Schemes,Debt Scheme - Banking and PSU Fund,2019-04-02,143.2454,2026-06-23T05:29:58.847318+00:00,https://api.mfapi.in/mf/119551
119551,SBI Bluechip,119551,Aditya Birla Sun Life Banking & PSU Debt Fund  - DIRECT - IDCW,Aditya Birla Sun Life Mutual Fund,Open Ended Schemes,Debt Scheme - Banking and PSU Fund,2019-03-29,142.8143,2026-06-23T05:29:58.847318+00:00,https://api.mfapi.in/mf/119551
119551,SBI Bluechip,119551,Aditya Birla Sun Life Banking & PSU Debt Fund  - DIRECT - IDCW,Aditya Birla Sun Life Mutual Fund,Open Ended Schemes,Debt Scheme - Banking and PSU Fund,2019-03-28,142.444,2026-06-23T05:29:58.847318+00:00,https://api.mfapi.in/mf/119551
119551,SBI Bluechip,119551,Aditya Birla Sun Life Banking & PSU Debt Fund  - DIRECT - IDCW,Aditya Birla Sun Life Mutual Fund,Open Ended Schemes,Debt Scheme - Banking and PSU Fund,2019-03-27,142.4266,2026-06-23T05:29:58.847318+00:00,https://api.mfapi.in/mf/119551
119551,SBI Bluechip,119551,Aditya Birla Sun Life Banking & PSU Debt Fund  - DIRECT - IDCW,Aditya Birla Sun Life Mutual Fund,Open Ended Schemes,Debt Scheme - Banking and PSU Fund,2019-03-26,142.4063,2026-06-23T05:29:58.847318+00:00,https://api.mfapi.in/mf/119551
119551,SBI Bluechip,119551,Aditya Birla Sun Life Banking & PSU Debt Fund  - DIRECT - IDCW,Aditya Birla Sun Life Mutual Fund,Open Ended Schemes,Debt Scheme - Banking and PSU Fund,2019-03-25,142.4171,2026-06-23T05:29:58.847318+00:00,https://api.mfapi.in/mf/119551
119551,SBI Bluechip,119551,Aditya Birla Sun Life Banking & PSU Debt Fund  - DIRECT - IDCW,Aditya Birla Sun Life Mutual Fund,Open Ended Schemes,Debt Scheme - Banking and PSU Fund,2019-03-22,152.9006,2026-06-23T05:29:58.847318+00:00,https://api.mfapi.in/mf/119551
119551,SBI Bluechip,119551,Aditya Birla Sun Life Banking & PSU Debt Fund  - DIRECT - IDCW,Aditya Birla Sun Life Mutual Fund,Open Ended Schemes,Debt Scheme - Banking and PSU Fund,2019-03-20,152.7699,2026-06-23T05:29:58.847318+00:00,https://api.mfapi.in/mf/119551
119551,SBI Bluechip,119551,Aditya Birla Sun Life Banking & PSU Debt Fund  - DIRECT - IDCW,Aditya Birla Sun Life Mutual Fund,Open Ended Schemes,Debt Scheme - Banking and PSU Fund,2019-03-19,152.7005,2026-06-23T05:29:58.847318+00:00,https://api.mfapi.in/mf/119551
119551,SBI Bluechip,119551,Aditya Birla Sun Life Banking & PSU Debt Fund  - DIRECT - IDCW,Aditya Birla Sun Life Mutual Fund,Open Ended Schemes,Debt Scheme - Banking and PSU Fund,2019-03-18,152.7412,2026-06-23T05:29:58.847318+00:00,https://api.mfapi.in/mf/119551
119551,SBI Bluechip,119551,Aditya Birla Sun Life Banking & PSU Debt Fund  - DIRECT - IDCW,Aditya Birla Sun Life Mutual Fund,Open Ended Schemes,Debt Scheme - Banking and PSU Fund,2019-03-15,152.5838,2026-06-23T05:29:58.847318+00:00,https://api.mfapi.in/mf/119551
119551,SBI Bluechip,119551,Aditya Birla Sun Life Banking & PSU Debt Fund  - DIRECT - IDCW,Aditya Birla Sun Life Mutual Fund,Open Ended Schemes,Debt Scheme - Banking and PSU Fund,2019-03-14,152.4552,2026-06-23T05:29:58.847318+00:00,https://api.mfapi.in/mf/119551
119551,SBI Bluechip,119551,Aditya Birla Sun Life Banking & PSU Debt Fund  - DIRECT - IDCW,Aditya Birla Sun Life Mutual Fund,Open Ended Schemes,Debt Scheme - Banking and PSU Fund,2019-03-13,152.2831,2026-06-23T05:29:58.847318+00:00,https://api.mfapi.in/mf/119551
119551,SBI Bluechip,119551,Aditya Birla Sun Life Banking & PSU Debt Fund  - DIRECT - IDCW,Aditya Birla Sun Life Mutual Fund,Open Ended Schemes,Debt Scheme - Banking and PSU Fund,2019-03-12,152.2662,2026-06-23T05:29:58.847318+00:00,https://api.mfapi.in/mf/119551
119551,SBI Bluechip,119551,Aditya Birla Sun Life Banking & PSU Debt Fund  - DIRECT - IDCW,Aditya Birla Sun Life Mutual Fund,Open Ended Schemes,Debt Scheme - Banking and PSU Fund,2019-03-11,152.1524,2026-06-23T05:29:58.847318+00:00,https://api.mfapi.in/mf/119551
119551,SBI Bluechip,119551,Aditya Birla Sun Life Banking & PSU Debt Fund  - DIRECT - IDCW,Aditya Birla Sun Life Mutual Fund,Open Ended Schemes,Debt Scheme - Banking and PSU Fund,2019-03-08,151.9735,2026-06-23T05:29:58.847318+00:00,https://api.mfapi.in/mf/119551
119551,SBI Bluechip,119551,Aditya Birla Sun Life Banking & PSU Debt Fund  - DIRECT - IDCW,Aditya Birla Sun Life Mutual Fund,Open Ended Schemes,Debt Scheme - Banking and PSU Fund,2019-03-07,151.8551,2026-06-23T05:29:58.847318+00:00,https://api.mfapi.in/mf/119551
119551,SBI Bluechip,119551,Aditya Birla Sun Life Banking & PSU Debt Fund  - DIRECT - IDCW,Aditya Birla Sun Life Mutual Fund,Open Ended Schemes,Debt Scheme - Banking and PSU Fund,2019-03-06,151.7285,2026-06-23T05:29:58.847318+00:00,https://api.mfapi.in/mf/119551
119551,SBI Bluechip,119551,Aditya Birla Sun Life Banking & PSU Debt Fund  - DIRECT - IDCW,Aditya Birla Sun Life Mutual Fund,Open Ended Schemes,Debt Scheme - Banking and PSU Fund,2019-03-05,151.6357,2026-06-23T05:29:58.847318+00:00,https://api.mfapi.in/mf/119551
119551,SBI Bluechip,119551,Aditya Birla Sun Life Banking & PSU Debt Fund  - DIRECT - IDCW,Aditya Birla Sun Life Mutual Fund,Open Ended Schemes,Debt Scheme - Banking and PSU Fund,2019-03-01,151.443,2026-06-23T05:29:58.847318+00:00,https://api.mfapi.in/mf/119551
119551,SBI Bluechip,119551,Aditya Birla Sun Life Banking & PSU Debt Fund  - DIRECT - IDCW,Aditya Birla Sun Life Mutual Fund,Open Ended Schemes,Debt Scheme - Banking and PSU Fund,2019-02-28,151.357,2026-06-23T05:29:58.847318+00:00,https://api.mfapi.in/mf/119551
119551,SBI Bluechip,119551,Aditya Birla Sun Life Banking & PSU Debt Fund  - DIRECT - IDCW,Aditya Birla Sun Life Mutual Fund,Open Ended Schemes,Debt Scheme - Banking and PSU Fund,2019-02-27,151.2991,2026-06-23T05:29:58.847318+00:00,https://api.mfapi.in/mf/119551
119551,SBI Bluechip,119551,Aditya Birla Sun Life Banking & PSU Debt Fund  - DIRECT - IDCW,Aditya Birla Sun Life Mutual Fund,Open Ended Schemes,Debt Scheme - Banking and PSU Fund,2019-02-26,151.362,2026-06-23T05:29:58.847318+00:00,https://api.mfapi.in/mf/119551
119551,SBI Bluechip,119551,Aditya Birla Sun Life Banking & PSU Debt Fund  - DIRECT - IDCW,Aditya Birla Sun Life Mutual Fund,Open Ended Schemes,Debt Scheme - Banking and PSU Fund,2019-02-25,151.3599,2026-06-23T05:29:58.847318+00:00,https://api.mfapi.in/mf/119551
119551,SBI Bluechip,119551,Aditya Birla Sun Life Banking & PSU Debt Fund  - DIRECT - IDCW,Aditya Birla Sun Life Mutual Fund,Open Ended Schemes,Debt Scheme - Banking and PSU Fund,2019-02-22,151.2599,2026-06-23T05:29:58.847318+00:00,https://api.mfapi.in/mf/119551
119551,SBI Bluechip,119551,Aditya Birla Sun Life Banking & PSU Debt Fund  - DIRECT - IDCW,Aditya Birla Sun Life Mutual Fund,Open Ended Schemes,Debt Scheme - Banking and PSU Fund,2019-02-21,151.2293,2026-06-23T05:29:58.847318+00:00,https://api.mfapi.in/mf/119551
119551,SBI Bluechip,119551,Aditya Birla Sun Life Banking & PSU Debt Fund  - DIRECT - IDCW,Aditya Birla Sun Life Mutual Fund,Open Ended Schemes,Debt Scheme - Banking and PSU Fund,2019-02-20,151.2149,2026-06-23T05:29:58.847318+00:00,https://api.mfapi.in/mf/119551
119551,SBI Bluechip,119551,Aditya Birla Sun Life Banking & PSU Debt Fund  - DIRECT - IDCW,Aditya Birla Sun Life Mutual Fund,Open Ended Schemes,Debt Scheme - Banking and PSU Fund,2019-02-18,151.131,2026-06-23T05:29:58.847318+00:00,https://api.mfapi.in/mf/119551
119551,SBI Bluechip,119551,Aditya Birla Sun Life Banking & PSU Debt Fund  - DIRECT - IDCW,Aditya Birla Sun Life Mutual Fund,Open Ended Schemes,Debt Scheme - Banking and PSU Fund,2019-02-15,151.1932,2026-06-23T05:29:58.847318+00:00,https://api.mfapi.in/mf/119551
119551,SBI Bluechip,119551,Aditya Birla Sun Life Banking & PSU Debt Fund  - DIRECT - IDCW,Aditya Birla Sun Life Mutual Fund,Open Ended Schemes,Debt Scheme - Banking and PSU Fund,2019-02-14,151.2698,2026-06-23T05:29:58.847318+00:00,https://api.mfapi.in/mf/119551
119551,SBI Bluechip,119551,Aditya Birla Sun Life Banking & PSU Debt Fund  - DIRECT - IDCW,Aditya Birla Sun Life Mutual Fund,Open Ended Schemes,Debt Scheme - Banking and PSU Fund,2019-02-13,151.3451,2026-06-23T05:29:58.847318+00:00,https://api.mfapi.in/mf/119551
119551,SBI Bluechip,119551,Aditya Birla Sun Life Banking & PSU Debt Fund  - DIRECT - IDCW,Aditya Birla Sun Life Mutual Fund,Open Ended Schemes,Debt Scheme - Banking and PSU Fund,2019-02-12,151.05,2026-06-23T05:29:58.847318+00:00,https://api.mfapi.in/mf/119551
119551,SBI Bluechip,119551,Aditya Birla Sun Life Banking & PSU Debt Fund  - DIRECT - IDCW,Aditya Birla Sun Life Mutual Fund,Open Ended Schemes,Debt Scheme - Banking and PSU Fund,2019-02-11,151.0908,2026-06-23T05:29:58.847318+00:00,https://api.mfapi.in/mf/119551
119551,SBI Bluechip,119551,Aditya Birla Sun Life Banking & PSU Debt Fund  - DIRECT - IDCW,Aditya Birla Sun Life Mutual Fund,Open Ended Schemes,Debt Scheme - Banking and PSU Fund,2019-02-08,151.009,2026-06-23T05:29:58.847318+00:00,https://api.mfapi.in/mf/119551
119551,SBI Bluechip,119551,Aditya Birla Sun Life Banking & PSU Debt Fund  - DIRECT - IDCW,Aditya Birla Sun Life Mutual Fund,Open Ended Schemes,Debt Scheme - Banking and PSU Fund,2019-02-07,150.9077,2026-06-23T05:29:58.847318+00:00,https://api.mfapi.in/mf/119551
119551,SBI Bluechip,119551,Aditya Birla Sun Life Banking & PSU Debt Fund  - DIRECT - IDCW,Aditya Birla Sun Life Mutual Fund,Open Ended Schemes,Debt Scheme - Banking and PSU Fund,2019-02-06,150.6666,2026-06-23T05:29:58.847318+00:00,https://api.mfapi.in/mf/119551
119551,SBI Bluechip,119551,Aditya Birla Sun Life Banking & PSU Debt Fund  - DIRECT - IDCW,Aditya Birla Sun Life Mutual Fund,Open Ended Schemes,Debt Scheme - Banking and PSU Fund,2019-02-05,150.5966,2026-06-23T05:29:58.847318+00:00,https://api.mfapi.in/mf/119551
119551,SBI Bluechip,119551,Aditya Birla Sun Life Banking & PSU Debt Fund  - DIRECT - IDCW,Aditya Birla Sun Life Mutual Fund,Open Ended Schemes,Debt Scheme - Banking and PSU Fund,2019-02-04,150.5633,2026-06-23T05:29:58.847318+00:00,https://api.mfapi.in/mf/119551
119551,SBI Bluechip,119551,Aditya Birla Sun Life Banking & PSU Debt Fund  - DIRECT - IDCW,Aditya Birla Sun Life Mutual Fund,Open Ended Schemes,Debt Scheme - Banking and PSU Fund,2019-02-01,150.5492,2026-06-23T05:29:58.847318+00:00,https://api.mfapi.in/mf/119551
119551,SBI Bluechip,119551,Aditya Birla Sun Life Banking & PSU Debt Fund  - DIRECT - IDCW,Aditya Birla Sun Life Mutual Fund,Open Ended Schemes,Debt Scheme - Banking and PSU Fund,2019-01-31,150.7049,2026-06-23T05:29:58.847318+00:00,https://api.mfapi.in/mf/119551
119551,SBI Bluechip,119551,Aditya Birla Sun Life Banking & PSU Debt Fund  - DIRECT - IDCW,Aditya Birla Sun Life Mutual Fund,Open Ended Schemes,Debt Scheme - Banking and PSU Fund,2019-01-30,150.6693,2026-06-23T05:29:58.847318+00:00,https://api.mfapi.in/mf/119551
119551,SBI Bluechip,119551,Aditya Birla Sun Life Banking & PSU Debt Fund  - DIRECT - IDCW,Aditya Birla Sun Life Mutual Fund,Open Ended Schemes,Debt Scheme - Banking and PSU Fund,2019-01-29,150.6845,2026-06-23T05:29:58.847318+00:00,https://api.mfapi.in/mf/119551
119551,SBI Bluechip,119551,Aditya Birla Sun Life Banking & PSU Debt Fund  - DIRECT - IDCW,Aditya Birla Sun Life Mutual Fund,Open Ended Schemes,Debt Scheme - Banking and PSU Fund,2019-01-28,150.6576,2026-06-23T05:29:58.847318+00:00,https://api.mfapi.in/mf/119551
119551,SBI Bluechip,119551,Aditya Birla Sun Life Banking & PSU Debt Fund  - DIRECT - IDCW,Aditya Birla Sun Life Mutual Fund,Open Ended Schemes,Debt Scheme - Banking and PSU Fund,2019-01-25,150.5547,2026-06-23T05:29:58.847318+00:00,https://api.mfapi.in/mf/119551
119551,SBI Bluechip,119551,Aditya Birla Sun Life Banking & PSU Debt Fund  - DIRECT - IDCW,Aditya Birla Sun Life Mutual Fund,Open Ended Schemes,Debt Scheme - Banking and PSU Fund,2019-01-24,150.5348,2026-06-23T05:29:58.847318+00:00,https://api.mfapi.in/mf/119551
119551,SBI Bluechip,119551,Aditya Birla Sun Life Banking & PSU Debt Fund  - DIRECT - IDCW,Aditya Birla Sun Life Mutual Fund,Open Ended Schemes,Debt Scheme - Banking and PSU Fund,2019-01-23,150.5101,2026-06-23T05:29:58.847318+00:00,https://api.mfapi.in/mf/119551
119551,SBI Bluechip,119551,Aditya Birla Sun Life Banking & PSU Debt Fund  - DIRECT - IDCW,Aditya Birla Sun Life Mutual Fund,Open Ended Schemes,Debt Scheme - Banking and PSU Fund,2019-01-22,150.5028,2026-06-23T05:29:58.847318+00:00,https://api.mfapi.in/mf/119551
119551,SBI Bluechip,119551,Aditya Birla Sun Life Banking & PSU Debt Fund  - DIRECT - IDCW,Aditya Birla Sun Life Mutual Fund,Open Ended Schemes,Debt Scheme - Banking and PSU Fund,2019-01-21,150.3954,2026-06-23T05:29:58.847318+00:00,https://api.mfapi.in/mf/119551
119551,SBI Bluechip,119551,Aditya Birla Sun Life Banking & PSU Debt Fund  - DIRECT - IDCW,Aditya Birla Sun Life Mutual Fund,Open Ended Schemes,Debt Scheme - Banking and PSU Fund,2019-01-18,150.4759,2026-06-23T05:29:58.847318+00:00,https://api.mfapi.in/mf/119551
119551,SBI Bluechip,119551,Aditya Birla Sun Life Banking & PSU Debt Fund  - DIRECT - IDCW,Aditya Birla Sun Life Mutual Fund,Open Ended Schemes,Debt Scheme - Banking and PSU Fund,2019-01-17,150.4768,2026-06-23T05:29:58.847318+00:00,https://api.mfapi.in/mf/119551
119551,SBI Bluechip,119551,Aditya Birla Sun Life Banking & PSU Debt Fund  - DIRECT - IDCW,Aditya Birla Sun Life Mutual Fund,Open Ended Schemes,Debt Scheme - Banking and PSU Fund,2019-01-16,150.4555,2026-06-23T05:29:58.847318+00:00,https://api.mfapi.in/mf/119551
119551,SBI Bluechip,119551,Aditya Birla Sun Life Banking & PSU Debt Fund  - DIRECT - IDCW,Aditya Birla Sun Life Mutual Fund,Open Ended Schemes,Debt Scheme - Banking and PSU Fund,2019-01-15,150.4854,2026-06-23T05:29:58.847318+00:00,https://api.mfapi.in/mf/119551
119551,SBI Bluechip,119551,Aditya Birla Sun Life Banking & PSU Debt Fund  - DIRECT - IDCW,Aditya Birla Sun Life Mutual Fund,Open Ended Schemes,Debt Scheme - Banking and PSU Fund,2019-01-14,150.456,2026-06-23T05:29:58.847318+00:00,https://api.mfapi.in/mf/119551
119551,SBI Bluechip,119551,Aditya Birla Sun Life Banking & PSU Debt Fund  - DIRECT - IDCW,Aditya Birla Sun Life Mutual Fund,Open Ended Schemes,Debt Scheme - Banking and PSU Fund,2019-01-11,150.2791,2026-06-23T05:29:58.847318+00:00,https://api.mfapi.in/mf/119551
119551,SBI Bluechip,119551,Aditya Birla Sun Life Banking & PSU Debt Fund  - DIRECT - IDCW,Aditya Birla Sun Life Mutual Fund,Open Ended Schemes,Debt Scheme - Banking and PSU Fund,2019-01-10,150.1803,2026-06-23T05:29:58.847318+00:00,https://api.mfapi.in/mf/119551
119551,SBI Bluechip,119551,Aditya Birla Sun Life Banking & PSU Debt Fund  - DIRECT - IDCW,Aditya Birla Sun Life Mutual Fund,Open Ended Schemes,Debt Scheme - Banking and PSU Fund,2019-01-09,150.1373,2026-06-23T05:29:58.847318+00:00,https://api.mfapi.in/mf/119551
119551,SBI Bluechip,119551,Aditya Birla Sun Life Banking & PSU Debt Fund  - DIRECT - IDCW,Aditya Birla Sun Life Mutual Fund,Open Ended Schemes,Debt Scheme - Banking and PSU Fund,2019-01-08,150.0955,2026-06-23T05:29:58.847318+00:00,https://api.mfapi.in/mf/119551
119551,SBI Bluechip,119551,Aditya Birla Sun Life Banking & PSU Debt Fund  - DIRECT - IDCW,Aditya Birla Sun Life Mutual Fund,Open Ended Schemes,Debt Scheme - Banking and PSU Fund,2019-01-07,149.9279,2026-06-23T05:29:58.847318+00:00,https://api.mfapi.in/mf/119551
119551,SBI Bluechip,119551,Aditya Birla Sun Life Banking & PSU Debt Fund  - DIRECT - IDCW,Aditya Birla Sun Life Mutual Fund,Open Ended Schemes,Debt Scheme - Banking and PSU Fund,2019-01-04,149.8954,2026-06-23T05:29:58.847318+00:00,https://api.mfapi.in/mf/119551
119551,SBI Bluechip,119551,Aditya Birla Sun Life Banking & PSU Debt Fund  - DIRECT - IDCW,Aditya Birla Sun Life Mutual Fund,Open Ended Schemes,Debt Scheme - Banking and PSU Fund,2019-01-03,149.8859,2026-06-23T05:29:58.847318+00:00,https://api.mfapi.in/mf/119551
119551,SBI Bluechip,119551,Aditya Birla Sun Life Banking & PSU Debt Fund  - DIRECT - IDCW,Aditya Birla Sun Life Mutual Fund,Open Ended Schemes,Debt Scheme - Banking and PSU Fund,2019-01-02,149.9431,2026-06-23T05:29:58.847318+00:00,https://api.mfapi.in/mf/119551
119551,SBI Bluechip,119551,Aditya Birla Sun Life Banking & PSU Debt Fund  - DIRECT - IDCW,Aditya Birla Sun Life Mutual Fund,Open Ended Schemes,Debt Scheme - Banking and PSU Fund,2019-01-01,149.8452,2026-06-23T05:29:58.847318+00:00,https://api.mfapi.in/mf/119551
119551,SBI Bluechip,119551,Aditya Birla Sun Life Banking & PSU Debt Fund  - DIRECT - IDCW,Aditya Birla Sun Life Mutual Fund,Open Ended Schemes,Debt Scheme - Banking and PSU Fund,2018-12-31,149.9206,2026-06-23T05:29:58.847318+00:00,https://api.mfapi.in/mf/119551
119551,SBI Bluechip,119551,Aditya Birla Sun Life Banking & PSU Debt Fund  - DIRECT - IDCW,Aditya Birla Sun Life Mutual Fund,Open Ended Schemes,Debt Scheme - Banking and PSU Fund,2018-12-28,149.7844,2026-06-23T05:29:58.847318+00:00,https://api.mfapi.in/mf/119551
119551,SBI Bluechip,119551,Aditya Birla Sun Life Banking & PSU Debt Fund  - DIRECT - IDCW,Aditya Birla Sun Life Mutual Fund,Open Ended Schemes,Debt Scheme - Banking and PSU Fund,2018-12-27,149.9247,2026-06-23T05:29:58.847318+00:00,https://api.mfapi.in/mf/119551
119551,SBI Bluechip,119551,Aditya Birla Sun Life Banking & PSU Debt Fund  - DIRECT - IDCW,Aditya Birla Sun Life Mutual Fund,Open Ended Schemes,Debt Scheme - Banking and PSU Fund,2018-12-26,149.8596,2026-06-23T05:29:58.847318+00:00,https://api.mfapi.in/mf/119551
119551,SBI Bluechip,119551,Aditya Birla Sun Life Banking & PSU Debt Fund  - DIRECT - IDCW,Aditya Birla Sun Life Mutual Fund,Open Ended Schemes,Debt Scheme - Banking and PSU Fund,2018-12-24,149.6544,2026-06-23T05:29:58.847318+00:00,https://api.mfapi.in/mf/119551
119551,SBI Bluechip,119551,Aditya Birla Sun Life Banking & PSU Debt Fund  - DIRECT - IDCW,Aditya Birla Sun Life Mutual Fund,Open Ended Schemes,Debt Scheme - Banking and PSU Fund,2018-12-21,149.563,2026-06-23T05:29:58.847318+00:00,https://api.mfapi.in/mf/119551
119551,SBI Bluechip,119551,Aditya Birla Sun Life Banking & PSU Debt Fund  - DIRECT - IDCW,Aditya Birla Sun Life Mutual Fund,Open Ended Schemes,Debt Scheme - Banking and PSU Fund,2018-12-20,149.5464,2026-06-23T05:29:58.847318+00:00,https://api.mfapi.in/mf/119551
119551,SBI Bluechip,119551,Aditya Birla Sun Life Banking & PSU Debt Fund  - DIRECT - IDCW,Aditya Birla Sun Life Mutual Fund,Open Ended Schemes,Debt Scheme - Banking and PSU Fund,2018-12-19,149.5278,2026-06-23T05:29:58.847318+00:00,https://api.mfapi.in/mf/119551
119551,SBI Bluechip,119551,Aditya Birla Sun Life Banking & PSU Debt Fund  - DIRECT - IDCW,Aditya Birla Sun Life Mutual Fund,Open Ended Schemes,Debt Scheme - Banking and PSU Fund,2018-12-18,149.195,2026-06-23T05:29:58.847318+00:00,https://api.mfapi.in/mf/119551
119551,SBI Bluechip,119551,Aditya Birla Sun Life Banking & PSU Debt Fund  - DIRECT - IDCW,Aditya Birla Sun Life Mutual Fund,Open Ended Schemes,Debt Scheme - Banking and PSU Fund,2018-12-17,149.0283,2026-06-23T05:29:58.847318+00:00,https://api.mfapi.in/mf/119551
119551,SBI Bluechip,119551,Aditya Birla Sun Life Banking & PSU Debt Fund  - DIRECT - IDCW,Aditya Birla Sun Life Mutual Fund,Open Ended Schemes,Debt Scheme - Banking and PSU Fund,2018-12-14,148.9564,2026-06-23T05:29:58.847318+00:00,https://api.mfapi.in/mf/119551
119551,SBI Bluechip,119551,Aditya Birla Sun Life Banking & PSU Debt Fund  - DIRECT - IDCW,Aditya Birla Sun Life Mutual Fund,Open Ended Schemes,Debt Scheme - Banking and PSU Fund,2018-12-13,149.0154,2026-06-23T05:29:58.847318+00:00,https://api.mfapi.in/mf/119551
119551,SBI Bluechip,119551,Aditya Birla Sun Life Banking & PSU Debt Fund  - DIRECT - IDCW,Aditya Birla Sun Life Mutual Fund,Open Ended Schemes,Debt Scheme - Banking and PSU Fund,2018-12-12,149.0278,2026-06-23T05:29:58.847318+00:00,https://api.mfapi.in/mf/119551
119551,SBI Bluechip,119551,Aditya Birla Sun Life Banking & PSU Debt Fund  - DIRECT - IDCW,Aditya Birla Sun Life Mutual Fund,Open Ended Schemes,Debt Scheme - Banking and PSU Fund,2018-12-11,148.8009,2026-06-23T05:29:58.847318+00:00,https://api.mfapi.in/mf/119551
119551,SBI Bluechip,119551,Aditya Birla Sun Life Banking & PSU Debt Fund  - DIRECT - IDCW,Aditya Birla Sun Life Mutual Fund,Open Ended Schemes,Debt Scheme - Banking and PSU Fund,2018-12-10,148.7642,2026-06-23T05:29:58.847318+00:00,https://api.mfapi.in/mf/119551
119551,SBI Bluechip,119551,Aditya Birla Sun Life Banking & PSU Debt Fund  - DIRECT - IDCW,Aditya Birla Sun Life Mutual Fund,Open Ended Schemes,Debt Scheme - Banking and PSU Fund,2018-12-07,149.0015,2026-06-23T05:29:58.847318+00:00,https://api.mfapi.in/mf/119551
119551,SBI Bluechip,119551,Aditya Birla Sun Life Banking & PSU Debt Fund  - DIRECT - IDCW,Aditya Birla Sun Life Mutual Fund,Open Ended Schemes,Debt Scheme - Banking and PSU Fund,2018-12-06,149.0535,2026-06-23T05:29:58.847318+00:00,https://api.mfapi.in/mf/119551
119551,SBI Bluechip,119551,Aditya Birla Sun Life Banking & PSU Debt Fund  - DIRECT - IDCW,Aditya Birla Sun Life Mutual Fund,Open Ended Schemes,Debt Scheme - Banking and PSU Fund,2018-12-05,148.846,2026-06-23T05:29:58.847318+00:00,https://api.mfapi.in/mf/119551
119551,SBI Bluechip,119551,Aditya Birla Sun Life Banking & PSU Debt Fund  - DIRECT - IDCW,Aditya Birla Sun Life Mutual Fund,Open Ended Schemes,Debt Scheme - Banking and PSU Fund,2018-12-04,148.5429,2026-06-23T05:29:58.847318+00:00,https://api.mfapi.in/mf/119551
119551,SBI Bluechip,119551,Aditya Birla Sun Life Banking & PSU Debt Fund  - DIRECT - IDCW,Aditya Birla Sun Life Mutual Fund,Open Ended Schemes,Debt Scheme - Banking and PSU Fund,2018-12-03,148.4128,2026-06-23T05:29:58.847318+00:00,https://api.mfapi.in/mf/119551
119551,SBI Bluechip,119551,Aditya Birla Sun Life Banking & PSU Debt Fund  - DIRECT - IDCW,Aditya Birla Sun Life Mutual Fund,Open Ended Schemes,Debt Scheme - Banking and PSU Fund,2018-11-30,148.3579,2026-06-23T05:29:58.847318+00:00,https://api.mfapi.in/mf/119551
119551,SBI Bluechip,119551,Aditya Birla Sun Life Banking & PSU Debt Fund  - DIRECT - IDCW,Aditya Birla Sun Life Mutual Fund,Open Ended Schemes,Debt Scheme - Banking and PSU Fund,2018-11-29,148.2735,2026-06-23T05:29:58.847318+00:00,https://api.mfapi.in/mf/119551
119551,SBI Bluechip,119551,Aditya Birla Sun Life Banking & PSU Debt Fund  - DIRECT - IDCW,Aditya Birla Sun Life Mutual Fund,Open Ended Schemes,Debt Scheme - Banking and PSU Fund,2018-11-28,148.1433,2026-06-23T05:29:58.847318+00:00,https://api.mfapi.in/mf/119551
119551,SBI Bluechip,119551,Aditya Birla Sun Life Banking & PSU Debt Fund  - DIRECT - IDCW,Aditya Birla Sun Life Mutual Fund,Open Ended Schemes,Debt Scheme - Banking and PSU Fund,2018-11-27,147.9633,2026-06-23T05:29:58.847318+00:00,https://api.mfapi.in/mf/119551
119551,SBI Bluechip,119551,Aditya Birla Sun Life Banking & PSU Debt Fund  - DIRECT - IDCW,Aditya Birla Sun Life Mutual Fund,Open Ended Schemes,Debt Scheme - Banking and PSU Fund,2018-11-26,147.9388,2026-06-23T05:29:58.847318+00:00,https://api.mfapi.in/mf/119551
119551,SBI Bluechip,119551,Aditya Birla Sun Life Banking & PSU Debt Fund  - DIRECT - IDCW,Aditya Birla Sun Life Mutual Fund,Open Ended Schemes,Debt Scheme - Banking and PSU Fund,2018-11-22,147.8603,2026-06-23T05:29:58.847318+00:00,https://api.mfapi.in/mf/119551
119551,SBI Bluechip,119551,Aditya Birla Sun Life Banking & PSU Debt Fund  - DIRECT - IDCW,Aditya Birla Sun Life Mutual Fund,Open Ended Schemes,Debt Scheme - Banking and PSU Fund,2018-11-20,147.635,2026-06-23T05:29:58.847318+00:00,https://api.mfapi.in/mf/119551
119551,SBI Bluechip,119551,Aditya Birla Sun Life Banking & PSU Debt Fund  - DIRECT - IDCW,Aditya Birla Sun Life Mutual Fund,Open Ended Schemes,Debt Scheme - Banking and PSU Fund,2018-11-19,147.5923,2026-06-23T05:29:58.847318+00:00,https://api.mfapi.in/mf/119551
119551,SBI Bluechip,119551,Aditya Birla Sun Life Banking & PSU Debt Fund  - DIRECT - IDCW,Aditya Birla Sun Life Mutual Fund,Open Ended Schemes,Debt Scheme - Banking and PSU Fund,2018-11-16,147.4611,2026-06-23T05:29:58.847318+00:00,https://api.mfapi.in/mf/119551
119551,SBI Bluechip,119551,Aditya Birla Sun Life Banking & PSU Debt Fund  - DIRECT - IDCW,Aditya Birla Sun Life Mutual Fund,Open Ended Schemes,Debt Scheme - Banking and PSU Fund,2018-11-15,147.5302,2026-06-23T05:29:58.847318+00:00,https://api.mfapi.in/mf/119551
119551,SBI Bluechip,119551,Aditya Birla Sun Life Banking & PSU Debt Fund  - DIRECT - IDCW,Aditya Birla Sun Life Mutual Fund,Open Ended Schemes,Debt Scheme - Banking and PSU Fund,2018-11-14,147.492,2026-06-23T05:29:58.847318+00:00,https://api.mfapi.in/mf/119551
119551,SBI Bluechip,119551,Aditya Birla Sun Life Banking & PSU Debt Fund  - DIRECT - IDCW,Aditya Birla Sun Life Mutual Fund,Open Ended Schemes,Debt Scheme - Banking and PSU Fund,2018-11-13,147.3771,2026-06-23T05:29:58.847318+00:00,https://api.mfapi.in/mf/119551
119551,SBI Bluechip,119551,Aditya Birla Sun Life Banking & PSU Debt Fund  - DIRECT - IDCW,Aditya Birla Sun Life Mutual Fund,Open Ended Schemes,Debt Scheme - Banking and PSU Fund,2018-11-12,147.2561,2026-06-23T05:29:58.847318+00:00,https://api.mfapi.in/mf/119551
119551,SBI Bluechip,119551,Aditya Birla Sun Life Banking & PSU Debt Fund  - DIRECT - IDCW,Aditya Birla Sun Life Mutual Fund,Open Ended Schemes,Debt Scheme - Banking and PSU Fund,2018-11-09,147.2208,2026-06-23T05:29:58.847318+00:00,https://api.mfapi.in/mf/119551
119551,SBI Bluechip,119551,Aditya Birla Sun Life Banking & PSU Debt Fund  - DIRECT - IDCW,Aditya Birla Sun Life Mutual Fund,Open Ended Schemes,Debt Scheme - Banking and PSU Fund,2018-11-06,147.0712,2026-06-23T05:29:58.847318+00:00,https://api.mfapi.in/mf/119551
119551,SBI Bluechip,119551,Aditya Birla Sun Life Banking & PSU Debt Fund  - DIRECT - IDCW,Aditya Birla Sun Life Mutual Fund,Open Ended Schemes,Debt Scheme - Banking and PSU Fund,2018-11-05,147.0216,2026-06-23T05:29:58.847318+00:00,https://api.mfapi.in/mf/119551
119551,SBI Bluechip,119551,Aditya Birla Sun Life Banking & PSU Debt Fund  - DIRECT - IDCW,Aditya Birla Sun Life Mutual Fund,Open Ended Schemes,Debt Scheme - Banking and PSU Fund,2018-11-02,146.9597,2026-06-23T05:29:58.847318+00:00,https://api.mfapi.in/mf/119551
119551,SBI Bluechip,119551,Aditya Birla Sun Life Banking & PSU Debt Fund  - DIRECT - IDCW,Aditya Birla Sun Life Mutual Fund,Open Ended Schemes,Debt Scheme - Banking and PSU Fund,2018-11-01,146.8128,2026-06-23T05:29:58.847318+00:00,https://api.mfapi.in/mf/119551
119551,SBI Bluechip,119551,Aditya Birla Sun Life Banking & PSU Debt Fund  - DIRECT - IDCW,Aditya Birla Sun Life Mutual Fund,Open Ended Schemes,Debt Scheme - Banking and PSU Fund,2018-10-31,146.7339,2026-06-23T05:29:58.847318+00:00,https://api.mfapi.in/mf/119551
119551,SBI Bluechip,119551,Aditya Birla Sun Life Banking & PSU Debt Fund  - DIRECT - IDCW,Aditya Birla Sun Life Mutual Fund,Open Ended Schemes,Debt Scheme - Banking and PSU Fund,2018-10-30,146.7452,2026-06-23T05:29:58.847318+00:00,https://api.mfapi.in/mf/119551
119551,SBI Bluechip,119551,Aditya Birla Sun Life Banking & PSU Debt Fund  - DIRECT - IDCW,Aditya Birla Sun Life Mutual Fund,Open Ended Schemes,Debt Scheme - Banking and PSU Fund,2018-10-29,146.7445,2026-06-23T05:29:58.847318+00:00,https://api.mfapi.in/mf/119551
119551,SBI Bluechip,119551,Aditya Birla Sun Life Banking & PSU Debt Fund  - DIRECT - IDCW,Aditya Birla Sun Life Mutual Fund,Open Ended Schemes,Debt Scheme - Banking and PSU Fund,2018-10-26,146.59,2026-06-23T05:29:58.847318+00:00,https://api.mfapi.in/mf/119551
119551,SBI Bluechip,119551,Aditya Birla Sun Life Banking & PSU Debt Fund  - DIRECT - IDCW,Aditya Birla Sun Life Mutual Fund,Open Ended Schemes,Debt Scheme - Banking and PSU Fund,2018-10-25,146.6004,2026-06-23T05:29:58.847318+00:00,https://api.mfapi.in/mf/119551
119551,SBI Bluechip,119551,Aditya Birla Sun Life Banking & PSU Debt Fund  - DIRECT - IDCW,Aditya Birla Sun Life Mutual Fund,Open Ended Schemes,Debt Scheme - Banking and PSU Fund,2018-10-24,146.6004,2026-06-23T05:29:58.847318+00:00,https://api.mfapi.in/mf/119551
119551,SBI Bluechip,119551,Aditya Birla Sun Life Banking & PSU Debt Fund  - DIRECT - IDCW,Aditya Birla Sun Life Mutual Fund,Open Ended Schemes,Debt Scheme - Banking and PSU Fund,2018-10-23,146.5481,2026-06-23T05:29:58.847318+00:00,https://api.mfapi.in/mf/119551
119551,SBI Bluechip,119551,Aditya Birla Sun Life Banking & PSU Debt Fund  - DIRECT - IDCW,Aditya Birla Sun Life Mutual Fund,Open Ended Schemes,Debt Scheme - Banking and PSU Fund,2018-10-22,146.5009,2026-06-23T05:29:58.847318+00:00,https://api.mfapi.in/mf/119551
119551,SBI Bluechip,119551,Aditya Birla Sun Life Banking & PSU Debt Fund  - DIRECT - IDCW,Aditya Birla Sun Life Mutual Fund,Open Ended Schemes,Debt Scheme - Banking and PSU Fund,2018-10-19,146.4328,2026-06-23T05:29:58.847318+00:00,https://api.mfapi.in/mf/119551
119551,SBI Bluechip,119551,Aditya Birla Sun Life Banking & PSU Debt Fund  - DIRECT - IDCW,Aditya Birla Sun Life Mutual Fund,Open Ended Schemes,Debt Scheme - Banking and PSU Fund,2018-10-17,146.3738,2026-06-23T05:29:58.847318+00:00,https://api.mfapi.in/mf/119551
119551,SBI Bluechip,119551,Aditya Birla Sun Life Banking & PSU Debt Fund  - DIRECT - IDCW,Aditya Birla Sun Life Mutual Fund,Open Ended Schemes,Debt Scheme - Banking and PSU Fund,2018-10-16,146.3846,2026-06-23T05:29:58.847318+00:00,https://api.mfapi.in/mf/119551
119551,SBI Bluechip,119551,Aditya Birla Sun Life Banking & PSU Debt Fund  - DIRECT - IDCW,Aditya Birla Sun Life Mutual Fund,Open Ended Schemes,Debt Scheme - Banking and PSU Fund,2018-10-15,146.2801,2026-06-23T05:29:58.847318+00:00,https://api.mfapi.in/mf/119551
119551,SBI Bluechip,119551,Aditya Birla Sun Life Banking & PSU Debt Fund  - DIRECT - IDCW,Aditya Birla Sun Life Mutual Fund,Open Ended Schemes,Debt Scheme - Banking and PSU Fund,2018-10-12,146.0817,2026-06-23T05:29:58.847318+00:00,https://api.mfapi.in/mf/119551
119551,SBI Bluechip,119551,Aditya Birla Sun Life Banking & PSU Debt Fund  - DIRECT - IDCW,Aditya Birla Sun Life Mutual Fund,Open Ended Schemes,Debt Scheme - Banking and PSU Fund,2018-10-11,146.0455,2026-06-23T05:29:58.847318+00:00,https://api.mfapi.in/mf/119551
119551,SBI Bluechip,119551,Aditya Birla Sun Life Banking & PSU Debt Fund  - DIRECT - IDCW,Aditya Birla Sun Life Mutual Fund,Open Ended Schemes,Debt Scheme - Banking and PSU Fund,2018-10-10,145.9908,2026-06-23T05:29:58.847318+00:00,https://api.mfapi.in/mf/119551
119551,SBI Bluechip,119551,Aditya Birla Sun Life Banking & PSU Debt Fund  - DIRECT - IDCW,Aditya Birla Sun Life Mutual Fund,Open Ended Schemes,Debt Scheme - Banking and PSU Fund,2018-10-09,145.9393,2026-06-23T05:29:58.847318+00:00,https://api.mfapi.in/mf/119551
119551,SBI Bluechip,119551,Aditya Birla Sun Life Banking & PSU Debt Fund  - DIRECT - IDCW,Aditya Birla Sun Life Mutual Fund,Open Ended Schemes,Debt Scheme - Banking and PSU Fund,2018-10-08,146.0791,2026-06-23T05:29:58.847318+00:00,https://api.mfapi.in/mf/119551
119551,SBI Bluechip,119551,Aditya Birla Sun Life Banking & PSU Debt Fund  - DIRECT - IDCW,Aditya Birla Sun Life Mutual Fund,Open Ended Schemes,Debt Scheme - Banking and PSU Fund,2018-10-05,145.947,2026-06-23T05:29:58.847318+00:00,https://api.mfapi.in/mf/119551
119551,SBI Bluechip,119551,Aditya Birla Sun Life Banking & PSU Debt Fund  - DIRECT - IDCW,Aditya Birla Sun Life Mutual Fund,Open Ended Schemes,Debt Scheme - Banking and PSU Fund,2018-10-04,145.5923,2026-06-23T05:29:58.847318+00:00,https://api.mfapi.in/mf/119551
119551,SBI Bluechip,119551,Aditya Birla Sun Life Banking & PSU Debt Fund  - DIRECT - IDCW,Aditya Birla Sun Life Mutual Fund,Open Ended Schemes,Debt Scheme - Banking and PSU Fund,2018-10-03,145.7273,2026-06-23T05:29:58.847318+00:00,https://api.mfapi.in/mf/119551
119551,SBI Bluechip,119551,Aditya Birla Sun Life Banking & PSU Debt Fund  - DIRECT - IDCW,Aditya Birla Sun Life Mutual Fund,Open Ended Schemes,Debt Scheme - Banking and PSU Fund,2018-10-01,145.82,2026-06-23T05:29:58.847318+00:00,https://api.mfapi.in/mf/119551
119551,SBI Bluechip,119551,Aditya Birla Sun Life Banking & PSU Debt Fund  - DIRECT - IDCW,Aditya Birla Sun Life Mutual Fund,Open Ended Schemes,Debt Scheme - Banking and PSU Fund,2018-09-28,145.6347,2026-06-23T05:29:58.847318+00:00,https://api.mfapi.in/mf/119551
119551,SBI Bluechip,119551,Aditya Birla Sun Life Banking & PSU Debt Fund  - DIRECT - IDCW,Aditya Birla Sun Life Mutual Fund,Open Ended Schemes,Debt Scheme - Banking and PSU Fund,2018-09-27,145.5014,2026-06-23T05:29:58.847318+00:00,https://api.mfapi.in/mf/119551
119551,SBI Bluechip,119551,Aditya Birla Sun Life Banking & PSU Debt Fund  - DIRECT - IDCW,Aditya Birla Sun Life Mutual Fund,Open Ended Schemes,Debt Scheme - Banking and PSU Fund,2018-09-26,145.1397,2026-06-23T05:29:58.847318+00:00,https://api.mfapi.in/mf/119551
119551,SBI Bluechip,119551,Aditya Birla Sun Life Banking & PSU Debt Fund  - DIRECT - IDCW,Aditya Birla Sun Life Mutual Fund,Open Ended Schemes,Debt Scheme - Banking and PSU Fund,2018-09-25,145.0404,2026-06-23T05:29:58.847318+00:00,https://api.mfapi.in/mf/119551
119551,SBI Bluechip,119551,Aditya Birla Sun Life Banking & PSU Debt Fund  - DIRECT - IDCW,Aditya Birla Sun Life Mutual Fund,Open Ended Schemes,Debt Scheme - Banking and PSU Fund,2018-09-24,145.129,2026-06-23T05:29:58.847318+00:00,https://api.mfapi.in/mf/119551
119551,SBI Bluechip,119551,Aditya Birla Sun Life Banking & PSU Debt Fund  - DIRECT - IDCW,Aditya Birla Sun Life Mutual Fund,Open Ended Schemes,Debt Scheme - Banking and PSU Fund,2018-09-21,145.2703,2026-06-23T05:29:58.847318+00:00,https://api.mfapi.in/mf/119551
119551,SBI Bluechip,119551,Aditya Birla Sun Life Banking & PSU Debt Fund  - DIRECT - IDCW,Aditya Birla Sun Life Mutual Fund,Open Ended Schemes,Debt Scheme - Banking and PSU Fund,2018-09-19,145.2511,2026-06-23T05:29:58.847318+00:00,https://api.mfapi.in/mf/119551
119551,SBI Bluechip,119551,Aditya Birla Sun Life Banking & PSU Debt Fund  - DIRECT - IDCW,Aditya Birla Sun Life Mutual Fund,Open Ended Schemes,Debt Scheme - Banking and PSU Fund,2018-09-18,145.1769,2026-06-23T05:29:58.847318+00:00,https://api.mfapi.in/mf/119551
119551,SBI Bluechip,119551,Aditya Birla Sun Life Banking & PSU Debt Fund  - DIRECT - IDCW,Aditya Birla Sun Life Mutual Fund,Open Ended Schemes,Debt Scheme - Banking and PSU Fund,2018-09-17,145.1591,2026-06-23T05:29:58.847318+00:00,https://api.mfapi.in/mf/119551
119551,SBI Bluechip,119551,Aditya Birla Sun Life Banking & PSU Debt Fund  - DIRECT - IDCW,Aditya Birla Sun Life Mutual Fund,Open Ended Schemes,Debt Scheme - Banking and PSU Fund,2018-09-14,145.0718,2026-06-23T05:29:58.847318+00:00,https://api.mfapi.in/mf/119551
119551,SBI Bluechip,119551,Aditya Birla Sun Life Banking & PSU Debt Fund  - DIRECT - IDCW,Aditya Birla Sun Life Mutual Fund,Open Ended Schemes,Debt Scheme - Banking and PSU Fund,2018-09-12,144.9921,2026-06-23T05:29:58.847318+00:00,https://api.mfapi.in/mf/119551
119551,SBI Bluechip,119551,Aditya Birla Sun Life Banking & PSU Debt Fund  - DIRECT - IDCW,Aditya Birla Sun Life Mutual Fund,Open Ended Schemes,Debt Scheme - Banking and PSU Fund,2018-09-11,144.9724,2026-06-23T05:29:58.847318+00:00,https://api.mfapi.in/mf/119551
119551,SBI Bluechip,119551,Aditya Birla Sun Life Banking & PSU Debt Fund  - DIRECT - IDCW,Aditya Birla Sun Life Mutual Fund,Open Ended Schemes,Debt Scheme - Banking and PSU Fund,2018-09-10,145.0029,2026-06-23T05:29:58.847318+00:00,https://api.mfapi.in/mf/119551
119551,SBI Bluechip,119551,Aditya Birla Sun Life Banking & PSU Debt Fund  - DIRECT - IDCW,Aditya Birla Sun Life Mutual Fund,Open Ended Schemes,Debt Scheme - Banking and PSU Fund,2018-09-07,145.1503,2026-06-23T05:29:58.847318+00:00,https://api.mfapi.in/mf/119551
119551,SBI Bluechip,119551,Aditya Birla Sun Life Banking & PSU Debt Fund  - DIRECT - IDCW,Aditya Birla Sun Life Mutual Fund,Open Ended Schemes,Debt Scheme - Banking and PSU Fund,2018-09-06,145.0798,2026-06-23T05:29:58.847318+00:00,https://api.mfapi.in/mf/119551
119551,SBI Bluechip,119551,Aditya Birla Sun Life Banking & PSU Debt Fund  - DIRECT - IDCW,Aditya Birla Sun Life Mutual Fund,Open Ended Schemes,Debt Scheme - Banking and PSU Fund,2018-09-05,145.064,2026-06-23T05:29:58.847318+00:00,https://api.mfapi.in/mf/119551
119551,SBI Bluechip,119551,Aditya Birla Sun Life Banking & PSU Debt Fund  - DIRECT - IDCW,Aditya Birla Sun Life Mutual Fund,Open Ended Schemes,Debt Scheme - Banking and PSU Fund,2018-09-04,145.091,2026-06-23T05:29:58.847318+00:00,https://api.mfapi.in/mf/119551
119551,SBI Bluechip,119551,Aditya Birla Sun Life Banking & PSU Debt Fund  - DIRECT - IDCW,Aditya Birla Sun Life Mutual Fund,Open Ended Schemes,Debt Scheme - Banking and PSU Fund,2018-09-03,145.1981,2026-06-23T05:29:58.847318+00:00,https://api.mfapi.in/mf/119551
119551,SBI Bluechip,119551,Aditya Birla Sun Life Banking & PSU Debt Fund  - DIRECT - IDCW,Aditya Birla Sun Life Mutual Fund,Open Ended Schemes,Debt Scheme - Banking and PSU Fund,2018-08-31,145.157,2026-06-23T05:29:58.847318+00:00,https://api.mfapi.in/mf/119551
119551,SBI Bluechip,119551,Aditya Birla Sun Life Banking & PSU Debt Fund  - DIRECT - IDCW,Aditya Birla Sun Life Mutual Fund,Open Ended Schemes,Debt Scheme - Banking and PSU Fund,2018-08-30,145.153,2026-06-23T05:29:58.847318+00:00,https://api.mfapi.in/mf/119551
119551,SBI Bluechip,119551,Aditya Birla Sun Life Banking & PSU Debt Fund  - DIRECT - IDCW,Aditya Birla Sun Life Mutual Fund,Open Ended Schemes,Debt Scheme - Banking and PSU Fund,2018-08-29,145.1777,2026-06-23T05:29:58.847318+00:00,https://api.mfapi.in/mf/119551
119551,SBI Bluechip,119551,Aditya Birla Sun Life Banking & PSU Debt Fund  - DIRECT - IDCW,Aditya Birla Sun Life Mutual Fund,Open Ended Schemes,Debt Scheme - Banking and PSU Fund,2018-08-28,145.1743,2026-06-23T05:29:58.847318+00:00,https://api.mfapi.in/mf/119551
119551,SBI Bluechip,119551,Aditya Birla Sun Life Banking & PSU Debt Fund  - DIRECT - IDCW,Aditya Birla Sun Life Mutual Fund,Open Ended Schemes,Debt Scheme - Banking and PSU Fund,2018-08-27,145.1487,2026-06-23T05:29:58.847318+00:00,https://api.mfapi.in/mf/119551
119551,SBI Bluechip,119551,Aditya Birla Sun Life Banking & PSU Debt Fund  - DIRECT - IDCW,Aditya Birla Sun Life Mutual Fund,Open Ended Schemes,Debt Scheme - Banking and PSU Fund,2018-08-24,145.0713,2026-06-23T05:29:58.847318+00:00,https://api.mfapi.in/mf/119551
119551,SBI Bluechip,119551,Aditya Birla Sun Life Banking & PSU Debt Fund  - DIRECT - IDCW,Aditya Birla Sun Life Mutual Fund,Open Ended Schemes,Debt Scheme - Banking and PSU Fund,2018-08-23,145.063,2026-06-23T05:29:58.847318+00:00,https://api.mfapi.in/mf/119551
119551,SBI Bluechip,119551,Aditya Birla Sun Life Banking & PSU Debt Fund  - DIRECT - IDCW,Aditya Birla Sun Life Mutual Fund,Open Ended Schemes,Debt Scheme - Banking and PSU Fund,2018-08-21,145.0737,2026-06-23T05:29:58.847318+00:00,https://api.mfapi.in/mf/119551
119551,SBI Bluechip,119551,Aditya Birla Sun Life Banking & PSU Debt Fund  - DIRECT - IDCW,Aditya Birla Sun Life Mutual Fund,Open Ended Schemes,Debt Scheme - Banking and PSU Fund,2018-08-20,145.0363,2026-06-23T05:29:58.847318+00:00,https://api.mfapi.in/mf/119551
119551,SBI Bluechip,119551,Aditya Birla Sun Life Banking & PSU Debt Fund  - DIRECT - IDCW,Aditya Birla Sun Life Mutual Fund,Open Ended Schemes,Debt Scheme - Banking and PSU Fund,2018-08-16,144.8889,2026-06-23T05:29:58.847318+00:00,https://api.mfapi.in/mf/119551
119551,SBI Bluechip,119551,Aditya Birla Sun Life Banking & PSU Debt Fund  - DIRECT - IDCW,Aditya Birla Sun Life Mutual Fund,Open Ended Schemes,Debt Scheme - Banking and PSU Fund,2018-08-14,144.8983,2026-06-23T05:29:58.847318+00:00,https://api.mfapi.in/mf/119551
119551,SBI Bluechip,119551,Aditya Birla Sun Life Banking & PSU Debt Fund  - DIRECT - IDCW,Aditya Birla Sun Life Mutual Fund,Open Ended Schemes,Debt Scheme - Banking and PSU Fund,2018-08-13,144.8638,2026-06-23T05:29:58.847318+00:00,https://api.mfapi.in/mf/119551
119551,SBI Bluechip,119551,Aditya Birla Sun Life Banking & PSU Debt Fund  - DIRECT - IDCW,Aditya Birla Sun Life Mutual Fund,Open Ended Schemes,Debt Scheme - Banking and PSU Fund,2018-08-10,144.8834,2026-06-23T05:29:58.847318+00:00,https://api.mfapi.in/mf/119551
119551,SBI Bluechip,119551,Aditya Birla Sun Life Banking & PSU Debt Fund  - DIRECT - IDCW,Aditya Birla Sun Life Mutual Fund,Open Ended Schemes,Debt Scheme - Banking and PSU Fund,2018-08-09,144.8547,2026-06-23T05:29:58.847318+00:00,https://api.mfapi.in/mf/119551
119551,SBI Bluechip,119551,Aditya Birla Sun Life Banking & PSU Debt Fund  - DIRECT - IDCW,Aditya Birla Sun Life Mutual Fund,Open Ended Schemes,Debt Scheme - Banking and PSU Fund,2018-08-08,144.7751,2026-06-23T05:29:58.847318+00:00,https://api.mfapi.in/mf/119551
119551,SBI Bluechip,119551,Aditya Birla Sun Life Banking & PSU Debt Fund  - DIRECT - IDCW,Aditya Birla Sun Life Mutual Fund,Open Ended Schemes,Debt Scheme - Banking and PSU Fund,2018-08-07,144.736,2026-06-23T05:29:58.847318+00:00,https://api.mfapi.in/mf/119551
119551,SBI Bluechip,119551,Aditya Birla Sun Life Banking & PSU Debt Fund  - DIRECT - IDCW,Aditya Birla Sun Life Mutual Fund,Open Ended Schemes,Debt Scheme - Banking and PSU Fund,2018-08-06,144.7287,2026-06-23T05:29:58.847318+00:00,https://api.mfapi.in/mf/119551
119551,SBI Bluechip,119551,Aditya Birla Sun Life Banking & PSU Debt Fund  - DIRECT - IDCW,Aditya Birla Sun Life Mutual Fund,Open Ended Schemes,Debt Scheme - Banking and PSU Fund,2018-08-03,144.6829,2026-06-23T05:29:58.847318+00:00,https://api.mfapi.in/mf/119551
119551,SBI Bluechip,119551,Aditya Birla Sun Life Banking & PSU Debt Fund  - DIRECT - IDCW,Aditya Birla Sun Life Mutual Fund,Open Ended Schemes,Debt Scheme - Banking and PSU Fund,2018-08-02,144.717,2026-06-23T05:29:58.847318+00:00,https://api.mfapi.in/mf/119551
119551,SBI Bluechip,119551,Aditya Birla Sun Life Banking & PSU Debt Fund  - DIRECT - IDCW,Aditya Birla Sun Life Mutual Fund,Open Ended Schemes,Debt Scheme - Banking and PSU Fund,2018-08-01,144.6898,2026-06-23T05:29:58.847318+00:00,https://api.mfapi.in/mf/119551
119551,SBI Bluechip,119551,Aditya Birla Sun Life Banking & PSU Debt Fund  - DIRECT - IDCW,Aditya Birla Sun Life Mutual Fund,Open Ended Schemes,Debt Scheme - Banking and PSU Fund,2018-07-31,144.5473,2026-06-23T05:29:58.847318+00:00,https://api.mfapi.in/mf/119551
119551,SBI Bluechip,119551,Aditya Birla Sun Life Banking & PSU Debt Fund  - DIRECT - IDCW,Aditya Birla Sun Life Mutual Fund,Open Ended Schemes,Debt Scheme - Banking and PSU Fund,2018-07-30,144.4708,2026-06-23T05:29:58.847318+00:00,https://api.mfapi.in/mf/119551
119551,SBI Bluechip,119551,Aditya Birla Sun Life Banking & PSU Debt Fund  - DIRECT - IDCW,Aditya Birla Sun Life Mutual Fund,Open Ended Schemes,Debt Scheme - Banking and PSU Fund,2018-07-27,144.3967,2026-06-23T05:29:58.847318+00:00,https://api.mfapi.in/mf/119551
119551,SBI Bluechip,119551,Aditya Birla Sun Life Banking & PSU Debt Fund  - DIRECT - IDCW,Aditya Birla Sun Life Mutual Fund,Open Ended Schemes,Debt Scheme - Banking and PSU Fund,2018-07-26,144.3561,2026-06-23T05:29:58.847318+00:00,https://api.mfapi.in/mf/119551
119551,SBI Bluechip,119551,Aditya Birla Sun Life Banking & PSU Debt Fund  - DIRECT - IDCW,Aditya Birla Sun Life Mutual Fund,Open Ended Schemes,Debt Scheme - Banking and PSU Fund,2018-07-25,144.2857,2026-06-23T05:29:58.847318+00:00,https://api.mfapi.in/mf/119551
119551,SBI Bluechip,119551,Aditya Birla Sun Life Banking & PSU Debt Fund  - DIRECT - IDCW,Aditya Birla Sun Life Mutual Fund,Open Ended Schemes,Debt Scheme - Banking and PSU Fund,2018-07-24,144.2543,2026-06-23T05:29:58.847318+00:00,https://api.mfapi.in/mf/119551
119551,SBI Bluechip,119551,Aditya Birla Sun Life Banking & PSU Debt Fund  - DIRECT - IDCW,Aditya Birla Sun Life Mutual Fund,Open Ended Schemes,Debt Scheme - Banking and PSU Fund,2018-07-23,144.2217,2026-06-23T05:29:58.847318+00:00,https://api.mfapi.in/mf/119551
119551,SBI Bluechip,119551,Aditya Birla Sun Life Banking & PSU Debt Fund  - DIRECT - IDCW,Aditya Birla Sun Life Mutual Fund,Open Ended Schemes,Debt Scheme - Banking and PSU Fund,2018-07-20,144.1651,2026-06-23T05:29:58.847318+00:00,https://api.mfapi.in/mf/119551
119551,SBI Bluechip,119551,Aditya Birla Sun Life Banking & PSU Debt Fund  - DIRECT - IDCW,Aditya Birla Sun Life Mutual Fund,Open Ended Schemes,Debt Scheme - Banking and PSU Fund,2018-07-19,144.1604,2026-06-23T05:29:58.847318+00:00,https://api.mfapi.in/mf/119551
119551,SBI Bluechip,119551,Aditya Birla Sun Life Banking & PSU Debt Fund  - DIRECT - IDCW,Aditya Birla Sun Life Mutual Fund,Open Ended Schemes,Debt Scheme - Banking and PSU Fund,2018-07-18,144.1784,2026-06-23T05:29:58.847318+00:00,https://api.mfapi.in/mf/119551
119551,SBI Bluechip,119551,Aditya Birla Sun Life Banking & PSU Debt Fund  - DIRECT - IDCW,Aditya Birla Sun Life Mutual Fund,Open Ended Schemes,Debt Scheme - Banking and PSU Fund,2018-07-17,144.1534,2026-06-23T05:29:58.847318+00:00,https://api.mfapi.in/mf/119551
119551,SBI Bluechip,119551,Aditya Birla Sun Life Banking & PSU Debt Fund  - DIRECT - IDCW,Aditya Birla Sun Life Mutual Fund,Open Ended Schemes,Debt Scheme - Banking and PSU Fund,2018-07-16,144.0332,2026-06-23T05:29:58.847318+00:00,https://api.mfapi.in/mf/119551
119551,SBI Bluechip,119551,Aditya Birla Sun Life Banking & PSU Debt Fund  - DIRECT - IDCW,Aditya Birla Sun Life Mutual Fund,Open Ended Schemes,Debt Scheme - Banking and PSU Fund,2018-07-13,143.9932,2026-06-23T05:29:58.847318+00:00,https://api.mfapi.in/mf/119551
119551,SBI Bluechip,119551,Aditya Birla Sun Life Banking & PSU Debt Fund  - DIRECT - IDCW,Aditya Birla Sun Life Mutual Fund,Open Ended Schemes,Debt Scheme - Banking and PSU Fund,2018-07-12,143.9137,2026-06-23T05:29:58.847318+00:00,https://api.mfapi.in/mf/119551
119551,SBI Bluechip,119551,Aditya Birla Sun Life Banking & PSU Debt Fund  - DIRECT - IDCW,Aditya Birla Sun Life Mutual Fund,Open Ended Schemes,Debt Scheme - Banking and PSU Fund,2018-07-11,143.7636,2026-06-23T05:29:58.847318+00:00,https://api.mfapi.in/mf/119551
119551,SBI Bluechip,119551,Aditya Birla Sun Life Banking & PSU Debt Fund  - DIRECT - IDCW,Aditya Birla Sun Life Mutual Fund,Open Ended Schemes,Debt Scheme - Banking and PSU Fund,2018-07-10,143.7153,2026-06-23T05:29:58.847318+00:00,https://api.mfapi.in/mf/119551
119551,SBI Bluechip,119551,Aditya Birla Sun Life Banking & PSU Debt Fund  - DIRECT - IDCW,Aditya Birla Sun Life Mutual Fund,Open Ended Schemes,Debt Scheme - Banking and PSU Fund,2018-07-09,143.6666,2026-06-23T05:29:58.847318+00:00,https://api.mfapi.in/mf/119551
119551,SBI Bluechip,119551,Aditya Birla Sun Life Banking & PSU Debt Fund  - DIRECT - IDCW,Aditya Birla Sun Life Mutual Fund,Open Ended Schemes,Debt Scheme - Banking and PSU Fund,2018-07-06,143.5656,2026-06-23T05:29:58.847318+00:00,https://api.mfapi.in/mf/119551
119551,SBI Bluechip,119551,Aditya Birla Sun Life Banking & PSU Debt Fund  - DIRECT - IDCW,Aditya Birla Sun Life Mutual Fund,Open Ended Schemes,Debt Scheme - Banking and PSU Fund,2018-07-05,143.5272,2026-06-23T05:29:58.847318+00:00,https://api.mfapi.in/mf/119551
119551,SBI Bluechip,119551,Aditya Birla Sun Life Banking & PSU Debt Fund  - DIRECT - IDCW,Aditya Birla Sun Life Mutual Fund,Open Ended Schemes,Debt Scheme - Banking and PSU Fund,2018-07-04,143.5283,2026-06-23T05:29:58.847318+00:00,https://api.mfapi.in/mf/119551
119551,SBI Bluechip,119551,Aditya Birla Sun Life Banking & PSU Debt Fund  - DIRECT - IDCW,Aditya Birla Sun Life Mutual Fund,Open Ended Schemes,Debt Scheme - Banking and PSU Fund,2018-07-03,143.418,2026-06-23T05:29:58.847318+00:00,https://api.mfapi.in/mf/119551
119551,SBI Bluechip,119551,Aditya Birla Sun Life Banking & PSU Debt Fund  - DIRECT - IDCW,Aditya Birla Sun Life Mutual Fund,Open Ended Schemes,Debt Scheme - Banking and PSU Fund,2018-07-02,143.3715,2026-06-23T05:29:58.847318+00:00,https://api.mfapi.in/mf/119551
119551,SBI Bluechip,119551,Aditya Birla Sun Life Banking & PSU Debt Fund  - DIRECT - IDCW,Aditya Birla Sun Life Mutual Fund,Open Ended Schemes,Debt Scheme - Banking and PSU Fund,2018-06-29,143.2428,2026-06-23T05:29:58.847318+00:00,https://api.mfapi.in/mf/119551
119551,SBI Bluechip,119551,Aditya Birla Sun Life Banking & PSU Debt Fund  - DIRECT - IDCW,Aditya Birla Sun Life Mutual Fund,Open Ended Schemes,Debt Scheme - Banking and PSU Fund,2018-06-28,143.195,2026-06-23T05:29:58.847318+00:00,https://api.mfapi.in/mf/119551
119551,SBI Bluechip,119551,Aditya Birla Sun Life Banking & PSU Debt Fund  - DIRECT - IDCW,Aditya Birla Sun Life Mutual Fund,Open Ended Schemes,Debt Scheme - Banking and PSU Fund,2018-06-27,143.2581,2026-06-23T05:29:58.847318+00:00,https://api.mfapi.in/mf/119551
119551,SBI Bluechip,119551,Aditya Birla Sun Life Banking & PSU Debt Fund  - DIRECT - IDCW,Aditya Birla Sun Life Mutual Fund,Open Ended Schemes,Debt Scheme - Banking and PSU Fund,2018-06-26,143.3068,2026-06-23T05:29:58.847318+00:00,https://api.mfapi.in/mf/119551
119551,SBI Bluechip,119551,Aditya Birla Sun Life Banking & PSU Debt Fund  - DIRECT - IDCW,Aditya Birla Sun Life Mutual Fund,Open Ended Schemes,Debt Scheme - Banking and PSU Fund,2018-06-25,143.2898,2026-06-23T05:29:58.847318+00:00,https://api.mfapi.in/mf/119551
119551,SBI Bluechip,119551,Aditya Birla Sun Life Banking & PSU Debt Fund  - DIRECT - IDCW,Aditya Birla Sun Life Mutual Fund,Open Ended Schemes,Debt Scheme - Banking and PSU Fund,2018-06-22,143.2155,2026-06-23T05:29:58.847318+00:00,https://api.mfapi.in/mf/119551
119551,SBI Bluechip,119551,Aditya Birla Sun Life Banking & PSU Debt Fund  - DIRECT - IDCW,Aditya Birla Sun Life Mutual Fund,Open Ended Schemes,Debt Scheme - Banking and PSU Fund,2018-06-21,143.2127,2026-06-23T05:29:58.847318+00:00,https://api.mfapi.in/mf/119551
119551,SBI Bluechip,119551,Aditya Birla Sun Life Banking & PSU Debt Fund  - DIRECT - IDCW,Aditya Birla Sun Life Mutual Fund,Open Ended Schemes,Debt Scheme - Banking and PSU Fund,2018-06-20,143.0785,2026-06-23T05:29:58.847318+00:00,https://api.mfapi.in/mf/119551
119551,SBI Bluechip,119551,Aditya Birla Sun Life Banking & PSU Debt Fund  - DIRECT - IDCW,Aditya Birla Sun Life Mutual Fund,Open Ended Schemes,Debt Scheme - Banking and PSU Fund,2018-06-19,142.9936,2026-06-23T05:29:58.847318+00:00,https://api.mfapi.in/mf/119551
119551,SBI Bluechip,119551,Aditya Birla Sun Life Banking & PSU Debt Fund  - DIRECT - IDCW,Aditya Birla Sun Life Mutual Fund,Open Ended Schemes,Debt Scheme - Banking and PSU Fund,2018-06-18,142.9393,2026-06-23T05:29:58.847318+00:00,https://api.mfapi.in/mf/119551
119551,SBI Bluechip,119551,Aditya Birla Sun Life Banking & PSU Debt Fund  - DIRECT - IDCW,Aditya Birla Sun Life Mutual Fund,Open Ended Schemes,Debt Scheme - Banking and PSU Fund,2018-06-15,142.7832,2026-06-23T05:29:58.847318+00:00,https://api.mfapi.in/mf/119551
119551,SBI Bluechip,119551,Aditya Birla Sun Life Banking & PSU Debt Fund  - DIRECT - IDCW,Aditya Birla Sun Life Mutual Fund,Open Ended Schemes,Debt Scheme - Banking and PSU Fund,2018-06-14,142.6874,2026-06-23T05:29:58.847318+00:00,https://api.mfapi.in/mf/119551
119551,SBI Bluechip,119551,Aditya Birla Sun Life Banking & PSU Debt Fund  - DIRECT - IDCW,Aditya Birla Sun Life Mutual Fund,Open Ended Schemes,Debt Scheme - Banking and PSU Fund,2018-06-13,142.5907,2026-06-23T05:29:58.847318+00:00,https://api.mfapi.in/mf/119551
119551,SBI Bluechip,119551,Aditya Birla Sun Life Banking & PSU Debt Fund  - DIRECT - IDCW,Aditya Birla Sun Life Mutual Fund,Open Ended Schemes,Debt Scheme - Banking and PSU Fund,2018-06-12,142.4837,2026-06-23T05:29:58.847318+00:00,https://api.mfapi.in/mf/119551
119551,SBI Bluechip,119551,Aditya Birla Sun Life Banking & PSU Debt Fund  - DIRECT - IDCW,Aditya Birla Sun Life Mutual Fund,Open Ended Schemes,Debt Scheme - Banking and PSU Fund,2018-06-11,142.4551,2026-06-23T05:29:58.847318+00:00,https://api.mfapi.in/mf/119551
119551,SBI Bluechip,119551,Aditya Birla Sun Life Banking & PSU Debt Fund  - DIRECT - IDCW,Aditya Birla Sun Life Mutual Fund,Open Ended Schemes,Debt Scheme - Banking and PSU Fund,2018-06-08,142.4035,2026-06-23T05:29:58.847318+00:00,https://api.mfapi.in/mf/119551
119551,SBI Bluechip,119551,Aditya Birla Sun Life Banking & PSU Debt Fund  - DIRECT - IDCW,Aditya Birla Sun Life Mutual Fund,Open Ended Schemes,Debt Scheme - Banking and PSU Fund,2018-06-07,142.2812,2026-06-23T05:29:58.847318+00:00,https://api.mfapi.in/mf/119551
119551,SBI Bluechip,119551,Aditya Birla Sun Life Banking & PSU Debt Fund  - DIRECT - IDCW,Aditya Birla Sun Life Mutual Fund,Open Ended Schemes,Debt Scheme - Banking and PSU Fund,2018-06-06,142.3972,2026-06-23T05:29:58.847318+00:00,https://api.mfapi.in/mf/119551
119551,SBI Bluechip,119551,Aditya Birla Sun Life Banking & PSU Debt Fund  - DIRECT - IDCW,Aditya Birla Sun Life Mutual Fund,Open Ended Schemes,Debt Scheme - Banking and PSU Fund,2018-06-05,142.4665,2026-06-23T05:29:58.847318+00:00,https://api.mfapi.in/mf/119551
119551,SBI Bluechip,119551,Aditya Birla Sun Life Banking & PSU Debt Fund  - DIRECT - IDCW,Aditya Birla Sun Life Mutual Fund,Open Ended Schemes,Debt Scheme - Banking and PSU Fund,2018-06-04,142.3998,2026-06-23T05:29:58.847318+00:00,https://api.mfapi.in/mf/119551
119551,SBI Bluechip,119551,Aditya Birla Sun Life Banking & PSU Debt Fund  - DIRECT - IDCW,Aditya Birla Sun Life Mutual Fund,Open Ended Schemes,Debt Scheme - Banking and PSU Fund,2018-06-01,142.3674,2026-06-23T05:29:58.847318+00:00,https://api.mfapi.in/mf/119551
119551,SBI Bluechip,119551,Aditya Birla Sun Life Banking & PSU Debt Fund  - DIRECT - IDCW,Aditya Birla Sun Life Mutual Fund,Open Ended Schemes,Debt Scheme - Banking and PSU Fund,2018-05-31,142.42,2026-06-23T05:29:58.847318+00:00,https://api.mfapi.in/mf/119551
119551,SBI Bluechip,119551,Aditya Birla Sun Life Banking & PSU Debt Fund  - DIRECT - IDCW,Aditya Birla Sun Life Mutual Fund,Open Ended Schemes,Debt Scheme - Banking and PSU Fund,2018-05-30,142.5296,2026-06-23T05:29:58.847318+00:00,https://api.mfapi.in/mf/119551
119551,SBI Bluechip,119551,Aditya Birla Sun Life Banking & PSU Debt Fund  - DIRECT - IDCW,Aditya Birla Sun Life Mutual Fund,Open Ended Schemes,Debt Scheme - Banking and PSU Fund,2018-05-29,142.4726,2026-06-23T05:29:58.847318+00:00,https://api.mfapi.in/mf/119551
119551,SBI Bluechip,119551,Aditya Birla Sun Life Banking & PSU Debt Fund  - DIRECT - IDCW,Aditya Birla Sun Life Mutual Fund,Open Ended Schemes,Debt Scheme - Banking and PSU Fund,2018-05-28,142.4224,2026-06-23T05:29:58.847318+00:00,https://api.mfapi.in/mf/119551
119551,SBI Bluechip,119551,Aditya Birla Sun Life Banking & PSU Debt Fund  - DIRECT - IDCW,Aditya Birla Sun Life Mutual Fund,Open Ended Schemes,Debt Scheme - Banking and PSU Fund,2018-05-25,142.2487,2026-06-23T05:29:58.847318+00:00,https://api.mfapi.in/mf/119551
119551,SBI Bluechip,119551,Aditya Birla Sun Life Banking & PSU Debt Fund  - DIRECT - IDCW,Aditya Birla Sun Life Mutual Fund,Open Ended Schemes,Debt Scheme - Banking and PSU Fund,2018-05-24,142.1165,2026-06-23T05:29:58.847318+00:00,https://api.mfapi.in/mf/119551
119551,SBI Bluechip,119551,Aditya Birla Sun Life Banking & PSU Debt Fund  - DIRECT - IDCW,Aditya Birla Sun Life Mutual Fund,Open Ended Schemes,Debt Scheme - Banking and PSU Fund,2018-05-23,142.1357,2026-06-23T05:29:58.847318+00:00,https://api.mfapi.in/mf/119551
119551,SBI Bluechip,119551,Aditya Birla Sun Life Banking & PSU Debt Fund  - DIRECT - IDCW,Aditya Birla Sun Life Mutual Fund,Open Ended Schemes,Debt Scheme - Banking and PSU Fund,2018-05-22,142.1472,2026-06-23T05:29:58.847318+00:00,https://api.mfapi.in/mf/119551
119551,SBI Bluechip,119551,Aditya Birla Sun Life Banking & PSU Debt Fund  - DIRECT - IDCW,Aditya Birla Sun Life Mutual Fund,Open Ended Schemes,Debt Scheme - Banking and PSU Fund,2018-05-21,142.1174,2026-06-23T05:29:58.847318+00:00,https://api.mfapi.in/mf/119551
119551,SBI Bluechip,119551,Aditya Birla Sun Life Banking & PSU Debt Fund  - DIRECT - IDCW,Aditya Birla Sun Life Mutual Fund,Open Ended Schemes,Debt Scheme - Banking and PSU Fund,2018-05-18,142.0857,2026-06-23T05:29:58.847318+00:00,https://api.mfapi.in/mf/119551
119551,SBI Bluechip,119551,Aditya Birla Sun Life Banking & PSU Debt Fund  - DIRECT - IDCW,Aditya Birla Sun Life Mutual Fund,Open Ended Schemes,Debt Scheme - Banking and PSU Fund,2018-05-17,141.9005,2026-06-23T05:29:58.847318+00:00,https://api.mfapi.in/mf/119551
119551,SBI Bluechip,119551,Aditya Birla Sun Life Banking & PSU Debt Fund  - DIRECT - IDCW,Aditya Birla Sun Life Mutual Fund,Open Ended Schemes,Debt Scheme - Banking and PSU Fund,2018-05-16,141.9575,2026-06-23T05:29:58.847318+00:00,https://api.mfapi.in/mf/119551
119551,SBI Bluechip,119551,Aditya Birla Sun Life Banking & PSU Debt Fund  - DIRECT - IDCW,Aditya Birla Sun Life Mutual Fund,Open Ended Schemes,Debt Scheme - Banking and PSU Fund,2018-05-15,142.0914,2026-06-23T05:29:58.847318+00:00,https://api.mfapi.in/mf/119551
119551,SBI Bluechip,119551,Aditya Birla Sun Life Banking & PSU Debt Fund  - DIRECT - IDCW,Aditya Birla Sun Life Mutual Fund,Open Ended Schemes,Debt Scheme - Banking and PSU Fund,2018-05-14,142.2398,2026-06-23T05:29:58.847318+00:00,https://api.mfapi.in/mf/119551
119551,SBI Bluechip,119551,Aditya Birla Sun Life Banking & PSU Debt Fund  - DIRECT - IDCW,Aditya Birla Sun Life Mutual Fund,Open Ended Schemes,Debt Scheme - Banking and PSU Fund,2018-05-11,142.2857,2026-06-23T05:29:58.847318+00:00,https://api.mfapi.in/mf/119551
119551,SBI Bluechip,119551,Aditya Birla Sun Life Banking & PSU Debt Fund  - DIRECT - IDCW,Aditya Birla Sun Life Mutual Fund,Open Ended Schemes,Debt Scheme - Banking and PSU Fund,2018-05-10,142.3077,2026-06-23T05:29:58.847318+00:00,https://api.mfapi.in/mf/119551
119551,SBI Bluechip,119551,Aditya Birla Sun Life Banking & PSU Debt Fund  - DIRECT - IDCW,Aditya Birla Sun Life Mutual Fund,Open Ended Schemes,Debt Scheme - Banking and PSU Fund,2018-05-09,142.3563,2026-06-23T05:29:58.847318+00:00,https://api.mfapi.in/mf/119551
119551,SBI Bluechip,119551,Aditya Birla Sun Life Banking & PSU Debt Fund  - DIRECT - IDCW,Aditya Birla Sun Life Mutual Fund,Open Ended Schemes,Debt Scheme - Banking and PSU Fund,2018-05-08,142.5187,2026-06-23T05:29:58.847318+00:00,https://api.mfapi.in/mf/119551
119551,SBI Bluechip,119551,Aditya Birla Sun Life Banking & PSU Debt Fund  - DIRECT - IDCW,Aditya Birla Sun Life Mutual Fund,Open Ended Schemes,Debt Scheme - Banking and PSU Fund,2018-05-07,142.4808,2026-06-23T05:29:58.847318+00:00,https://api.mfapi.in/mf/119551
119551,SBI Bluechip,119551,Aditya Birla Sun Life Banking & PSU Debt Fund  - DIRECT - IDCW,Aditya Birla Sun Life Mutual Fund,Open Ended Schemes,Debt Scheme - Banking and PSU Fund,2018-05-04,142.3165,2026-06-23T05:29:58.847318+00:00,https://api.mfapi.in/mf/119551
119551,SBI Bluechip,119551,Aditya Birla Sun Life Banking & PSU Debt Fund  - DIRECT - IDCW,Aditya Birla Sun Life Mutual Fund,Open Ended Schemes,Debt Scheme - Banking and PSU Fund,2018-05-03,142.3179,2026-06-23T05:29:58.847318+00:00,https://api.mfapi.in/mf/119551
119551,SBI Bluechip,119551,Aditya Birla Sun Life Banking & PSU Debt Fund  - DIRECT - IDCW,Aditya Birla Sun Life Mutual Fund,Open Ended Schemes,Debt Scheme - Banking and PSU Fund,2018-05-02,142.3015,2026-06-23T05:29:58.847318+00:00,https://api.mfapi.in/mf/119551
119551,SBI Bluechip,119551,Aditya Birla Sun Life Banking & PSU Debt Fund  - DIRECT - IDCW,Aditya Birla Sun Life Mutual Fund,Open Ended Schemes,Debt Scheme - Banking and PSU Fund,2018-04-27,142.0784,2026-06-23T05:29:58.847318+00:00,https://api.mfapi.in/mf/119551
119551,SBI Bluechip,119551,Aditya Birla Sun Life Banking & PSU Debt Fund  - DIRECT - IDCW,Aditya Birla Sun Life Mutual Fund,Open Ended Schemes,Debt Scheme - Banking and PSU Fund,2018-04-26,142.1109,2026-06-23T05:29:58.847318+00:00,https://api.mfapi.in/mf/119551
119551,SBI Bluechip,119551,Aditya Birla Sun Life Banking & PSU Debt Fund  - DIRECT - IDCW,Aditya Birla Sun Life Mutual Fund,Open Ended Schemes,Debt Scheme - Banking and PSU Fund,2018-04-25,142.2185,2026-06-23T05:29:58.847318+00:00,https://api.mfapi.in/mf/119551
119551,SBI Bluechip,119551,Aditya Birla Sun Life Banking & PSU Debt Fund  - DIRECT - IDCW,Aditya Birla Sun Life Mutual Fund,Open Ended Schemes,Debt Scheme - Banking and PSU Fund,2018-04-24,142.3569,2026-06-23T05:29:58.847318+00:00,https://api.mfapi.in/mf/119551
119551,SBI Bluechip,119551,Aditya Birla Sun Life Banking & PSU Debt Fund  - DIRECT - IDCW,Aditya Birla Sun Life Mutual Fund,Open Ended Schemes,Debt Scheme - Banking and PSU Fund,2018-04-23,142.3797,2026-06-23T05:29:58.847318+00:00,https://api.mfapi.in/mf/119551
119551,SBI Bluechip,119551,Aditya Birla Sun Life Banking & PSU Debt Fund  - DIRECT - IDCW,Aditya Birla Sun Life Mutual Fund,Open Ended Schemes,Debt Scheme - Banking and PSU Fund,2018-04-20,142.3818,2026-06-23T05:29:58.847318+00:00,https://api.mfapi.in/mf/119551
119551,SBI Bluechip,119551,Aditya Birla Sun Life Banking & PSU Debt Fund  - DIRECT - IDCW,Aditya Birla Sun Life Mutual Fund,Open Ended Schemes,Debt Scheme - Banking and PSU Fund,2018-04-19,142.5817,2026-06-23T05:29:58.847318+00:00,https://api.mfapi.in/mf/119551
119551,SBI Bluechip,119551,Aditya Birla Sun Life Banking & PSU Debt Fund  - DIRECT - IDCW,Aditya Birla Sun Life Mutual Fund,Open Ended Schemes,Debt Scheme - Banking and PSU Fund,2018-04-18,142.8035,2026-06-23T05:29:58.847318+00:00,https://api.mfapi.in/mf/119551
119551,SBI Bluechip,119551,Aditya Birla Sun Life Banking & PSU Debt Fund  - DIRECT - IDCW,Aditya Birla Sun Life Mutual Fund,Open Ended Schemes,Debt Scheme - Banking and PSU Fund,2018-04-17,142.9028,2026-06-23T05:29:58.847318+00:00,https://api.mfapi.in/mf/119551
119551,SBI Bluechip,119551,Aditya Birla Sun Life Banking & PSU Debt Fund  - DIRECT - IDCW,Aditya Birla Sun Life Mutual Fund,Open Ended Schemes,Debt Scheme - Banking and PSU Fund,2018-04-16,142.9083,2026-06-23T05:29:58.847318+00:00,https://api.mfapi.in/mf/119551
119551,SBI Bluechip,119551,Aditya Birla Sun Life Banking & PSU Debt Fund  - DIRECT - IDCW,Aditya Birla Sun Life Mutual Fund,Open Ended Schemes,Debt Scheme - Banking and PSU Fund,2018-04-13,142.8596,2026-06-23T05:29:58.847318+00:00,https://api.mfapi.in/mf/119551
119551,SBI Bluechip,119551,Aditya Birla Sun Life Banking & PSU Debt Fund  - DIRECT - IDCW,Aditya Birla Sun Life Mutual Fund,Open Ended Schemes,Debt Scheme - Banking and PSU Fund,2018-04-12,142.8123,2026-06-23T05:29:58.847318+00:00,https://api.mfapi.in/mf/119551
119551,SBI Bluechip,119551,Aditya Birla Sun Life Banking & PSU Debt Fund  - DIRECT - IDCW,Aditya Birla Sun Life Mutual Fund,Open Ended Schemes,Debt Scheme - Banking and PSU Fund,2018-04-11,142.7892,2026-06-23T05:29:58.847318+00:00,https://api.mfapi.in/mf/119551
119551,SBI Bluechip,119551,Aditya Birla Sun Life Banking & PSU Debt Fund  - DIRECT - IDCW,Aditya Birla Sun Life Mutual Fund,Open Ended Schemes,Debt Scheme - Banking and PSU Fund,2018-04-10,142.9838,2026-06-23T05:29:58.847318+00:00,https://api.mfapi.in/mf/119551
119551,SBI Bluechip,119551,Aditya Birla Sun Life Banking & PSU Debt Fund  - DIRECT - IDCW,Aditya Birla Sun Life Mutual Fund,Open Ended Schemes,Debt Scheme - Banking and PSU Fund,2018-04-09,143.1851,2026-06-23T05:29:58.847318+00:00,https://api.mfapi.in/mf/119551
119551,SBI Bluechip,119551,Aditya Birla Sun Life Banking & PSU Debt Fund  - DIRECT - IDCW,Aditya Birla Sun Life Mutual Fund,Open Ended Schemes,Debt Scheme - Banking and PSU Fund,2018-04-06,143.1533,2026-06-23T05:29:58.847318+00:00,https://api.mfapi.in/mf/119551
119551,SBI Bluechip,119551,Aditya Birla Sun Life Banking & PSU Debt Fund  - DIRECT - IDCW,Aditya Birla Sun Life Mutual Fund,Open Ended Schemes,Debt Scheme - Banking and PSU Fund,2018-04-05,143.1275,2026-06-23T05:29:58.847318+00:00,https://api.mfapi.in/mf/119551
119551,SBI Bluechip,119551,Aditya Birla Sun Life Banking & PSU Debt Fund  - DIRECT - IDCW,Aditya Birla Sun Life Mutual Fund,Open Ended Schemes,Debt Scheme - Banking and PSU Fund,2018-04-04,142.7382,2026-06-23T05:29:58.847318+00:00,https://api.mfapi.in/mf/119551
119551,SBI Bluechip,119551,Aditya Birla Sun Life Banking & PSU Debt Fund  - DIRECT - IDCW,Aditya Birla Sun Life Mutual Fund,Open Ended Schemes,Debt Scheme - Banking and PSU Fund,2018-04-03,142.7428,2026-06-23T05:29:58.847318+00:00,https://api.mfapi.in/mf/119551
119551,SBI Bluechip,119551,Aditya Birla Sun Life Banking & PSU Debt Fund  - DIRECT - IDCW,Aditya Birla Sun Life Mutual Fund,Open Ended Schemes,Debt Scheme - Banking and PSU Fund,2018-03-28,142.4392,2026-06-23T05:29:58.847318+00:00,https://api.mfapi.in/mf/119551
119551,SBI Bluechip,119551,Aditya Birla Sun Life Banking & PSU Debt Fund  - DIRECT - IDCW,Aditya Birla Sun Life Mutual Fund,Open Ended Schemes,Debt Scheme - Banking and PSU Fund,2018-03-27,142.3556,2026-06-23T05:29:58.847318+00:00,https://api.mfapi.in/mf/119551
119551,SBI Bluechip,119551,Aditya Birla Sun Life Banking & PSU Debt Fund  - DIRECT - IDCW,Aditya Birla Sun Life Mutual Fund,Open Ended Schemes,Debt Scheme - Banking and PSU Fund,2018-03-26,141.858,2026-06-23T05:29:58.847318+00:00,https://api.mfapi.in/mf/119551
119551,SBI Bluechip,119551,Aditya Birla Sun Life Banking & PSU Debt Fund  - DIRECT - IDCW,Aditya Birla Sun Life Mutual Fund,Open Ended Schemes,Debt Scheme - Banking and PSU Fund,2018-03-23,141.8272,2026-06-23T05:29:58.847318+00:00,https://api.mfapi.in/mf/119551
119551,SBI Bluechip,119551,Aditya Birla Sun Life Banking & PSU Debt Fund  - DIRECT - IDCW,Aditya Birla Sun Life Mutual Fund,Open Ended Schemes,Debt Scheme - Banking and PSU Fund,2018-03-22,141.7848,2026-06-23T05:29:58.847318+00:00,https://api.mfapi.in/mf/119551
119551,SBI Bluechip,119551,Aditya Birla Sun Life Banking & PSU Debt Fund  - DIRECT - IDCW,Aditya Birla Sun Life Mutual Fund,Open Ended Schemes,Debt Scheme - Banking and PSU Fund,2018-03-21,141.7391,2026-06-23T05:29:58.847318+00:00,https://api.mfapi.in/mf/119551
119551,SBI Bluechip,119551,Aditya Birla Sun Life Banking & PSU Debt Fund  - DIRECT - IDCW,Aditya Birla Sun Life Mutual Fund,Open Ended Schemes,Debt Scheme - Banking and PSU Fund,2018-03-20,141.7269,2026-06-23T05:29:58.847318+00:00,https://api.mfapi.in/mf/119551
119551,SBI Bluechip,119551,Aditya Birla Sun Life Banking & PSU Debt Fund  - DIRECT - IDCW,Aditya Birla Sun Life Mutual Fund,Open Ended Schemes,Debt Scheme - Banking and PSU Fund,2018-03-19,141.7148,2026-06-23T05:29:58.847318+00:00,https://api.mfapi.in/mf/119551
119551,SBI Bluechip,119551,Aditya Birla Sun Life Banking & PSU Debt Fund  - DIRECT - IDCW,Aditya Birla Sun Life Mutual Fund,Open Ended Schemes,Debt Scheme - Banking and PSU Fund,2018-03-16,141.6912,2026-06-23T05:29:58.847318+00:00,https://api.mfapi.in/mf/119551
119551,SBI Bluechip,119551,Aditya Birla Sun Life Banking & PSU Debt Fund  - DIRECT - IDCW,Aditya Birla Sun Life Mutual Fund,Open Ended Schemes,Debt Scheme - Banking and PSU Fund,2018-03-15,141.4873,2026-06-23T05:29:58.847318+00:00,https://api.mfapi.in/mf/119551
119551,SBI Bluechip,119551,Aditya Birla Sun Life Banking & PSU Debt Fund  - DIRECT - IDCW,Aditya Birla Sun Life Mutual Fund,Open Ended Schemes,Debt Scheme - Banking and PSU Fund,2018-03-14,141.3686,2026-06-23T05:29:58.847318+00:00,https://api.mfapi.in/mf/119551
119551,SBI Bluechip,119551,Aditya Birla Sun Life Banking & PSU Debt Fund  - DIRECT - IDCW,Aditya Birla Sun Life Mutual Fund,Open Ended Schemes,Debt Scheme - Banking and PSU Fund,2018-03-13,141.3517,2026-06-23T05:29:58.847318+00:00,https://api.mfapi.in/mf/119551
119551,SBI Bluechip,119551,Aditya Birla Sun Life Banking & PSU Debt Fund  - DIRECT - IDCW,Aditya Birla Sun Life Mutual Fund,Open Ended Schemes,Debt Scheme - Banking and PSU Fund,2018-03-12,141.271,2026-06-23T05:29:58.847318+00:00,https://api.mfapi.in/mf/119551
119551,SBI Bluechip,119551,Aditya Birla Sun Life Banking & PSU Debt Fund  - DIRECT - IDCW,Aditya Birla Sun Life Mutual Fund,Open Ended Schemes,Debt Scheme - Banking and PSU Fund,2018-03-09,141.0964,2026-06-23T05:29:58.847318+00:00,https://api.mfapi.in/mf/119551
119551,SBI Bluechip,119551,Aditya Birla Sun Life Banking & PSU Debt Fund  - DIRECT - IDCW,Aditya Birla Sun Life Mutual Fund,Open Ended Schemes,Debt Scheme - Banking and PSU Fund,2018-03-08,141.0882,2026-06-23T05:29:58.847318+00:00,https://api.mfapi.in/mf/119551
119551,SBI Bluechip,119551,Aditya Birla Sun Life Banking & PSU Debt Fund  - DIRECT - IDCW,Aditya Birla Sun Life Mutual Fund,Open Ended Schemes,Debt Scheme - Banking and PSU Fund,2018-03-07,140.9803,2026-06-23T05:29:58.847318+00:00,https://api.mfapi.in/mf/119551
119551,SBI Bluechip,119551,Aditya Birla Sun Life Banking & PSU Debt Fund  - DIRECT - IDCW,Aditya Birla Sun Life Mutual Fund,Open Ended Schemes,Debt Scheme - Banking and PSU Fund,2018-03-06,140.77,2026-06-23T05:29:58.847318+00:00,https://api.mfapi.in/mf/119551
119551,SBI Bluechip,119551,Aditya Birla Sun Life Banking & PSU Debt Fund  - DIRECT - IDCW,Aditya Birla Sun Life Mutual Fund,Open Ended Schemes,Debt Scheme - Banking and PSU Fund,2018-03-05,140.7265,2026-06-23T05:29:58.847318+00:00,https://api.mfapi.in/mf/119551
119551,SBI Bluechip,119551,Aditya Birla Sun Life Banking & PSU Debt Fund  - DIRECT - IDCW,Aditya Birla Sun Life Mutual Fund,Open Ended Schemes,Debt Scheme - Banking and PSU Fund,2018-03-01,140.6243,2026-06-23T05:29:58.847318+00:00,https://api.mfapi.in/mf/119551
119551,SBI Bluechip,119551,Aditya Birla Sun Life Banking & PSU Debt Fund  - DIRECT - IDCW,Aditya Birla Sun Life Mutual Fund,Open Ended Schemes,Debt Scheme - Banking and PSU Fund,2018-02-28,140.6412,2026-06-23T05:29:58.847318+00:00,https://api.mfapi.in/mf/119551
119551,SBI Bluechip,119551,Aditya Birla Sun Life Banking & PSU Debt Fund  - DIRECT - IDCW,Aditya Birla Sun Life Mutual Fund,Open Ended Schemes,Debt Scheme - Banking and PSU Fund,2018-02-27,140.649,2026-06-23T05:29:58.847318+00:00,https://api.mfapi.in/mf/119551
119551,SBI Bluechip,119551,Aditya Birla Sun Life Banking & PSU Debt Fund  - DIRECT - IDCW,Aditya Birla Sun Life Mutual Fund,Open Ended Schemes,Debt Scheme - Banking and PSU Fund,2018-02-26,149.9922,2026-06-23T05:29:58.847318+00:00,https://api.mfapi.in/mf/119551
119551,SBI Bluechip,119551,Aditya Birla Sun Life Banking & PSU Debt Fund  - DIRECT - IDCW,Aditya Birla Sun Life Mutual Fund,Open Ended Schemes,Debt Scheme - Banking and PSU Fund,2018-02-23,149.9491,2026-06-23T05:29:58.847318+00:00,https://api.mfapi.in/mf/119551
119551,SBI Bluechip,119551,Aditya Birla Sun Life Banking & PSU Debt Fund  - DIRECT - IDCW,Aditya Birla Sun Life Mutual Fund,Open Ended Schemes,Debt Scheme - Banking and PSU Fund,2018-02-22,149.8158,2026-06-23T05:29:58.847318+00:00,https://api.mfapi.in/mf/119551
119551,SBI Bluechip,119551,Aditya Birla Sun Life Banking & PSU Debt Fund  - DIRECT - IDCW,Aditya Birla Sun Life Mutual Fund,Open Ended Schemes,Debt Scheme - Banking and PSU Fund,2018-02-21,149.9303,2026-06-23T05:29:58.847318+00:00,https://api.mfapi.in/mf/119551
119551,SBI Bluechip,119551,Aditya Birla Sun Life Banking & PSU Debt Fund  - DIRECT - IDCW,Aditya Birla Sun Life Mutual Fund,Open Ended Schemes,Debt Scheme - Banking and PSU Fund,2018-02-20,149.9696,2026-06-23T05:29:58.847318+00:00,https://api.mfapi.in/mf/119551
119551,SBI Bluechip,119551,Aditya Birla Sun Life Banking & PSU Debt Fund  - DIRECT - IDCW,Aditya Birla Sun Life Mutual Fund,Open Ended Schemes,Debt Scheme - Banking and PSU Fund,2018-02-16,150.0015,2026-06-23T05:29:58.847318+00:00,https://api.mfapi.in/mf/119551
119551,SBI Bluechip,119551,Aditya Birla Sun Life Banking & PSU Debt Fund  - DIRECT - IDCW,Aditya Birla Sun Life Mutual Fund,Open Ended Schemes,Debt Scheme - Banking and PSU Fund,2018-02-15,149.9765,2026-06-23T05:29:58.847318+00:00,https://api.mfapi.in/mf/119551
119551,SBI Bluechip,119551,Aditya Birla Sun Life Banking & PSU Debt Fund  - DIRECT - IDCW,Aditya Birla Sun Life Mutual Fund,Open Ended Schemes,Debt Scheme - Banking and PSU Fund,2018-02-14,150.0741,2026-06-23T05:29:58.847318+00:00,https://api.mfapi.in/mf/119551
119551,SBI Bluechip,119551,Aditya Birla Sun Life Banking & PSU Debt Fund  - DIRECT - IDCW,Aditya Birla Sun Life Mutual Fund,Open Ended Schemes,Debt Scheme - Banking and PSU Fund,2018-02-12,149.9962,2026-06-23T05:29:58.847318+00:00,https://api.mfapi.in/mf/119551
119551,SBI Bluechip,119551,Aditya Birla Sun Life Banking & PSU Debt Fund  - DIRECT - IDCW,Aditya Birla Sun Life Mutual Fund,Open Ended Schemes,Debt Scheme - Banking and PSU Fund,2018-02-09,149.9118,2026-06-23T05:29:58.847318+00:00,https://api.mfapi.in/mf/119551
119551,SBI Bluechip,119551,Aditya Birla Sun Life Banking & PSU Debt Fund  - DIRECT - IDCW,Aditya Birla Sun Life Mutual Fund,Open Ended Schemes,Debt Scheme - Banking and PSU Fund,2018-02-08,149.8999,2026-06-23T05:29:58.847318+00:00,https://api.mfapi.in/mf/119551
119551,SBI Bluechip,119551,Aditya Birla Sun Life Banking & PSU Debt Fund  - DIRECT - IDCW,Aditya Birla Sun Life Mutual Fund,Open Ended Schemes,Debt Scheme - Banking and PSU Fund,2018-02-07,149.7571,2026-06-23T05:29:58.847318+00:00,https://api.mfapi.in/mf/119551
119551,SBI Bluechip,119551,Aditya Birla Sun Life Banking & PSU Debt Fund  - DIRECT - IDCW,Aditya Birla Sun Life Mutual Fund,Open Ended Schemes,Debt Scheme - Banking and PSU Fund,2018-02-06,149.6109,2026-06-23T05:29:58.847318+00:00,https://api.mfapi.in/mf/119551
119551,SBI Bluechip,119551,Aditya Birla Sun Life Banking & PSU Debt Fund  - DIRECT - IDCW,Aditya Birla Sun Life Mutual Fund,Open Ended Schemes,Debt Scheme - Banking and PSU Fund,2018-02-05,149.5419,2026-06-23T05:29:58.847318+00:00,https://api.mfapi.in/mf/119551
119551,SBI Bluechip,119551,Aditya Birla Sun Life Banking & PSU Debt Fund  - DIRECT - IDCW,Aditya Birla Sun Life Mutual Fund,Open Ended Schemes,Debt Scheme - Banking and PSU Fund,2018-02-02,149.4766,2026-06-23T05:29:58.847318+00:00,https://api.mfapi.in/mf/119551
119551,SBI Bluechip,119551,Aditya Birla Sun Life Banking & PSU Debt Fund  - DIRECT - IDCW,Aditya Birla Sun Life Mutual Fund,Open Ended Schemes,Debt Scheme - Banking and PSU Fund,2018-02-01,149.4309,2026-06-23T05:29:58.847318+00:00,https://api.mfapi.in/mf/119551
119551,SBI Bluechip,119551,Aditya Birla Sun Life Banking & PSU Debt Fund  - DIRECT - IDCW,Aditya Birla Sun Life Mutual Fund,Open Ended Schemes,Debt Scheme - Banking and PSU Fund,2018-01-31,149.7354,2026-06-23T05:29:58.847318+00:00,https://api.mfapi.in/mf/119551
119551,SBI Bluechip,119551,Aditya Birla Sun Life Banking & PSU Debt Fund  - DIRECT - IDCW,Aditya Birla Sun Life Mutual Fund,Open Ended Schemes,Debt Scheme - Banking and PSU Fund,2018-01-30,149.6944,2026-06-23T05:29:58.847318+00:00,https://api.mfapi.in/mf/119551
119551,SBI Bluechip,119551,Aditya Birla Sun Life Banking & PSU Debt Fund  - DIRECT - IDCW,Aditya Birla Sun Life Mutual Fund,Open Ended Schemes,Debt Scheme - Banking and PSU Fund,2018-01-29,149.7264,2026-06-23T05:29:58.847318+00:00,https://api.mfapi.in/mf/119551
119551,SBI Bluechip,119551,Aditya Birla Sun Life Banking & PSU Debt Fund  - DIRECT - IDCW,Aditya Birla Sun Life Mutual Fund,Open Ended Schemes,Debt Scheme - Banking and PSU Fund,2018-01-25,149.7498,2026-06-23T05:29:58.847318+00:00,https://api.mfapi.in/mf/119551
119551,SBI Bluechip,119551,Aditya Birla Sun Life Banking & PSU Debt Fund  - DIRECT - IDCW,Aditya Birla Sun Life Mutual Fund,Open Ended Schemes,Debt Scheme - Banking and PSU Fund,2018-01-24,149.783,2026-06-23T05:29:58.847318+00:00,https://api.mfapi.in/mf/119551
119551,SBI Bluechip,119551,Aditya Birla Sun Life Banking & PSU Debt Fund  - DIRECT - IDCW,Aditya Birla Sun Life Mutual Fund,Open Ended Schemes,Debt Scheme - Banking and PSU Fund,2018-01-23,149.8059,2026-06-23T05:29:58.847318+00:00,https://api.mfapi.in/mf/119551
119551,SBI Bluechip,119551,Aditya Birla Sun Life Banking & PSU Debt Fund  - DIRECT - IDCW,Aditya Birla Sun Life Mutual Fund,Open Ended Schemes,Debt Scheme - Banking and PSU Fund,2018-01-22,149.6942,2026-06-23T05:29:58.847318+00:00,https://api.mfapi.in/mf/119551
119551,SBI Bluechip,119551,Aditya Birla Sun Life Banking & PSU Debt Fund  - DIRECT - IDCW,Aditya Birla Sun Life Mutual Fund,Open Ended Schemes,Debt Scheme - Banking and PSU Fund,2018-01-19,149.6247,2026-06-23T05:29:58.847318+00:00,https://api.mfapi.in/mf/119551
119551,SBI Bluechip,119551,Aditya Birla Sun Life Banking & PSU Debt Fund  - DIRECT - IDCW,Aditya Birla Sun Life Mutual Fund,Open Ended Schemes,Debt Scheme - Banking and PSU Fund,2018-01-18,149.6057,2026-06-23T05:29:58.847318+00:00,https://api.mfapi.in/mf/119551
119551,SBI Bluechip,119551,Aditya Birla Sun Life Banking & PSU Debt Fund  - DIRECT - IDCW,Aditya Birla Sun Life Mutual Fund,Open Ended Schemes,Debt Scheme - Banking and PSU Fund,2018-01-17,149.6553,2026-06-23T05:29:58.847318+00:00,https://api.mfapi.in/mf/119551
119551,SBI Bluechip,119551,Aditya Birla Sun Life Banking & PSU Debt Fund  - DIRECT - IDCW,Aditya Birla Sun Life Mutual Fund,Open Ended Schemes,Debt Scheme - Banking and PSU Fund,2018-01-16,149.44,2026-06-23T05:29:58.847318+00:00,https://api.mfapi.in/mf/119551
119551,SBI Bluechip,119551,Aditya Birla Sun Life Banking & PSU Debt Fund  - DIRECT - IDCW,Aditya Birla Sun Life Mutual Fund,Open Ended Schemes,Debt Scheme - Banking and PSU Fund,2018-01-15,149.6009,2026-06-23T05:29:58.847318+00:00,https://api.mfapi.in/mf/119551
119551,SBI Bluechip,119551,Aditya Birla Sun Life Banking & PSU Debt Fund  - DIRECT - IDCW,Aditya Birla Sun Life Mutual Fund,Open Ended Schemes,Debt Scheme - Banking and PSU Fund,2018-01-12,149.4891,2026-06-23T05:29:58.847318+00:00,https://api.mfapi.in/mf/119551
119551,SBI Bluechip,119551,Aditya Birla Sun Life Banking & PSU Debt Fund  - DIRECT - IDCW,Aditya Birla Sun Life Mutual Fund,Open Ended Schemes,Debt Scheme - Banking and PSU Fund,2018-01-11,149.4769,2026-06-23T05:29:58.847318+00:00,https://api.mfapi.in/mf/119551
119551,SBI Bluechip,119551,Aditya Birla Sun Life Banking & PSU Debt Fund  - DIRECT - IDCW,Aditya Birla Sun Life Mutual Fund,Open Ended Schemes,Debt Scheme - Banking and PSU Fund,2018-01-10,149.4919,2026-06-23T05:29:58.847318+00:00,https://api.mfapi.in/mf/119551
119551,SBI Bluechip,119551,Aditya Birla Sun Life Banking & PSU Debt Fund  - DIRECT - IDCW,Aditya Birla Sun Life Mutual Fund,Open Ended Schemes,Debt Scheme - Banking and PSU Fund,2018-01-09,149.6376,2026-06-23T05:29:58.847318+00:00,https://api.mfapi.in/mf/119551
119551,SBI Bluechip,119551,Aditya Birla Sun Life Banking & PSU Debt Fund  - DIRECT - IDCW,Aditya Birla Sun Life Mutual Fund,Open Ended Schemes,Debt Scheme - Banking and PSU Fund,2018-01-08,149.663,2026-06-23T05:29:58.847318+00:00,https://api.mfapi.in/mf/119551
119551,SBI Bluechip,119551,Aditya Birla Sun Life Banking & PSU Debt Fund  - DIRECT - IDCW,Aditya Birla Sun Life Mutual Fund,Open Ended Schemes,Debt Scheme - Banking and PSU Fund,2018-01-05,149.6129,2026-06-23T05:29:58.847318+00:00,https://api.mfapi.in/mf/119551
119551,SBI Bluechip,119551,Aditya Birla Sun Life Banking & PSU Debt Fund  - DIRECT - IDCW,Aditya Birla Sun Life Mutual Fund,Open Ended Schemes,Debt Scheme - Banking and PSU Fund,2018-01-04,149.4562,2026-06-23T05:29:58.847318+00:00,https://api.mfapi.in/mf/119551
119551,SBI Bluechip,119551,Aditya Birla Sun Life Banking & PSU Debt Fund  - DIRECT - IDCW,Aditya Birla Sun Life Mutual Fund,Open Ended Schemes,Debt Scheme - Banking and PSU Fund,2018-01-03,149.5011,2026-06-23T05:29:58.847318+00:00,https://api.mfapi.in/mf/119551
119551,SBI Bluechip,119551,Aditya Birla Sun Life Banking & PSU Debt Fund  - DIRECT - IDCW,Aditya Birla Sun Life Mutual Fund,Open Ended Schemes,Debt Scheme - Banking and PSU Fund,2018-01-02,149.4785,2026-06-23T05:29:58.847318+00:00,https://api.mfapi.in/mf/119551
119551,SBI Bluechip,119551,Aditya Birla Sun Life Banking & PSU Debt Fund  - DIRECT - IDCW,Aditya Birla Sun Life Mutual Fund,Open Ended Schemes,Debt Scheme - Banking and PSU Fund,2018-01-01,149.4635,2026-06-23T05:29:58.847318+00:00,https://api.mfapi.in/mf/119551
119551,SBI Bluechip,119551,Aditya Birla Sun Life Banking & PSU Debt Fund  - DIRECT - IDCW,Aditya Birla Sun Life Mutual Fund,Open Ended Schemes,Debt Scheme - Banking and PSU Fund,2017-12-29,149.4545,2026-06-23T05:29:58.847318+00:00,https://api.mfapi.in/mf/119551
119551,SBI Bluechip,119551,Aditya Birla Sun Life Banking & PSU Debt Fund  - DIRECT - IDCW,Aditya Birla Sun Life Mutual Fund,Open Ended Schemes,Debt Scheme - Banking and PSU Fund,2017-12-28,149.1113,2026-06-23T05:29:58.847318+00:00,https://api.mfapi.in/mf/119551
119551,SBI Bluechip,119551,Aditya Birla Sun Life Banking & PSU Debt Fund  - DIRECT - IDCW,Aditya Birla Sun Life Mutual Fund,Open Ended Schemes,Debt Scheme - Banking and PSU Fund,2017-12-27,149.3157,2026-06-23T05:29:58.847318+00:00,https://api.mfapi.in/mf/119551
119551,SBI Bluechip,119551,Aditya Birla Sun Life Banking & PSU Debt Fund  - DIRECT - IDCW,Aditya Birla Sun Life Mutual Fund,Open Ended Schemes,Debt Scheme - Banking and PSU Fund,2017-12-26,149.2864,2026-06-23T05:29:58.847318+00:00,https://api.mfapi.in/mf/119551
119551,SBI Bluechip,119551,Aditya Birla Sun Life Banking & PSU Debt Fund  - DIRECT - IDCW,Aditya Birla Sun Life Mutual Fund,Open Ended Schemes,Debt Scheme - Banking and PSU Fund,2017-12-22,149.2793,2026-06-23T05:29:58.847318+00:00,https://api.mfapi.in/mf/119551
119551,SBI Bluechip,119551,Aditya Birla Sun Life Banking & PSU Debt Fund  - DIRECT - IDCW,Aditya Birla Sun Life Mutual Fund,Open Ended Schemes,Debt Scheme - Banking and PSU Fund,2017-12-21,149.3699,2026-06-23T05:29:58.847318+00:00,https://api.mfapi.in/mf/119551
119551,SBI Bluechip,119551,Aditya Birla Sun Life Banking & PSU Debt Fund  - DIRECT - IDCW,Aditya Birla Sun Life Mutual Fund,Open Ended Schemes,Debt Scheme - Banking and PSU Fund,2017-12-20,149.4474,2026-06-23T05:29:58.847318+00:00,https://api.mfapi.in/mf/119551
119551,SBI Bluechip,119551,Aditya Birla Sun Life Banking & PSU Debt Fund  - DIRECT - IDCW,Aditya Birla Sun Life Mutual Fund,Open Ended Schemes,Debt Scheme - Banking and PSU Fund,2017-12-19,149.559,2026-06-23T05:29:58.847318+00:00,https://api.mfapi.in/mf/119551
119551,SBI Bluechip,119551,Aditya Birla Sun Life Banking & PSU Debt Fund  - DIRECT - IDCW,Aditya Birla Sun Life Mutual Fund,Open Ended Schemes,Debt Scheme - Banking and PSU Fund,2017-12-18,149.5292,2026-06-23T05:29:58.847318+00:00,https://api.mfapi.in/mf/119551
119551,SBI Bluechip,119551,Aditya Birla Sun Life Banking & PSU Debt Fund  - DIRECT - IDCW,Aditya Birla Sun Life Mutual Fund,Open Ended Schemes,Debt Scheme - Banking and PSU Fund,2017-12-15,149.4853,2026-06-23T05:29:58.847318+00:00,https://api.mfapi.in/mf/119551
119551,SBI Bluechip,119551,Aditya Birla Sun Life Banking & PSU Debt Fund  - DIRECT - IDCW,Aditya Birla Sun Life Mutual Fund,Open Ended Schemes,Debt Scheme - Banking and PSU Fund,2017-12-14,149.5076,2026-06-23T05:29:58.847318+00:00,https://api.mfapi.in/mf/119551
119551,SBI Bluechip,119551,Aditya Birla Sun Life Banking & PSU Debt Fund  - DIRECT - IDCW,Aditya Birla Sun Life Mutual Fund,Open Ended Schemes,Debt Scheme - Banking and PSU Fund,2017-12-13,149.4922,2026-06-23T05:29:58.847318+00:00,https://api.mfapi.in/mf/119551
119551,SBI Bluechip,119551,Aditya Birla Sun Life Banking & PSU Debt Fund  - DIRECT - IDCW,Aditya Birla Sun Life Mutual Fund,Open Ended Schemes,Debt Scheme - Banking and PSU Fund,2017-12-12,149.544,2026-06-23T05:29:58.847318+00:00,https://api.mfapi.in/mf/119551
119551,SBI Bluechip,119551,Aditya Birla Sun Life Banking & PSU Debt Fund  - DIRECT - IDCW,Aditya Birla Sun Life Mutual Fund,Open Ended Schemes,Debt Scheme - Banking and PSU Fund,2017-12-11,149.5962,2026-06-23T05:29:58.847318+00:00,https://api.mfapi.in/mf/119551
119551,SBI Bluechip,119551,Aditya Birla Sun Life Banking & PSU Debt Fund  - DIRECT - IDCW,Aditya Birla Sun Life Mutual Fund,Open Ended Schemes,Debt Scheme - Banking and PSU Fund,2017-12-08,149.6701,2026-06-23T05:29:58.847318+00:00,https://api.mfapi.in/mf/119551
119551,SBI Bluechip,119551,Aditya Birla Sun Life Banking & PSU Debt Fund  - DIRECT - IDCW,Aditya Birla Sun Life Mutual Fund,Open Ended Schemes,Debt Scheme - Banking and PSU Fund,2017-12-07,149.6687,2026-06-23T05:29:58.847318+00:00,https://api.mfapi.in/mf/119551
119551,SBI Bluechip,119551,Aditya Birla Sun Life Banking & PSU Debt Fund  - DIRECT - IDCW,Aditya Birla Sun Life Mutual Fund,Open Ended Schemes,Debt Scheme - Banking and PSU Fund,2017-12-06,149.6636,2026-06-23T05:29:58.847318+00:00,https://api.mfapi.in/mf/119551
119551,SBI Bluechip,119551,Aditya Birla Sun Life Banking & PSU Debt Fund  - DIRECT - IDCW,Aditya Birla Sun Life Mutual Fund,Open Ended Schemes,Debt Scheme - Banking and PSU Fund,2017-12-05,149.6015,2026-06-23T05:29:58.847318+00:00,https://api.mfapi.in/mf/119551
119551,SBI Bluechip,119551,Aditya Birla Sun Life Banking & PSU Debt Fund  - DIRECT - IDCW,Aditya Birla Sun Life Mutual Fund,Open Ended Schemes,Debt Scheme - Banking and PSU Fund,2017-12-04,149.5704,2026-06-23T05:29:58.847318+00:00,https://api.mfapi.in/mf/119551
119551,SBI Bluechip,119551,Aditya Birla Sun Life Banking & PSU Debt Fund  - DIRECT - IDCW,Aditya Birla Sun Life Mutual Fund,Open Ended Schemes,Debt Scheme - Banking and PSU Fund,2017-11-30,149.4913,2026-06-23T05:29:58.847318+00:00,https://api.mfapi.in/mf/119551
119551,SBI Bluechip,119551,Aditya Birla Sun Life Banking & PSU Debt Fund  - DIRECT - IDCW,Aditya Birla Sun Life Mutual Fund,Open Ended Schemes,Debt Scheme - Banking and PSU Fund,2017-11-29,149.4737,2026-06-23T05:29:58.847318+00:00,https://api.mfapi.in/mf/119551
119551,SBI Bluechip,119551,Aditya Birla Sun Life Banking & PSU Debt Fund  - DIRECT - IDCW,Aditya Birla Sun Life Mutual Fund,Open Ended Schemes,Debt Scheme - Banking and PSU Fund,2017-11-28,149.4371,2026-06-23T05:29:58.847318+00:00,https://api.mfapi.in/mf/119551
119551,SBI Bluechip,119551,Aditya Birla Sun Life Banking & PSU Debt Fund  - DIRECT - IDCW,Aditya Birla Sun Life Mutual Fund,Open Ended Schemes,Debt Scheme - Banking and PSU Fund,2017-11-27,149.4131,2026-06-23T05:29:58.847318+00:00,https://api.mfapi.in/mf/119551
119551,SBI Bluechip,119551,Aditya Birla Sun Life Banking & PSU Debt Fund  - DIRECT - IDCW,Aditya Birla Sun Life Mutual Fund,Open Ended Schemes,Debt Scheme - Banking and PSU Fund,2017-11-24,149.3708,2026-06-23T05:29:58.847318+00:00,https://api.mfapi.in/mf/119551
119551,SBI Bluechip,119551,Aditya Birla Sun Life Banking & PSU Debt Fund  - DIRECT - IDCW,Aditya Birla Sun Life Mutual Fund,Open Ended Schemes,Debt Scheme - Banking and PSU Fund,2017-11-23,149.3581,2026-06-23T05:29:58.847318+00:00,https://api.mfapi.in/mf/119551
119551,SBI Bluechip,119551,Aditya Birla Sun Life Banking & PSU Debt Fund  - DIRECT - IDCW,Aditya Birla Sun Life Mutual Fund,Open Ended Schemes,Debt Scheme - Banking and PSU Fund,2017-11-22,149.4299,2026-06-23T05:29:58.847318+00:00,https://api.mfapi.in/mf/119551
119551,SBI Bluechip,119551,Aditya Birla Sun Life Banking & PSU Debt Fund  - DIRECT - IDCW,Aditya Birla Sun Life Mutual Fund,Open Ended Schemes,Debt Scheme - Banking and PSU Fund,2017-11-21,149.5741,2026-06-23T05:29:58.847318+00:00,https://api.mfapi.in/mf/119551
119551,SBI Bluechip,119551,Aditya Birla Sun Life Banking & PSU Debt Fund  - DIRECT - IDCW,Aditya Birla Sun Life Mutual Fund,Open Ended Schemes,Debt Scheme - Banking and PSU Fund,2017-11-20,149.5677,2026-06-23T05:29:58.847318+00:00,https://api.mfapi.in/mf/119551
119551,SBI Bluechip,119551,Aditya Birla Sun Life Banking & PSU Debt Fund  - DIRECT - IDCW,Aditya Birla Sun Life Mutual Fund,Open Ended Schemes,Debt Scheme - Banking and PSU Fund,2017-11-17,149.2227,2026-06-23T05:29:58.847318+00:00,https://api.mfapi.in/mf/119551
119551,SBI Bluechip,119551,Aditya Birla Sun Life Banking & PSU Debt Fund  - DIRECT - IDCW,Aditya Birla Sun Life Mutual Fund,Open Ended Schemes,Debt Scheme - Banking and PSU Fund,2017-11-16,149.1355,2026-06-23T05:29:58.847318+00:00,https://api.mfapi.in/mf/119551
119551,SBI Bluechip,119551,Aditya Birla Sun Life Banking & PSU Debt Fund  - DIRECT - IDCW,Aditya Birla Sun Life Mutual Fund,Open Ended Schemes,Debt Scheme - Banking and PSU Fund,2017-11-15,149.2653,2026-06-23T05:29:58.847318+00:00,https://api.mfapi.in/mf/119551
119551,SBI Bluechip,119551,Aditya Birla Sun Life Banking & PSU Debt Fund  - DIRECT - IDCW,Aditya Birla Sun Life Mutual Fund,Open Ended Schemes,Debt Scheme - Banking and PSU Fund,2017-11-14,149.2009,2026-06-23T05:29:58.847318+00:00,https://api.mfapi.in/mf/119551
119551,SBI Bluechip,119551,Aditya Birla Sun Life Banking & PSU Debt Fund  - DIRECT - IDCW,Aditya Birla Sun Life Mutual Fund,Open Ended Schemes,Debt Scheme - Banking and PSU Fund,2017-11-13,149.3946,2026-06-23T05:29:58.847318+00:00,https://api.mfapi.in/mf/119551
119551,SBI Bluechip,119551,Aditya Birla Sun Life Banking & PSU Debt Fund  - DIRECT - IDCW,Aditya Birla Sun Life Mutual Fund,Open Ended Schemes,Debt Scheme - Banking and PSU Fund,2017-11-10,149.3439,2026-06-23T05:29:58.847318+00:00,https://api.mfapi.in/mf/119551
119551,SBI Bluechip,119551,Aditya Birla Sun Life Banking & PSU Debt Fund  - DIRECT - IDCW,Aditya Birla Sun Life Mutual Fund,Open Ended Schemes,Debt Scheme - Banking and PSU Fund,2017-11-09,149.335,2026-06-23T05:29:58.847318+00:00,https://api.mfapi.in/mf/119551
119551,SBI Bluechip,119551,Aditya Birla Sun Life Banking & PSU Debt Fund  - DIRECT - IDCW,Aditya Birla Sun Life Mutual Fund,Open Ended Schemes,Debt Scheme - Banking and PSU Fund,2017-11-08,149.2964,2026-06-23T05:29:58.847318+00:00,https://api.mfapi.in/mf/119551
119551,SBI Bluechip,119551,Aditya Birla Sun Life Banking & PSU Debt Fund  - DIRECT - IDCW,Aditya Birla Sun Life Mutual Fund,Open Ended Schemes,Debt Scheme - Banking and PSU Fund,2017-11-07,149.2845,2026-06-23T05:29:58.847318+00:00,https://api.mfapi.in/mf/119551
119551,SBI Bluechip,119551,Aditya Birla Sun Life Banking & PSU Debt Fund  - DIRECT - IDCW,Aditya Birla Sun Life Mutual Fund,Open Ended Schemes,Debt Scheme - Banking and PSU Fund,2017-11-06,149.3344,2026-06-23T05:29:58.847318+00:00,https://api.mfapi.in/mf/119551
119551,SBI Bluechip,119551,Aditya Birla Sun Life Banking & PSU Debt Fund  - DIRECT - IDCW,Aditya Birla Sun Life Mutual Fund,Open Ended Schemes,Debt Scheme - Banking and PSU Fund,2017-11-03,149.2935,2026-06-23T05:29:58.847318+00:00,https://api.mfapi.in/mf/119551
119551,SBI Bluechip,119551,Aditya Birla Sun Life Banking & PSU Debt Fund  - DIRECT - IDCW,Aditya Birla Sun Life Mutual Fund,Open Ended Schemes,Debt Scheme - Banking and PSU Fund,2017-11-02,149.2423,2026-06-23T05:29:58.847318+00:00,https://api.mfapi.in/mf/119551
119551,SBI Bluechip,119551,Aditya Birla Sun Life Banking & PSU Debt Fund  - DIRECT - IDCW,Aditya Birla Sun Life Mutual Fund,Open Ended Schemes,Debt Scheme - Banking and PSU Fund,2017-11-01,149.1872,2026-06-23T05:29:58.847318+00:00,https://api.mfapi.in/mf/119551
119551,SBI Bluechip,119551,Aditya Birla Sun Life Banking & PSU Debt Fund  - DIRECT - IDCW,Aditya Birla Sun Life Mutual Fund,Open Ended Schemes,Debt Scheme - Banking and PSU Fund,2017-10-31,149.166,2026-06-23T05:29:58.847318+00:00,https://api.mfapi.in/mf/119551
119551,SBI Bluechip,119551,Aditya Birla Sun Life Banking & PSU Debt Fund  - DIRECT - IDCW,Aditya Birla Sun Life Mutual Fund,Open Ended Schemes,Debt Scheme - Banking and PSU Fund,2017-10-30,149.1095,2026-06-23T05:29:58.847318+00:00,https://api.mfapi.in/mf/119551
119551,SBI Bluechip,119551,Aditya Birla Sun Life Banking & PSU Debt Fund  - DIRECT - IDCW,Aditya Birla Sun Life Mutual Fund,Open Ended Schemes,Debt Scheme - Banking and PSU Fund,2017-10-27,149.116,2026-06-23T05:29:58.847318+00:00,https://api.mfapi.in/mf/119551
119551,SBI Bluechip,119551,Aditya Birla Sun Life Banking & PSU Debt Fund  - DIRECT - IDCW,Aditya Birla Sun Life Mutual Fund,Open Ended Schemes,Debt Scheme - Banking and PSU Fund,2017-10-26,149.1089,2026-06-23T05:29:58.847318+00:00,https://api.mfapi.in/mf/119551
119551,SBI Bluechip,119551,Aditya Birla Sun Life Banking & PSU Debt Fund  - DIRECT - IDCW,Aditya Birla Sun Life Mutual Fund,Open Ended Schemes,Debt Scheme - Banking and PSU Fund,2017-10-25,149.0757,2026-06-23T05:29:58.847318+00:00,https://api.mfapi.in/mf/119551
119551,SBI Bluechip,119551,Aditya Birla Sun Life Banking & PSU Debt Fund  - DIRECT - IDCW,Aditya Birla Sun Life Mutual Fund,Open Ended Schemes,Debt Scheme - Banking and PSU Fund,2017-10-24,149.0872,2026-06-23T05:29:58.847318+00:00,https://api.mfapi.in/mf/119551
119551,SBI Bluechip,119551,Aditya Birla Sun Life Banking & PSU Debt Fund  - DIRECT - IDCW,Aditya Birla Sun Life Mutual Fund,Open Ended Schemes,Debt Scheme - Banking and PSU Fund,2017-10-23,149.0299,2026-06-23T05:29:58.847318+00:00,https://api.mfapi.in/mf/119551
119551,SBI Bluechip,119551,Aditya Birla Sun Life Banking & PSU Debt Fund  - DIRECT - IDCW,Aditya Birla Sun Life Mutual Fund,Open Ended Schemes,Debt Scheme - Banking and PSU Fund,2017-10-18,148.9933,2026-06-23T05:29:58.847318+00:00,https://api.mfapi.in/mf/119551
119551,SBI Bluechip,119551,Aditya Birla Sun Life Banking & PSU Debt Fund  - DIRECT - IDCW,Aditya Birla Sun Life Mutual Fund,Open Ended Schemes,Debt Scheme - Banking and PSU Fund,2017-10-17,148.9725,2026-06-23T05:29:58.847318+00:00,https://api.mfapi.in/mf/119551
119551,SBI Bluechip,119551,Aditya Birla Sun Life Banking & PSU Debt Fund  - DIRECT - IDCW,Aditya Birla Sun Life Mutual Fund,Open Ended Schemes,Debt Scheme - Banking and PSU Fund,2017-10-16,148.9557,2026-06-23T05:29:58.847318+00:00,https://api.mfapi.in/mf/119551
119551,SBI Bluechip,119551,Aditya Birla Sun Life Banking & PSU Debt Fund  - DIRECT - IDCW,Aditya Birla Sun Life Mutual Fund,Open Ended Schemes,Debt Scheme - Banking and PSU Fund,2017-10-13,148.8495,2026-06-23T05:29:58.847318+00:00,https://api.mfapi.in/mf/119551
119551,SBI Bluechip,119551,Aditya Birla Sun Life Banking & PSU Debt Fund  - DIRECT - IDCW,Aditya Birla Sun Life Mutual Fund,Open Ended Schemes,Debt Scheme - Banking and PSU Fund,2017-10-12,148.7248,2026-06-23T05:29:58.847318+00:00,https://api.mfapi.in/mf/119551
119551,SBI Bluechip,119551,Aditya Birla Sun Life Banking & PSU Debt Fund  - DIRECT - IDCW,Aditya Birla Sun Life Mutual Fund,Open Ended Schemes,Debt Scheme - Banking and PSU Fund,2017-10-11,148.6958,2026-06-23T05:29:58.847318+00:00,https://api.mfapi.in/mf/119551
119551,SBI Bluechip,119551,Aditya Birla Sun Life Banking & PSU Debt Fund  - DIRECT - IDCW,Aditya Birla Sun Life Mutual Fund,Open Ended Schemes,Debt Scheme - Banking and PSU Fund,2017-10-10,148.6506,2026-06-23T05:29:58.847318+00:00,https://api.mfapi.in/mf/119551
119551,SBI Bluechip,119551,Aditya Birla Sun Life Banking & PSU Debt Fund  - DIRECT - IDCW,Aditya Birla Sun Life Mutual Fund,Open Ended Schemes,Debt Scheme - Banking and PSU Fund,2017-10-09,148.6113,2026-06-23T05:29:58.847318+00:00,https://api.mfapi.in/mf/119551
119551,SBI Bluechip,119551,Aditya Birla Sun Life Banking & PSU Debt Fund  - DIRECT - IDCW,Aditya Birla Sun Life Mutual Fund,Open Ended Schemes,Debt Scheme - Banking and PSU Fund,2017-10-06,148.5744,2026-06-23T05:29:58.847318+00:00,https://api.mfapi.in/mf/119551
119551,SBI Bluechip,119551,Aditya Birla Sun Life Banking & PSU Debt Fund  - DIRECT - IDCW,Aditya Birla Sun Life Mutual Fund,Open Ended Schemes,Debt Scheme - Banking and PSU Fund,2017-10-05,148.5783,2026-06-23T05:29:58.847318+00:00,https://api.mfapi.in/mf/119551
119551,SBI Bluechip,119551,Aditya Birla Sun Life Banking & PSU Debt Fund  - DIRECT - IDCW,Aditya Birla Sun Life Mutual Fund,Open Ended Schemes,Debt Scheme - Banking and PSU Fund,2017-10-04,148.6351,2026-06-23T05:29:58.847318+00:00,https://api.mfapi.in/mf/119551
119551,SBI Bluechip,119551,Aditya Birla Sun Life Banking & PSU Debt Fund  - DIRECT - IDCW,Aditya Birla Sun Life Mutual Fund,Open Ended Schemes,Debt Scheme - Banking and PSU Fund,2017-10-03,148.7205,2026-06-23T05:29:58.847318+00:00,https://api.mfapi.in/mf/119551
119551,SBI Bluechip,119551,Aditya Birla Sun Life Banking & PSU Debt Fund  - DIRECT - IDCW,Aditya Birla Sun Life Mutual Fund,Open Ended Schemes,Debt Scheme - Banking and PSU Fund,2017-09-29,148.491,2026-06-23T05:29:58.847318+00:00,https://api.mfapi.in/mf/119551
119551,SBI Bluechip,119551,Aditya Birla Sun Life Banking & PSU Debt Fund  - DIRECT - IDCW,Aditya Birla Sun Life Mutual Fund,Open Ended Schemes,Debt Scheme - Banking and PSU Fund,2017-09-28,148.4835,2026-06-23T05:29:58.847318+00:00,https://api.mfapi.in/mf/119551
119551,SBI Bluechip,119551,Aditya Birla Sun Life Banking & PSU Debt Fund  - DIRECT - IDCW,Aditya Birla Sun Life Mutual Fund,Open Ended Schemes,Debt Scheme - Banking and PSU Fund,2017-09-27,148.3767,2026-06-23T05:29:58.847318+00:00,https://api.mfapi.in/mf/119551
119551,SBI Bluechip,119551,Aditya Birla Sun Life Banking & PSU Debt Fund  - DIRECT - IDCW,Aditya Birla Sun Life Mutual Fund,Open Ended Schemes,Debt Scheme - Banking and PSU Fund,2017-09-26,148.362,2026-06-23T05:29:58.847318+00:00,https://api.mfapi.in/mf/119551
119551,SBI Bluechip,119551,Aditya Birla Sun Life Banking & PSU Debt Fund  - DIRECT - IDCW,Aditya Birla Sun Life Mutual Fund,Open Ended Schemes,Debt Scheme - Banking and PSU Fund,2017-09-25,148.4371,2026-06-23T05:29:58.847318+00:00,https://api.mfapi.in/mf/119551
119551,SBI Bluechip,119551,Aditya Birla Sun Life Banking & PSU Debt Fund  - DIRECT - IDCW,Aditya Birla Sun Life Mutual Fund,Open Ended Schemes,Debt Scheme - Banking and PSU Fund,2017-09-22,148.2649,2026-06-23T05:29:58.847318+00:00,https://api.mfapi.in/mf/119551
119551,SBI Bluechip,119551,Aditya Birla Sun Life Banking & PSU Debt Fund  - DIRECT - IDCW,Aditya Birla Sun Life Mutual Fund,Open Ended Schemes,Debt Scheme - Banking and PSU Fund,2017-09-21,148.2842,2026-06-23T05:29:58.847318+00:00,https://api.mfapi.in/mf/119551
119551,SBI Bluechip,119551,Aditya Birla Sun Life Banking & PSU Debt Fund  - DIRECT - IDCW,Aditya Birla Sun Life Mutual Fund,Open Ended Schemes,Debt Scheme - Banking and PSU Fund,2017-09-20,148.5343,2026-06-23T05:29:58.847318+00:00,https://api.mfapi.in/mf/119551
119551,SBI Bluechip,119551,Aditya Birla Sun Life Banking & PSU Debt Fund  - DIRECT - IDCW,Aditya Birla Sun Life Mutual Fund,Open Ended Schemes,Debt Scheme - Banking and PSU Fund,2017-09-19,148.4897,2026-06-23T05:29:58.847318+00:00,https://api.mfapi.in/mf/119551
119551,SBI Bluechip,119551,Aditya Birla Sun Life Banking & PSU Debt Fund  - DIRECT - IDCW,Aditya Birla Sun Life Mutual Fund,Open Ended Schemes,Debt Scheme - Banking and PSU Fund,2017-09-18,148.4466,2026-06-23T05:29:58.847318+00:00,https://api.mfapi.in/mf/119551
119551,SBI Bluechip,119551,Aditya Birla Sun Life Banking & PSU Debt Fund  - DIRECT - IDCW,Aditya Birla Sun Life Mutual Fund,Open Ended Schemes,Debt Scheme - Banking and PSU Fund,2017-09-15,148.4365,2026-06-23T05:29:58.847318+00:00,https://api.mfapi.in/mf/119551
119551,SBI Bluechip,119551,Aditya Birla Sun Life Banking & PSU Debt Fund  - DIRECT - IDCW,Aditya Birla Sun Life Mutual Fund,Open Ended Schemes,Debt Scheme - Banking and PSU Fund,2017-09-14,148.4631,2026-06-23T05:29:58.847318+00:00,https://api.mfapi.in/mf/119551
119551,SBI Bluechip,119551,Aditya Birla Sun Life Banking & PSU Debt Fund  - DIRECT - IDCW,Aditya Birla Sun Life Mutual Fund,Open Ended Schemes,Debt Scheme - Banking and PSU Fund,2017-09-13,148.4446,2026-06-23T05:29:58.847318+00:00,https://api.mfapi.in/mf/119551
119551,SBI Bluechip,119551,Aditya Birla Sun Life Banking & PSU Debt Fund  - DIRECT - IDCW,Aditya Birla Sun Life Mutual Fund,Open Ended Schemes,Debt Scheme - Banking and PSU Fund,2017-09-12,148.48,2026-06-23T05:29:58.847318+00:00,https://api.mfapi.in/mf/119551
119551,SBI Bluechip,119551,Aditya Birla Sun Life Banking & PSU Debt Fund  - DIRECT - IDCW,Aditya Birla Sun Life Mutual Fund,Open Ended Schemes,Debt Scheme - Banking and PSU Fund,2017-09-11,148.5133,2026-06-23T05:29:58.847318+00:00,https://api.mfapi.in/mf/119551
119551,SBI Bluechip,119551,Aditya Birla Sun Life Banking & PSU Debt Fund  - DIRECT - IDCW,Aditya Birla Sun Life Mutual Fund,Open Ended Schemes,Debt Scheme - Banking and PSU Fund,2017-09-08,148.4706,2026-06-23T05:29:58.847318+00:00,https://api.mfapi.in/mf/119551
119551,SBI Bluechip,119551,Aditya Birla Sun Life Banking & PSU Debt Fund  - DIRECT - IDCW,Aditya Birla Sun Life Mutual Fund,Open Ended Schemes,Debt Scheme - Banking and PSU Fund,2017-09-07,148.4821,2026-06-23T05:29:58.847318+00:00,https://api.mfapi.in/mf/119551
119551,SBI Bluechip,119551,Aditya Birla Sun Life Banking & PSU Debt Fund  - DIRECT - IDCW,Aditya Birla Sun Life Mutual Fund,Open Ended Schemes,Debt Scheme - Banking and PSU Fund,2017-09-06,148.4973,2026-06-23T05:29:58.847318+00:00,https://api.mfapi.in/mf/119551
119551,SBI Bluechip,119551,Aditya Birla Sun Life Banking & PSU Debt Fund  - DIRECT - IDCW,Aditya Birla Sun Life Mutual Fund,Open Ended Schemes,Debt Scheme - Banking and PSU Fund,2017-09-05,148.4461,2026-06-23T05:29:58.847318+00:00,https://api.mfapi.in/mf/119551
119551,SBI Bluechip,119551,Aditya Birla Sun Life Banking & PSU Debt Fund  - DIRECT - IDCW,Aditya Birla Sun Life Mutual Fund,Open Ended Schemes,Debt Scheme - Banking and PSU Fund,2017-09-04,148.4419,2026-06-23T05:29:58.847318+00:00,https://api.mfapi.in/mf/119551
119551,SBI Bluechip,119551,Aditya Birla Sun Life Banking & PSU Debt Fund  - DIRECT - IDCW,Aditya Birla Sun Life Mutual Fund,Open Ended Schemes,Debt Scheme - Banking and PSU Fund,2017-09-01,148.359,2026-06-23T05:29:58.847318+00:00,https://api.mfapi.in/mf/119551
119551,SBI Bluechip,119551,Aditya Birla Sun Life Banking & PSU Debt Fund  - DIRECT - IDCW,Aditya Birla Sun Life Mutual Fund,Open Ended Schemes,Debt Scheme - Banking and PSU Fund,2017-08-31,148.181,2026-06-23T05:29:58.847318+00:00,https://api.mfapi.in/mf/119551
119551,SBI Bluechip,119551,Aditya Birla Sun Life Banking & PSU Debt Fund  - DIRECT - IDCW,Aditya Birla Sun Life Mutual Fund,Open Ended Schemes,Debt Scheme - Banking and PSU Fund,2017-08-30,148.1091,2026-06-23T05:29:58.847318+00:00,https://api.mfapi.in/mf/119551
119551,SBI Bluechip,119551,Aditya Birla Sun Life Banking & PSU Debt Fund  - DIRECT - IDCW,Aditya Birla Sun Life Mutual Fund,Open Ended Schemes,Debt Scheme - Banking and PSU Fund,2017-08-29,148.0933,2026-06-23T05:29:58.847318+00:00,https://api.mfapi.in/mf/119551
119551,SBI Bluechip,119551,Aditya Birla Sun Life Banking & PSU Debt Fund  - DIRECT - IDCW,Aditya Birla Sun Life Mutual Fund,Open Ended Schemes,Debt Scheme - Banking and PSU Fund,2017-08-28,148.0222,2026-06-23T05:29:58.847318+00:00,https://api.mfapi.in/mf/119551
119551,SBI Bluechip,119551,Aditya Birla Sun Life Banking & PSU Debt Fund  - DIRECT - IDCW,Aditya Birla Sun Life Mutual Fund,Open Ended Schemes,Debt Scheme - Banking and PSU Fund,2017-08-24,147.945,2026-06-23T05:29:58.847318+00:00,https://api.mfapi.in/mf/119551
119551,SBI Bluechip,119551,Aditya Birla Sun Life Banking & PSU Debt Fund  - DIRECT - IDCW,Aditya Birla Sun Life Mutual Fund,Open Ended Schemes,Debt Scheme - Banking and PSU Fund,2017-08-23,147.9146,2026-06-23T05:29:58.847318+00:00,https://api.mfapi.in/mf/119551
119551,SBI Bluechip,119551,Aditya Birla Sun Life Banking & PSU Debt Fund  - DIRECT - IDCW,Aditya Birla Sun Life Mutual Fund,Open Ended Schemes,Debt Scheme - Banking and PSU Fund,2017-08-22,147.9018,2026-06-23T05:29:58.847318+00:00,https://api.mfapi.in/mf/119551
119551,SBI Bluechip,119551,Aditya Birla Sun Life Banking & PSU Debt Fund  - DIRECT - IDCW,Aditya Birla Sun Life Mutual Fund,Open Ended Schemes,Debt Scheme - Banking and PSU Fund,2017-08-21,147.903,2026-06-23T05:29:58.847318+00:00,https://api.mfapi.in/mf/119551
119551,SBI Bluechip,119551,Aditya Birla Sun Life Banking & PSU Debt Fund  - DIRECT - IDCW,Aditya Birla Sun Life Mutual Fund,Open Ended Schemes,Debt Scheme - Banking and PSU Fund,2017-08-18,147.8182,2026-06-23T05:29:58.847318+00:00,https://api.mfapi.in/mf/119551
119551,SBI Bluechip,119551,Aditya Birla Sun Life Banking & PSU Debt Fund  - DIRECT - IDCW,Aditya Birla Sun Life Mutual Fund,Open Ended Schemes,Debt Scheme - Banking and PSU Fund,2017-08-16,147.7053,2026-06-23T05:29:58.847318+00:00,https://api.mfapi.in/mf/119551
119551,SBI Bluechip,119551,Aditya Birla Sun Life Banking & PSU Debt Fund  - DIRECT - IDCW,Aditya Birla Sun Life Mutual Fund,Open Ended Schemes,Debt Scheme - Banking and PSU Fund,2017-08-14,147.7087,2026-06-23T05:29:58.847318+00:00,https://api.mfapi.in/mf/119551
119551,SBI Bluechip,119551,Aditya Birla Sun Life Banking & PSU Debt Fund  - DIRECT - IDCW,Aditya Birla Sun Life Mutual Fund,Open Ended Schemes,Debt Scheme - Banking and PSU Fund,2017-08-11,147.6561,2026-06-23T05:29:58.847318+00:00,https://api.mfapi.in/mf/119551
119551,SBI Bluechip,119551,Aditya Birla Sun Life Banking & PSU Debt Fund  - DIRECT - IDCW,Aditya Birla Sun Life Mutual Fund,Open Ended Schemes,Debt Scheme - Banking and PSU Fund,2017-08-10,147.6744,2026-06-23T05:29:58.847318+00:00,https://api.mfapi.in/mf/119551
119551,SBI Bluechip,119551,Aditya Birla Sun Life Banking & PSU Debt Fund  - DIRECT - IDCW,Aditya Birla Sun Life Mutual Fund,Open Ended Schemes,Debt Scheme - Banking and PSU Fund,2017-08-09,147.7244,2026-06-23T05:29:58.847318+00:00,https://api.mfapi.in/mf/119551
119551,SBI Bluechip,119551,Aditya Birla Sun Life Banking & PSU Debt Fund  - DIRECT - IDCW,Aditya Birla Sun Life Mutual Fund,Open Ended Schemes,Debt Scheme - Banking and PSU Fund,2017-08-08,147.7057,2026-06-23T05:29:58.847318+00:00,https://api.mfapi.in/mf/119551
119551,SBI Bluechip,119551,Aditya Birla Sun Life Banking & PSU Debt Fund  - DIRECT - IDCW,Aditya Birla Sun Life Mutual Fund,Open Ended Schemes,Debt Scheme - Banking and PSU Fund,2017-08-07,147.6821,2026-06-23T05:29:58.847318+00:00,https://api.mfapi.in/mf/119551
119551,SBI Bluechip,119551,Aditya Birla Sun Life Banking & PSU Debt Fund  - DIRECT - IDCW,Aditya Birla Sun Life Mutual Fund,Open Ended Schemes,Debt Scheme - Banking and PSU Fund,2017-08-04,147.6495,2026-06-23T05:29:58.847318+00:00,https://api.mfapi.in/mf/119551
119551,SBI Bluechip,119551,Aditya Birla Sun Life Banking & PSU Debt Fund  - DIRECT - IDCW,Aditya Birla Sun Life Mutual Fund,Open Ended Schemes,Debt Scheme - Banking and PSU Fund,2017-08-03,147.6212,2026-06-23T05:29:58.847318+00:00,https://api.mfapi.in/mf/119551
119551,SBI Bluechip,119551,Aditya Birla Sun Life Banking & PSU Debt Fund  - DIRECT - IDCW,Aditya Birla Sun Life Mutual Fund,Open Ended Schemes,Debt Scheme - Banking and PSU Fund,2017-08-02,147.3359,2026-06-23T05:29:58.847318+00:00,https://api.mfapi.in/mf/119551
119551,SBI Bluechip,119551,Aditya Birla Sun Life Banking & PSU Debt Fund  - DIRECT - IDCW,Aditya Birla Sun Life Mutual Fund,Open Ended Schemes,Debt Scheme - Banking and PSU Fund,2017-08-01,147.2654,2026-06-23T05:29:58.847318+00:00,https://api.mfapi.in/mf/119551
119551,SBI Bluechip,119551,Aditya Birla Sun Life Banking & PSU Debt Fund  - DIRECT - IDCW,Aditya Birla Sun Life Mutual Fund,Open Ended Schemes,Debt Scheme - Banking and PSU Fund,2017-07-31,147.1981,2026-06-23T05:29:58.847318+00:00,https://api.mfapi.in/mf/119551
119551,SBI Bluechip,119551,Aditya Birla Sun Life Banking & PSU Debt Fund  - DIRECT - IDCW,Aditya Birla Sun Life Mutual Fund,Open Ended Schemes,Debt Scheme - Banking and PSU Fund,2017-07-28,147.1604,2026-06-23T05:29:58.847318+00:00,https://api.mfapi.in/mf/119551
119551,SBI Bluechip,119551,Aditya Birla Sun Life Banking & PSU Debt Fund  - DIRECT - IDCW,Aditya Birla Sun Life Mutual Fund,Open Ended Schemes,Debt Scheme - Banking and PSU Fund,2017-07-27,147.1708,2026-06-23T05:29:58.847318+00:00,https://api.mfapi.in/mf/119551
119551,SBI Bluechip,119551,Aditya Birla Sun Life Banking & PSU Debt Fund  - DIRECT - IDCW,Aditya Birla Sun Life Mutual Fund,Open Ended Schemes,Debt Scheme - Banking and PSU Fund,2017-07-26,147.0997,2026-06-23T05:29:58.847318+00:00,https://api.mfapi.in/mf/119551
119551,SBI Bluechip,119551,Aditya Birla Sun Life Banking & PSU Debt Fund  - DIRECT - IDCW,Aditya Birla Sun Life Mutual Fund,Open Ended Schemes,Debt Scheme - Banking and PSU Fund,2017-07-25,147.1373,2026-06-23T05:29:58.847318+00:00,https://api.mfapi.in/mf/119551
119551,SBI Bluechip,119551,Aditya Birla Sun Life Banking & PSU Debt Fund  - DIRECT - IDCW,Aditya Birla Sun Life Mutual Fund,Open Ended Schemes,Debt Scheme - Banking and PSU Fund,2017-07-24,147.1328,2026-06-23T05:29:58.847318+00:00,https://api.mfapi.in/mf/119551
119551,SBI Bluechip,119551,Aditya Birla Sun Life Banking & PSU Debt Fund  - DIRECT - IDCW,Aditya Birla Sun Life Mutual Fund,Open Ended Schemes,Debt Scheme - Banking and PSU Fund,2017-07-21,146.9821,2026-06-23T05:29:58.847318+00:00,https://api.mfapi.in/mf/119551
119551,SBI Bluechip,119551,Aditya Birla Sun Life Banking & PSU Debt Fund  - DIRECT - IDCW,Aditya Birla Sun Life Mutual Fund,Open Ended Schemes,Debt Scheme - Banking and PSU Fund,2017-07-20,146.8157,2026-06-23T05:29:58.847318+00:00,https://api.mfapi.in/mf/119551
119551,SBI Bluechip,119551,Aditya Birla Sun Life Banking & PSU Debt Fund  - DIRECT - IDCW,Aditya Birla Sun Life Mutual Fund,Open Ended Schemes,Debt Scheme - Banking and PSU Fund,2017-07-19,146.7668,2026-06-23T05:29:58.847318+00:00,https://api.mfapi.in/mf/119551
119551,SBI Bluechip,119551,Aditya Birla Sun Life Banking & PSU Debt Fund  - DIRECT - IDCW,Aditya Birla Sun Life Mutual Fund,Open Ended Schemes,Debt Scheme - Banking and PSU Fund,2017-07-18,146.6789,2026-06-23T05:29:58.847318+00:00,https://api.mfapi.in/mf/119551
119551,SBI Bluechip,119551,Aditya Birla Sun Life Banking & PSU Debt Fund  - DIRECT - IDCW,Aditya Birla Sun Life Mutual Fund,Open Ended Schemes,Debt Scheme - Banking and PSU Fund,2017-07-17,146.6141,2026-06-23T05:29:58.847318+00:00,https://api.mfapi.in/mf/119551
119551,SBI Bluechip,119551,Aditya Birla Sun Life Banking & PSU Debt Fund  - DIRECT - IDCW,Aditya Birla Sun Life Mutual Fund,Open Ended Schemes,Debt Scheme - Banking and PSU Fund,2017-07-14,146.4802,2026-06-23T05:29:58.847318+00:00,https://api.mfapi.in/mf/119551
119551,SBI Bluechip,119551,Aditya Birla Sun Life Banking & PSU Debt Fund  - DIRECT - IDCW,Aditya Birla Sun Life Mutual Fund,Open Ended Schemes,Debt Scheme - Banking and PSU Fund,2017-07-13,146.4568,2026-06-23T05:29:58.847318+00:00,https://api.mfapi.in/mf/119551
119551,SBI Bluechip,119551,Aditya Birla Sun Life Banking & PSU Debt Fund  - DIRECT - IDCW,Aditya Birla Sun Life Mutual Fund,Open Ended Schemes,Debt Scheme - Banking and PSU Fund,2017-07-12,146.3824,2026-06-23T05:29:58.847318+00:00,https://api.mfapi.in/mf/119551
119551,SBI Bluechip,119551,Aditya Birla Sun Life Banking & PSU Debt Fund  - DIRECT - IDCW,Aditya Birla Sun Life Mutual Fund,Open Ended Schemes,Debt Scheme - Banking and PSU Fund,2017-07-11,146.3105,2026-06-23T05:29:58.847318+00:00,https://api.mfapi.in/mf/119551
119551,SBI Bluechip,119551,Aditya Birla Sun Life Banking & PSU Debt Fund  - DIRECT - IDCW,Aditya Birla Sun Life Mutual Fund,Open Ended Schemes,Debt Scheme - Banking and PSU Fund,2017-07-10,146.2443,2026-06-23T05:29:58.847318+00:00,https://api.mfapi.in/mf/119551
119551,SBI Bluechip,119551,Aditya Birla Sun Life Banking & PSU Debt Fund  - DIRECT - IDCW,Aditya Birla Sun Life Mutual Fund,Open Ended Schemes,Debt Scheme - Banking and PSU Fund,2017-07-07,145.9888,2026-06-23T05:29:58.847318+00:00,https://api.mfapi.in/mf/119551
119551,SBI Bluechip,119551,Aditya Birla Sun Life Banking & PSU Debt Fund  - DIRECT - IDCW,Aditya Birla Sun Life Mutual Fund,Open Ended Schemes,Debt Scheme - Banking and PSU Fund,2017-07-06,145.9371,2026-06-23T05:29:58.847318+00:00,https://api.mfapi.in/mf/119551
119551,SBI Bluechip,119551,Aditya Birla Sun Life Banking & PSU Debt Fund  - DIRECT - IDCW,Aditya Birla Sun Life Mutual Fund,Open Ended Schemes,Debt Scheme - Banking and PSU Fund,2017-07-05,145.8498,2026-06-23T05:29:58.847318+00:00,https://api.mfapi.in/mf/119551
119551,SBI Bluechip,119551,Aditya Birla Sun Life Banking & PSU Debt Fund  - DIRECT - IDCW,Aditya Birla Sun Life Mutual Fund,Open Ended Schemes,Debt Scheme - Banking and PSU Fund,2017-07-04,145.7582,2026-06-23T05:29:58.847318+00:00,https://api.mfapi.in/mf/119551
119551,SBI Bluechip,119551,Aditya Birla Sun Life Banking & PSU Debt Fund  - DIRECT - IDCW,Aditya Birla Sun Life Mutual Fund,Open Ended Schemes,Debt Scheme - Banking and PSU Fund,2017-07-03,145.6663,2026-06-23T05:29:58.847318+00:00,https://api.mfapi.in/mf/119551
119551,SBI Bluechip,119551,Aditya Birla Sun Life Banking & PSU Debt Fund  - DIRECT - IDCW,Aditya Birla Sun Life Mutual Fund,Open Ended Schemes,Debt Scheme - Banking and PSU Fund,2017-06-30,145.8394,2026-06-23T05:29:58.847318+00:00,https://api.mfapi.in/mf/119551
119551,SBI Bluechip,119551,Aditya Birla Sun Life Banking & PSU Debt Fund  - DIRECT - IDCW,Aditya Birla Sun Life Mutual Fund,Open Ended Schemes,Debt Scheme - Banking and PSU Fund,2017-06-29,145.8476,2026-06-23T05:29:58.847318+00:00,https://api.mfapi.in/mf/119551
119551,SBI Bluechip,119551,Aditya Birla Sun Life Banking & PSU Debt Fund  - DIRECT - IDCW,Aditya Birla Sun Life Mutual Fund,Open Ended Schemes,Debt Scheme - Banking and PSU Fund,2017-06-28,145.8491,2026-06-23T05:29:58.847318+00:00,https://api.mfapi.in/mf/119551
119551,SBI Bluechip,119551,Aditya Birla Sun Life Banking & PSU Debt Fund  - DIRECT - IDCW,Aditya Birla Sun Life Mutual Fund,Open Ended Schemes,Debt Scheme - Banking and PSU Fund,2017-06-27,145.9449,2026-06-23T05:29:58.847318+00:00,https://api.mfapi.in/mf/119551
119551,SBI Bluechip,119551,Aditya Birla Sun Life Banking & PSU Debt Fund  - DIRECT - IDCW,Aditya Birla Sun Life Mutual Fund,Open Ended Schemes,Debt Scheme - Banking and PSU Fund,2017-06-23,145.8813,2026-06-23T05:29:58.847318+00:00,https://api.mfapi.in/mf/119551
119551,SBI Bluechip,119551,Aditya Birla Sun Life Banking & PSU Debt Fund  - DIRECT - IDCW,Aditya Birla Sun Life Mutual Fund,Open Ended Schemes,Debt Scheme - Banking and PSU Fund,2017-06-22,145.8735,2026-06-23T05:29:58.847318+00:00,https://api.mfapi.in/mf/119551
119551,SBI Bluechip,119551,Aditya Birla Sun Life Banking & PSU Debt Fund  - DIRECT - IDCW,Aditya Birla Sun Life Mutual Fund,Open Ended Schemes,Debt Scheme - Banking and PSU Fund,2017-06-21,145.8889,2026-06-23T05:29:58.847318+00:00,https://api.mfapi.in/mf/119551
119551,SBI Bluechip,119551,Aditya Birla Sun Life Banking & PSU Debt Fund  - DIRECT - IDCW,Aditya Birla Sun Life Mutual Fund,Open Ended Schemes,Debt Scheme - Banking and PSU Fund,2017-06-20,145.8016,2026-06-23T05:29:58.847318+00:00,https://api.mfapi.in/mf/119551
119551,SBI Bluechip,119551,Aditya Birla Sun Life Banking & PSU Debt Fund  - DIRECT - IDCW,Aditya Birla Sun Life Mutual Fund,Open Ended Schemes,Debt Scheme - Banking and PSU Fund,2017-06-19,145.7742,2026-06-23T05:29:58.847318+00:00,https://api.mfapi.in/mf/119551
119551,SBI Bluechip,119551,Aditya Birla Sun Life Banking & PSU Debt Fund  - DIRECT - IDCW,Aditya Birla Sun Life Mutual Fund,Open Ended Schemes,Debt Scheme - Banking and PSU Fund,2017-06-16,145.6798,2026-06-23T05:29:58.847318+00:00,https://api.mfapi.in/mf/119551
119551,SBI Bluechip,119551,Aditya Birla Sun Life Banking & PSU Debt Fund  - DIRECT - IDCW,Aditya Birla Sun Life Mutual Fund,Open Ended Schemes,Debt Scheme - Banking and PSU Fund,2017-06-15,145.6979,2026-06-23T05:29:58.847318+00:00,https://api.mfapi.in/mf/119551
119551,SBI Bluechip,119551,Aditya Birla Sun Life Banking & PSU Debt Fund  - DIRECT - IDCW,Aditya Birla Sun Life Mutual Fund,Open Ended Schemes,Debt Scheme - Banking and PSU Fund,2017-06-14,145.6607,2026-06-23T05:29:58.847318+00:00,https://api.mfapi.in/mf/119551
119551,SBI Bluechip,119551,Aditya Birla Sun Life Banking & PSU Debt Fund  - DIRECT - IDCW,Aditya Birla Sun Life Mutual Fund,Open Ended Schemes,Debt Scheme - Banking and PSU Fund,2017-06-13,145.6403,2026-06-23T05:29:58.847318+00:00,https://api.mfapi.in/mf/119551
119551,SBI Bluechip,119551,Aditya Birla Sun Life Banking & PSU Debt Fund  - DIRECT - IDCW,Aditya Birla Sun Life Mutual Fund,Open Ended Schemes,Debt Scheme - Banking and PSU Fund,2017-06-12,145.5341,2026-06-23T05:29:58.847318+00:00,https://api.mfapi.in/mf/119551
119551,SBI Bluechip,119551,Aditya Birla Sun Life Banking & PSU Debt Fund  - DIRECT - IDCW,Aditya Birla Sun Life Mutual Fund,Open Ended Schemes,Debt Scheme - Banking and PSU Fund,2017-06-09,145.4447,2026-06-23T05:29:58.847318+00:00,https://api.mfapi.in/mf/119551
119551,SBI Bluechip,119551,Aditya Birla Sun Life Banking & PSU Debt Fund  - DIRECT - IDCW,Aditya Birla Sun Life Mutual Fund,Open Ended Schemes,Debt Scheme - Banking and PSU Fund,2017-06-08,145.3316,2026-06-23T05:29:58.847318+00:00,https://api.mfapi.in/mf/119551
119551,SBI Bluechip,119551,Aditya Birla Sun Life Banking & PSU Debt Fund  - DIRECT - IDCW,Aditya Birla Sun Life Mutual Fund,Open Ended Schemes,Debt Scheme - Banking and PSU Fund,2017-06-07,144.9507,2026-06-23T05:29:58.847318+00:00,https://api.mfapi.in/mf/119551
119551,SBI Bluechip,119551,Aditya Birla Sun Life Banking & PSU Debt Fund  - DIRECT - IDCW,Aditya Birla Sun Life Mutual Fund,Open Ended Schemes,Debt Scheme - Banking and PSU Fund,2017-06-06,144.5701,2026-06-23T05:29:58.847318+00:00,https://api.mfapi.in/mf/119551
119551,SBI Bluechip,119551,Aditya Birla Sun Life Banking & PSU Debt Fund  - DIRECT - IDCW,Aditya Birla Sun Life Mutual Fund,Open Ended Schemes,Debt Scheme - Banking and PSU Fund,2017-06-05,144.5409,2026-06-23T05:29:58.847318+00:00,https://api.mfapi.in/mf/119551
119551,SBI Bluechip,119551,Aditya Birla Sun Life Banking & PSU Debt Fund  - DIRECT - IDCW,Aditya Birla Sun Life Mutual Fund,Open Ended Schemes,Debt Scheme - Banking and PSU Fund,2017-06-02,144.495,2026-06-23T05:29:58.847318+00:00,https://api.mfapi.in/mf/119551
119551,SBI Bluechip,119551,Aditya Birla Sun Life Banking & PSU Debt Fund  - DIRECT - IDCW,Aditya Birla Sun Life Mutual Fund,Open Ended Schemes,Debt Scheme - Banking and PSU Fund,2017-06-01,144.4377,2026-06-23T05:29:58.847318+00:00,https://api.mfapi.in/mf/119551
119551,SBI Bluechip,119551,Aditya Birla Sun Life Banking & PSU Debt Fund  - DIRECT - IDCW,Aditya Birla Sun Life Mutual Fund,Open Ended Schemes,Debt Scheme - Banking and PSU Fund,2017-05-31,144.2526,2026-06-23T05:29:58.847318+00:00,https://api.mfapi.in/mf/119551
119551,SBI Bluechip,119551,Aditya Birla Sun Life Banking & PSU Debt Fund  - DIRECT - IDCW,Aditya Birla Sun Life Mutual Fund,Open Ended Schemes,Debt Scheme - Banking and PSU Fund,2017-05-30,144.1695,2026-06-23T05:29:58.847318+00:00,https://api.mfapi.in/mf/119551
119551,SBI Bluechip,119551,Aditya Birla Sun Life Banking & PSU Debt Fund  - DIRECT - IDCW,Aditya Birla Sun Life Mutual Fund,Open Ended Schemes,Debt Scheme - Banking and PSU Fund,2017-05-29,144.139,2026-06-23T05:29:58.847318+00:00,https://api.mfapi.in/mf/119551
119551,SBI Bluechip,119551,Aditya Birla Sun Life Banking & PSU Debt Fund  - DIRECT - IDCW,Aditya Birla Sun Life Mutual Fund,Open Ended Schemes,Debt Scheme - Banking and PSU Fund,2017-05-26,144.139,2026-06-23T05:29:58.847318+00:00,https://api.mfapi.in/mf/119551
119551,SBI Bluechip,119551,Aditya Birla Sun Life Banking & PSU Debt Fund  - DIRECT - IDCW,Aditya Birla Sun Life Mutual Fund,Open Ended Schemes,Debt Scheme - Banking and PSU Fund,2017-05-25,144.0182,2026-06-23T05:29:58.847318+00:00,https://api.mfapi.in/mf/119551
119551,SBI Bluechip,119551,Aditya Birla Sun Life Banking & PSU Debt Fund  - DIRECT - IDCW,Aditya Birla Sun Life Mutual Fund,Open Ended Schemes,Debt Scheme - Banking and PSU Fund,2017-05-24,143.9093,2026-06-23T05:29:58.847318+00:00,https://api.mfapi.in/mf/119551
119551,SBI Bluechip,119551,Aditya Birla Sun Life Banking & PSU Debt Fund  - DIRECT - IDCW,Aditya Birla Sun Life Mutual Fund,Open Ended Schemes,Debt Scheme - Banking and PSU Fund,2017-05-23,143.8682,2026-06-23T05:29:58.847318+00:00,https://api.mfapi.in/mf/119551
119551,SBI Bluechip,119551,Aditya Birla Sun Life Banking & PSU Debt Fund  - DIRECT - IDCW,Aditya Birla Sun Life Mutual Fund,Open Ended Schemes,Debt Scheme - Banking and PSU Fund,2017-05-22,143.7899,2026-06-23T05:29:58.847318+00:00,https://api.mfapi.in/mf/119551
119551,SBI Bluechip,119551,Aditya Birla Sun Life Banking & PSU Debt Fund  - DIRECT - IDCW,Aditya Birla Sun Life Mutual Fund,Open Ended Schemes,Debt Scheme - Banking and PSU Fund,2017-05-19,143.6111,2026-06-23T05:29:58.847318+00:00,https://api.mfapi.in/mf/119551
119551,SBI Bluechip,119551,Aditya Birla Sun Life Banking & PSU Debt Fund  - DIRECT - IDCW,Aditya Birla Sun Life Mutual Fund,Open Ended Schemes,Debt Scheme - Banking and PSU Fund,2017-05-18,143.5992,2026-06-23T05:29:58.847318+00:00,https://api.mfapi.in/mf/119551
119551,SBI Bluechip,119551,Aditya Birla Sun Life Banking & PSU Debt Fund  - DIRECT - IDCW,Aditya Birla Sun Life Mutual Fund,Open Ended Schemes,Debt Scheme - Banking and PSU Fund,2017-05-17,143.5683,2026-06-23T05:29:58.847318+00:00,https://api.mfapi.in/mf/119551
119551,SBI Bluechip,119551,Aditya Birla Sun Life Banking & PSU Debt Fund  - DIRECT - IDCW,Aditya Birla Sun Life Mutual Fund,Open Ended Schemes,Debt Scheme - Banking and PSU Fund,2017-05-16,143.5436,2026-06-23T05:29:58.847318+00:00,https://api.mfapi.in/mf/119551
119551,SBI Bluechip,119551,Aditya Birla Sun Life Banking & PSU Debt Fund  - DIRECT - IDCW,Aditya Birla Sun Life Mutual Fund,Open Ended Schemes,Debt Scheme - Banking and PSU Fund,2017-05-15,143.5718,2026-06-23T05:29:58.847318+00:00,https://api.mfapi.in/mf/119551
119551,SBI Bluechip,119551,Aditya Birla Sun Life Banking & PSU Debt Fund  - DIRECT - IDCW,Aditya Birla Sun Life Mutual Fund,Open Ended Schemes,Debt Scheme - Banking and PSU Fund,2017-05-12,143.191,2026-06-23T05:29:58.847318+00:00,https://api.mfapi.in/mf/119551
119551,SBI Bluechip,119551,Aditya Birla Sun Life Banking & PSU Debt Fund  - DIRECT - IDCW,Aditya Birla Sun Life Mutual Fund,Open Ended Schemes,Debt Scheme - Banking and PSU Fund,2017-05-11,143.0782,2026-06-23T05:29:58.847318+00:00,https://api.mfapi.in/mf/119551
119551,SBI Bluechip,119551,Aditya Birla Sun Life Banking & PSU Debt Fund  - DIRECT - IDCW,Aditya Birla Sun Life Mutual Fund,Open Ended Schemes,Debt Scheme - Banking and PSU Fund,2017-05-09,143.0225,2026-06-23T05:29:58.847318+00:00,https://api.mfapi.in/mf/119551
119551,SBI Bluechip,119551,Aditya Birla Sun Life Banking & PSU Debt Fund  - DIRECT - IDCW,Aditya Birla Sun Life Mutual Fund,Open Ended Schemes,Debt Scheme - Banking and PSU Fund,2017-05-08,143.0171,2026-06-23T05:29:58.847318+00:00,https://api.mfapi.in/mf/119551
119551,SBI Bluechip,119551,Aditya Birla Sun Life Banking & PSU Debt Fund  - DIRECT - IDCW,Aditya Birla Sun Life Mutual Fund,Open Ended Schemes,Debt Scheme - Banking and PSU Fund,2017-05-05,142.8881,2026-06-23T05:29:58.847318+00:00,https://api.mfapi.in/mf/119551
119551,SBI Bluechip,119551,Aditya Birla Sun Life Banking & PSU Debt Fund  - DIRECT - IDCW,Aditya Birla Sun Life Mutual Fund,Open Ended Schemes,Debt Scheme - Banking and PSU Fund,2017-05-04,142.781,2026-06-23T05:29:58.847318+00:00,https://api.mfapi.in/mf/119551
119551,SBI Bluechip,119551,Aditya Birla Sun Life Banking & PSU Debt Fund  - DIRECT - IDCW,Aditya Birla Sun Life Mutual Fund,Open Ended Schemes,Debt Scheme - Banking and PSU Fund,2017-05-03,142.7804,2026-06-23T05:29:58.847318+00:00,https://api.mfapi.in/mf/119551
119551,SBI Bluechip,119551,Aditya Birla Sun Life Banking & PSU Debt Fund  - DIRECT - IDCW,Aditya Birla Sun Life Mutual Fund,Open Ended Schemes,Debt Scheme - Banking and PSU Fund,2017-05-02,142.7261,2026-06-23T05:29:58.847318+00:00,https://api.mfapi.in/mf/119551
119551,SBI Bluechip,119551,Aditya Birla Sun Life Banking & PSU Debt Fund  - DIRECT - IDCW,Aditya Birla Sun Life Mutual Fund,Open Ended Schemes,Debt Scheme - Banking and PSU Fund,2017-04-28,142.7091,2026-06-23T05:29:58.847318+00:00,https://api.mfapi.in/mf/119551
119551,SBI Bluechip,119551,Aditya Birla Sun Life Banking & PSU Debt Fund  - DIRECT - IDCW,Aditya Birla Sun Life Mutual Fund,Open Ended Schemes,Debt Scheme - Banking and PSU Fund,2017-04-27,142.7118,2026-06-23T05:29:58.847318+00:00,https://api.mfapi.in/mf/119551
119551,SBI Bluechip,119551,Aditya Birla Sun Life Banking & PSU Debt Fund  - DIRECT - IDCW,Aditya Birla Sun Life Mutual Fund,Open Ended Schemes,Debt Scheme - Banking and PSU Fund,2017-04-26,142.7088,2026-06-23T05:29:58.847318+00:00,https://api.mfapi.in/mf/119551
119551,SBI Bluechip,119551,Aditya Birla Sun Life Banking & PSU Debt Fund  - DIRECT - IDCW,Aditya Birla Sun Life Mutual Fund,Open Ended Schemes,Debt Scheme - Banking and PSU Fund,2017-04-25,142.8376,2026-06-23T05:29:58.847318+00:00,https://api.mfapi.in/mf/119551
119551,SBI Bluechip,119551,Aditya Birla Sun Life Banking & PSU Debt Fund  - DIRECT - IDCW,Aditya Birla Sun Life Mutual Fund,Open Ended Schemes,Debt Scheme - Banking and PSU Fund,2017-04-24,142.7063,2026-06-23T05:29:58.847318+00:00,https://api.mfapi.in/mf/119551
119551,SBI Bluechip,119551,Aditya Birla Sun Life Banking & PSU Debt Fund  - DIRECT - IDCW,Aditya Birla Sun Life Mutual Fund,Open Ended Schemes,Debt Scheme - Banking and PSU Fund,2017-04-21,142.6345,2026-06-23T05:29:58.847318+00:00,https://api.mfapi.in/mf/119551
119551,SBI Bluechip,119551,Aditya Birla Sun Life Banking & PSU Debt Fund  - DIRECT - IDCW,Aditya Birla Sun Life Mutual Fund,Open Ended Schemes,Debt Scheme - Banking and PSU Fund,2017-04-20,142.7991,2026-06-23T05:29:58.847318+00:00,https://api.mfapi.in/mf/119551
119551,SBI Bluechip,119551,Aditya Birla Sun Life Banking & PSU Debt Fund  - DIRECT - IDCW,Aditya Birla Sun Life Mutual Fund,Open Ended Schemes,Debt Scheme - Banking and PSU Fund,2017-04-19,142.7966,2026-06-23T05:29:58.847318+00:00,https://api.mfapi.in/mf/119551
119551,SBI Bluechip,119551,Aditya Birla Sun Life Banking & PSU Debt Fund  - DIRECT - IDCW,Aditya Birla Sun Life Mutual Fund,Open Ended Schemes,Debt Scheme - Banking and PSU Fund,2017-04-18,142.6525,2026-06-23T05:29:58.847318+00:00,https://api.mfapi.in/mf/119551
119551,SBI Bluechip,119551,Aditya Birla Sun Life Banking & PSU Debt Fund  - DIRECT - IDCW,Aditya Birla Sun Life Mutual Fund,Open Ended Schemes,Debt Scheme - Banking and PSU Fund,2017-04-17,142.6317,2026-06-23T05:29:58.847318+00:00,https://api.mfapi.in/mf/119551
119551,SBI Bluechip,119551,Aditya Birla Sun Life Banking & PSU Debt Fund  - DIRECT - IDCW,Aditya Birla Sun Life Mutual Fund,Open Ended Schemes,Debt Scheme - Banking and PSU Fund,2017-04-13,142.5844,2026-06-23T05:29:58.847318+00:00,https://api.mfapi.in/mf/119551
119551,SBI Bluechip,119551,Aditya Birla Sun Life Banking & PSU Debt Fund  - DIRECT - IDCW,Aditya Birla Sun Life Mutual Fund,Open Ended Schemes,Debt Scheme - Banking and PSU Fund,2017-04-12,142.4196,2026-06-23T05:29:58.847318+00:00,https://api.mfapi.in/mf/119551
119551,SBI Bluechip,119551,Aditya Birla Sun Life Banking & PSU Debt Fund  - DIRECT - IDCW,Aditya Birla Sun Life Mutual Fund,Open Ended Schemes,Debt Scheme - Banking and PSU Fund,2017-04-11,142.2557,2026-06-23T05:29:58.847318+00:00,https://api.mfapi.in/mf/119551
119551,SBI Bluechip,119551,Aditya Birla Sun Life Banking & PSU Debt Fund  - DIRECT - IDCW,Aditya Birla Sun Life Mutual Fund,Open Ended Schemes,Debt Scheme - Banking and PSU Fund,2017-04-10,142.0721,2026-06-23T05:29:58.847318+00:00,https://api.mfapi.in/mf/119551
119551,SBI Bluechip,119551,Aditya Birla Sun Life Banking & PSU Debt Fund  - DIRECT - IDCW,Aditya Birla Sun Life Mutual Fund,Open Ended Schemes,Debt Scheme - Banking and PSU Fund,2017-04-07,141.9749,2026-06-23T05:29:58.847318+00:00,https://api.mfapi.in/mf/119551
119551,SBI Bluechip,119551,Aditya Birla Sun Life Banking & PSU Debt Fund  - DIRECT - IDCW,Aditya Birla Sun Life Mutual Fund,Open Ended Schemes,Debt Scheme - Banking and PSU Fund,2017-04-06,142.0344,2026-06-23T05:29:58.847318+00:00,https://api.mfapi.in/mf/119551
119551,SBI Bluechip,119551,Aditya Birla Sun Life Banking & PSU Debt Fund  - DIRECT - IDCW,Aditya Birla Sun Life Mutual Fund,Open Ended Schemes,Debt Scheme - Banking and PSU Fund,2017-04-05,142.456,2026-06-23T05:29:58.847318+00:00,https://api.mfapi.in/mf/119551
119551,SBI Bluechip,119551,Aditya Birla Sun Life Banking & PSU Debt Fund  - DIRECT - IDCW,Aditya Birla Sun Life Mutual Fund,Open Ended Schemes,Debt Scheme - Banking and PSU Fund,2017-04-03,142.491,2026-06-23T05:29:58.847318+00:00,https://api.mfapi.in/mf/119551
119551,SBI Bluechip,119551,Aditya Birla Sun Life Banking & PSU Debt Fund  - DIRECT - IDCW,Aditya Birla Sun Life Mutual Fund,Open Ended Schemes,Debt Scheme - Banking and PSU Fund,2017-03-31,142.3365,2026-06-23T05:29:58.847318+00:00,https://api.mfapi.in/mf/119551
119551,SBI Bluechip,119551,Aditya Birla Sun Life Banking & PSU Debt Fund  - DIRECT - IDCW,Aditya Birla Sun Life Mutual Fund,Open Ended Schemes,Debt Scheme - Banking and PSU Fund,2017-03-30,142.2701,2026-06-23T05:29:58.847318+00:00,https://api.mfapi.in/mf/119551
119551,SBI Bluechip,119551,Aditya Birla Sun Life Banking & PSU Debt Fund  - DIRECT - IDCW,Aditya Birla Sun Life Mutual Fund,Open Ended Schemes,Debt Scheme - Banking and PSU Fund,2017-03-29,142.1405,2026-06-23T05:29:58.847318+00:00,https://api.mfapi.in/mf/119551
119551,SBI Bluechip,119551,Aditya Birla Sun Life Banking & PSU Debt Fund  - DIRECT - IDCW,Aditya Birla Sun Life Mutual Fund,Open Ended Schemes,Debt Scheme - Banking and PSU Fund,2017-03-27,142.1702,2026-06-23T05:29:58.847318+00:00,https://api.mfapi.in/mf/119551
119551,SBI Bluechip,119551,Aditya Birla Sun Life Banking & PSU Debt Fund  - DIRECT - IDCW,Aditya Birla Sun Life Mutual Fund,Open Ended Schemes,Debt Scheme - Banking and PSU Fund,2017-03-24,141.7796,2026-06-23T05:29:58.847318+00:00,https://api.mfapi.in/mf/119551
119551,SBI Bluechip,119551,Aditya Birla Sun Life Banking & PSU Debt Fund  - DIRECT - IDCW,Aditya Birla Sun Life Mutual Fund,Open Ended Schemes,Debt Scheme - Banking and PSU Fund,2017-03-23,141.7341,2026-06-23T05:29:58.847318+00:00,https://api.mfapi.in/mf/119551
119551,SBI Bluechip,119551,Aditya Birla Sun Life Banking & PSU Debt Fund  - DIRECT - IDCW,Aditya Birla Sun Life Mutual Fund,Open Ended Schemes,Debt Scheme - Banking and PSU Fund,2017-03-22,141.6441,2026-06-23T05:29:58.847318+00:00,https://api.mfapi.in/mf/119551
119551,SBI Bluechip,119551,Aditya Birla Sun Life Banking & PSU Debt Fund  - DIRECT - IDCW,Aditya Birla Sun Life Mutual Fund,Open Ended Schemes,Debt Scheme - Banking and PSU Fund,2017-03-21,141.1567,2026-06-23T05:29:58.847318+00:00,https://api.mfapi.in/mf/119551
119551,SBI Bluechip,119551,Aditya Birla Sun Life Banking & PSU Debt Fund  - DIRECT - IDCW,Aditya Birla Sun Life Mutual Fund,Open Ended Schemes,Debt Scheme - Banking and PSU Fund,2017-03-20,141.0427,2026-06-23T05:29:58.847318+00:00,https://api.mfapi.in/mf/119551
119551,SBI Bluechip,119551,Aditya Birla Sun Life Banking & PSU Debt Fund  - DIRECT - IDCW,Aditya Birla Sun Life Mutual Fund,Open Ended Schemes,Debt Scheme - Banking and PSU Fund,2017-03-17,141.0134,2026-06-23T05:29:58.847318+00:00,https://api.mfapi.in/mf/119551
119551,SBI Bluechip,119551,Aditya Birla Sun Life Banking & PSU Debt Fund  - DIRECT - IDCW,Aditya Birla Sun Life Mutual Fund,Open Ended Schemes,Debt Scheme - Banking and PSU Fund,2017-03-16,141.011,2026-06-23T05:29:58.847318+00:00,https://api.mfapi.in/mf/119551
119551,SBI Bluechip,119551,Aditya Birla Sun Life Banking & PSU Debt Fund  - DIRECT - IDCW,Aditya Birla Sun Life Mutual Fund,Open Ended Schemes,Debt Scheme - Banking and PSU Fund,2017-03-15,140.8803,2026-06-23T05:29:58.847318+00:00,https://api.mfapi.in/mf/119551
119551,SBI Bluechip,119551,Aditya Birla Sun Life Banking & PSU Debt Fund  - DIRECT - IDCW,Aditya Birla Sun Life Mutual Fund,Open Ended Schemes,Debt Scheme - Banking and PSU Fund,2017-03-14,140.4476,2026-06-23T05:29:58.847318+00:00,https://api.mfapi.in/mf/119551
119551,SBI Bluechip,119551,Aditya Birla Sun Life Banking & PSU Debt Fund  - DIRECT - IDCW,Aditya Birla Sun Life Mutual Fund,Open Ended Schemes,Debt Scheme - Banking and PSU Fund,2017-03-10,140.3602,2026-06-23T05:29:58.847318+00:00,https://api.mfapi.in/mf/119551
119551,SBI Bluechip,119551,Aditya Birla Sun Life Banking & PSU Debt Fund  - DIRECT - IDCW,Aditya Birla Sun Life Mutual Fund,Open Ended Schemes,Debt Scheme - Banking and PSU Fund,2017-03-09,140.5925,2026-06-23T05:29:58.847318+00:00,https://api.mfapi.in/mf/119551
119551,SBI Bluechip,119551,Aditya Birla Sun Life Banking & PSU Debt Fund  - DIRECT - IDCW,Aditya Birla Sun Life Mutual Fund,Open Ended Schemes,Debt Scheme - Banking and PSU Fund,2017-03-08,140.6217,2026-06-23T05:29:58.847318+00:00,https://api.mfapi.in/mf/119551
119551,SBI Bluechip,119551,Aditya Birla Sun Life Banking & PSU Debt Fund  - DIRECT - IDCW,Aditya Birla Sun Life Mutual Fund,Open Ended Schemes,Debt Scheme - Banking and PSU Fund,2017-03-07,140.6715,2026-06-23T05:29:58.847318+00:00,https://api.mfapi.in/mf/119551
119551,SBI Bluechip,119551,Aditya Birla Sun Life Banking & PSU Debt Fund  - DIRECT - IDCW,Aditya Birla Sun Life Mutual Fund,Open Ended Schemes,Debt Scheme - Banking and PSU Fund,2017-03-06,140.7214,2026-06-23T05:29:58.847318+00:00,https://api.mfapi.in/mf/119551
119551,SBI Bluechip,119551,Aditya Birla Sun Life Banking & PSU Debt Fund  - DIRECT - IDCW,Aditya Birla Sun Life Mutual Fund,Open Ended Schemes,Debt Scheme - Banking and PSU Fund,2017-03-03,140.8939,2026-06-23T05:29:58.847318+00:00,https://api.mfapi.in/mf/119551
119551,SBI Bluechip,119551,Aditya Birla Sun Life Banking & PSU Debt Fund  - DIRECT - IDCW,Aditya Birla Sun Life Mutual Fund,Open Ended Schemes,Debt Scheme - Banking and PSU Fund,2017-03-02,140.6931,2026-06-23T05:29:58.847318+00:00,https://api.mfapi.in/mf/119551
119551,SBI Bluechip,119551,Aditya Birla Sun Life Banking & PSU Debt Fund  - DIRECT - IDCW,Aditya Birla Sun Life Mutual Fund,Open Ended Schemes,Debt Scheme - Banking and PSU Fund,2017-03-01,140.6291,2026-06-23T05:29:58.847318+00:00,https://api.mfapi.in/mf/119551
119551,SBI Bluechip,119551,Aditya Birla Sun Life Banking & PSU Debt Fund  - DIRECT - IDCW,Aditya Birla Sun Life Mutual Fund,Open Ended Schemes,Debt Scheme - Banking and PSU Fund,2017-02-28,140.8785,2026-06-23T05:29:58.847318+00:00,https://api.mfapi.in/mf/119551
119551,SBI Bluechip,119551,Aditya Birla Sun Life Banking & PSU Debt Fund  - DIRECT - IDCW,Aditya Birla Sun Life Mutual Fund,Open Ended Schemes,Debt Scheme - Banking and PSU Fund,2017-02-27,140.8612,2026-06-23T05:29:58.847318+00:00,https://api.mfapi.in/mf/119551
119551,SBI Bluechip,119551,Aditya Birla Sun Life Banking & PSU Debt Fund  - DIRECT - IDCW,Aditya Birla Sun Life Mutual Fund,Open Ended Schemes,Debt Scheme - Banking and PSU Fund,2017-02-23,140.656,2026-06-23T05:29:58.847318+00:00,https://api.mfapi.in/mf/119551
119551,SBI Bluechip,119551,Aditya Birla Sun Life Banking & PSU Debt Fund  - DIRECT - IDCW,Aditya Birla Sun Life Mutual Fund,Open Ended Schemes,Debt Scheme - Banking and PSU Fund,2017-02-22,140.5482,2026-06-23T05:29:58.847318+00:00,https://api.mfapi.in/mf/119551
119551,SBI Bluechip,119551,Aditya Birla Sun Life Banking & PSU Debt Fund  - DIRECT - IDCW,Aditya Birla Sun Life Mutual Fund,Open Ended Schemes,Debt Scheme - Banking and PSU Fund,2017-02-20,140.7201,2026-06-23T05:29:58.847318+00:00,https://api.mfapi.in/mf/119551
119551,SBI Bluechip,119551,Aditya Birla Sun Life Banking & PSU Debt Fund  - DIRECT - IDCW,Aditya Birla Sun Life Mutual Fund,Open Ended Schemes,Debt Scheme - Banking and PSU Fund,2017-02-17,140.8544,2026-06-23T05:29:58.847318+00:00,https://api.mfapi.in/mf/119551
119551,SBI Bluechip,119551,Aditya Birla Sun Life Banking & PSU Debt Fund  - DIRECT - IDCW,Aditya Birla Sun Life Mutual Fund,Open Ended Schemes,Debt Scheme - Banking and PSU Fund,2017-02-16,140.855,2026-06-23T05:29:58.847318+00:00,https://api.mfapi.in/mf/119551
119551,SBI Bluechip,119551,Aditya Birla Sun Life Banking & PSU Debt Fund  - DIRECT - IDCW,Aditya Birla Sun Life Mutual Fund,Open Ended Schemes,Debt Scheme - Banking and PSU Fund,2017-02-15,140.7425,2026-06-23T05:29:58.847318+00:00,https://api.mfapi.in/mf/119551
119551,SBI Bluechip,119551,Aditya Birla Sun Life Banking & PSU Debt Fund  - DIRECT - IDCW,Aditya Birla Sun Life Mutual Fund,Open Ended Schemes,Debt Scheme - Banking and PSU Fund,2017-02-14,140.6769,2026-06-23T05:29:58.847318+00:00,https://api.mfapi.in/mf/119551
119551,SBI Bluechip,119551,Aditya Birla Sun Life Banking & PSU Debt Fund  - DIRECT - IDCW,Aditya Birla Sun Life Mutual Fund,Open Ended Schemes,Debt Scheme - Banking and PSU Fund,2017-02-13,140.7741,2026-06-23T05:29:58.847318+00:00,https://api.mfapi.in/mf/119551
119551,SBI Bluechip,119551,Aditya Birla Sun Life Banking & PSU Debt Fund  - DIRECT - IDCW,Aditya Birla Sun Life Mutual Fund,Open Ended Schemes,Debt Scheme - Banking and PSU Fund,2017-02-10,140.6958,2026-06-23T05:29:58.847318+00:00,https://api.mfapi.in/mf/119551
119551,SBI Bluechip,119551,Aditya Birla Sun Life Banking & PSU Debt Fund  - DIRECT - IDCW,Aditya Birla Sun Life Mutual Fund,Open Ended Schemes,Debt Scheme - Banking and PSU Fund,2017-02-09,140.3961,2026-06-23T05:29:58.847318+00:00,https://api.mfapi.in/mf/119551
119551,SBI Bluechip,119551,Aditya Birla Sun Life Banking & PSU Debt Fund  - DIRECT - IDCW,Aditya Birla Sun Life Mutual Fund,Open Ended Schemes,Debt Scheme - Banking and PSU Fund,2017-02-08,141.0498,2026-06-23T05:29:58.847318+00:00,https://api.mfapi.in/mf/119551
119551,SBI Bluechip,119551,Aditya Birla Sun Life Banking & PSU Debt Fund  - DIRECT - IDCW,Aditya Birla Sun Life Mutual Fund,Open Ended Schemes,Debt Scheme - Banking and PSU Fund,2017-02-07,142.8426,2026-06-23T05:29:58.847318+00:00,https://api.mfapi.in/mf/119551
119551,SBI Bluechip,119551,Aditya Birla Sun Life Banking & PSU Debt Fund  - DIRECT - IDCW,Aditya Birla Sun Life Mutual Fund,Open Ended Schemes,Debt Scheme - Banking and PSU Fund,2017-02-06,142.8673,2026-06-23T05:29:58.847318+00:00,https://api.mfapi.in/mf/119551
119551,SBI Bluechip,119551,Aditya Birla Sun Life Banking & PSU Debt Fund  - DIRECT - IDCW,Aditya Birla Sun Life Mutual Fund,Open Ended Schemes,Debt Scheme - Banking and PSU Fund,2017-02-03,142.8411,2026-06-23T05:29:58.847318+00:00,https://api.mfapi.in/mf/119551
119551,SBI Bluechip,119551,Aditya Birla Sun Life Banking & PSU Debt Fund  - DIRECT - IDCW,Aditya Birla Sun Life Mutual Fund,Open Ended Schemes,Debt Scheme - Banking and PSU Fund,2017-02-02,142.8498,2026-06-23T05:29:58.847318+00:00,https://api.mfapi.in/mf/119551
119551,SBI Bluechip,119551,Aditya Birla Sun Life Banking & PSU Debt Fund  - DIRECT - IDCW,Aditya Birla Sun Life Mutual Fund,Open Ended Schemes,Debt Scheme - Banking and PSU Fund,2017-02-01,142.708,2026-06-23T05:29:58.847318+00:00,https://api.mfapi.in/mf/119551
119551,SBI Bluechip,119551,Aditya Birla Sun Life Banking & PSU Debt Fund  - DIRECT - IDCW,Aditya Birla Sun Life Mutual Fund,Open Ended Schemes,Debt Scheme - Banking and PSU Fund,2017-01-31,142.6513,2026-06-23T05:29:58.847318+00:00,https://api.mfapi.in/mf/119551
119551,SBI Bluechip,119551,Aditya Birla Sun Life Banking & PSU Debt Fund  - DIRECT - IDCW,Aditya Birla Sun Life Mutual Fund,Open Ended Schemes,Debt Scheme - Banking and PSU Fund,2017-01-30,142.6424,2026-06-23T05:29:58.847318+00:00,https://api.mfapi.in/mf/119551
119551,SBI Bluechip,119551,Aditya Birla Sun Life Banking & PSU Debt Fund  - DIRECT - IDCW,Aditya Birla Sun Life Mutual Fund,Open Ended Schemes,Debt Scheme - Banking and PSU Fund,2017-01-27,142.5803,2026-06-23T05:29:58.847318+00:00,https://api.mfapi.in/mf/119551
119551,SBI Bluechip,119551,Aditya Birla Sun Life Banking & PSU Debt Fund  - DIRECT - IDCW,Aditya Birla Sun Life Mutual Fund,Open Ended Schemes,Debt Scheme - Banking and PSU Fund,2017-01-25,142.5021,2026-06-23T05:29:58.847318+00:00,https://api.mfapi.in/mf/119551
119551,SBI Bluechip,119551,Aditya Birla Sun Life Banking & PSU Debt Fund  - DIRECT - IDCW,Aditya Birla Sun Life Mutual Fund,Open Ended Schemes,Debt Scheme - Banking and PSU Fund,2017-01-24,142.4236,2026-06-23T05:29:58.847318+00:00,https://api.mfapi.in/mf/119551
119551,SBI Bluechip,119551,Aditya Birla Sun Life Banking & PSU Debt Fund  - DIRECT - IDCW,Aditya Birla Sun Life Mutual Fund,Open Ended Schemes,Debt Scheme - Banking and PSU Fund,2017-01-23,142.362,2026-06-23T05:29:58.847318+00:00,https://api.mfapi.in/mf/119551
119551,SBI Bluechip,119551,Aditya Birla Sun Life Banking & PSU Debt Fund  - DIRECT - IDCW,Aditya Birla Sun Life Mutual Fund,Open Ended Schemes,Debt Scheme - Banking and PSU Fund,2017-01-20,142.294,2026-06-23T05:29:58.847318+00:00,https://api.mfapi.in/mf/119551
119551,SBI Bluechip,119551,Aditya Birla Sun Life Banking & PSU Debt Fund  - DIRECT - IDCW,Aditya Birla Sun Life Mutual Fund,Open Ended Schemes,Debt Scheme - Banking and PSU Fund,2017-01-19,142.2584,2026-06-23T05:29:58.847318+00:00,https://api.mfapi.in/mf/119551
119551,SBI Bluechip,119551,Aditya Birla Sun Life Banking & PSU Debt Fund  - DIRECT - IDCW,Aditya Birla Sun Life Mutual Fund,Open Ended Schemes,Debt Scheme - Banking and PSU Fund,2017-01-18,142.3467,2026-06-23T05:29:58.847318+00:00,https://api.mfapi.in/mf/119551
119551,SBI Bluechip,119551,Aditya Birla Sun Life Banking & PSU Debt Fund  - DIRECT - IDCW,Aditya Birla Sun Life Mutual Fund,Open Ended Schemes,Debt Scheme - Banking and PSU Fund,2017-01-17,142.4058,2026-06-23T05:29:58.847318+00:00,https://api.mfapi.in/mf/119551
119551,SBI Bluechip,119551,Aditya Birla Sun Life Banking & PSU Debt Fund  - DIRECT - IDCW,Aditya Birla Sun Life Mutual Fund,Open Ended Schemes,Debt Scheme - Banking and PSU Fund,2017-01-16,142.3247,2026-06-23T05:29:58.847318+00:00,https://api.mfapi.in/mf/119551
119551,SBI Bluechip,119551,Aditya Birla Sun Life Banking & PSU Debt Fund  - DIRECT - IDCW,Aditya Birla Sun Life Mutual Fund,Open Ended Schemes,Debt Scheme - Banking and PSU Fund,2017-01-13,142.3455,2026-06-23T05:29:58.847318+00:00,https://api.mfapi.in/mf/119551
119551,SBI Bluechip,119551,Aditya Birla Sun Life Banking & PSU Debt Fund  - DIRECT - IDCW,Aditya Birla Sun Life Mutual Fund,Open Ended Schemes,Debt Scheme - Banking and PSU Fund,2017-01-12,142.4383,2026-06-23T05:29:58.847318+00:00,https://api.mfapi.in/mf/119551
119551,SBI Bluechip,119551,Aditya Birla Sun Life Banking & PSU Debt Fund  - DIRECT - IDCW,Aditya Birla Sun Life Mutual Fund,Open Ended Schemes,Debt Scheme - Banking and PSU Fund,2017-01-11,142.2559,2026-06-23T05:29:58.847318+00:00,https://api.mfapi.in/mf/119551
119551,SBI Bluechip,119551,Aditya Birla Sun Life Banking & PSU Debt Fund  - DIRECT - IDCW,Aditya Birla Sun Life Mutual Fund,Open Ended Schemes,Debt Scheme - Banking and PSU Fund,2017-01-10,142.2226,2026-06-23T05:29:58.847318+00:00,https://api.mfapi.in/mf/119551
119551,SBI Bluechip,119551,Aditya Birla Sun Life Banking & PSU Debt Fund  - DIRECT - IDCW,Aditya Birla Sun Life Mutual Fund,Open Ended Schemes,Debt Scheme - Banking and PSU Fund,2017-01-09,142.1957,2026-06-23T05:29:58.847318+00:00,https://api.mfapi.in/mf/119551
119551,SBI Bluechip,119551,Aditya Birla Sun Life Banking & PSU Debt Fund  - DIRECT - IDCW,Aditya Birla Sun Life Mutual Fund,Open Ended Schemes,Debt Scheme - Banking and PSU Fund,2017-01-06,142.1645,2026-06-23T05:29:58.847318+00:00,https://api.mfapi.in/mf/119551
119551,SBI Bluechip,119551,Aditya Birla Sun Life Banking & PSU Debt Fund  - DIRECT - IDCW,Aditya Birla Sun Life Mutual Fund,Open Ended Schemes,Debt Scheme - Banking and PSU Fund,2017-01-05,142.1662,2026-06-23T05:29:58.847318+00:00,https://api.mfapi.in/mf/119551
119551,SBI Bluechip,119551,Aditya Birla Sun Life Banking & PSU Debt Fund  - DIRECT - IDCW,Aditya Birla Sun Life Mutual Fund,Open Ended Schemes,Debt Scheme - Banking and PSU Fund,2017-01-04,142.1884,2026-06-23T05:29:58.847318+00:00,https://api.mfapi.in/mf/119551
119551,SBI Bluechip,119551,Aditya Birla Sun Life Banking & PSU Debt Fund  - DIRECT - IDCW,Aditya Birla Sun Life Mutual Fund,Open Ended Schemes,Debt Scheme - Banking and PSU Fund,2017-01-03,141.8637,2026-06-23T05:29:58.847318+00:00,https://api.mfapi.in/mf/119551
119551,SBI Bluechip,119551,Aditya Birla Sun Life Banking & PSU Debt Fund  - DIRECT - IDCW,Aditya Birla Sun Life Mutual Fund,Open Ended Schemes,Debt Scheme - Banking and PSU Fund,2017-01-02,142.0128,2026-06-23T05:29:58.847318+00:00,https://api.mfapi.in/mf/119551
119551,SBI Bluechip,119551,Aditya Birla Sun Life Banking & PSU Debt Fund  - DIRECT - IDCW,Aditya Birla Sun Life Mutual Fund,Open Ended Schemes,Debt Scheme - Banking and PSU Fund,2016-12-30,141.0653,2026-06-23T05:29:58.847318+00:00,https://api.mfapi.in/mf/119551
119551,SBI Bluechip,119551,Aditya Birla Sun Life Banking & PSU Debt Fund  - DIRECT - IDCW,Aditya Birla Sun Life Mutual Fund,Open Ended Schemes,Debt Scheme - Banking and PSU Fund,2016-12-29,140.8539,2026-06-23T05:29:58.847318+00:00,https://api.mfapi.in/mf/119551
119551,SBI Bluechip,119551,Aditya Birla Sun Life Banking & PSU Debt Fund  - DIRECT - IDCW,Aditya Birla Sun Life Mutual Fund,Open Ended Schemes,Debt Scheme - Banking and PSU Fund,2016-12-28,140.4799,2026-06-23T05:29:58.847318+00:00,https://api.mfapi.in/mf/119551
119551,SBI Bluechip,119551,Aditya Birla Sun Life Banking & PSU Debt Fund  - DIRECT - IDCW,Aditya Birla Sun Life Mutual Fund,Open Ended Schemes,Debt Scheme - Banking and PSU Fund,2016-12-27,140.4635,2026-06-23T05:29:58.847318+00:00,https://api.mfapi.in/mf/119551
119551,SBI Bluechip,119551,Aditya Birla Sun Life Banking & PSU Debt Fund  - DIRECT - IDCW,Aditya Birla Sun Life Mutual Fund,Open Ended Schemes,Debt Scheme - Banking and PSU Fund,2016-12-26,140.5763,2026-06-23T05:29:58.847318+00:00,https://api.mfapi.in/mf/119551
119551,SBI Bluechip,119551,Aditya Birla Sun Life Banking & PSU Debt Fund  - DIRECT - IDCW,Aditya Birla Sun Life Mutual Fund,Open Ended Schemes,Debt Scheme - Banking and PSU Fund,2016-12-23,140.754,2026-06-23T05:29:58.847318+00:00,https://api.mfapi.in/mf/119551
119551,SBI Bluechip,119551,Aditya Birla Sun Life Banking & PSU Debt Fund  - DIRECT - IDCW,Aditya Birla Sun Life Mutual Fund,Open Ended Schemes,Debt Scheme - Banking and PSU Fund,2016-12-22,140.8922,2026-06-23T05:29:58.847318+00:00,https://api.mfapi.in/mf/119551
119551,SBI Bluechip,119551,Aditya Birla Sun Life Banking & PSU Debt Fund  - DIRECT - IDCW,Aditya Birla Sun Life Mutual Fund,Open Ended Schemes,Debt Scheme - Banking and PSU Fund,2016-12-21,141.1187,2026-06-23T05:29:58.847318+00:00,https://api.mfapi.in/mf/119551
119551,SBI Bluechip,119551,Aditya Birla Sun Life Banking & PSU Debt Fund  - DIRECT - IDCW,Aditya Birla Sun Life Mutual Fund,Open Ended Schemes,Debt Scheme - Banking and PSU Fund,2016-12-20,141.0514,2026-06-23T05:29:58.847318+00:00,https://api.mfapi.in/mf/119551
119551,SBI Bluechip,119551,Aditya Birla Sun Life Banking & PSU Debt Fund  - DIRECT - IDCW,Aditya Birla Sun Life Mutual Fund,Open Ended Schemes,Debt Scheme - Banking and PSU Fund,2016-12-19,140.9731,2026-06-23T05:29:58.847318+00:00,https://api.mfapi.in/mf/119551
119551,SBI Bluechip,119551,Aditya Birla Sun Life Banking & PSU Debt Fund  - DIRECT - IDCW,Aditya Birla Sun Life Mutual Fund,Open Ended Schemes,Debt Scheme - Banking and PSU Fund,2016-12-16,140.9144,2026-06-23T05:29:58.847318+00:00,https://api.mfapi.in/mf/119551
119551,SBI Bluechip,119551,Aditya Birla Sun Life Banking & PSU Debt Fund  - DIRECT - IDCW,Aditya Birla Sun Life Mutual Fund,Open Ended Schemes,Debt Scheme - Banking and PSU Fund,2016-12-15,140.9543,2026-06-23T05:29:58.847318+00:00,https://api.mfapi.in/mf/119551
119551,SBI Bluechip,119551,Aditya Birla Sun Life Banking & PSU Debt Fund  - DIRECT - IDCW,Aditya Birla Sun Life Mutual Fund,Open Ended Schemes,Debt Scheme - Banking and PSU Fund,2016-12-14,141.4995,2026-06-23T05:29:58.847318+00:00,https://api.mfapi.in/mf/119551
119551,SBI Bluechip,119551,Aditya Birla Sun Life Banking & PSU Debt Fund  - DIRECT - IDCW,Aditya Birla Sun Life Mutual Fund,Open Ended Schemes,Debt Scheme - Banking and PSU Fund,2016-12-13,141.4149,2026-06-23T05:29:58.847318+00:00,https://api.mfapi.in/mf/119551
119551,SBI Bluechip,119551,Aditya Birla Sun Life Banking & PSU Debt Fund  - DIRECT - IDCW,Aditya Birla Sun Life Mutual Fund,Open Ended Schemes,Debt Scheme - Banking and PSU Fund,2016-12-09,141.2674,2026-06-23T05:29:58.847318+00:00,https://api.mfapi.in/mf/119551
119551,SBI Bluechip,119551,Aditya Birla Sun Life Banking & PSU Debt Fund  - DIRECT - IDCW,Aditya Birla Sun Life Mutual Fund,Open Ended Schemes,Debt Scheme - Banking and PSU Fund,2016-12-08,141.328,2026-06-23T05:29:58.847318+00:00,https://api.mfapi.in/mf/119551
119551,SBI Bluechip,119551,Aditya Birla Sun Life Banking & PSU Debt Fund  - DIRECT - IDCW,Aditya Birla Sun Life Mutual Fund,Open Ended Schemes,Debt Scheme - Banking and PSU Fund,2016-12-07,141.4759,2026-06-23T05:29:58.847318+00:00,https://api.mfapi.in/mf/119551
119551,SBI Bluechip,119551,Aditya Birla Sun Life Banking & PSU Debt Fund  - DIRECT - IDCW,Aditya Birla Sun Life Mutual Fund,Open Ended Schemes,Debt Scheme - Banking and PSU Fund,2016-12-06,142.7747,2026-06-23T05:29:58.847318+00:00,https://api.mfapi.in/mf/119551
119551,SBI Bluechip,119551,Aditya Birla Sun Life Banking & PSU Debt Fund  - DIRECT - IDCW,Aditya Birla Sun Life Mutual Fund,Open Ended Schemes,Debt Scheme - Banking and PSU Fund,2016-12-05,142.6727,2026-06-23T05:29:58.847318+00:00,https://api.mfapi.in/mf/119551
119551,SBI Bluechip,119551,Aditya Birla Sun Life Banking & PSU Debt Fund  - DIRECT - IDCW,Aditya Birla Sun Life Mutual Fund,Open Ended Schemes,Debt Scheme - Banking and PSU Fund,2016-12-02,142.5539,2026-06-23T05:29:58.847318+00:00,https://api.mfapi.in/mf/119551
119551,SBI Bluechip,119551,Aditya Birla Sun Life Banking & PSU Debt Fund  - DIRECT - IDCW,Aditya Birla Sun Life Mutual Fund,Open Ended Schemes,Debt Scheme - Banking and PSU Fund,2016-12-01,142.6678,2026-06-23T05:29:58.847318+00:00,https://api.mfapi.in/mf/119551
119551,SBI Bluechip,119551,Aditya Birla Sun Life Banking & PSU Debt Fund  - DIRECT - IDCW,Aditya Birla Sun Life Mutual Fund,Open Ended Schemes,Debt Scheme - Banking and PSU Fund,2016-11-30,142.5417,2026-06-23T05:29:58.847318+00:00,https://api.mfapi.in/mf/119551
119551,SBI Bluechip,119551,Aditya Birla Sun Life Banking & PSU Debt Fund  - DIRECT - IDCW,Aditya Birla Sun Life Mutual Fund,Open Ended Schemes,Debt Scheme - Banking and PSU Fund,2016-11-29,142.2212,2026-06-23T05:29:58.847318+00:00,https://api.mfapi.in/mf/119551
119551,SBI Bluechip,119551,Aditya Birla Sun Life Banking & PSU Debt Fund  - DIRECT - IDCW,Aditya Birla Sun Life Mutual Fund,Open Ended Schemes,Debt Scheme - Banking and PSU Fund,2016-11-28,142.3286,2026-06-23T05:29:58.847318+00:00,https://api.mfapi.in/mf/119551
119551,SBI Bluechip,119551,Aditya Birla Sun Life Banking & PSU Debt Fund  - DIRECT - IDCW,Aditya Birla Sun Life Mutual Fund,Open Ended Schemes,Debt Scheme - Banking and PSU Fund,2016-11-25,142.7966,2026-06-23T05:29:58.847318+00:00,https://api.mfapi.in/mf/119551
119551,SBI Bluechip,119551,Aditya Birla Sun Life Banking & PSU Debt Fund  - DIRECT - IDCW,Aditya Birla Sun Life Mutual Fund,Open Ended Schemes,Debt Scheme - Banking and PSU Fund,2016-11-24,142.9418,2026-06-23T05:29:58.847318+00:00,https://api.mfapi.in/mf/119551
119551,SBI Bluechip,119551,Aditya Birla Sun Life Banking & PSU Debt Fund  - DIRECT - IDCW,Aditya Birla Sun Life Mutual Fund,Open Ended Schemes,Debt Scheme - Banking and PSU Fund,2016-11-23,142.3794,2026-06-23T05:29:58.847318+00:00,https://api.mfapi.in/mf/119551
119551,SBI Bluechip,119551,Aditya Birla Sun Life Banking & PSU Debt Fund  - DIRECT - IDCW,Aditya Birla Sun Life Mutual Fund,Open Ended Schemes,Debt Scheme - Banking and PSU Fund,2016-11-22,142.0614,2026-06-23T05:29:58.847318+00:00,https://api.mfapi.in/mf/119551
119551,SBI Bluechip,119551,Aditya Birla Sun Life Banking & PSU Debt Fund  - DIRECT - IDCW,Aditya Birla Sun Life Mutual Fund,Open Ended Schemes,Debt Scheme - Banking and PSU Fund,2016-11-21,142.0013,2026-06-23T05:29:58.847318+00:00,https://api.mfapi.in/mf/119551
119551,SBI Bluechip,119551,Aditya Birla Sun Life Banking & PSU Debt Fund  - DIRECT - IDCW,Aditya Birla Sun Life Mutual Fund,Open Ended Schemes,Debt Scheme - Banking and PSU Fund,2016-11-18,141.2116,2026-06-23T05:29:58.847318+00:00,https://api.mfapi.in/mf/119551
119551,SBI Bluechip,119551,Aditya Birla Sun Life Banking & PSU Debt Fund  - DIRECT - IDCW,Aditya Birla Sun Life Mutual Fund,Open Ended Schemes,Debt Scheme - Banking and PSU Fund,2016-11-17,141.2957,2026-06-23T05:29:58.847318+00:00,https://api.mfapi.in/mf/119551
119551,SBI Bluechip,119551,Aditya Birla Sun Life Banking & PSU Debt Fund  - DIRECT - IDCW,Aditya Birla Sun Life Mutual Fund,Open Ended Schemes,Debt Scheme - Banking and PSU Fund,2016-11-16,141.2151,2026-06-23T05:29:58.847318+00:00,https://api.mfapi.in/mf/119551
119551,SBI Bluechip,119551,Aditya Birla Sun Life Banking & PSU Debt Fund  - DIRECT - IDCW,Aditya Birla Sun Life Mutual Fund,Open Ended Schemes,Debt Scheme - Banking and PSU Fund,2016-11-15,140.6312,2026-06-23T05:29:58.847318+00:00,https://api.mfapi.in/mf/119551
119551,SBI Bluechip,119551,Aditya Birla Sun Life Banking & PSU Debt Fund  - DIRECT - IDCW,Aditya Birla Sun Life Mutual Fund,Open Ended Schemes,Debt Scheme - Banking and PSU Fund,2016-11-11,139.5813,2026-06-23T05:29:58.847318+00:00,https://api.mfapi.in/mf/119551
119551,SBI Bluechip,119551,Aditya Birla Sun Life Banking & PSU Debt Fund  - DIRECT - IDCW,Aditya Birla Sun Life Mutual Fund,Open Ended Schemes,Debt Scheme - Banking and PSU Fund,2016-11-10,139.7669,2026-06-23T05:29:58.847318+00:00,https://api.mfapi.in/mf/119551
119551,SBI Bluechip,119551,Aditya Birla Sun Life Banking & PSU Debt Fund  - DIRECT - IDCW,Aditya Birla Sun Life Mutual Fund,Open Ended Schemes,Debt Scheme - Banking and PSU Fund,2016-11-09,139.5353,2026-06-23T05:29:58.847318+00:00,https://api.mfapi.in/mf/119551
119551,SBI Bluechip,119551,Aditya Birla Sun Life Banking & PSU Debt Fund  - DIRECT - IDCW,Aditya Birla Sun Life Mutual Fund,Open Ended Schemes,Debt Scheme - Banking and PSU Fund,2016-11-08,139.0289,2026-06-23T05:29:58.847318+00:00,https://api.mfapi.in/mf/119551
119551,SBI Bluechip,119551,Aditya Birla Sun Life Banking & PSU Debt Fund  - DIRECT - IDCW,Aditya Birla Sun Life Mutual Fund,Open Ended Schemes,Debt Scheme - Banking and PSU Fund,2016-11-07,138.9342,2026-06-23T05:29:58.847318+00:00,https://api.mfapi.in/mf/119551
119551,SBI Bluechip,119551,Aditya Birla Sun Life Banking & PSU Debt Fund  - DIRECT - IDCW,Aditya Birla Sun Life Mutual Fund,Open Ended Schemes,Debt Scheme - Banking and PSU Fund,2016-11-04,138.8435,2026-06-23T05:29:58.847318+00:00,https://api.mfapi.in/mf/119551
119551,SBI Bluechip,119551,Aditya Birla Sun Life Banking & PSU Debt Fund  - DIRECT - IDCW,Aditya Birla Sun Life Mutual Fund,Open Ended Schemes,Debt Scheme - Banking and PSU Fund,2016-11-03,138.9047,2026-06-23T05:29:58.847318+00:00,https://api.mfapi.in/mf/119551
119551,SBI Bluechip,119551,Aditya Birla Sun Life Banking & PSU Debt Fund  - DIRECT - IDCW,Aditya Birla Sun Life Mutual Fund,Open Ended Schemes,Debt Scheme - Banking and PSU Fund,2016-11-02,138.9201,2026-06-23T05:29:58.847318+00:00,https://api.mfapi.in/mf/119551
119551,SBI Bluechip,119551,Aditya Birla Sun Life Banking & PSU Debt Fund  - DIRECT - IDCW,Aditya Birla Sun Life Mutual Fund,Open Ended Schemes,Debt Scheme - Banking and PSU Fund,2016-11-01,138.9285,2026-06-23T05:29:58.847318+00:00,https://api.mfapi.in/mf/119551
119551,SBI Bluechip,119551,Aditya Birla Sun Life Banking & PSU Debt Fund  - DIRECT - IDCW,Aditya Birla Sun Life Mutual Fund,Open Ended Schemes,Debt Scheme - Banking and PSU Fund,2016-10-28,138.9002,2026-06-23T05:29:58.847318+00:00,https://api.mfapi.in/mf/119551
119551,SBI Bluechip,119551,Aditya Birla Sun Life Banking & PSU Debt Fund  - DIRECT - IDCW,Aditya Birla Sun Life Mutual Fund,Open Ended Schemes,Debt Scheme - Banking and PSU Fund,2016-10-27,138.8932,2026-06-23T05:29:58.847318+00:00,https://api.mfapi.in/mf/119551
119551,SBI Bluechip,119551,Aditya Birla Sun Life Banking & PSU Debt Fund  - DIRECT - IDCW,Aditya Birla Sun Life Mutual Fund,Open Ended Schemes,Debt Scheme - Banking and PSU Fund,2016-10-26,138.9324,2026-06-23T05:29:58.847318+00:00,https://api.mfapi.in/mf/119551
119551,SBI Bluechip,119551,Aditya Birla Sun Life Banking & PSU Debt Fund  - DIRECT - IDCW,Aditya Birla Sun Life Mutual Fund,Open Ended Schemes,Debt Scheme - Banking and PSU Fund,2016-10-25,138.917,2026-06-23T05:29:58.847318+00:00,https://api.mfapi.in/mf/119551
119551,SBI Bluechip,119551,Aditya Birla Sun Life Banking & PSU Debt Fund  - DIRECT - IDCW,Aditya Birla Sun Life Mutual Fund,Open Ended Schemes,Debt Scheme - Banking and PSU Fund,2016-10-24,138.9892,2026-06-23T05:29:58.847318+00:00,https://api.mfapi.in/mf/119551
119551,SBI Bluechip,119551,Aditya Birla Sun Life Banking & PSU Debt Fund  - DIRECT - IDCW,Aditya Birla Sun Life Mutual Fund,Open Ended Schemes,Debt Scheme - Banking and PSU Fund,2016-10-21,138.9252,2026-06-23T05:29:58.847318+00:00,https://api.mfapi.in/mf/119551
119551,SBI Bluechip,119551,Aditya Birla Sun Life Banking & PSU Debt Fund  - DIRECT - IDCW,Aditya Birla Sun Life Mutual Fund,Open Ended Schemes,Debt Scheme - Banking and PSU Fund,2016-10-20,138.92,2026-06-23T05:29:58.847318+00:00,https://api.mfapi.in/mf/119551
119551,SBI Bluechip,119551,Aditya Birla Sun Life Banking & PSU Debt Fund  - DIRECT - IDCW,Aditya Birla Sun Life Mutual Fund,Open Ended Schemes,Debt Scheme - Banking and PSU Fund,2016-10-19,138.9686,2026-06-23T05:29:58.847318+00:00,https://api.mfapi.in/mf/119551
119551,SBI Bluechip,119551,Aditya Birla Sun Life Banking & PSU Debt Fund  - DIRECT - IDCW,Aditya Birla Sun Life Mutual Fund,Open Ended Schemes,Debt Scheme - Banking and PSU Fund,2016-10-18,138.9771,2026-06-23T05:29:58.847318+00:00,https://api.mfapi.in/mf/119551
119551,SBI Bluechip,119551,Aditya Birla Sun Life Banking & PSU Debt Fund  - DIRECT - IDCW,Aditya Birla Sun Life Mutual Fund,Open Ended Schemes,Debt Scheme - Banking and PSU Fund,2016-10-17,138.8696,2026-06-23T05:29:58.847318+00:00,https://api.mfapi.in/mf/119551
119551,SBI Bluechip,119551,Aditya Birla Sun Life Banking & PSU Debt Fund  - DIRECT - IDCW,Aditya Birla Sun Life Mutual Fund,Open Ended Schemes,Debt Scheme - Banking and PSU Fund,2016-10-14,138.8584,2026-06-23T05:29:58.847318+00:00,https://api.mfapi.in/mf/119551
119551,SBI Bluechip,119551,Aditya Birla Sun Life Banking & PSU Debt Fund  - DIRECT - IDCW,Aditya Birla Sun Life Mutual Fund,Open Ended Schemes,Debt Scheme - Banking and PSU Fund,2016-10-13,138.9711,2026-06-23T05:29:58.847318+00:00,https://api.mfapi.in/mf/119551
119551,SBI Bluechip,119551,Aditya Birla Sun Life Banking & PSU Debt Fund  - DIRECT - IDCW,Aditya Birla Sun Life Mutual Fund,Open Ended Schemes,Debt Scheme - Banking and PSU Fund,2016-10-10,139.0035,2026-06-23T05:29:58.847318+00:00,https://api.mfapi.in/mf/119551
119551,SBI Bluechip,119551,Aditya Birla Sun Life Banking & PSU Debt Fund  - DIRECT - IDCW,Aditya Birla Sun Life Mutual Fund,Open Ended Schemes,Debt Scheme - Banking and PSU Fund,2016-10-07,138.7764,2026-06-23T05:29:58.847318+00:00,https://api.mfapi.in/mf/119551
119551,SBI Bluechip,119551,Aditya Birla Sun Life Banking & PSU Debt Fund  - DIRECT - IDCW,Aditya Birla Sun Life Mutual Fund,Open Ended Schemes,Debt Scheme - Banking and PSU Fund,2016-10-06,138.8924,2026-06-23T05:29:58.847318+00:00,https://api.mfapi.in/mf/119551
119551,SBI Bluechip,119551,Aditya Birla Sun Life Banking & PSU Debt Fund  - DIRECT - IDCW,Aditya Birla Sun Life Mutual Fund,Open Ended Schemes,Debt Scheme - Banking and PSU Fund,2016-10-05,138.9268,2026-06-23T05:29:58.847318+00:00,https://api.mfapi.in/mf/119551
119551,SBI Bluechip,119551,Aditya Birla Sun Life Banking & PSU Debt Fund  - DIRECT - IDCW,Aditya Birla Sun Life Mutual Fund,Open Ended Schemes,Debt Scheme - Banking and PSU Fund,2016-10-04,138.5007,2026-06-23T05:29:58.847318+00:00,https://api.mfapi.in/mf/119551
119551,SBI Bluechip,119551,Aditya Birla Sun Life Banking & PSU Debt Fund  - DIRECT - IDCW,Aditya Birla Sun Life Mutual Fund,Open Ended Schemes,Debt Scheme - Banking and PSU Fund,2016-10-03,138.2415,2026-06-23T05:29:58.847318+00:00,https://api.mfapi.in/mf/119551
119551,SBI Bluechip,119551,Aditya Birla Sun Life Banking & PSU Debt Fund  - DIRECT - IDCW,Aditya Birla Sun Life Mutual Fund,Open Ended Schemes,Debt Scheme - Banking and PSU Fund,2016-09-30,137.8665,2026-06-23T05:29:58.847318+00:00,https://api.mfapi.in/mf/119551
119551,SBI Bluechip,119551,Aditya Birla Sun Life Banking & PSU Debt Fund  - DIRECT - IDCW,Aditya Birla Sun Life Mutual Fund,Open Ended Schemes,Debt Scheme - Banking and PSU Fund,2016-09-29,137.7307,2026-06-23T05:29:58.847318+00:00,https://api.mfapi.in/mf/119551
119551,SBI Bluechip,119551,Aditya Birla Sun Life Banking & PSU Debt Fund  - DIRECT - IDCW,Aditya Birla Sun Life Mutual Fund,Open Ended Schemes,Debt Scheme - Banking and PSU Fund,2016-09-28,138.0284,2026-06-23T05:29:58.847318+00:00,https://api.mfapi.in/mf/119551
119551,SBI Bluechip,119551,Aditya Birla Sun Life Banking & PSU Debt Fund  - DIRECT - IDCW,Aditya Birla Sun Life Mutual Fund,Open Ended Schemes,Debt Scheme - Banking and PSU Fund,2016-09-27,137.947,2026-06-23T05:29:58.847318+00:00,https://api.mfapi.in/mf/119551
119551,SBI Bluechip,119551,Aditya Birla Sun Life Banking & PSU Debt Fund  - DIRECT - IDCW,Aditya Birla Sun Life Mutual Fund,Open Ended Schemes,Debt Scheme - Banking and PSU Fund,2016-09-26,137.8324,2026-06-23T05:29:58.847318+00:00,https://api.mfapi.in/mf/119551
119551,SBI Bluechip,119551,Aditya Birla Sun Life Banking & PSU Debt Fund  - DIRECT - IDCW,Aditya Birla Sun Life Mutual Fund,Open Ended Schemes,Debt Scheme - Banking and PSU Fund,2016-09-23,137.5601,2026-06-23T05:29:58.847318+00:00,https://api.mfapi.in/mf/119551
119551,SBI Bluechip,119551,Aditya Birla Sun Life Banking & PSU Debt Fund  - DIRECT - IDCW,Aditya Birla Sun Life Mutual Fund,Open Ended Schemes,Debt Scheme - Banking and PSU Fund,2016-09-22,137.4241,2026-06-23T05:29:58.847318+00:00,https://api.mfapi.in/mf/119551
119551,SBI Bluechip,119551,Aditya Birla Sun Life Banking & PSU Debt Fund  - DIRECT - IDCW,Aditya Birla Sun Life Mutual Fund,Open Ended Schemes,Debt Scheme - Banking and PSU Fund,2016-09-21,137.097,2026-06-23T05:29:58.847318+00:00,https://api.mfapi.in/mf/119551
119551,SBI Bluechip,119551,Aditya Birla Sun Life Banking & PSU Debt Fund  - DIRECT - IDCW,Aditya Birla Sun Life Mutual Fund,Open Ended Schemes,Debt Scheme - Banking and PSU Fund,2016-09-20,136.9986,2026-06-23T05:29:58.847318+00:00,https://api.mfapi.in/mf/119551
119551,SBI Bluechip,119551,Aditya Birla Sun Life Banking & PSU Debt Fund  - DIRECT - IDCW,Aditya Birla Sun Life Mutual Fund,Open Ended Schemes,Debt Scheme - Banking and PSU Fund,2016-09-19,137.0139,2026-06-23T05:29:58.847318+00:00,https://api.mfapi.in/mf/119551
119551,SBI Bluechip,119551,Aditya Birla Sun Life Banking & PSU Debt Fund  - DIRECT - IDCW,Aditya Birla Sun Life Mutual Fund,Open Ended Schemes,Debt Scheme - Banking and PSU Fund,2016-09-16,136.971,2026-06-23T05:29:58.847318+00:00,https://api.mfapi.in/mf/119551
119551,SBI Bluechip,119551,Aditya Birla Sun Life Banking & PSU Debt Fund  - DIRECT - IDCW,Aditya Birla Sun Life Mutual Fund,Open Ended Schemes,Debt Scheme - Banking and PSU Fund,2016-09-15,136.8926,2026-06-23T05:29:58.847318+00:00,https://api.mfapi.in/mf/119551
119551,SBI Bluechip,119551,Aditya Birla Sun Life Banking & PSU Debt Fund  - DIRECT - IDCW,Aditya Birla Sun Life Mutual Fund,Open Ended Schemes,Debt Scheme - Banking and PSU Fund,2016-09-14,136.8219,2026-06-23T05:29:58.847318+00:00,https://api.mfapi.in/mf/119551
119551,SBI Bluechip,119551,Aditya Birla Sun Life Banking & PSU Debt Fund  - DIRECT - IDCW,Aditya Birla Sun Life Mutual Fund,Open Ended Schemes,Debt Scheme - Banking and PSU Fund,2016-09-12,136.85,2026-06-23T05:29:58.847318+00:00,https://api.mfapi.in/mf/119551
119551,SBI Bluechip,119551,Aditya Birla Sun Life Banking & PSU Debt Fund  - DIRECT - IDCW,Aditya Birla Sun Life Mutual Fund,Open Ended Schemes,Debt Scheme - Banking and PSU Fund,2016-09-09,136.9063,2026-06-23T05:29:58.847318+00:00,https://api.mfapi.in/mf/119551
119551,SBI Bluechip,119551,Aditya Birla Sun Life Banking & PSU Debt Fund  - DIRECT - IDCW,Aditya Birla Sun Life Mutual Fund,Open Ended Schemes,Debt Scheme - Banking and PSU Fund,2016-09-08,136.8589,2026-06-23T05:29:58.847318+00:00,https://api.mfapi.in/mf/119551
119551,SBI Bluechip,119551,Aditya Birla Sun Life Banking & PSU Debt Fund  - DIRECT - IDCW,Aditya Birla Sun Life Mutual Fund,Open Ended Schemes,Debt Scheme - Banking and PSU Fund,2016-09-07,136.7979,2026-06-23T05:29:58.847318+00:00,https://api.mfapi.in/mf/119551
119551,SBI Bluechip,119551,Aditya Birla Sun Life Banking & PSU Debt Fund  - DIRECT - IDCW,Aditya Birla Sun Life Mutual Fund,Open Ended Schemes,Debt Scheme - Banking and PSU Fund,2016-09-06,136.541,2026-06-23T05:29:58.847318+00:00,https://api.mfapi.in/mf/119551
119551,SBI Bluechip,119551,Aditya Birla Sun Life Banking & PSU Debt Fund  - DIRECT - IDCW,Aditya Birla Sun Life Mutual Fund,Open Ended Schemes,Debt Scheme - Banking and PSU Fund,2016-09-02,136.3517,2026-06-23T05:29:58.847318+00:00,https://api.mfapi.in/mf/119551
119551,SBI Bluechip,119551,Aditya Birla Sun Life Banking & PSU Debt Fund  - DIRECT - IDCW,Aditya Birla Sun Life Mutual Fund,Open Ended Schemes,Debt Scheme - Banking and PSU Fund,2016-09-01,136.3584,2026-06-23T05:29:58.847318+00:00,https://api.mfapi.in/mf/119551
119551,SBI Bluechip,119551,Aditya Birla Sun Life Banking & PSU Debt Fund  - DIRECT - IDCW,Aditya Birla Sun Life Mutual Fund,Open Ended Schemes,Debt Scheme - Banking and PSU Fund,2016-08-31,136.3515,2026-06-23T05:29:58.847318+00:00,https://api.mfapi.in/mf/119551
119551,SBI Bluechip,119551,Aditya Birla Sun Life Banking & PSU Debt Fund  - DIRECT - IDCW,Aditya Birla Sun Life Mutual Fund,Open Ended Schemes,Debt Scheme - Banking and PSU Fund,2016-08-30,136.312,2026-06-23T05:29:58.847318+00:00,https://api.mfapi.in/mf/119551
119551,SBI Bluechip,119551,Aditya Birla Sun Life Banking & PSU Debt Fund  - DIRECT - IDCW,Aditya Birla Sun Life Mutual Fund,Open Ended Schemes,Debt Scheme - Banking and PSU Fund,2016-08-29,136.2205,2026-06-23T05:29:58.847318+00:00,https://api.mfapi.in/mf/119551
119551,SBI Bluechip,119551,Aditya Birla Sun Life Banking & PSU Debt Fund  - DIRECT - IDCW,Aditya Birla Sun Life Mutual Fund,Open Ended Schemes,Debt Scheme - Banking and PSU Fund,2016-08-26,136.0743,2026-06-23T05:29:58.847318+00:00,https://api.mfapi.in/mf/119551
119551,SBI Bluechip,119551,Aditya Birla Sun Life Banking & PSU Debt Fund  - DIRECT - IDCW,Aditya Birla Sun Life Mutual Fund,Open Ended Schemes,Debt Scheme - Banking and PSU Fund,2016-08-25,136.0296,2026-06-23T05:29:58.847318+00:00,https://api.mfapi.in/mf/119551
119551,SBI Bluechip,119551,Aditya Birla Sun Life Banking & PSU Debt Fund  - DIRECT - IDCW,Aditya Birla Sun Life Mutual Fund,Open Ended Schemes,Debt Scheme - Banking and PSU Fund,2016-08-24,135.9112,2026-06-23T05:29:58.847318+00:00,https://api.mfapi.in/mf/119551
119551,SBI Bluechip,119551,Aditya Birla Sun Life Banking & PSU Debt Fund  - DIRECT - IDCW,Aditya Birla Sun Life Mutual Fund,Open Ended Schemes,Debt Scheme - Banking and PSU Fund,2016-08-23,135.7506,2026-06-23T05:29:58.847318+00:00,https://api.mfapi.in/mf/119551
119551,SBI Bluechip,119551,Aditya Birla Sun Life Banking & PSU Debt Fund  - DIRECT - IDCW,Aditya Birla Sun Life Mutual Fund,Open Ended Schemes,Debt Scheme - Banking and PSU Fund,2016-08-22,135.7183,2026-06-23T05:29:58.847318+00:00,https://api.mfapi.in/mf/119551
119551,SBI Bluechip,119551,Aditya Birla Sun Life Banking & PSU Debt Fund  - DIRECT - IDCW,Aditya Birla Sun Life Mutual Fund,Open Ended Schemes,Debt Scheme - Banking and PSU Fund,2016-08-19,135.8687,2026-06-23T05:29:58.847318+00:00,https://api.mfapi.in/mf/119551
119551,SBI Bluechip,119551,Aditya Birla Sun Life Banking & PSU Debt Fund  - DIRECT - IDCW,Aditya Birla Sun Life Mutual Fund,Open Ended Schemes,Debt Scheme - Banking and PSU Fund,2016-08-18,135.7343,2026-06-23T05:29:58.847318+00:00,https://api.mfapi.in/mf/119551
119551,SBI Bluechip,119551,Aditya Birla Sun Life Banking & PSU Debt Fund  - DIRECT - IDCW,Aditya Birla Sun Life Mutual Fund,Open Ended Schemes,Debt Scheme - Banking and PSU Fund,2016-08-16,135.8902,2026-06-23T05:29:58.847318+00:00,https://api.mfapi.in/mf/119551
119551,SBI Bluechip,119551,Aditya Birla Sun Life Banking & PSU Debt Fund  - DIRECT - IDCW,Aditya Birla Sun Life Mutual Fund,Open Ended Schemes,Debt Scheme - Banking and PSU Fund,2016-08-12,135.8182,2026-06-23T05:29:58.847318+00:00,https://api.mfapi.in/mf/119551
119551,SBI Bluechip,119551,Aditya Birla Sun Life Banking & PSU Debt Fund  - DIRECT - IDCW,Aditya Birla Sun Life Mutual Fund,Open Ended Schemes,Debt Scheme - Banking and PSU Fund,2016-08-11,135.8291,2026-06-23T05:29:58.847318+00:00,https://api.mfapi.in/mf/119551
119551,SBI Bluechip,119551,Aditya Birla Sun Life Banking & PSU Debt Fund  - DIRECT - IDCW,Aditya Birla Sun Life Mutual Fund,Open Ended Schemes,Debt Scheme - Banking and PSU Fund,2016-08-10,135.5838,2026-06-23T05:29:58.847318+00:00,https://api.mfapi.in/mf/119551
119551,SBI Bluechip,119551,Aditya Birla Sun Life Banking & PSU Debt Fund  - DIRECT - IDCW,Aditya Birla Sun Life Mutual Fund,Open Ended Schemes,Debt Scheme - Banking and PSU Fund,2016-08-09,135.3606,2026-06-23T05:29:58.847318+00:00,https://api.mfapi.in/mf/119551
119551,SBI Bluechip,119551,Aditya Birla Sun Life Banking & PSU Debt Fund  - DIRECT - IDCW,Aditya Birla Sun Life Mutual Fund,Open Ended Schemes,Debt Scheme - Banking and PSU Fund,2016-08-08,135.0387,2026-06-23T05:29:58.847318+00:00,https://api.mfapi.in/mf/119551
119551,SBI Bluechip,119551,Aditya Birla Sun Life Banking & PSU Debt Fund  - DIRECT - IDCW,Aditya Birla Sun Life Mutual Fund,Open Ended Schemes,Debt Scheme - Banking and PSU Fund,2016-08-05,134.9377,2026-06-23T05:29:58.847318+00:00,https://api.mfapi.in/mf/119551
119551,SBI Bluechip,119551,Aditya Birla Sun Life Banking & PSU Debt Fund  - DIRECT - IDCW,Aditya Birla Sun Life Mutual Fund,Open Ended Schemes,Debt Scheme - Banking and PSU Fund,2016-08-04,134.8655,2026-06-23T05:29:58.847318+00:00,https://api.mfapi.in/mf/119551
119551,SBI Bluechip,119551,Aditya Birla Sun Life Banking & PSU Debt Fund  - DIRECT - IDCW,Aditya Birla Sun Life Mutual Fund,Open Ended Schemes,Debt Scheme - Banking and PSU Fund,2016-08-03,134.7377,2026-06-23T05:29:58.847318+00:00,https://api.mfapi.in/mf/119551
119551,SBI Bluechip,119551,Aditya Birla Sun Life Banking & PSU Debt Fund  - DIRECT - IDCW,Aditya Birla Sun Life Mutual Fund,Open Ended Schemes,Debt Scheme - Banking and PSU Fund,2016-08-02,134.8488,2026-06-23T05:29:58.847318+00:00,https://api.mfapi.in/mf/119551
119551,SBI Bluechip,119551,Aditya Birla Sun Life Banking & PSU Debt Fund  - DIRECT - IDCW,Aditya Birla Sun Life Mutual Fund,Open Ended Schemes,Debt Scheme - Banking and PSU Fund,2016-08-01,134.9712,2026-06-23T05:29:58.847318+00:00,https://api.mfapi.in/mf/119551
119551,SBI Bluechip,119551,Aditya Birla Sun Life Banking & PSU Debt Fund  - DIRECT - IDCW,Aditya Birla Sun Life Mutual Fund,Open Ended Schemes,Debt Scheme - Banking and PSU Fund,2016-07-29,134.7325,2026-06-23T05:29:58.847318+00:00,https://api.mfapi.in/mf/119551
119551,SBI Bluechip,119551,Aditya Birla Sun Life Banking & PSU Debt Fund  - DIRECT - IDCW,Aditya Birla Sun Life Mutual Fund,Open Ended Schemes,Debt Scheme - Banking and PSU Fund,2016-07-28,134.5985,2026-06-23T05:29:58.847318+00:00,https://api.mfapi.in/mf/119551
119551,SBI Bluechip,119551,Aditya Birla Sun Life Banking & PSU Debt Fund  - DIRECT - IDCW,Aditya Birla Sun Life Mutual Fund,Open Ended Schemes,Debt Scheme - Banking and PSU Fund,2016-07-27,134.1788,2026-06-23T05:29:58.847318+00:00,https://api.mfapi.in/mf/119551
119551,SBI Bluechip,119551,Aditya Birla Sun Life Banking & PSU Debt Fund  - DIRECT - IDCW,Aditya Birla Sun Life Mutual Fund,Open Ended Schemes,Debt Scheme - Banking and PSU Fund,2016-07-26,134.1531,2026-06-23T05:29:58.847318+00:00,https://api.mfapi.in/mf/119551
119551,SBI Bluechip,119551,Aditya Birla Sun Life Banking & PSU Debt Fund  - DIRECT - IDCW,Aditya Birla Sun Life Mutual Fund,Open Ended Schemes,Debt Scheme - Banking and PSU Fund,2016-07-25,134.0989,2026-06-23T05:29:58.847318+00:00,https://api.mfapi.in/mf/119551
119551,SBI Bluechip,119551,Aditya Birla Sun Life Banking & PSU Debt Fund  - DIRECT - IDCW,Aditya Birla Sun Life Mutual Fund,Open Ended Schemes,Debt Scheme - Banking and PSU Fund,2016-07-22,133.9622,2026-06-23T05:29:58.847318+00:00,https://api.mfapi.in/mf/119551
119551,SBI Bluechip,119551,Aditya Birla Sun Life Banking & PSU Debt Fund  - DIRECT - IDCW,Aditya Birla Sun Life Mutual Fund,Open Ended Schemes,Debt Scheme - Banking and PSU Fund,2016-07-21,133.8544,2026-06-23T05:29:58.847318+00:00,https://api.mfapi.in/mf/119551
119551,SBI Bluechip,119551,Aditya Birla Sun Life Banking & PSU Debt Fund  - DIRECT - IDCW,Aditya Birla Sun Life Mutual Fund,Open Ended Schemes,Debt Scheme - Banking and PSU Fund,2016-07-20,133.7495,2026-06-23T05:29:58.847318+00:00,https://api.mfapi.in/mf/119551
119551,SBI Bluechip,119551,Aditya Birla Sun Life Banking & PSU Debt Fund  - DIRECT - IDCW,Aditya Birla Sun Life Mutual Fund,Open Ended Schemes,Debt Scheme - Banking and PSU Fund,2016-07-19,133.6134,2026-06-23T05:29:58.847318+00:00,https://api.mfapi.in/mf/119551
119551,SBI Bluechip,119551,Aditya Birla Sun Life Banking & PSU Debt Fund  - DIRECT - IDCW,Aditya Birla Sun Life Mutual Fund,Open Ended Schemes,Debt Scheme - Banking and PSU Fund,2016-07-18,133.4825,2026-06-23T05:29:58.847318+00:00,https://api.mfapi.in/mf/119551
119551,SBI Bluechip,119551,Aditya Birla Sun Life Banking & PSU Debt Fund  - DIRECT - IDCW,Aditya Birla Sun Life Mutual Fund,Open Ended Schemes,Debt Scheme - Banking and PSU Fund,2016-07-15,133.4658,2026-06-23T05:29:58.847318+00:00,https://api.mfapi.in/mf/119551
119551,SBI Bluechip,119551,Aditya Birla Sun Life Banking & PSU Debt Fund  - DIRECT - IDCW,Aditya Birla Sun Life Mutual Fund,Open Ended Schemes,Debt Scheme - Banking and PSU Fund,2016-07-14,133.3927,2026-06-23T05:29:58.847318+00:00,https://api.mfapi.in/mf/119551
119551,SBI Bluechip,119551,Aditya Birla Sun Life Banking & PSU Debt Fund  - DIRECT - IDCW,Aditya Birla Sun Life Mutual Fund,Open Ended Schemes,Debt Scheme - Banking and PSU Fund,2016-07-13,133.3212,2026-06-23T05:29:58.847318+00:00,https://api.mfapi.in/mf/119551
119551,SBI Bluechip,119551,Aditya Birla Sun Life Banking & PSU Debt Fund  - DIRECT - IDCW,Aditya Birla Sun Life Mutual Fund,Open Ended Schemes,Debt Scheme - Banking and PSU Fund,2016-07-12,133.0156,2026-06-23T05:29:58.847318+00:00,https://api.mfapi.in/mf/119551
119551,SBI Bluechip,119551,Aditya Birla Sun Life Banking & PSU Debt Fund  - DIRECT - IDCW,Aditya Birla Sun Life Mutual Fund,Open Ended Schemes,Debt Scheme - Banking and PSU Fund,2016-07-11,132.6835,2026-06-23T05:29:58.847318+00:00,https://api.mfapi.in/mf/119551
119551,SBI Bluechip,119551,Aditya Birla Sun Life Banking & PSU Debt Fund  - DIRECT - IDCW,Aditya Birla Sun Life Mutual Fund,Open Ended Schemes,Debt Scheme - Banking and PSU Fund,2016-07-08,132.5679,2026-06-23T05:29:58.847318+00:00,https://api.mfapi.in/mf/119551
119551,SBI Bluechip,119551,Aditya Birla Sun Life Banking & PSU Debt Fund  - DIRECT - IDCW,Aditya Birla Sun Life Mutual Fund,Open Ended Schemes,Debt Scheme - Banking and PSU Fund,2016-07-07,132.5112,2026-06-23T05:29:58.847318+00:00,https://api.mfapi.in/mf/119551
119551,SBI Bluechip,119551,Aditya Birla Sun Life Banking & PSU Debt Fund  - DIRECT - IDCW,Aditya Birla Sun Life Mutual Fund,Open Ended Schemes,Debt Scheme - Banking and PSU Fund,2016-07-05,132.3858,2026-06-23T05:29:58.847318+00:00,https://api.mfapi.in/mf/119551
119551,SBI Bluechip,119551,Aditya Birla Sun Life Banking & PSU Debt Fund  - DIRECT - IDCW,Aditya Birla Sun Life Mutual Fund,Open Ended Schemes,Debt Scheme - Banking and PSU Fund,2016-07-04,132.1492,2026-06-23T05:29:58.847318+00:00,https://api.mfapi.in/mf/119551
119551,SBI Bluechip,119551,Aditya Birla Sun Life Banking & PSU Debt Fund  - DIRECT - IDCW,Aditya Birla Sun Life Mutual Fund,Open Ended Schemes,Debt Scheme - Banking and PSU Fund,2016-07-01,132.0459,2026-06-23T05:29:58.847318+00:00,https://api.mfapi.in/mf/119551
119551,SBI Bluechip,119551,Aditya Birla Sun Life Banking & PSU Debt Fund  - DIRECT - IDCW,Aditya Birla Sun Life Mutual Fund,Open Ended Schemes,Debt Scheme - Banking and PSU Fund,2016-06-30,131.8646,2026-06-23T05:29:58.847318+00:00,https://api.mfapi.in/mf/119551
119551,SBI Bluechip,119551,Aditya Birla Sun Life Banking & PSU Debt Fund  - DIRECT - IDCW,Aditya Birla Sun Life Mutual Fund,Open Ended Schemes,Debt Scheme - Banking and PSU Fund,2016-06-29,131.8008,2026-06-23T05:29:58.847318+00:00,https://api.mfapi.in/mf/119551
119551,SBI Bluechip,119551,Aditya Birla Sun Life Banking & PSU Debt Fund  - DIRECT - IDCW,Aditya Birla Sun Life Mutual Fund,Open Ended Schemes,Debt Scheme - Banking and PSU Fund,2016-06-28,131.7077,2026-06-23T05:29:58.847318+00:00,https://api.mfapi.in/mf/119551
119551,SBI Bluechip,119551,Aditya Birla Sun Life Banking & PSU Debt Fund  - DIRECT - IDCW,Aditya Birla Sun Life Mutual Fund,Open Ended Schemes,Debt Scheme - Banking and PSU Fund,2016-06-27,131.6653,2026-06-23T05:29:58.847318+00:00,https://api.mfapi.in/mf/119551
119551,SBI Bluechip,119551,Aditya Birla Sun Life Banking & PSU Debt Fund  - DIRECT - IDCW,Aditya Birla Sun Life Mutual Fund,Open Ended Schemes,Debt Scheme - Banking and PSU Fund,2016-06-24,131.4875,2026-06-23T05:29:58.847318+00:00,https://api.mfapi.in/mf/119551
119551,SBI Bluechip,119551,Aditya Birla Sun Life Banking & PSU Debt Fund  - DIRECT - IDCW,Aditya Birla Sun Life Mutual Fund,Open Ended Schemes,Debt Scheme - Banking and PSU Fund,2016-06-23,131.4681,2026-06-23T05:29:58.847318+00:00,https://api.mfapi.in/mf/119551
119551,SBI Bluechip,119551,Aditya Birla Sun Life Banking & PSU Debt Fund  - DIRECT - IDCW,Aditya Birla Sun Life Mutual Fund,Open Ended Schemes,Debt Scheme - Banking and PSU Fund,2016-06-22,131.4024,2026-06-23T05:29:58.847318+00:00,https://api.mfapi.in/mf/119551
119551,SBI Bluechip,119551,Aditya Birla Sun Life Banking & PSU Debt Fund  - DIRECT - IDCW,Aditya Birla Sun Life Mutual Fund,Open Ended Schemes,Debt Scheme - Banking and PSU Fund,2016-06-21,131.3168,2026-06-23T05:29:58.847318+00:00,https://api.mfapi.in/mf/119551
119551,SBI Bluechip,119551,Aditya Birla Sun Life Banking & PSU Debt Fund  - DIRECT - IDCW,Aditya Birla Sun Life Mutual Fund,Open Ended Schemes,Debt Scheme - Banking and PSU Fund,2016-06-20,131.2455,2026-06-23T05:29:58.847318+00:00,https://api.mfapi.in/mf/119551
119551,SBI Bluechip,119551,Aditya Birla Sun Life Banking & PSU Debt Fund  - DIRECT - IDCW,Aditya Birla Sun Life Mutual Fund,Open Ended Schemes,Debt Scheme - Banking and PSU Fund,2016-06-17,131.1983,2026-06-23T05:29:58.847318+00:00,https://api.mfapi.in/mf/119551
119551,SBI Bluechip,119551,Aditya Birla Sun Life Banking & PSU Debt Fund  - DIRECT - IDCW,Aditya Birla Sun Life Mutual Fund,Open Ended Schemes,Debt Scheme - Banking and PSU Fund,2016-06-16,131.1648,2026-06-23T05:29:58.847318+00:00,https://api.mfapi.in/mf/119551
119551,SBI Bluechip,119551,Aditya Birla Sun Life Banking & PSU Debt Fund  - DIRECT - IDCW,Aditya Birla Sun Life Mutual Fund,Open Ended Schemes,Debt Scheme - Banking and PSU Fund,2016-06-15,131.088,2026-06-23T05:29:58.847318+00:00,https://api.mfapi.in/mf/119551
119551,SBI Bluechip,119551,Aditya Birla Sun Life Banking & PSU Debt Fund  - DIRECT - IDCW,Aditya Birla Sun Life Mutual Fund,Open Ended Schemes,Debt Scheme - Banking and PSU Fund,2016-06-14,131.0472,2026-06-23T05:29:58.847318+00:00,https://api.mfapi.in/mf/119551
119551,SBI Bluechip,119551,Aditya Birla Sun Life Banking & PSU Debt Fund  - DIRECT - IDCW,Aditya Birla Sun Life Mutual Fund,Open Ended Schemes,Debt Scheme - Banking and PSU Fund,2016-06-13,131.0126,2026-06-23T05:29:58.847318+00:00,https://api.mfapi.in/mf/119551
119551,SBI Bluechip,119551,Aditya Birla Sun Life Banking & PSU Debt Fund  - DIRECT - IDCW,Aditya Birla Sun Life Mutual Fund,Open Ended Schemes,Debt Scheme - Banking and PSU Fund,2016-06-10,131.0328,2026-06-23T05:29:58.847318+00:00,https://api.mfapi.in/mf/119551
119551,SBI Bluechip,119551,Aditya Birla Sun Life Banking & PSU Debt Fund  - DIRECT - IDCW,Aditya Birla Sun Life Mutual Fund,Open Ended Schemes,Debt Scheme - Banking and PSU Fund,2016-06-09,131.006,2026-06-23T05:29:58.847318+00:00,https://api.mfapi.in/mf/119551
119551,SBI Bluechip,119551,Aditya Birla Sun Life Banking & PSU Debt Fund  - DIRECT - IDCW,Aditya Birla Sun Life Mutual Fund,Open Ended Schemes,Debt Scheme - Banking and PSU Fund,2016-06-08,130.9713,2026-06-23T05:29:58.847318+00:00,https://api.mfapi.in/mf/119551
119551,SBI Bluechip,119551,Aditya Birla Sun Life Banking & PSU Debt Fund  - DIRECT - IDCW,Aditya Birla Sun Life Mutual Fund,Open Ended Schemes,Debt Scheme - Banking and PSU Fund,2016-06-07,130.9498,2026-06-23T05:29:58.847318+00:00,https://api.mfapi.in/mf/119551
119551,SBI Bluechip,119551,Aditya Birla Sun Life Banking & PSU Debt Fund  - DIRECT - IDCW,Aditya Birla Sun Life Mutual Fund,Open Ended Schemes,Debt Scheme - Banking and PSU Fund,2016-06-06,130.9418,2026-06-23T05:29:58.847318+00:00,https://api.mfapi.in/mf/119551
119551,SBI Bluechip,119551,Aditya Birla Sun Life Banking & PSU Debt Fund  - DIRECT - IDCW,Aditya Birla Sun Life Mutual Fund,Open Ended Schemes,Debt Scheme - Banking and PSU Fund,2016-06-03,130.8097,2026-06-23T05:29:58.847318+00:00,https://api.mfapi.in/mf/119551
119551,SBI Bluechip,119551,Aditya Birla Sun Life Banking & PSU Debt Fund  - DIRECT - IDCW,Aditya Birla Sun Life Mutual Fund,Open Ended Schemes,Debt Scheme - Banking and PSU Fund,2016-06-02,130.7746,2026-06-23T05:29:58.847318+00:00,https://api.mfapi.in/mf/119551
119551,SBI Bluechip,119551,Aditya Birla Sun Life Banking & PSU Debt Fund  - DIRECT - IDCW,Aditya Birla Sun Life Mutual Fund,Open Ended Schemes,Debt Scheme - Banking and PSU Fund,2016-06-01,130.7344,2026-06-23T05:29:58.847318+00:00,https://api.mfapi.in/mf/119551
119551,SBI Bluechip,119551,Aditya Birla Sun Life Banking & PSU Debt Fund  - DIRECT - IDCW,Aditya Birla Sun Life Mutual Fund,Open Ended Schemes,Debt Scheme - Banking and PSU Fund,2016-05-31,130.7549,2026-06-23T05:29:58.847318+00:00,https://api.mfapi.in/mf/119551
119551,SBI Bluechip,119551,Aditya Birla Sun Life Banking & PSU Debt Fund  - DIRECT - IDCW,Aditya Birla Sun Life Mutual Fund,Open Ended Schemes,Debt Scheme - Banking and PSU Fund,2016-05-30,130.7441,2026-06-23T05:29:58.847318+00:00,https://api.mfapi.in/mf/119551
119551,SBI Bluechip,119551,Aditya Birla Sun Life Banking & PSU Debt Fund  - DIRECT - IDCW,Aditya Birla Sun Life Mutual Fund,Open Ended Schemes,Debt Scheme - Banking and PSU Fund,2016-05-27,130.6615,2026-06-23T05:29:58.847318+00:00,https://api.mfapi.in/mf/119551
119551,SBI Bluechip,119551,Aditya Birla Sun Life Banking & PSU Debt Fund  - DIRECT - IDCW,Aditya Birla Sun Life Mutual Fund,Open Ended Schemes,Debt Scheme - Banking and PSU Fund,2016-05-26,130.6326,2026-06-23T05:29:58.847318+00:00,https://api.mfapi.in/mf/119551
119551,SBI Bluechip,119551,Aditya Birla Sun Life Banking & PSU Debt Fund  - DIRECT - IDCW,Aditya Birla Sun Life Mutual Fund,Open Ended Schemes,Debt Scheme - Banking and PSU Fund,2016-05-25,130.6325,2026-06-23T05:29:58.847318+00:00,https://api.mfapi.in/mf/119551
119551,SBI Bluechip,119551,Aditya Birla Sun Life Banking & PSU Debt Fund  - DIRECT - IDCW,Aditya Birla Sun Life Mutual Fund,Open Ended Schemes,Debt Scheme - Banking and PSU Fund,2016-05-24,130.6043,2026-06-23T05:29:58.847318+00:00,https://api.mfapi.in/mf/119551
119551,SBI Bluechip,119551,Aditya Birla Sun Life Banking & PSU Debt Fund  - DIRECT - IDCW,Aditya Birla Sun Life Mutual Fund,Open Ended Schemes,Debt Scheme - Banking and PSU Fund,2016-05-23,130.5755,2026-06-23T05:29:58.847318+00:00,https://api.mfapi.in/mf/119551
119551,SBI Bluechip,119551,Aditya Birla Sun Life Banking & PSU Debt Fund  - DIRECT - IDCW,Aditya Birla Sun Life Mutual Fund,Open Ended Schemes,Debt Scheme - Banking and PSU Fund,2016-05-20,130.4614,2026-06-23T05:29:58.847318+00:00,https://api.mfapi.in/mf/119551
119551,SBI Bluechip,119551,Aditya Birla Sun Life Banking & PSU Debt Fund  - DIRECT - IDCW,Aditya Birla Sun Life Mutual Fund,Open Ended Schemes,Debt Scheme - Banking and PSU Fund,2016-05-19,130.4821,2026-06-23T05:29:58.847318+00:00,https://api.mfapi.in/mf/119551
119551,SBI Bluechip,119551,Aditya Birla Sun Life Banking & PSU Debt Fund  - DIRECT - IDCW,Aditya Birla Sun Life Mutual Fund,Open Ended Schemes,Debt Scheme - Banking and PSU Fund,2016-05-18,130.4225,2026-06-23T05:29:58.847318+00:00,https://api.mfapi.in/mf/119551
119551,SBI Bluechip,119551,Aditya Birla Sun Life Banking & PSU Debt Fund  - DIRECT - IDCW,Aditya Birla Sun Life Mutual Fund,Open Ended Schemes,Debt Scheme - Banking and PSU Fund,2016-05-17,130.4413,2026-06-23T05:29:58.847318+00:00,https://api.mfapi.in/mf/119551
119551,SBI Bluechip,119551,Aditya Birla Sun Life Banking & PSU Debt Fund  - DIRECT - IDCW,Aditya Birla Sun Life Mutual Fund,Open Ended Schemes,Debt Scheme - Banking and PSU Fund,2016-05-16,130.426,2026-06-23T05:29:58.847318+00:00,https://api.mfapi.in/mf/119551
119551,SBI Bluechip,119551,Aditya Birla Sun Life Banking & PSU Debt Fund  - DIRECT - IDCW,Aditya Birla Sun Life Mutual Fund,Open Ended Schemes,Debt Scheme - Banking and PSU Fund,2016-05-13,130.3528,2026-06-23T05:29:58.847318+00:00,https://api.mfapi.in/mf/119551
119551,SBI Bluechip,119551,Aditya Birla Sun Life Banking & PSU Debt Fund  - DIRECT - IDCW,Aditya Birla Sun Life Mutual Fund,Open Ended Schemes,Debt Scheme - Banking and PSU Fund,2016-05-12,130.371,2026-06-23T05:29:58.847318+00:00,https://api.mfapi.in/mf/119551
119551,SBI Bluechip,119551,Aditya Birla Sun Life Banking & PSU Debt Fund  - DIRECT - IDCW,Aditya Birla Sun Life Mutual Fund,Open Ended Schemes,Debt Scheme - Banking and PSU Fund,2016-05-11,130.3016,2026-06-23T05:29:58.847318+00:00,https://api.mfapi.in/mf/119551
119551,SBI Bluechip,119551,Aditya Birla Sun Life Banking & PSU Debt Fund  - DIRECT - IDCW,Aditya Birla Sun Life Mutual Fund,Open Ended Schemes,Debt Scheme - Banking and PSU Fund,2016-05-10,130.2617,2026-06-23T05:29:58.847318+00:00,https://api.mfapi.in/mf/119551
119551,SBI Bluechip,119551,Aditya Birla Sun Life Banking & PSU Debt Fund  - DIRECT - IDCW,Aditya Birla Sun Life Mutual Fund,Open Ended Schemes,Debt Scheme - Banking and PSU Fund,2016-05-09,130.2163,2026-06-23T05:29:58.847318+00:00,https://api.mfapi.in/mf/119551
119551,SBI Bluechip,119551,Aditya Birla Sun Life Banking & PSU Debt Fund  - DIRECT - IDCW,Aditya Birla Sun Life Mutual Fund,Open Ended Schemes,Debt Scheme - Banking and PSU Fund,2016-05-06,130.0972,2026-06-23T05:29:58.847318+00:00,https://api.mfapi.in/mf/119551
119551,SBI Bluechip,119551,Aditya Birla Sun Life Banking & PSU Debt Fund  - DIRECT - IDCW,Aditya Birla Sun Life Mutual Fund,Open Ended Schemes,Debt Scheme - Banking and PSU Fund,2016-05-05,130.0702,2026-06-23T05:29:58.847318+00:00,https://api.mfapi.in/mf/119551
119551,SBI Bluechip,119551,Aditya Birla Sun Life Banking & PSU Debt Fund  - DIRECT - IDCW,Aditya Birla Sun Life Mutual Fund,Open Ended Schemes,Debt Scheme - Banking and PSU Fund,2016-05-04,130.0353,2026-06-23T05:29:58.847318+00:00,https://api.mfapi.in/mf/119551
119551,SBI Bluechip,119551,Aditya Birla Sun Life Banking & PSU Debt Fund  - DIRECT - IDCW,Aditya Birla Sun Life Mutual Fund,Open Ended Schemes,Debt Scheme - Banking and PSU Fund,2016-05-03,129.9719,2026-06-23T05:29:58.847318+00:00,https://api.mfapi.in/mf/119551
119551,SBI Bluechip,119551,Aditya Birla Sun Life Banking & PSU Debt Fund  - DIRECT - IDCW,Aditya Birla Sun Life Mutual Fund,Open Ended Schemes,Debt Scheme - Banking and PSU Fund,2016-05-02,129.9765,2026-06-23T05:29:58.847318+00:00,https://api.mfapi.in/mf/119551
119551,SBI Bluechip,119551,Aditya Birla Sun Life Banking & PSU Debt Fund  - DIRECT - IDCW,Aditya Birla Sun Life Mutual Fund,Open Ended Schemes,Debt Scheme - Banking and PSU Fund,2016-04-29,129.9119,2026-06-23T05:29:58.847318+00:00,https://api.mfapi.in/mf/119551
119551,SBI Bluechip,119551,Aditya Birla Sun Life Banking & PSU Debt Fund  - DIRECT - IDCW,Aditya Birla Sun Life Mutual Fund,Open Ended Schemes,Debt Scheme - Banking and PSU Fund,2016-04-28,129.8405,2026-06-23T05:29:58.847318+00:00,https://api.mfapi.in/mf/119551
119551,SBI Bluechip,119551,Aditya Birla Sun Life Banking & PSU Debt Fund  - DIRECT - IDCW,Aditya Birla Sun Life Mutual Fund,Open Ended Schemes,Debt Scheme - Banking and PSU Fund,2016-04-27,129.7993,2026-06-23T05:29:58.847318+00:00,https://api.mfapi.in/mf/119551
119551,SBI Bluechip,119551,Aditya Birla Sun Life Banking & PSU Debt Fund  - DIRECT - IDCW,Aditya Birla Sun Life Mutual Fund,Open Ended Schemes,Debt Scheme - Banking and PSU Fund,2016-04-26,129.7797,2026-06-23T05:29:58.847318+00:00,https://api.mfapi.in/mf/119551
119551,SBI Bluechip,119551,Aditya Birla Sun Life Banking & PSU Debt Fund  - DIRECT - IDCW,Aditya Birla Sun Life Mutual Fund,Open Ended Schemes,Debt Scheme - Banking and PSU Fund,2016-04-25,129.7723,2026-06-23T05:29:58.847318+00:00,https://api.mfapi.in/mf/119551
119551,SBI Bluechip,119551,Aditya Birla Sun Life Banking & PSU Debt Fund  - DIRECT - IDCW,Aditya Birla Sun Life Mutual Fund,Open Ended Schemes,Debt Scheme - Banking and PSU Fund,2016-04-22,129.7155,2026-06-23T05:29:58.847318+00:00,https://api.mfapi.in/mf/119551
119551,SBI Bluechip,119551,Aditya Birla Sun Life Banking & PSU Debt Fund  - DIRECT - IDCW,Aditya Birla Sun Life Mutual Fund,Open Ended Schemes,Debt Scheme - Banking and PSU Fund,2016-04-21,129.6356,2026-06-23T05:29:58.847318+00:00,https://api.mfapi.in/mf/119551
119551,SBI Bluechip,119551,Aditya Birla Sun Life Banking & PSU Debt Fund  - DIRECT - IDCW,Aditya Birla Sun Life Mutual Fund,Open Ended Schemes,Debt Scheme - Banking and PSU Fund,2016-04-20,129.7601,2026-06-23T05:29:58.847318+00:00,https://api.mfapi.in/mf/119551
119551,SBI Bluechip,119551,Aditya Birla Sun Life Banking & PSU Debt Fund  - DIRECT - IDCW,Aditya Birla Sun Life Mutual Fund,Open Ended Schemes,Debt Scheme - Banking and PSU Fund,2016-04-18,129.752,2026-06-23T05:29:58.847318+00:00,https://api.mfapi.in/mf/119551
119551,SBI Bluechip,119551,Aditya Birla Sun Life Banking & PSU Debt Fund  - DIRECT - IDCW,Aditya Birla Sun Life Mutual Fund,Open Ended Schemes,Debt Scheme - Banking and PSU Fund,2016-04-13,129.5595,2026-06-23T05:29:58.847318+00:00,https://api.mfapi.in/mf/119551
119551,SBI Bluechip,119551,Aditya Birla Sun Life Banking & PSU Debt Fund  - DIRECT - IDCW,Aditya Birla Sun Life Mutual Fund,Open Ended Schemes,Debt Scheme - Banking and PSU Fund,2016-04-12,129.6858,2026-06-23T05:29:58.847318+00:00,https://api.mfapi.in/mf/119551
119551,SBI Bluechip,119551,Aditya Birla Sun Life Banking & PSU Debt Fund  - DIRECT - IDCW,Aditya Birla Sun Life Mutual Fund,Open Ended Schemes,Debt Scheme - Banking and PSU Fund,2016-04-11,129.6038,2026-06-23T05:29:58.847318+00:00,https://api.mfapi.in/mf/119551
119551,SBI Bluechip,119551,Aditya Birla Sun Life Banking & PSU Debt Fund  - DIRECT - IDCW,Aditya Birla Sun Life Mutual Fund,Open Ended Schemes,Debt Scheme - Banking and PSU Fund,2016-04-07,129.3494,2026-06-23T05:29:58.847318+00:00,https://api.mfapi.in/mf/119551
119551,SBI Bluechip,119551,Aditya Birla Sun Life Banking & PSU Debt Fund  - DIRECT - IDCW,Aditya Birla Sun Life Mutual Fund,Open Ended Schemes,Debt Scheme - Banking and PSU Fund,2016-04-06,129.1903,2026-06-23T05:29:58.847318+00:00,https://api.mfapi.in/mf/119551
119551,SBI Bluechip,119551,Aditya Birla Sun Life Banking & PSU Debt Fund  - DIRECT - IDCW,Aditya Birla Sun Life Mutual Fund,Open Ended Schemes,Debt Scheme - Banking and PSU Fund,2016-04-05,129.0831,2026-06-23T05:29:58.847318+00:00,https://api.mfapi.in/mf/119551
119551,SBI Bluechip,119551,Aditya Birla Sun Life Banking & PSU Debt Fund  - DIRECT - IDCW,Aditya Birla Sun Life Mutual Fund,Open Ended Schemes,Debt Scheme - Banking and PSU Fund,2016-04-04,129.038,2026-06-23T05:29:58.847318+00:00,https://api.mfapi.in/mf/119551
119551,SBI Bluechip,119551,Aditya Birla Sun Life Banking & PSU Debt Fund  - DIRECT - IDCW,Aditya Birla Sun Life Mutual Fund,Open Ended Schemes,Debt Scheme - Banking and PSU Fund,2016-03-31,128.5789,2026-06-23T05:29:58.847318+00:00,https://api.mfapi.in/mf/119551
119551,SBI Bluechip,119551,Aditya Birla Sun Life Banking & PSU Debt Fund  - DIRECT - IDCW,Aditya Birla Sun Life Mutual Fund,Open Ended Schemes,Debt Scheme - Banking and PSU Fund,2016-03-30,128.2653,2026-06-23T05:29:58.847318+00:00,https://api.mfapi.in/mf/119551
119551,SBI Bluechip,119551,Aditya Birla Sun Life Banking & PSU Debt Fund  - DIRECT - IDCW,Aditya Birla Sun Life Mutual Fund,Open Ended Schemes,Debt Scheme - Banking and PSU Fund,2016-03-29,128.2341,2026-06-23T05:29:58.847318+00:00,https://api.mfapi.in/mf/119551
119551,SBI Bluechip,119551,Aditya Birla Sun Life Banking & PSU Debt Fund  - DIRECT - IDCW,Aditya Birla Sun Life Mutual Fund,Open Ended Schemes,Debt Scheme - Banking and PSU Fund,2016-03-28,128.3103,2026-06-23T05:29:58.847318+00:00,https://api.mfapi.in/mf/119551
119551,SBI Bluechip,119551,Aditya Birla Sun Life Banking & PSU Debt Fund  - DIRECT - IDCW,Aditya Birla Sun Life Mutual Fund,Open Ended Schemes,Debt Scheme - Banking and PSU Fund,2016-03-23,128.0675,2026-06-23T05:29:58.847318+00:00,https://api.mfapi.in/mf/119551
119551,SBI Bluechip,119551,Aditya Birla Sun Life Banking & PSU Debt Fund  - DIRECT - IDCW,Aditya Birla Sun Life Mutual Fund,Open Ended Schemes,Debt Scheme - Banking and PSU Fund,2016-03-22,128.0579,2026-06-23T05:29:58.847318+00:00,https://api.mfapi.in/mf/119551
119551,SBI Bluechip,119551,Aditya Birla Sun Life Banking & PSU Debt Fund  - DIRECT - IDCW,Aditya Birla Sun Life Mutual Fund,Open Ended Schemes,Debt Scheme - Banking and PSU Fund,2016-03-21,128.0543,2026-06-23T05:29:58.847318+00:00,https://api.mfapi.in/mf/119551
119551,SBI Bluechip,119551,Aditya Birla Sun Life Banking & PSU Debt Fund  - DIRECT - IDCW,Aditya Birla Sun Life Mutual Fund,Open Ended Schemes,Debt Scheme - Banking and PSU Fund,2016-03-18,127.7673,2026-06-23T05:29:58.847318+00:00,https://api.mfapi.in/mf/119551
119551,SBI Bluechip,119551,Aditya Birla Sun Life Banking & PSU Debt Fund  - DIRECT - IDCW,Aditya Birla Sun Life Mutual Fund,Open Ended Schemes,Debt Scheme - Banking and PSU Fund,2016-03-17,127.7124,2026-06-23T05:29:58.847318+00:00,https://api.mfapi.in/mf/119551
119551,SBI Bluechip,119551,Aditya Birla Sun Life Banking & PSU Debt Fund  - DIRECT - IDCW,Aditya Birla Sun Life Mutual Fund,Open Ended Schemes,Debt Scheme - Banking and PSU Fund,2016-03-16,127.3719,2026-06-23T05:29:58.847318+00:00,https://api.mfapi.in/mf/119551
119551,SBI Bluechip,119551,Aditya Birla Sun Life Banking & PSU Debt Fund  - DIRECT - IDCW,Aditya Birla Sun Life Mutual Fund,Open Ended Schemes,Debt Scheme - Banking and PSU Fund,2016-03-15,127.1887,2026-06-23T05:29:58.847318+00:00,https://api.mfapi.in/mf/119551
119551,SBI Bluechip,119551,Aditya Birla Sun Life Banking & PSU Debt Fund  - DIRECT - IDCW,Aditya Birla Sun Life Mutual Fund,Open Ended Schemes,Debt Scheme - Banking and PSU Fund,2016-03-14,127.0352,2026-06-23T05:29:58.847318+00:00,https://api.mfapi.in/mf/119551
119551,SBI Bluechip,119551,Aditya Birla Sun Life Banking & PSU Debt Fund  - DIRECT - IDCW,Aditya Birla Sun Life Mutual Fund,Open Ended Schemes,Debt Scheme - Banking and PSU Fund,2016-03-11,126.7653,2026-06-23T05:29:58.847318+00:00,https://api.mfapi.in/mf/119551
119551,SBI Bluechip,119551,Aditya Birla Sun Life Banking & PSU Debt Fund  - DIRECT - IDCW,Aditya Birla Sun Life Mutual Fund,Open Ended Schemes,Debt Scheme - Banking and PSU Fund,2016-03-10,126.723,2026-06-23T05:29:58.847318+00:00,https://api.mfapi.in/mf/119551
119551,SBI Bluechip,119551,Aditya Birla Sun Life Banking & PSU Debt Fund  - DIRECT - IDCW,Aditya Birla Sun Life Mutual Fund,Open Ended Schemes,Debt Scheme - Banking and PSU Fund,2016-03-09,126.6695,2026-06-23T05:29:58.847318+00:00,https://api.mfapi.in/mf/119551
119551,SBI Bluechip,119551,Aditya Birla Sun Life Banking & PSU Debt Fund  - DIRECT - IDCW,Aditya Birla Sun Life Mutual Fund,Open Ended Schemes,Debt Scheme - Banking and PSU Fund,2016-03-08,126.6189,2026-06-23T05:29:58.847318+00:00,https://api.mfapi.in/mf/119551
119551,SBI Bluechip,119551,Aditya Birla Sun Life Banking & PSU Debt Fund  - DIRECT - IDCW,Aditya Birla Sun Life Mutual Fund,Open Ended Schemes,Debt Scheme - Banking and PSU Fund,2016-03-04,126.4923,2026-06-23T05:29:58.847318+00:00,https://api.mfapi.in/mf/119551
119551,SBI Bluechip,119551,Aditya Birla Sun Life Banking & PSU Debt Fund  - DIRECT - IDCW,Aditya Birla Sun Life Mutual Fund,Open Ended Schemes,Debt Scheme - Banking and PSU Fund,2016-03-03,126.2671,2026-06-23T05:29:58.847318+00:00,https://api.mfapi.in/mf/119551
119551,SBI Bluechip,119551,Aditya Birla Sun Life Banking & PSU Debt Fund  - DIRECT - IDCW,Aditya Birla Sun Life Mutual Fund,Open Ended Schemes,Debt Scheme - Banking and PSU Fund,2016-03-02,126.329,2026-06-23T05:29:58.847318+00:00,https://api.mfapi.in/mf/119551
119551,SBI Bluechip,119551,Aditya Birla Sun Life Banking & PSU Debt Fund  - DIRECT - IDCW,Aditya Birla Sun Life Mutual Fund,Open Ended Schemes,Debt Scheme - Banking and PSU Fund,2016-03-01,126.3215,2026-06-23T05:29:58.847318+00:00,https://api.mfapi.in/mf/119551
119551,SBI Bluechip,119551,Aditya Birla Sun Life Banking & PSU Debt Fund  - DIRECT - IDCW,Aditya Birla Sun Life Mutual Fund,Open Ended Schemes,Debt Scheme - Banking and PSU Fund,2016-02-29,126.2203,2026-06-23T05:29:58.847318+00:00,https://api.mfapi.in/mf/119551
119551,SBI Bluechip,119551,Aditya Birla Sun Life Banking & PSU Debt Fund  - DIRECT - IDCW,Aditya Birla Sun Life Mutual Fund,Open Ended Schemes,Debt Scheme - Banking and PSU Fund,2016-02-26,125.1214,2026-06-23T05:29:58.847318+00:00,https://api.mfapi.in/mf/119551
119551,SBI Bluechip,119551,Aditya Birla Sun Life Banking & PSU Debt Fund  - DIRECT - IDCW,Aditya Birla Sun Life Mutual Fund,Open Ended Schemes,Debt Scheme - Banking and PSU Fund,2016-02-25,124.949,2026-06-23T05:29:58.847318+00:00,https://api.mfapi.in/mf/119551
119551,SBI Bluechip,119551,Aditya Birla Sun Life Banking & PSU Debt Fund  - DIRECT - IDCW,Aditya Birla Sun Life Mutual Fund,Open Ended Schemes,Debt Scheme - Banking and PSU Fund,2016-02-24,125.2591,2026-06-23T05:29:58.847318+00:00,https://api.mfapi.in/mf/119551
119551,SBI Bluechip,119551,Aditya Birla Sun Life Banking & PSU Debt Fund  - DIRECT - IDCW,Aditya Birla Sun Life Mutual Fund,Open Ended Schemes,Debt Scheme - Banking and PSU Fund,2016-02-23,125.3408,2026-06-23T05:29:58.847318+00:00,https://api.mfapi.in/mf/119551
119551,SBI Bluechip,119551,Aditya Birla Sun Life Banking & PSU Debt Fund  - DIRECT - IDCW,Aditya Birla Sun Life Mutual Fund,Open Ended Schemes,Debt Scheme - Banking and PSU Fund,2016-02-22,125.6262,2026-06-23T05:29:58.847318+00:00,https://api.mfapi.in/mf/119551
119551,SBI Bluechip,119551,Aditya Birla Sun Life Banking & PSU Debt Fund  - DIRECT - IDCW,Aditya Birla Sun Life Mutual Fund,Open Ended Schemes,Debt Scheme - Banking and PSU Fund,2016-02-18,125.6948,2026-06-23T05:29:58.847318+00:00,https://api.mfapi.in/mf/119551
119551,SBI Bluechip,119551,Aditya Birla Sun Life Banking & PSU Debt Fund  - DIRECT - IDCW,Aditya Birla Sun Life Mutual Fund,Open Ended Schemes,Debt Scheme - Banking and PSU Fund,2016-02-17,125.6237,2026-06-23T05:29:58.847318+00:00,https://api.mfapi.in/mf/119551
119551,SBI Bluechip,119551,Aditya Birla Sun Life Banking & PSU Debt Fund  - DIRECT - IDCW,Aditya Birla Sun Life Mutual Fund,Open Ended Schemes,Debt Scheme - Banking and PSU Fund,2016-02-16,125.7149,2026-06-23T05:29:58.847318+00:00,https://api.mfapi.in/mf/119551
119551,SBI Bluechip,119551,Aditya Birla Sun Life Banking & PSU Debt Fund  - DIRECT - IDCW,Aditya Birla Sun Life Mutual Fund,Open Ended Schemes,Debt Scheme - Banking and PSU Fund,2016-02-15,125.8746,2026-06-23T05:29:58.847318+00:00,https://api.mfapi.in/mf/119551
119551,SBI Bluechip,119551,Aditya Birla Sun Life Banking & PSU Debt Fund  - DIRECT - IDCW,Aditya Birla Sun Life Mutual Fund,Open Ended Schemes,Debt Scheme - Banking and PSU Fund,2016-02-12,125.9254,2026-06-23T05:29:58.847318+00:00,https://api.mfapi.in/mf/119551
119551,SBI Bluechip,119551,Aditya Birla Sun Life Banking & PSU Debt Fund  - DIRECT - IDCW,Aditya Birla Sun Life Mutual Fund,Open Ended Schemes,Debt Scheme - Banking and PSU Fund,2016-02-11,125.9517,2026-06-23T05:29:58.847318+00:00,https://api.mfapi.in/mf/119551
119551,SBI Bluechip,119551,Aditya Birla Sun Life Banking & PSU Debt Fund  - DIRECT - IDCW,Aditya Birla Sun Life Mutual Fund,Open Ended Schemes,Debt Scheme - Banking and PSU Fund,2016-02-10,125.9592,2026-06-23T05:29:58.847318+00:00,https://api.mfapi.in/mf/119551
119551,SBI Bluechip,119551,Aditya Birla Sun Life Banking & PSU Debt Fund  - DIRECT - IDCW,Aditya Birla Sun Life Mutual Fund,Open Ended Schemes,Debt Scheme - Banking and PSU Fund,2016-02-09,125.937,2026-06-23T05:29:58.847318+00:00,https://api.mfapi.in/mf/119551
119551,SBI Bluechip,119551,Aditya Birla Sun Life Banking & PSU Debt Fund  - DIRECT - IDCW,Aditya Birla Sun Life Mutual Fund,Open Ended Schemes,Debt Scheme - Banking and PSU Fund,2016-02-08,125.9596,2026-06-23T05:29:58.847318+00:00,https://api.mfapi.in/mf/119551
119551,SBI Bluechip,119551,Aditya Birla Sun Life Banking & PSU Debt Fund  - DIRECT - IDCW,Aditya Birla Sun Life Mutual Fund,Open Ended Schemes,Debt Scheme - Banking and PSU Fund,2016-02-05,125.9207,2026-06-23T05:29:58.847318+00:00,https://api.mfapi.in/mf/119551
119551,SBI Bluechip,119551,Aditya Birla Sun Life Banking & PSU Debt Fund  - DIRECT - IDCW,Aditya Birla Sun Life Mutual Fund,Open Ended Schemes,Debt Scheme - Banking and PSU Fund,2016-02-04,125.8428,2026-06-23T05:29:58.847318+00:00,https://api.mfapi.in/mf/119551
119551,SBI Bluechip,119551,Aditya Birla Sun Life Banking & PSU Debt Fund  - DIRECT - IDCW,Aditya Birla Sun Life Mutual Fund,Open Ended Schemes,Debt Scheme - Banking and PSU Fund,2016-02-03,125.7466,2026-06-23T05:29:58.847318+00:00,https://api.mfapi.in/mf/119551
119551,SBI Bluechip,119551,Aditya Birla Sun Life Banking & PSU Debt Fund  - DIRECT - IDCW,Aditya Birla Sun Life Mutual Fund,Open Ended Schemes,Debt Scheme - Banking and PSU Fund,2016-02-02,125.809,2026-06-23T05:29:58.847318+00:00,https://api.mfapi.in/mf/119551
119551,SBI Bluechip,119551,Aditya Birla Sun Life Banking & PSU Debt Fund  - DIRECT - IDCW,Aditya Birla Sun Life Mutual Fund,Open Ended Schemes,Debt Scheme - Banking and PSU Fund,2016-02-01,125.9933,2026-06-23T05:29:58.847318+00:00,https://api.mfapi.in/mf/119551
119551,SBI Bluechip,119551,Aditya Birla Sun Life Banking & PSU Debt Fund  - DIRECT - IDCW,Aditya Birla Sun Life Mutual Fund,Open Ended Schemes,Debt Scheme - Banking and PSU Fund,2016-01-29,125.9632,2026-06-23T05:29:58.847318+00:00,https://api.mfapi.in/mf/119551
119551,SBI Bluechip,119551,Aditya Birla Sun Life Banking & PSU Debt Fund  - DIRECT - IDCW,Aditya Birla Sun Life Mutual Fund,Open Ended Schemes,Debt Scheme - Banking and PSU Fund,2016-01-28,125.8512,2026-06-23T05:29:58.847318+00:00,https://api.mfapi.in/mf/119551
119551,SBI Bluechip,119551,Aditya Birla Sun Life Banking & PSU Debt Fund  - DIRECT - IDCW,Aditya Birla Sun Life Mutual Fund,Open Ended Schemes,Debt Scheme - Banking and PSU Fund,2016-01-27,125.8925,2026-06-23T05:29:58.847318+00:00,https://api.mfapi.in/mf/119551
119551,SBI Bluechip,119551,Aditya Birla Sun Life Banking & PSU Debt Fund  - DIRECT - IDCW,Aditya Birla Sun Life Mutual Fund,Open Ended Schemes,Debt Scheme - Banking and PSU Fund,2016-01-25,125.8071,2026-06-23T05:29:58.847318+00:00,https://api.mfapi.in/mf/119551
119551,SBI Bluechip,119551,Aditya Birla Sun Life Banking & PSU Debt Fund  - DIRECT - IDCW,Aditya Birla Sun Life Mutual Fund,Open Ended Schemes,Debt Scheme - Banking and PSU Fund,2016-01-22,125.8176,2026-06-23T05:29:58.847318+00:00,https://api.mfapi.in/mf/119551
119551,SBI Bluechip,119551,Aditya Birla Sun Life Banking & PSU Debt Fund  - DIRECT - IDCW,Aditya Birla Sun Life Mutual Fund,Open Ended Schemes,Debt Scheme - Banking and PSU Fund,2016-01-21,125.8865,2026-06-23T05:29:58.847318+00:00,https://api.mfapi.in/mf/119551
119551,SBI Bluechip,119551,Aditya Birla Sun Life Banking & PSU Debt Fund  - DIRECT - IDCW,Aditya Birla Sun Life Mutual Fund,Open Ended Schemes,Debt Scheme - Banking and PSU Fund,2016-01-20,125.7354,2026-06-23T05:29:58.847318+00:00,https://api.mfapi.in/mf/119551
119551,SBI Bluechip,119551,Aditya Birla Sun Life Banking & PSU Debt Fund  - DIRECT - IDCW,Aditya Birla Sun Life Mutual Fund,Open Ended Schemes,Debt Scheme - Banking and PSU Fund,2016-01-19,125.6369,2026-06-23T05:29:58.847318+00:00,https://api.mfapi.in/mf/119551
119551,SBI Bluechip,119551,Aditya Birla Sun Life Banking & PSU Debt Fund  - DIRECT - IDCW,Aditya Birla Sun Life Mutual Fund,Open Ended Schemes,Debt Scheme - Banking and PSU Fund,2016-01-18,125.4931,2026-06-23T05:29:58.847318+00:00,https://api.mfapi.in/mf/119551
119551,SBI Bluechip,119551,Aditya Birla Sun Life Banking & PSU Debt Fund  - DIRECT - IDCW,Aditya Birla Sun Life Mutual Fund,Open Ended Schemes,Debt Scheme - Banking and PSU Fund,2016-01-15,125.4498,2026-06-23T05:29:58.847318+00:00,https://api.mfapi.in/mf/119551
119551,SBI Bluechip,119551,Aditya Birla Sun Life Banking & PSU Debt Fund  - DIRECT - IDCW,Aditya Birla Sun Life Mutual Fund,Open Ended Schemes,Debt Scheme - Banking and PSU Fund,2016-01-14,125.5527,2026-06-23T05:29:58.847318+00:00,https://api.mfapi.in/mf/119551
119551,SBI Bluechip,119551,Aditya Birla Sun Life Banking & PSU Debt Fund  - DIRECT - IDCW,Aditya Birla Sun Life Mutual Fund,Open Ended Schemes,Debt Scheme - Banking and PSU Fund,2016-01-13,125.6079,2026-06-23T05:29:58.847318+00:00,https://api.mfapi.in/mf/119551
119551,SBI Bluechip,119551,Aditya Birla Sun Life Banking & PSU Debt Fund  - DIRECT - IDCW,Aditya Birla Sun Life Mutual Fund,Open Ended Schemes,Debt Scheme - Banking and PSU Fund,2016-01-12,125.6591,2026-06-23T05:29:58.847318+00:00,https://api.mfapi.in/mf/119551
119551,SBI Bluechip,119551,Aditya Birla Sun Life Banking & PSU Debt Fund  - DIRECT - IDCW,Aditya Birla Sun Life Mutual Fund,Open Ended Schemes,Debt Scheme - Banking and PSU Fund,2016-01-11,125.7259,2026-06-23T05:29:58.847318+00:00,https://api.mfapi.in/mf/119551
119551,SBI Bluechip,119551,Aditya Birla Sun Life Banking & PSU Debt Fund  - DIRECT - IDCW,Aditya Birla Sun Life Mutual Fund,Open Ended Schemes,Debt Scheme - Banking and PSU Fund,2016-01-08,125.7146,2026-06-23T05:29:58.847318+00:00,https://api.mfapi.in/mf/119551
119551,SBI Bluechip,119551,Aditya Birla Sun Life Banking & PSU Debt Fund  - DIRECT - IDCW,Aditya Birla Sun Life Mutual Fund,Open Ended Schemes,Debt Scheme - Banking and PSU Fund,2016-01-07,125.6648,2026-06-23T05:29:58.847318+00:00,https://api.mfapi.in/mf/119551
119551,SBI Bluechip,119551,Aditya Birla Sun Life Banking & PSU Debt Fund  - DIRECT - IDCW,Aditya Birla Sun Life Mutual Fund,Open Ended Schemes,Debt Scheme - Banking and PSU Fund,2016-01-06,125.5842,2026-06-23T05:29:58.847318+00:00,https://api.mfapi.in/mf/119551
119551,SBI Bluechip,119551,Aditya Birla Sun Life Banking & PSU Debt Fund  - DIRECT - IDCW,Aditya Birla Sun Life Mutual Fund,Open Ended Schemes,Debt Scheme - Banking and PSU Fund,2016-01-05,125.538,2026-06-23T05:29:58.847318+00:00,https://api.mfapi.in/mf/119551
119551,SBI Bluechip,119551,Aditya Birla Sun Life Banking & PSU Debt Fund  - DIRECT - IDCW,Aditya Birla Sun Life Mutual Fund,Open Ended Schemes,Debt Scheme - Banking and PSU Fund,2016-01-04,125.4695,2026-06-23T05:29:58.847318+00:00,https://api.mfapi.in/mf/119551
119551,SBI Bluechip,119551,Aditya Birla Sun Life Banking & PSU Debt Fund  - DIRECT - IDCW,Aditya Birla Sun Life Mutual Fund,Open Ended Schemes,Debt Scheme - Banking and PSU Fund,2016-01-01,125.3359,2026-06-23T05:29:58.847318+00:00,https://api.mfapi.in/mf/119551
119551,SBI Bluechip,119551,Aditya Birla Sun Life Banking & PSU Debt Fund  - DIRECT - IDCW,Aditya Birla Sun Life Mutual Fund,Open Ended Schemes,Debt Scheme - Banking and PSU Fund,2015-12-31,125.202,2026-06-23T05:29:58.847318+00:00,https://api.mfapi.in/mf/119551
119551,SBI Bluechip,119551,Aditya Birla Sun Life Banking & PSU Debt Fund  - DIRECT - IDCW,Aditya Birla Sun Life Mutual Fund,Open Ended Schemes,Debt Scheme - Banking and PSU Fund,2015-12-30,125.18,2026-06-23T05:29:58.847318+00:00,https://api.mfapi.in/mf/119551
119551,SBI Bluechip,119551,Aditya Birla Sun Life Banking & PSU Debt Fund  - DIRECT - IDCW,Aditya Birla Sun Life Mutual Fund,Open Ended Schemes,Debt Scheme - Banking and PSU Fund,2015-12-29,125.097,2026-06-23T05:29:58.847318+00:00,https://api.mfapi.in/mf/119551
119551,SBI Bluechip,119551,Aditya Birla Sun Life Banking & PSU Debt Fund  - DIRECT - IDCW,Aditya Birla Sun Life Mutual Fund,Open Ended Schemes,Debt Scheme - Banking and PSU Fund,2015-12-28,125.1004,2026-06-23T05:29:58.847318+00:00,https://api.mfapi.in/mf/119551
119551,SBI Bluechip,119551,Aditya Birla Sun Life Banking & PSU Debt Fund  - DIRECT - IDCW,Aditya Birla Sun Life Mutual Fund,Open Ended Schemes,Debt Scheme - Banking and PSU Fund,2015-12-23,125.0151,2026-06-23T05:29:58.847318+00:00,https://api.mfapi.in/mf/119551
119551,SBI Bluechip,119551,Aditya Birla Sun Life Banking & PSU Debt Fund  - DIRECT - IDCW,Aditya Birla Sun Life Mutual Fund,Open Ended Schemes,Debt Scheme - Banking and PSU Fund,2015-12-22,124.8958,2026-06-23T05:29:58.847318+00:00,https://api.mfapi.in/mf/119551
119551,SBI Bluechip,119551,Aditya Birla Sun Life Banking & PSU Debt Fund  - DIRECT - IDCW,Aditya Birla Sun Life Mutual Fund,Open Ended Schemes,Debt Scheme - Banking and PSU Fund,2015-12-21,124.826,2026-06-23T05:29:58.847318+00:00,https://api.mfapi.in/mf/119551
119551,SBI Bluechip,119551,Aditya Birla Sun Life Banking & PSU Debt Fund  - DIRECT - IDCW,Aditya Birla Sun Life Mutual Fund,Open Ended Schemes,Debt Scheme - Banking and PSU Fund,2015-12-18,124.8784,2026-06-23T05:29:58.847318+00:00,https://api.mfapi.in/mf/119551
119551,SBI Bluechip,119551,Aditya Birla Sun Life Banking & PSU Debt Fund  - DIRECT - IDCW,Aditya Birla Sun Life Mutual Fund,Open Ended Schemes,Debt Scheme - Banking and PSU Fund,2015-12-17,124.9378,2026-06-23T05:29:58.847318+00:00,https://api.mfapi.in/mf/119551
119551,SBI Bluechip,119551,Aditya Birla Sun Life Banking & PSU Debt Fund  - DIRECT - IDCW,Aditya Birla Sun Life Mutual Fund,Open Ended Schemes,Debt Scheme - Banking and PSU Fund,2015-12-16,124.852,2026-06-23T05:29:58.847318+00:00,https://api.mfapi.in/mf/119551
119551,SBI Bluechip,119551,Aditya Birla Sun Life Banking & PSU Debt Fund  - DIRECT - IDCW,Aditya Birla Sun Life Mutual Fund,Open Ended Schemes,Debt Scheme - Banking and PSU Fund,2015-12-15,124.6736,2026-06-23T05:29:58.847318+00:00,https://api.mfapi.in/mf/119551
119551,SBI Bluechip,119551,Aditya Birla Sun Life Banking & PSU Debt Fund  - DIRECT - IDCW,Aditya Birla Sun Life Mutual Fund,Open Ended Schemes,Debt Scheme - Banking and PSU Fund,2015-12-14,124.6657,2026-06-23T05:29:58.847318+00:00,https://api.mfapi.in/mf/119551
119551,SBI Bluechip,119551,Aditya Birla Sun Life Banking & PSU Debt Fund  - DIRECT - IDCW,Aditya Birla Sun Life Mutual Fund,Open Ended Schemes,Debt Scheme - Banking and PSU Fund,2015-12-11,124.7011,2026-06-23T05:29:58.847318+00:00,https://api.mfapi.in/mf/119551
119551,SBI Bluechip,119551,Aditya Birla Sun Life Banking & PSU Debt Fund  - DIRECT - IDCW,Aditya Birla Sun Life Mutual Fund,Open Ended Schemes,Debt Scheme - Banking and PSU Fund,2015-12-10,124.6787,2026-06-23T05:29:58.847318+00:00,https://api.mfapi.in/mf/119551
119551,SBI Bluechip,119551,Aditya Birla Sun Life Banking & PSU Debt Fund  - DIRECT - IDCW,Aditya Birla Sun Life Mutual Fund,Open Ended Schemes,Debt Scheme - Banking and PSU Fund,2015-12-09,124.6578,2026-06-23T05:29:58.847318+00:00,https://api.mfapi.in/mf/119551
119551,SBI Bluechip,119551,Aditya Birla Sun Life Banking & PSU Debt Fund  - DIRECT - IDCW,Aditya Birla Sun Life Mutual Fund,Open Ended Schemes,Debt Scheme - Banking and PSU Fund,2015-12-08,124.6356,2026-06-23T05:29:58.847318+00:00,https://api.mfapi.in/mf/119551
119551,SBI Bluechip,119551,Aditya Birla Sun Life Banking & PSU Debt Fund  - DIRECT - IDCW,Aditya Birla Sun Life Mutual Fund,Open Ended Schemes,Debt Scheme - Banking and PSU Fund,2015-12-07,124.7185,2026-06-23T05:29:58.847318+00:00,https://api.mfapi.in/mf/119551
119551,SBI Bluechip,119551,Aditya Birla Sun Life Banking & PSU Debt Fund  - DIRECT - IDCW,Aditya Birla Sun Life Mutual Fund,Open Ended Schemes,Debt Scheme - Banking and PSU Fund,2015-12-04,124.672,2026-06-23T05:29:58.847318+00:00,https://api.mfapi.in/mf/119551
119551,SBI Bluechip,119551,Aditya Birla Sun Life Banking & PSU Debt Fund  - DIRECT - IDCW,Aditya Birla Sun Life Mutual Fund,Open Ended Schemes,Debt Scheme - Banking and PSU Fund,2015-12-03,124.7928,2026-06-23T05:29:58.847318+00:00,https://api.mfapi.in/mf/119551
119551,SBI Bluechip,119551,Aditya Birla Sun Life Banking & PSU Debt Fund  - DIRECT - IDCW,Aditya Birla Sun Life Mutual Fund,Open Ended Schemes,Debt Scheme - Banking and PSU Fund,2015-12-02,124.6293,2026-06-23T05:29:58.847318+00:00,https://api.mfapi.in/mf/119551
119551,SBI Bluechip,119551,Aditya Birla Sun Life Banking & PSU Debt Fund  - DIRECT - IDCW,Aditya Birla Sun Life Mutual Fund,Open Ended Schemes,Debt Scheme - Banking and PSU Fund,2015-12-01,124.6288,2026-06-23T05:29:58.847318+00:00,https://api.mfapi.in/mf/119551
119551,SBI Bluechip,119551,Aditya Birla Sun Life Banking & PSU Debt Fund  - DIRECT - IDCW,Aditya Birla Sun Life Mutual Fund,Open Ended Schemes,Debt Scheme - Banking and PSU Fund,2015-11-30,124.4419,2026-06-23T05:29:58.847318+00:00,https://api.mfapi.in/mf/119551
119551,SBI Bluechip,119551,Aditya Birla Sun Life Banking & PSU Debt Fund  - DIRECT - IDCW,Aditya Birla Sun Life Mutual Fund,Open Ended Schemes,Debt Scheme - Banking and PSU Fund,2015-11-27,124.423,2026-06-23T05:29:58.847318+00:00,https://api.mfapi.in/mf/119551
119551,SBI Bluechip,119551,Aditya Birla Sun Life Banking & PSU Debt Fund  - DIRECT - IDCW,Aditya Birla Sun Life Mutual Fund,Open Ended Schemes,Debt Scheme - Banking and PSU Fund,2015-11-26,124.5172,2026-06-23T05:29:58.847318+00:00,https://api.mfapi.in/mf/119551
119551,SBI Bluechip,119551,Aditya Birla Sun Life Banking & PSU Debt Fund  - DIRECT - IDCW,Aditya Birla Sun Life Mutual Fund,Open Ended Schemes,Debt Scheme - Banking and PSU Fund,2015-11-24,124.5215,2026-06-23T05:29:58.847318+00:00,https://api.mfapi.in/mf/119551
119551,SBI Bluechip,119551,Aditya Birla Sun Life Banking & PSU Debt Fund  - DIRECT - IDCW,Aditya Birla Sun Life Mutual Fund,Open Ended Schemes,Debt Scheme - Banking and PSU Fund,2015-11-23,124.4523,2026-06-23T05:29:58.847318+00:00,https://api.mfapi.in/mf/119551
119551,SBI Bluechip,119551,Aditya Birla Sun Life Banking & PSU Debt Fund  - DIRECT - IDCW,Aditya Birla Sun Life Mutual Fund,Open Ended Schemes,Debt Scheme - Banking and PSU Fund,2015-11-20,124.4288,2026-06-23T05:29:58.847318+00:00,https://api.mfapi.in/mf/119551
119551,SBI Bluechip,119551,Aditya Birla Sun Life Banking & PSU Debt Fund  - DIRECT - IDCW,Aditya Birla Sun Life Mutual Fund,Open Ended Schemes,Debt Scheme - Banking and PSU Fund,2015-11-19,124.5005,2026-06-23T05:29:58.847318+00:00,https://api.mfapi.in/mf/119551
119551,SBI Bluechip,119551,Aditya Birla Sun Life Banking & PSU Debt Fund  - DIRECT - IDCW,Aditya Birla Sun Life Mutual Fund,Open Ended Schemes,Debt Scheme - Banking and PSU Fund,2015-11-18,124.4731,2026-06-23T05:29:58.847318+00:00,https://api.mfapi.in/mf/119551
119551,SBI Bluechip,119551,Aditya Birla Sun Life Banking & PSU Debt Fund  - DIRECT - IDCW,Aditya Birla Sun Life Mutual Fund,Open Ended Schemes,Debt Scheme - Banking and PSU Fund,2015-11-17,124.471,2026-06-23T05:29:58.847318+00:00,https://api.mfapi.in/mf/119551
119551,SBI Bluechip,119551,Aditya Birla Sun Life Banking & PSU Debt Fund  - DIRECT - IDCW,Aditya Birla Sun Life Mutual Fund,Open Ended Schemes,Debt Scheme - Banking and PSU Fund,2015-11-16,124.5039,2026-06-23T05:29:58.847318+00:00,https://api.mfapi.in/mf/119551
119551,SBI Bluechip,119551,Aditya Birla Sun Life Banking & PSU Debt Fund  - DIRECT - IDCW,Aditya Birla Sun Life Mutual Fund,Open Ended Schemes,Debt Scheme - Banking and PSU Fund,2015-11-13,124.4146,2026-06-23T05:29:58.847318+00:00,https://api.mfapi.in/mf/119551
119551,SBI Bluechip,119551,Aditya Birla Sun Life Banking & PSU Debt Fund  - DIRECT - IDCW,Aditya Birla Sun Life Mutual Fund,Open Ended Schemes,Debt Scheme - Banking and PSU Fund,2015-11-10,124.236,2026-06-23T05:29:58.847318+00:00,https://api.mfapi.in/mf/119551
119551,SBI Bluechip,119551,Aditya Birla Sun Life Banking & PSU Debt Fund  - DIRECT - IDCW,Aditya Birla Sun Life Mutual Fund,Open Ended Schemes,Debt Scheme - Banking and PSU Fund,2015-11-09,124.1346,2026-06-23T05:29:58.847318+00:00,https://api.mfapi.in/mf/119551
119551,SBI Bluechip,119551,Aditya Birla Sun Life Banking & PSU Debt Fund  - DIRECT - IDCW,Aditya Birla Sun Life Mutual Fund,Open Ended Schemes,Debt Scheme - Banking and PSU Fund,2015-11-06,124.1927,2026-06-23T05:29:58.847318+00:00,https://api.mfapi.in/mf/119551
119551,SBI Bluechip,119551,Aditya Birla Sun Life Banking & PSU Debt Fund  - DIRECT - IDCW,Aditya Birla Sun Life Mutual Fund,Open Ended Schemes,Debt Scheme - Banking and PSU Fund,2015-11-05,124.1902,2026-06-23T05:29:58.847318+00:00,https://api.mfapi.in/mf/119551
119551,SBI Bluechip,119551,Aditya Birla Sun Life Banking & PSU Debt Fund  - DIRECT - IDCW,Aditya Birla Sun Life Mutual Fund,Open Ended Schemes,Debt Scheme - Banking and PSU Fund,2015-11-04,124.2333,2026-06-23T05:29:58.847318+00:00,https://api.mfapi.in/mf/119551
119551,SBI Bluechip,119551,Aditya Birla Sun Life Banking & PSU Debt Fund  - DIRECT - IDCW,Aditya Birla Sun Life Mutual Fund,Open Ended Schemes,Debt Scheme - Banking and PSU Fund,2015-11-03,124.2894,2026-06-23T05:29:58.847318+00:00,https://api.mfapi.in/mf/119551
119551,SBI Bluechip,119551,Aditya Birla Sun Life Banking & PSU Debt Fund  - DIRECT - IDCW,Aditya Birla Sun Life Mutual Fund,Open Ended Schemes,Debt Scheme - Banking and PSU Fund,2015-11-02,124.2771,2026-06-23T05:29:58.847318+00:00,https://api.mfapi.in/mf/119551
119551,SBI Bluechip,119551,Aditya Birla Sun Life Banking & PSU Debt Fund  - DIRECT - IDCW,Aditya Birla Sun Life Mutual Fund,Open Ended Schemes,Debt Scheme - Banking and PSU Fund,2015-10-30,124.1571,2026-06-23T05:29:58.847318+00:00,https://api.mfapi.in/mf/119551
119551,SBI Bluechip,119551,Aditya Birla Sun Life Banking & PSU Debt Fund  - DIRECT - IDCW,Aditya Birla Sun Life Mutual Fund,Open Ended Schemes,Debt Scheme - Banking and PSU Fund,2015-10-29,124.1596,2026-06-23T05:29:58.847318+00:00,https://api.mfapi.in/mf/119551
119551,SBI Bluechip,119551,Aditya Birla Sun Life Banking & PSU Debt Fund  - DIRECT - IDCW,Aditya Birla Sun Life Mutual Fund,Open Ended Schemes,Debt Scheme - Banking and PSU Fund,2015-10-28,124.2162,2026-06-23T05:29:58.847318+00:00,https://api.mfapi.in/mf/119551
119551,SBI Bluechip,119551,Aditya Birla Sun Life Banking & PSU Debt Fund  - DIRECT - IDCW,Aditya Birla Sun Life Mutual Fund,Open Ended Schemes,Debt Scheme - Banking and PSU Fund,2015-10-27,124.1443,2026-06-23T05:29:58.847318+00:00,https://api.mfapi.in/mf/119551
119551,SBI Bluechip,119551,Aditya Birla Sun Life Banking & PSU Debt Fund  - DIRECT - IDCW,Aditya Birla Sun Life Mutual Fund,Open Ended Schemes,Debt Scheme - Banking and PSU Fund,2015-10-26,124.0884,2026-06-23T05:29:58.847318+00:00,https://api.mfapi.in/mf/119551
119551,SBI Bluechip,119551,Aditya Birla Sun Life Banking & PSU Debt Fund  - DIRECT - IDCW,Aditya Birla Sun Life Mutual Fund,Open Ended Schemes,Debt Scheme - Banking and PSU Fund,2015-10-23,124.1065,2026-06-23T05:29:58.847318+00:00,https://api.mfapi.in/mf/119551
119551,SBI Bluechip,119551,Aditya Birla Sun Life Banking & PSU Debt Fund  - DIRECT - IDCW,Aditya Birla Sun Life Mutual Fund,Open Ended Schemes,Debt Scheme - Banking and PSU Fund,2015-10-21,124.0459,2026-06-23T05:29:58.847318+00:00,https://api.mfapi.in/mf/119551
119551,SBI Bluechip,119551,Aditya Birla Sun Life Banking & PSU Debt Fund  - DIRECT - IDCW,Aditya Birla Sun Life Mutual Fund,Open Ended Schemes,Debt Scheme - Banking and PSU Fund,2015-10-20,124.0561,2026-06-23T05:29:58.847318+00:00,https://api.mfapi.in/mf/119551
119551,SBI Bluechip,119551,Aditya Birla Sun Life Banking & PSU Debt Fund  - DIRECT - IDCW,Aditya Birla Sun Life Mutual Fund,Open Ended Schemes,Debt Scheme - Banking and PSU Fund,2015-10-19,124.0158,2026-06-23T05:29:58.847318+00:00,https://api.mfapi.in/mf/119551
119551,SBI Bluechip,119551,Aditya Birla Sun Life Banking & PSU Debt Fund  - DIRECT - IDCW,Aditya Birla Sun Life Mutual Fund,Open Ended Schemes,Debt Scheme - Banking and PSU Fund,2015-10-16,123.9423,2026-06-23T05:29:58.847318+00:00,https://api.mfapi.in/mf/119551
119551,SBI Bluechip,119551,Aditya Birla Sun Life Banking & PSU Debt Fund  - DIRECT - IDCW,Aditya Birla Sun Life Mutual Fund,Open Ended Schemes,Debt Scheme - Banking and PSU Fund,2015-10-15,123.9272,2026-06-23T05:29:58.847318+00:00,https://api.mfapi.in/mf/119551
119551,SBI Bluechip,119551,Aditya Birla Sun Life Banking & PSU Debt Fund  - DIRECT - IDCW,Aditya Birla Sun Life Mutual Fund,Open Ended Schemes,Debt Scheme - Banking and PSU Fund,2015-10-14,123.8612,2026-06-23T05:29:58.847318+00:00,https://api.mfapi.in/mf/119551
119551,SBI Bluechip,119551,Aditya Birla Sun Life Banking & PSU Debt Fund  - DIRECT - IDCW,Aditya Birla Sun Life Mutual Fund,Open Ended Schemes,Debt Scheme - Banking and PSU Fund,2015-10-13,123.7951,2026-06-23T05:29:58.847318+00:00,https://api.mfapi.in/mf/119551
119551,SBI Bluechip,119551,Aditya Birla Sun Life Banking & PSU Debt Fund  - DIRECT - IDCW,Aditya Birla Sun Life Mutual Fund,Open Ended Schemes,Debt Scheme - Banking and PSU Fund,2015-10-12,123.7532,2026-06-23T05:29:58.847318+00:00,https://api.mfapi.in/mf/119551
119551,SBI Bluechip,119551,Aditya Birla Sun Life Banking & PSU Debt Fund  - DIRECT - IDCW,Aditya Birla Sun Life Mutual Fund,Open Ended Schemes,Debt Scheme - Banking and PSU Fund,2015-10-09,123.8076,2026-06-23T05:29:58.847318+00:00,https://api.mfapi.in/mf/119551
119551,SBI Bluechip,119551,Aditya Birla Sun Life Banking & PSU Debt Fund  - DIRECT - IDCW,Aditya Birla Sun Life Mutual Fund,Open Ended Schemes,Debt Scheme - Banking and PSU Fund,2015-10-08,123.7508,2026-06-23T05:29:58.847318+00:00,https://api.mfapi.in/mf/119551
119551,SBI Bluechip,119551,Aditya Birla Sun Life Banking & PSU Debt Fund  - DIRECT - IDCW,Aditya Birla Sun Life Mutual Fund,Open Ended Schemes,Debt Scheme - Banking and PSU Fund,2015-10-07,123.6703,2026-06-23T05:29:58.847318+00:00,https://api.mfapi.in/mf/119551
119551,SBI Bluechip,119551,Aditya Birla Sun Life Banking & PSU Debt Fund  - DIRECT - IDCW,Aditya Birla Sun Life Mutual Fund,Open Ended Schemes,Debt Scheme - Banking and PSU Fund,2015-10-06,123.7049,2026-06-23T05:29:58.847318+00:00,https://api.mfapi.in/mf/119551
119551,SBI Bluechip,119551,Aditya Birla Sun Life Banking & PSU Debt Fund  - DIRECT - IDCW,Aditya Birla Sun Life Mutual Fund,Open Ended Schemes,Debt Scheme - Banking and PSU Fund,2015-10-05,123.7102,2026-06-23T05:29:58.847318+00:00,https://api.mfapi.in/mf/119551
119551,SBI Bluechip,119551,Aditya Birla Sun Life Banking & PSU Debt Fund  - DIRECT - IDCW,Aditya Birla Sun Life Mutual Fund,Open Ended Schemes,Debt Scheme - Banking and PSU Fund,2015-10-01,123.4236,2026-06-23T05:29:58.847318+00:00,https://api.mfapi.in/mf/119551
119551,SBI Bluechip,119551,Aditya Birla Sun Life Banking & PSU Debt Fund  - DIRECT - IDCW,Aditya Birla Sun Life Mutual Fund,Open Ended Schemes,Debt Scheme - Banking and PSU Fund,2015-09-30,123.4889,2026-06-23T05:29:58.847318+00:00,https://api.mfapi.in/mf/119551
119551,SBI Bluechip,119551,Aditya Birla Sun Life Banking & PSU Debt Fund  - DIRECT - IDCW,Aditya Birla Sun Life Mutual Fund,Open Ended Schemes,Debt Scheme - Banking and PSU Fund,2015-09-29,123.1053,2026-06-23T05:29:58.847318+00:00,https://api.mfapi.in/mf/119551
119551,SBI Bluechip,119551,Aditya Birla Sun Life Banking & PSU Debt Fund  - DIRECT - IDCW,Aditya Birla Sun Life Mutual Fund,Open Ended Schemes,Debt Scheme - Banking and PSU Fund,2015-09-28,122.4558,2026-06-23T05:29:58.847318+00:00,https://api.mfapi.in/mf/119551
119551,SBI Bluechip,119551,Aditya Birla Sun Life Banking & PSU Debt Fund  - DIRECT - IDCW,Aditya Birla Sun Life Mutual Fund,Open Ended Schemes,Debt Scheme - Banking and PSU Fund,2015-09-24,122.3672,2026-06-23T05:29:58.847318+00:00,https://api.mfapi.in/mf/119551
119551,SBI Bluechip,119551,Aditya Birla Sun Life Banking & PSU Debt Fund  - DIRECT - IDCW,Aditya Birla Sun Life Mutual Fund,Open Ended Schemes,Debt Scheme - Banking and PSU Fund,2015-09-23,122.3206,2026-06-23T05:29:58.847318+00:00,https://api.mfapi.in/mf/119551
119551,SBI Bluechip,119551,Aditya Birla Sun Life Banking & PSU Debt Fund  - DIRECT - IDCW,Aditya Birla Sun Life Mutual Fund,Open Ended Schemes,Debt Scheme - Banking and PSU Fund,2015-09-22,122.3174,2026-06-23T05:29:58.847318+00:00,https://api.mfapi.in/mf/119551
119551,SBI Bluechip,119551,Aditya Birla Sun Life Banking & PSU Debt Fund  - DIRECT - IDCW,Aditya Birla Sun Life Mutual Fund,Open Ended Schemes,Debt Scheme - Banking and PSU Fund,2015-09-21,122.338,2026-06-23T05:29:58.847318+00:00,https://api.mfapi.in/mf/119551
119551,SBI Bluechip,119551,Aditya Birla Sun Life Banking & PSU Debt Fund  - DIRECT - IDCW,Aditya Birla Sun Life Mutual Fund,Open Ended Schemes,Debt Scheme - Banking and PSU Fund,2015-09-18,122.2648,2026-06-23T05:29:58.847318+00:00,https://api.mfapi.in/mf/119551
119551,SBI Bluechip,119551,Aditya Birla Sun Life Banking & PSU Debt Fund  - DIRECT - IDCW,Aditya Birla Sun Life Mutual Fund,Open Ended Schemes,Debt Scheme - Banking and PSU Fund,2015-09-16,121.9789,2026-06-23T05:29:58.847318+00:00,https://api.mfapi.in/mf/119551
119551,SBI Bluechip,119551,Aditya Birla Sun Life Banking & PSU Debt Fund  - DIRECT - IDCW,Aditya Birla Sun Life Mutual Fund,Open Ended Schemes,Debt Scheme - Banking and PSU Fund,2015-09-15,121.9858,2026-06-23T05:29:58.847318+00:00,https://api.mfapi.in/mf/119551
119551,SBI Bluechip,119551,Aditya Birla Sun Life Banking & PSU Debt Fund  - DIRECT - IDCW,Aditya Birla Sun Life Mutual Fund,Open Ended Schemes,Debt Scheme - Banking and PSU Fund,2015-09-14,121.9531,2026-06-23T05:29:58.847318+00:00,https://api.mfapi.in/mf/119551
119551,SBI Bluechip,119551,Aditya Birla Sun Life Banking & PSU Debt Fund  - DIRECT - IDCW,Aditya Birla Sun Life Mutual Fund,Open Ended Schemes,Debt Scheme - Banking and PSU Fund,2015-09-11,121.8402,2026-06-23T05:29:58.847318+00:00,https://api.mfapi.in/mf/119551
119551,SBI Bluechip,119551,Aditya Birla Sun Life Banking & PSU Debt Fund  - DIRECT - IDCW,Aditya Birla Sun Life Mutual Fund,Open Ended Schemes,Debt Scheme - Banking and PSU Fund,2015-09-10,121.8109,2026-06-23T05:29:58.847318+00:00,https://api.mfapi.in/mf/119551
119551,SBI Bluechip,119551,Aditya Birla Sun Life Banking & PSU Debt Fund  - DIRECT - IDCW,Aditya Birla Sun Life Mutual Fund,Open Ended Schemes,Debt Scheme - Banking and PSU Fund,2015-09-09,121.8833,2026-06-23T05:29:58.847318+00:00,https://api.mfapi.in/mf/119551
119551,SBI Bluechip,119551,Aditya Birla Sun Life Banking & PSU Debt Fund  - DIRECT - IDCW,Aditya Birla Sun Life Mutual Fund,Open Ended Schemes,Debt Scheme - Banking and PSU Fund,2015-09-08,121.8281,2026-06-23T05:29:58.847318+00:00,https://api.mfapi.in/mf/119551
119551,SBI Bluechip,119551,Aditya Birla Sun Life Banking & PSU Debt Fund  - DIRECT - IDCW,Aditya Birla Sun Life Mutual Fund,Open Ended Schemes,Debt Scheme - Banking and PSU Fund,2015-09-07,121.7402,2026-06-23T05:29:58.847318+00:00,https://api.mfapi.in/mf/119551
119551,SBI Bluechip,119551,Aditya Birla Sun Life Banking & PSU Debt Fund  - DIRECT - IDCW,Aditya Birla Sun Life Mutual Fund,Open Ended Schemes,Debt Scheme - Banking and PSU Fund,2015-09-04,121.7976,2026-06-23T05:29:58.847318+00:00,https://api.mfapi.in/mf/119551
119551,SBI Bluechip,119551,Aditya Birla Sun Life Banking & PSU Debt Fund  - DIRECT - IDCW,Aditya Birla Sun Life Mutual Fund,Open Ended Schemes,Debt Scheme - Banking and PSU Fund,2015-09-03,121.8344,2026-06-23T05:29:58.847318+00:00,https://api.mfapi.in/mf/119551
119551,SBI Bluechip,119551,Aditya Birla Sun Life Banking & PSU Debt Fund  - DIRECT - IDCW,Aditya Birla Sun Life Mutual Fund,Open Ended Schemes,Debt Scheme - Banking and PSU Fund,2015-09-02,121.8592,2026-06-23T05:29:58.847318+00:00,https://api.mfapi.in/mf/119551
119551,SBI Bluechip,119551,Aditya Birla Sun Life Banking & PSU Debt Fund  - DIRECT - IDCW,Aditya Birla Sun Life Mutual Fund,Open Ended Schemes,Debt Scheme - Banking and PSU Fund,2015-09-01,121.8545,2026-06-23T05:29:58.847318+00:00,https://api.mfapi.in/mf/119551
119551,SBI Bluechip,119551,Aditya Birla Sun Life Banking & PSU Debt Fund  - DIRECT - IDCW,Aditya Birla Sun Life Mutual Fund,Open Ended Schemes,Debt Scheme - Banking and PSU Fund,2015-08-31,121.7255,2026-06-23T05:29:58.847318+00:00,https://api.mfapi.in/mf/119551
119551,SBI Bluechip,119551,Aditya Birla Sun Life Banking & PSU Debt Fund  - DIRECT - IDCW,Aditya Birla Sun Life Mutual Fund,Open Ended Schemes,Debt Scheme - Banking and PSU Fund,2015-08-28,121.688,2026-06-23T05:29:58.847318+00:00,https://api.mfapi.in/mf/119551
119551,SBI Bluechip,119551,Aditya Birla Sun Life Banking & PSU Debt Fund  - DIRECT - IDCW,Aditya Birla Sun Life Mutual Fund,Open Ended Schemes,Debt Scheme - Banking and PSU Fund,2015-08-27,121.6848,2026-06-23T05:29:58.847318+00:00,https://api.mfapi.in/mf/119551
119551,SBI Bluechip,119551,Aditya Birla Sun Life Banking & PSU Debt Fund  - DIRECT - IDCW,Aditya Birla Sun Life Mutual Fund,Open Ended Schemes,Debt Scheme - Banking and PSU Fund,2015-08-26,121.5738,2026-06-23T05:29:58.847318+00:00,https://api.mfapi.in/mf/119551
119551,SBI Bluechip,119551,Aditya Birla Sun Life Banking & PSU Debt Fund  - DIRECT - IDCW,Aditya Birla Sun Life Mutual Fund,Open Ended Schemes,Debt Scheme - Banking and PSU Fund,2015-08-25,121.4763,2026-06-23T05:29:58.847318+00:00,https://api.mfapi.in/mf/119551
119551,SBI Bluechip,119551,Aditya Birla Sun Life Banking & PSU Debt Fund  - DIRECT - IDCW,Aditya Birla Sun Life Mutual Fund,Open Ended Schemes,Debt Scheme - Banking and PSU Fund,2015-08-24,121.2877,2026-06-23T05:29:58.847318+00:00,https://api.mfapi.in/mf/119551
119551,SBI Bluechip,119551,Aditya Birla Sun Life Banking & PSU Debt Fund  - DIRECT - IDCW,Aditya Birla Sun Life Mutual Fund,Open Ended Schemes,Debt Scheme - Banking and PSU Fund,2015-08-21,121.5475,2026-06-23T05:29:58.847318+00:00,https://api.mfapi.in/mf/119551
119551,SBI Bluechip,119551,Aditya Birla Sun Life Banking & PSU Debt Fund  - DIRECT - IDCW,Aditya Birla Sun Life Mutual Fund,Open Ended Schemes,Debt Scheme - Banking and PSU Fund,2015-08-20,121.6568,2026-06-23T05:29:58.847318+00:00,https://api.mfapi.in/mf/119551
119551,SBI Bluechip,119551,Aditya Birla Sun Life Banking & PSU Debt Fund  - DIRECT - IDCW,Aditya Birla Sun Life Mutual Fund,Open Ended Schemes,Debt Scheme - Banking and PSU Fund,2015-08-19,121.6068,2026-06-23T05:29:58.847318+00:00,https://api.mfapi.in/mf/119551
119551,SBI Bluechip,119551,Aditya Birla Sun Life Banking & PSU Debt Fund  - DIRECT - IDCW,Aditya Birla Sun Life Mutual Fund,Open Ended Schemes,Debt Scheme - Banking and PSU Fund,2015-08-17,121.5407,2026-06-23T05:29:58.847318+00:00,https://api.mfapi.in/mf/119551
119551,SBI Bluechip,119551,Aditya Birla Sun Life Banking & PSU Debt Fund  - DIRECT - IDCW,Aditya Birla Sun Life Mutual Fund,Open Ended Schemes,Debt Scheme - Banking and PSU Fund,2015-08-14,121.4723,2026-06-23T05:29:58.847318+00:00,https://api.mfapi.in/mf/119551
119551,SBI Bluechip,119551,Aditya Birla Sun Life Banking & PSU Debt Fund  - DIRECT - IDCW,Aditya Birla Sun Life Mutual Fund,Open Ended Schemes,Debt Scheme - Banking and PSU Fund,2015-08-13,121.3935,2026-06-23T05:29:58.847318+00:00,https://api.mfapi.in/mf/119551
119551,SBI Bluechip,119551,Aditya Birla Sun Life Banking & PSU Debt Fund  - DIRECT - IDCW,Aditya Birla Sun Life Mutual Fund,Open Ended Schemes,Debt Scheme - Banking and PSU Fund,2015-08-12,121.1846,2026-06-23T05:29:58.847318+00:00,https://api.mfapi.in/mf/119551
119551,SBI Bluechip,119551,Aditya Birla Sun Life Banking & PSU Debt Fund  - DIRECT - IDCW,Aditya Birla Sun Life Mutual Fund,Open Ended Schemes,Debt Scheme - Banking and PSU Fund,2015-08-11,121.1502,2026-06-23T05:29:58.847318+00:00,https://api.mfapi.in/mf/119551
119551,SBI Bluechip,119551,Aditya Birla Sun Life Banking & PSU Debt Fund  - DIRECT - IDCW,Aditya Birla Sun Life Mutual Fund,Open Ended Schemes,Debt Scheme - Banking and PSU Fund,2015-08-10,121.1234,2026-06-23T05:29:58.847318+00:00,https://api.mfapi.in/mf/119551
119551,SBI Bluechip,119551,Aditya Birla Sun Life Banking & PSU Debt Fund  - DIRECT - IDCW,Aditya Birla Sun Life Mutual Fund,Open Ended Schemes,Debt Scheme - Banking and PSU Fund,2015-08-07,120.9962,2026-06-23T05:29:58.847318+00:00,https://api.mfapi.in/mf/119551
119551,SBI Bluechip,119551,Aditya Birla Sun Life Banking & PSU Debt Fund  - DIRECT - IDCW,Aditya Birla Sun Life Mutual Fund,Open Ended Schemes,Debt Scheme - Banking and PSU Fund,2015-08-06,120.9792,2026-06-23T05:29:58.847318+00:00,https://api.mfapi.in/mf/119551
119551,SBI Bluechip,119551,Aditya Birla Sun Life Banking & PSU Debt Fund  - DIRECT - IDCW,Aditya Birla Sun Life Mutual Fund,Open Ended Schemes,Debt Scheme - Banking and PSU Fund,2015-08-05,120.864,2026-06-23T05:29:58.847318+00:00,https://api.mfapi.in/mf/119551
119551,SBI Bluechip,119551,Aditya Birla Sun Life Banking & PSU Debt Fund  - DIRECT - IDCW,Aditya Birla Sun Life Mutual Fund,Open Ended Schemes,Debt Scheme - Banking and PSU Fund,2015-08-04,120.8481,2026-06-23T05:29:58.847318+00:00,https://api.mfapi.in/mf/119551
119551,SBI Bluechip,119551,Aditya Birla Sun Life Banking & PSU Debt Fund  - DIRECT - IDCW,Aditya Birla Sun Life Mutual Fund,Open Ended Schemes,Debt Scheme - Banking and PSU Fund,2015-08-03,120.9192,2026-06-23T05:29:58.847318+00:00,https://api.mfapi.in/mf/119551
119551,SBI Bluechip,119551,Aditya Birla Sun Life Banking & PSU Debt Fund  - DIRECT - IDCW,Aditya Birla Sun Life Mutual Fund,Open Ended Schemes,Debt Scheme - Banking and PSU Fund,2015-07-31,120.858,2026-06-23T05:29:58.847318+00:00,https://api.mfapi.in/mf/119551
119551,SBI Bluechip,119551,Aditya Birla Sun Life Banking & PSU Debt Fund  - DIRECT - IDCW,Aditya Birla Sun Life Mutual Fund,Open Ended Schemes,Debt Scheme - Banking and PSU Fund,2015-07-30,120.7773,2026-06-23T05:29:58.847318+00:00,https://api.mfapi.in/mf/119551
119551,SBI Bluechip,119551,Aditya Birla Sun Life Banking & PSU Debt Fund  - DIRECT - IDCW,Aditya Birla Sun Life Mutual Fund,Open Ended Schemes,Debt Scheme - Banking and PSU Fund,2015-07-29,120.7768,2026-06-23T05:29:58.847318+00:00,https://api.mfapi.in/mf/119551
119551,SBI Bluechip,119551,Aditya Birla Sun Life Banking & PSU Debt Fund  - DIRECT - IDCW,Aditya Birla Sun Life Mutual Fund,Open Ended Schemes,Debt Scheme - Banking and PSU Fund,2015-07-28,120.7053,2026-06-23T05:29:58.847318+00:00,https://api.mfapi.in/mf/119551
119551,SBI Bluechip,119551,Aditya Birla Sun Life Banking & PSU Debt Fund  - DIRECT - IDCW,Aditya Birla Sun Life Mutual Fund,Open Ended Schemes,Debt Scheme - Banking and PSU Fund,2015-07-27,120.5074,2026-06-23T05:29:58.847318+00:00,https://api.mfapi.in/mf/119551
119551,SBI Bluechip,119551,Aditya Birla Sun Life Banking & PSU Debt Fund  - DIRECT - IDCW,Aditya Birla Sun Life Mutual Fund,Open Ended Schemes,Debt Scheme - Banking and PSU Fund,2015-07-24,120.411,2026-06-23T05:29:58.847318+00:00,https://api.mfapi.in/mf/119551
119551,SBI Bluechip,119551,Aditya Birla Sun Life Banking & PSU Debt Fund  - DIRECT - IDCW,Aditya Birla Sun Life Mutual Fund,Open Ended Schemes,Debt Scheme - Banking and PSU Fund,2015-07-23,120.4142,2026-06-23T05:29:58.847318+00:00,https://api.mfapi.in/mf/119551
119551,SBI Bluechip,119551,Aditya Birla Sun Life Banking & PSU Debt Fund  - DIRECT - IDCW,Aditya Birla Sun Life Mutual Fund,Open Ended Schemes,Debt Scheme - Banking and PSU Fund,2015-07-22,120.3286,2026-06-23T05:29:58.847318+00:00,https://api.mfapi.in/mf/119551
119551,SBI Bluechip,119551,Aditya Birla Sun Life Banking & PSU Debt Fund  - DIRECT - IDCW,Aditya Birla Sun Life Mutual Fund,Open Ended Schemes,Debt Scheme - Banking and PSU Fund,2015-07-21,120.2742,2026-06-23T05:29:58.847318+00:00,https://api.mfapi.in/mf/119551
119551,SBI Bluechip,119551,Aditya Birla Sun Life Banking & PSU Debt Fund  - DIRECT - IDCW,Aditya Birla Sun Life Mutual Fund,Open Ended Schemes,Debt Scheme - Banking and PSU Fund,2015-07-20,120.227,2026-06-23T05:29:58.847318+00:00,https://api.mfapi.in/mf/119551
119551,SBI Bluechip,119551,Aditya Birla Sun Life Banking & PSU Debt Fund  - DIRECT - IDCW,Aditya Birla Sun Life Mutual Fund,Open Ended Schemes,Debt Scheme - Banking and PSU Fund,2015-07-17,120.1974,2026-06-23T05:29:58.847318+00:00,https://api.mfapi.in/mf/119551
119551,SBI Bluechip,119551,Aditya Birla Sun Life Banking & PSU Debt Fund  - DIRECT - IDCW,Aditya Birla Sun Life Mutual Fund,Open Ended Schemes,Debt Scheme - Banking and PSU Fund,2015-07-16,120.1474,2026-06-23T05:29:58.847318+00:00,https://api.mfapi.in/mf/119551
119551,SBI Bluechip,119551,Aditya Birla Sun Life Banking & PSU Debt Fund  - DIRECT - IDCW,Aditya Birla Sun Life Mutual Fund,Open Ended Schemes,Debt Scheme - Banking and PSU Fund,2015-07-15,120.1371,2026-06-23T05:29:58.847318+00:00,https://api.mfapi.in/mf/119551
119551,SBI Bluechip,119551,Aditya Birla Sun Life Banking & PSU Debt Fund  - DIRECT - IDCW,Aditya Birla Sun Life Mutual Fund,Open Ended Schemes,Debt Scheme - Banking and PSU Fund,2015-07-14,120.0999,2026-06-23T05:29:58.847318+00:00,https://api.mfapi.in/mf/119551
119551,SBI Bluechip,119551,Aditya Birla Sun Life Banking & PSU Debt Fund  - DIRECT - IDCW,Aditya Birla Sun Life Mutual Fund,Open Ended Schemes,Debt Scheme - Banking and PSU Fund,2015-07-13,119.9544,2026-06-23T05:29:58.847318+00:00,https://api.mfapi.in/mf/119551
119551,SBI Bluechip,119551,Aditya Birla Sun Life Banking & PSU Debt Fund  - DIRECT - IDCW,Aditya Birla Sun Life Mutual Fund,Open Ended Schemes,Debt Scheme - Banking and PSU Fund,2015-07-10,120.1484,2026-06-23T05:29:58.847318+00:00,https://api.mfapi.in/mf/119551
119551,SBI Bluechip,119551,Aditya Birla Sun Life Banking & PSU Debt Fund  - DIRECT - IDCW,Aditya Birla Sun Life Mutual Fund,Open Ended Schemes,Debt Scheme - Banking and PSU Fund,2015-07-09,120.0964,2026-06-23T05:29:58.847318+00:00,https://api.mfapi.in/mf/119551
119551,SBI Bluechip,119551,Aditya Birla Sun Life Banking & PSU Debt Fund  - DIRECT - IDCW,Aditya Birla Sun Life Mutual Fund,Open Ended Schemes,Debt Scheme - Banking and PSU Fund,2015-07-08,120.0759,2026-06-23T05:29:58.847318+00:00,https://api.mfapi.in/mf/119551
119551,SBI Bluechip,119551,Aditya Birla Sun Life Banking & PSU Debt Fund  - DIRECT - IDCW,Aditya Birla Sun Life Mutual Fund,Open Ended Schemes,Debt Scheme - Banking and PSU Fund,2015-07-07,120.0419,2026-06-23T05:29:58.847318+00:00,https://api.mfapi.in/mf/119551
119551,SBI Bluechip,119551,Aditya Birla Sun Life Banking & PSU Debt Fund  - DIRECT - IDCW,Aditya Birla Sun Life Mutual Fund,Open Ended Schemes,Debt Scheme - Banking and PSU Fund,2015-07-06,120.0581,2026-06-23T05:29:58.847318+00:00,https://api.mfapi.in/mf/119551
119551,SBI Bluechip,119551,Aditya Birla Sun Life Banking & PSU Debt Fund  - DIRECT - IDCW,Aditya Birla Sun Life Mutual Fund,Open Ended Schemes,Debt Scheme - Banking and PSU Fund,2015-07-03,119.8612,2026-06-23T05:29:58.847318+00:00,https://api.mfapi.in/mf/119551
119551,SBI Bluechip,119551,Aditya Birla Sun Life Banking & PSU Debt Fund  - DIRECT - IDCW,Aditya Birla Sun Life Mutual Fund,Open Ended Schemes,Debt Scheme - Banking and PSU Fund,2015-07-02,119.7538,2026-06-23T05:29:58.847318+00:00,https://api.mfapi.in/mf/119551
119551,SBI Bluechip,119551,Aditya Birla Sun Life Banking & PSU Debt Fund  - DIRECT - IDCW,Aditya Birla Sun Life Mutual Fund,Open Ended Schemes,Debt Scheme - Banking and PSU Fund,2015-07-01,119.6428,2026-06-23T05:29:58.847318+00:00,https://api.mfapi.in/mf/119551
119551,SBI Bluechip,119551,Aditya Birla Sun Life Banking & PSU Debt Fund  - DIRECT - IDCW,Aditya Birla Sun Life Mutual Fund,Open Ended Schemes,Debt Scheme - Banking and PSU Fund,2015-06-30,119.4628,2026-06-23T05:29:58.847318+00:00,https://api.mfapi.in/mf/119551
119551,SBI Bluechip,119551,Aditya Birla Sun Life Banking & PSU Debt Fund  - DIRECT - IDCW,Aditya Birla Sun Life Mutual Fund,Open Ended Schemes,Debt Scheme - Banking and PSU Fund,2015-06-29,119.3389,2026-06-23T05:29:58.847318+00:00,https://api.mfapi.in/mf/119551
119551,SBI Bluechip,119551,Aditya Birla Sun Life Banking & PSU Debt Fund  - DIRECT - IDCW,Aditya Birla Sun Life Mutual Fund,Open Ended Schemes,Debt Scheme - Banking and PSU Fund,2015-06-26,119.5192,2026-06-23T05:29:58.847318+00:00,https://api.mfapi.in/mf/119551
119551,SBI Bluechip,119551,Aditya Birla Sun Life Banking & PSU Debt Fund  - DIRECT - IDCW,Aditya Birla Sun Life Mutual Fund,Open Ended Schemes,Debt Scheme - Banking and PSU Fund,2015-06-25,119.4568,2026-06-23T05:29:58.847318+00:00,https://api.mfapi.in/mf/119551
119551,SBI Bluechip,119551,Aditya Birla Sun Life Banking & PSU Debt Fund  - DIRECT - IDCW,Aditya Birla Sun Life Mutual Fund,Open Ended Schemes,Debt Scheme - Banking and PSU Fund,2015-06-24,119.586,2026-06-23T05:29:58.847318+00:00,https://api.mfapi.in/mf/119551
119551,SBI Bluechip,119551,Aditya Birla Sun Life Banking & PSU Debt Fund  - DIRECT - IDCW,Aditya Birla Sun Life Mutual Fund,Open Ended Schemes,Debt Scheme - Banking and PSU Fund,2015-06-23,119.7242,2026-06-23T05:29:58.847318+00:00,https://api.mfapi.in/mf/119551
119551,SBI Bluechip,119551,Aditya Birla Sun Life Banking & PSU Debt Fund  - DIRECT - IDCW,Aditya Birla Sun Life Mutual Fund,Open Ended Schemes,Debt Scheme - Banking and PSU Fund,2015-06-22,119.7631,2026-06-23T05:29:58.847318+00:00,https://api.mfapi.in/mf/119551
119551,SBI Bluechip,119551,Aditya Birla Sun Life Banking & PSU Debt Fund  - DIRECT - IDCW,Aditya Birla Sun Life Mutual Fund,Open Ended Schemes,Debt Scheme - Banking and PSU Fund,2015-06-19,119.761,2026-06-23T05:29:58.847318+00:00,https://api.mfapi.in/mf/119551
119551,SBI Bluechip,119551,Aditya Birla Sun Life Banking & PSU Debt Fund  - DIRECT - IDCW,Aditya Birla Sun Life Mutual Fund,Open Ended Schemes,Debt Scheme - Banking and PSU Fund,2015-06-18,119.5056,2026-06-23T05:29:58.847318+00:00,https://api.mfapi.in/mf/119551
119551,SBI Bluechip,119551,Aditya Birla Sun Life Banking & PSU Debt Fund  - DIRECT - IDCW,Aditya Birla Sun Life Mutual Fund,Open Ended Schemes,Debt Scheme - Banking and PSU Fund,2015-06-17,119.1569,2026-06-23T05:29:58.847318+00:00,https://api.mfapi.in/mf/119551
119551,SBI Bluechip,119551,Aditya Birla Sun Life Banking & PSU Debt Fund  - DIRECT - IDCW,Aditya Birla Sun Life Mutual Fund,Open Ended Schemes,Debt Scheme - Banking and PSU Fund,2015-06-16,118.9396,2026-06-23T05:29:58.847318+00:00,https://api.mfapi.in/mf/119551
119551,SBI Bluechip,119551,Aditya Birla Sun Life Banking & PSU Debt Fund  - DIRECT - IDCW,Aditya Birla Sun Life Mutual Fund,Open Ended Schemes,Debt Scheme - Banking and PSU Fund,2015-06-15,119.029,2026-06-23T05:29:58.847318+00:00,https://api.mfapi.in/mf/119551
119551,SBI Bluechip,119551,Aditya Birla Sun Life Banking & PSU Debt Fund  - DIRECT - IDCW,Aditya Birla Sun Life Mutual Fund,Open Ended Schemes,Debt Scheme - Banking and PSU Fund,2015-06-12,118.8557,2026-06-23T05:29:58.847318+00:00,https://api.mfapi.in/mf/119551
119551,SBI Bluechip,119551,Aditya Birla Sun Life Banking & PSU Debt Fund  - DIRECT - IDCW,Aditya Birla Sun Life Mutual Fund,Open Ended Schemes,Debt Scheme - Banking and PSU Fund,2015-06-11,118.8986,2026-06-23T05:29:58.847318+00:00,https://api.mfapi.in/mf/119551
119551,SBI Bluechip,119551,Aditya Birla Sun Life Banking & PSU Debt Fund  - DIRECT - IDCW,Aditya Birla Sun Life Mutual Fund,Open Ended Schemes,Debt Scheme - Banking and PSU Fund,2015-06-10,119.091,2026-06-23T05:29:58.847318+00:00,https://api.mfapi.in/mf/119551
119551,SBI Bluechip,119551,Aditya Birla Sun Life Banking & PSU Debt Fund  - DIRECT - IDCW,Aditya Birla Sun Life Mutual Fund,Open Ended Schemes,Debt Scheme - Banking and PSU Fund,2015-06-09,119.1989,2026-06-23T05:29:58.847318+00:00,https://api.mfapi.in/mf/119551
119551,SBI Bluechip,119551,Aditya Birla Sun Life Banking & PSU Debt Fund  - DIRECT - IDCW,Aditya Birla Sun Life Mutual Fund,Open Ended Schemes,Debt Scheme - Banking and PSU Fund,2015-06-08,119.0629,2026-06-23T05:29:58.847318+00:00,https://api.mfapi.in/mf/119551
119551,SBI Bluechip,119551,Aditya Birla Sun Life Banking & PSU Debt Fund  - DIRECT - IDCW,Aditya Birla Sun Life Mutual Fund,Open Ended Schemes,Debt Scheme - Banking and PSU Fund,2015-06-05,119.0347,2026-06-23T05:29:58.847318+00:00,https://api.mfapi.in/mf/119551
119551,SBI Bluechip,119551,Aditya Birla Sun Life Banking & PSU Debt Fund  - DIRECT - IDCW,Aditya Birla Sun Life Mutual Fund,Open Ended Schemes,Debt Scheme - Banking and PSU Fund,2015-06-04,118.9151,2026-06-23T05:29:58.847318+00:00,https://api.mfapi.in/mf/119551
119551,SBI Bluechip,119551,Aditya Birla Sun Life Banking & PSU Debt Fund  - DIRECT - IDCW,Aditya Birla Sun Life Mutual Fund,Open Ended Schemes,Debt Scheme - Banking and PSU Fund,2015-06-03,119.0994,2026-06-23T05:29:58.847318+00:00,https://api.mfapi.in/mf/119551
119551,SBI Bluechip,119551,Aditya Birla Sun Life Banking & PSU Debt Fund  - DIRECT - IDCW,Aditya Birla Sun Life Mutual Fund,Open Ended Schemes,Debt Scheme - Banking and PSU Fund,2015-06-02,119.1982,2026-06-23T05:29:58.847318+00:00,https://api.mfapi.in/mf/119551
119551,SBI Bluechip,119551,Aditya Birla Sun Life Banking & PSU Debt Fund  - DIRECT - IDCW,Aditya Birla Sun Life Mutual Fund,Open Ended Schemes,Debt Scheme - Banking and PSU Fund,2015-06-01,119.5416,2026-06-23T05:29:58.847318+00:00,https://api.mfapi.in/mf/119551
119551,SBI Bluechip,119551,Aditya Birla Sun Life Banking & PSU Debt Fund  - DIRECT - IDCW,Aditya Birla Sun Life Mutual Fund,Open Ended Schemes,Debt Scheme - Banking and PSU Fund,2015-05-29,119.4459,2026-06-23T05:29:58.847318+00:00,https://api.mfapi.in/mf/119551
119551,SBI Bluechip,119551,Aditya Birla Sun Life Banking & PSU Debt Fund  - DIRECT - IDCW,Aditya Birla Sun Life Mutual Fund,Open Ended Schemes,Debt Scheme - Banking and PSU Fund,2015-05-28,119.3367,2026-06-23T05:29:58.847318+00:00,https://api.mfapi.in/mf/119551
119551,SBI Bluechip,119551,Aditya Birla Sun Life Banking & PSU Debt Fund  - DIRECT - IDCW,Aditya Birla Sun Life Mutual Fund,Open Ended Schemes,Debt Scheme - Banking and PSU Fund,2015-05-27,119.2361,2026-06-23T05:29:58.847318+00:00,https://api.mfapi.in/mf/119551
119551,SBI Bluechip,119551,Aditya Birla Sun Life Banking & PSU Debt Fund  - DIRECT - IDCW,Aditya Birla Sun Life Mutual Fund,Open Ended Schemes,Debt Scheme - Banking and PSU Fund,2015-05-26,119.1981,2026-06-23T05:29:58.847318+00:00,https://api.mfapi.in/mf/119551
119551,SBI Bluechip,119551,Aditya Birla Sun Life Banking & PSU Debt Fund  - DIRECT - IDCW,Aditya Birla Sun Life Mutual Fund,Open Ended Schemes,Debt Scheme - Banking and PSU Fund,2015-05-25,119.2195,2026-06-23T05:29:58.847318+00:00,https://api.mfapi.in/mf/119551
119551,SBI Bluechip,119551,Aditya Birla Sun Life Banking & PSU Debt Fund  - DIRECT - IDCW,Aditya Birla Sun Life Mutual Fund,Open Ended Schemes,Debt Scheme - Banking and PSU Fund,2015-05-22,119.1641,2026-06-23T05:29:58.847318+00:00,https://api.mfapi.in/mf/119551
119551,SBI Bluechip,119551,Aditya Birla Sun Life Banking & PSU Debt Fund  - DIRECT - IDCW,Aditya Birla Sun Life Mutual Fund,Open Ended Schemes,Debt Scheme - Banking and PSU Fund,2015-05-21,119.0962,2026-06-23T05:29:58.847318+00:00,https://api.mfapi.in/mf/119551
119551,SBI Bluechip,119551,Aditya Birla Sun Life Banking & PSU Debt Fund  - DIRECT - IDCW,Aditya Birla Sun Life Mutual Fund,Open Ended Schemes,Debt Scheme - Banking and PSU Fund,2015-05-20,119.0625,2026-06-23T05:29:58.847318+00:00,https://api.mfapi.in/mf/119551
119551,SBI Bluechip,119551,Aditya Birla Sun Life Banking & PSU Debt Fund  - DIRECT - IDCW,Aditya Birla Sun Life Mutual Fund,Open Ended Schemes,Debt Scheme - Banking and PSU Fund,2015-05-19,119.0042,2026-06-23T05:29:58.847318+00:00,https://api.mfapi.in/mf/119551
119551,SBI Bluechip,119551,Aditya Birla Sun Life Banking & PSU Debt Fund  - DIRECT - IDCW,Aditya Birla Sun Life Mutual Fund,Open Ended Schemes,Debt Scheme - Banking and PSU Fund,2015-05-18,118.8277,2026-06-23T05:29:58.847318+00:00,https://api.mfapi.in/mf/119551
119551,SBI Bluechip,119551,Aditya Birla Sun Life Banking & PSU Debt Fund  - DIRECT - IDCW,Aditya Birla Sun Life Mutual Fund,Open Ended Schemes,Debt Scheme - Banking and PSU Fund,2015-05-15,118.638,2026-06-23T05:29:58.847318+00:00,https://api.mfapi.in/mf/119551
119551,SBI Bluechip,119551,Aditya Birla Sun Life Banking & PSU Debt Fund  - DIRECT - IDCW,Aditya Birla Sun Life Mutual Fund,Open Ended Schemes,Debt Scheme - Banking and PSU Fund,2015-05-14,118.5984,2026-06-23T05:29:58.847318+00:00,https://api.mfapi.in/mf/119551
119551,SBI Bluechip,119551,Aditya Birla Sun Life Banking & PSU Debt Fund  - DIRECT - IDCW,Aditya Birla Sun Life Mutual Fund,Open Ended Schemes,Debt Scheme - Banking and PSU Fund,2015-05-13,118.5796,2026-06-23T05:29:58.847318+00:00,https://api.mfapi.in/mf/119551
119551,SBI Bluechip,119551,Aditya Birla Sun Life Banking & PSU Debt Fund  - DIRECT - IDCW,Aditya Birla Sun Life Mutual Fund,Open Ended Schemes,Debt Scheme - Banking and PSU Fund,2015-05-12,118.5949,2026-06-23T05:29:58.847318+00:00,https://api.mfapi.in/mf/119551
119551,SBI Bluechip,119551,Aditya Birla Sun Life Banking & PSU Debt Fund  - DIRECT - IDCW,Aditya Birla Sun Life Mutual Fund,Open Ended Schemes,Debt Scheme - Banking and PSU Fund,2015-05-11,118.671,2026-06-23T05:29:58.847318+00:00,https://api.mfapi.in/mf/119551
119551,SBI Bluechip,119551,Aditya Birla Sun Life Banking & PSU Debt Fund  - DIRECT - IDCW,Aditya Birla Sun Life Mutual Fund,Open Ended Schemes,Debt Scheme - Banking and PSU Fund,2015-05-08,118.3858,2026-06-23T05:29:58.847318+00:00,https://api.mfapi.in/mf/119551
119551,SBI Bluechip,119551,Aditya Birla Sun Life Banking & PSU Debt Fund  - DIRECT - IDCW,Aditya Birla Sun Life Mutual Fund,Open Ended Schemes,Debt Scheme - Banking and PSU Fund,2015-05-07,118.376,2026-06-23T05:29:58.847318+00:00,https://api.mfapi.in/mf/119551
119551,SBI Bluechip,119551,Aditya Birla Sun Life Banking & PSU Debt Fund  - DIRECT - IDCW,Aditya Birla Sun Life Mutual Fund,Open Ended Schemes,Debt Scheme - Banking and PSU Fund,2015-05-06,118.6148,2026-06-23T05:29:58.847318+00:00,https://api.mfapi.in/mf/119551
119551,SBI Bluechip,119551,Aditya Birla Sun Life Banking & PSU Debt Fund  - DIRECT - IDCW,Aditya Birla Sun Life Mutual Fund,Open Ended Schemes,Debt Scheme - Banking and PSU Fund,2015-05-05,118.7349,2026-06-23T05:29:58.847318+00:00,https://api.mfapi.in/mf/119551
119551,SBI Bluechip,119551,Aditya Birla Sun Life Banking & PSU Debt Fund  - DIRECT - IDCW,Aditya Birla Sun Life Mutual Fund,Open Ended Schemes,Debt Scheme - Banking and PSU Fund,2015-04-30,118.6387,2026-06-23T05:29:58.847318+00:00,https://api.mfapi.in/mf/119551
119551,SBI Bluechip,119551,Aditya Birla Sun Life Banking & PSU Debt Fund  - DIRECT - IDCW,Aditya Birla Sun Life Mutual Fund,Open Ended Schemes,Debt Scheme - Banking and PSU Fund,2015-04-29,118.7676,2026-06-23T05:29:58.847318+00:00,https://api.mfapi.in/mf/119551
119551,SBI Bluechip,119551,Aditya Birla Sun Life Banking & PSU Debt Fund  - DIRECT - IDCW,Aditya Birla Sun Life Mutual Fund,Open Ended Schemes,Debt Scheme - Banking and PSU Fund,2015-04-28,118.8214,2026-06-23T05:29:58.847318+00:00,https://api.mfapi.in/mf/119551
119551,SBI Bluechip,119551,Aditya Birla Sun Life Banking & PSU Debt Fund  - DIRECT - IDCW,Aditya Birla Sun Life Mutual Fund,Open Ended Schemes,Debt Scheme - Banking and PSU Fund,2015-04-27,118.7981,2026-06-23T05:29:58.847318+00:00,https://api.mfapi.in/mf/119551
119551,SBI Bluechip,119551,Aditya Birla Sun Life Banking & PSU Debt Fund  - DIRECT - IDCW,Aditya Birla Sun Life Mutual Fund,Open Ended Schemes,Debt Scheme - Banking and PSU Fund,2015-04-24,118.7424,2026-06-23T05:29:58.847318+00:00,https://api.mfapi.in/mf/119551
119551,SBI Bluechip,119551,Aditya Birla Sun Life Banking & PSU Debt Fund  - DIRECT - IDCW,Aditya Birla Sun Life Mutual Fund,Open Ended Schemes,Debt Scheme - Banking and PSU Fund,2015-04-23,118.7552,2026-06-23T05:29:58.847318+00:00,https://api.mfapi.in/mf/119551
119551,SBI Bluechip,119551,Aditya Birla Sun Life Banking & PSU Debt Fund  - DIRECT - IDCW,Aditya Birla Sun Life Mutual Fund,Open Ended Schemes,Debt Scheme - Banking and PSU Fund,2015-04-22,118.7833,2026-06-23T05:29:58.847318+00:00,https://api.mfapi.in/mf/119551
119551,SBI Bluechip,119551,Aditya Birla Sun Life Banking & PSU Debt Fund  - DIRECT - IDCW,Aditya Birla Sun Life Mutual Fund,Open Ended Schemes,Debt Scheme - Banking and PSU Fund,2015-04-21,118.7199,2026-06-23T05:29:58.847318+00:00,https://api.mfapi.in/mf/119551
119551,SBI Bluechip,119551,Aditya Birla Sun Life Banking & PSU Debt Fund  - DIRECT - IDCW,Aditya Birla Sun Life Mutual Fund,Open Ended Schemes,Debt Scheme - Banking and PSU Fund,2015-04-20,118.6696,2026-06-23T05:29:58.847318+00:00,https://api.mfapi.in/mf/119551
119551,SBI Bluechip,119551,Aditya Birla Sun Life Banking & PSU Debt Fund  - DIRECT - IDCW,Aditya Birla Sun Life Mutual Fund,Open Ended Schemes,Debt Scheme - Banking and PSU Fund,2015-04-17,118.6016,2026-06-23T05:29:58.847318+00:00,https://api.mfapi.in/mf/119551
119551,SBI Bluechip,119551,Aditya Birla Sun Life Banking & PSU Debt Fund  - DIRECT - IDCW,Aditya Birla Sun Life Mutual Fund,Open Ended Schemes,Debt Scheme - Banking and PSU Fund,2015-04-16,118.6022,2026-06-23T05:29:58.847318+00:00,https://api.mfapi.in/mf/119551
119551,SBI Bluechip,119551,Aditya Birla Sun Life Banking & PSU Debt Fund  - DIRECT - IDCW,Aditya Birla Sun Life Mutual Fund,Open Ended Schemes,Debt Scheme - Banking and PSU Fund,2015-04-15,118.5848,2026-06-23T05:29:58.847318+00:00,https://api.mfapi.in/mf/119551
119551,SBI Bluechip,119551,Aditya Birla Sun Life Banking & PSU Debt Fund  - DIRECT - IDCW,Aditya Birla Sun Life Mutual Fund,Open Ended Schemes,Debt Scheme - Banking and PSU Fund,2015-04-13,118.5303,2026-06-23T05:29:58.847318+00:00,https://api.mfapi.in/mf/119551
119551,SBI Bluechip,119551,Aditya Birla Sun Life Banking & PSU Debt Fund  - DIRECT - IDCW,Aditya Birla Sun Life Mutual Fund,Open Ended Schemes,Debt Scheme - Banking and PSU Fund,2015-04-10,118.4427,2026-06-23T05:29:58.847318+00:00,https://api.mfapi.in/mf/119551
119551,SBI Bluechip,119551,Aditya Birla Sun Life Banking & PSU Debt Fund  - DIRECT - IDCW,Aditya Birla Sun Life Mutual Fund,Open Ended Schemes,Debt Scheme - Banking and PSU Fund,2015-04-09,118.4202,2026-06-23T05:29:58.847318+00:00,https://api.mfapi.in/mf/119551
119551,SBI Bluechip,119551,Aditya Birla Sun Life Banking & PSU Debt Fund  - DIRECT - IDCW,Aditya Birla Sun Life Mutual Fund,Open Ended Schemes,Debt Scheme - Banking and PSU Fund,2015-04-08,118.3201,2026-06-23T05:29:58.847318+00:00,https://api.mfapi.in/mf/119551
119551,SBI Bluechip,119551,Aditya Birla Sun Life Banking & PSU Debt Fund  - DIRECT - IDCW,Aditya Birla Sun Life Mutual Fund,Open Ended Schemes,Debt Scheme - Banking and PSU Fund,2015-04-07,118.3426,2026-06-23T05:29:58.847318+00:00,https://api.mfapi.in/mf/119551
119551,SBI Bluechip,119551,Aditya Birla Sun Life Banking & PSU Debt Fund  - DIRECT - IDCW,Aditya Birla Sun Life Mutual Fund,Open Ended Schemes,Debt Scheme - Banking and PSU Fund,2015-04-06,118.3359,2026-06-23T05:29:58.847318+00:00,https://api.mfapi.in/mf/119551
119551,SBI Bluechip,119551,Aditya Birla Sun Life Banking & PSU Debt Fund  - DIRECT - IDCW,Aditya Birla Sun Life Mutual Fund,Open Ended Schemes,Debt Scheme - Banking and PSU Fund,2015-03-31,118.0538,2026-06-23T05:29:58.847318+00:00,https://api.mfapi.in/mf/119551
119551,SBI Bluechip,119551,Aditya Birla Sun Life Banking & PSU Debt Fund  - DIRECT - IDCW,Aditya Birla Sun Life Mutual Fund,Open Ended Schemes,Debt Scheme - Banking and PSU Fund,2015-03-30,117.8781,2026-06-23T05:29:58.847318+00:00,https://api.mfapi.in/mf/119551
119551,SBI Bluechip,119551,Aditya Birla Sun Life Banking & PSU Debt Fund  - DIRECT - IDCW,Aditya Birla Sun Life Mutual Fund,Open Ended Schemes,Debt Scheme - Banking and PSU Fund,2015-03-27,117.7888,2026-06-23T05:29:58.847318+00:00,https://api.mfapi.in/mf/119551
119551,SBI Bluechip,119551,Aditya Birla Sun Life Banking & PSU Debt Fund  - DIRECT - IDCW,Aditya Birla Sun Life Mutual Fund,Open Ended Schemes,Debt Scheme - Banking and PSU Fund,2015-03-26,117.7366,2026-06-23T05:29:58.847318+00:00,https://api.mfapi.in/mf/119551
119551,SBI Bluechip,119551,Aditya Birla Sun Life Banking & PSU Debt Fund  - DIRECT - IDCW,Aditya Birla Sun Life Mutual Fund,Open Ended Schemes,Debt Scheme - Banking and PSU Fund,2015-03-25,117.721,2026-06-23T05:29:58.847318+00:00,https://api.mfapi.in/mf/119551
119551,SBI Bluechip,119551,Aditya Birla Sun Life Banking & PSU Debt Fund  - DIRECT - IDCW,Aditya Birla Sun Life Mutual Fund,Open Ended Schemes,Debt Scheme - Banking and PSU Fund,2015-03-24,117.7014,2026-06-23T05:29:58.847318+00:00,https://api.mfapi.in/mf/119551
119551,SBI Bluechip,119551,Aditya Birla Sun Life Banking & PSU Debt Fund  - DIRECT - IDCW,Aditya Birla Sun Life Mutual Fund,Open Ended Schemes,Debt Scheme - Banking and PSU Fund,2015-03-23,117.6634,2026-06-23T05:29:58.847318+00:00,https://api.mfapi.in/mf/119551
119551,SBI Bluechip,119551,Aditya Birla Sun Life Banking & PSU Debt Fund  - DIRECT - IDCW,Aditya Birla Sun Life Mutual Fund,Open Ended Schemes,Debt Scheme - Banking and PSU Fund,2015-03-20,117.6167,2026-06-23T05:29:58.847318+00:00,https://api.mfapi.in/mf/119551
119551,SBI Bluechip,119551,Aditya Birla Sun Life Banking & PSU Debt Fund  - DIRECT - IDCW,Aditya Birla Sun Life Mutual Fund,Open Ended Schemes,Debt Scheme - Banking and PSU Fund,2015-03-19,117.5422,2026-06-23T05:29:58.847318+00:00,https://api.mfapi.in/mf/119551
119551,SBI Bluechip,119551,Aditya Birla Sun Life Banking & PSU Debt Fund  - DIRECT - IDCW,Aditya Birla Sun Life Mutual Fund,Open Ended Schemes,Debt Scheme - Banking and PSU Fund,2015-03-18,117.4713,2026-06-23T05:29:58.847318+00:00,https://api.mfapi.in/mf/119551
119551,SBI Bluechip,119551,Aditya Birla Sun Life Banking & PSU Debt Fund  - DIRECT - IDCW,Aditya Birla Sun Life Mutual Fund,Open Ended Schemes,Debt Scheme - Banking and PSU Fund,2015-03-17,117.4812,2026-06-23T05:29:58.847318+00:00,https://api.mfapi.in/mf/119551
119551,SBI Bluechip,119551,Aditya Birla Sun Life Banking & PSU Debt Fund  - DIRECT - IDCW,Aditya Birla Sun Life Mutual Fund,Open Ended Schemes,Debt Scheme - Banking and PSU Fund,2015-03-16,117.4257,2026-06-23T05:29:58.847318+00:00,https://api.mfapi.in/mf/119551
119551,SBI Bluechip,119551,Aditya Birla Sun Life Banking & PSU Debt Fund  - DIRECT - IDCW,Aditya Birla Sun Life Mutual Fund,Open Ended Schemes,Debt Scheme - Banking and PSU Fund,2015-03-13,117.3557,2026-06-23T05:29:58.847318+00:00,https://api.mfapi.in/mf/119551
119551,SBI Bluechip,119551,Aditya Birla Sun Life Banking & PSU Debt Fund  - DIRECT - IDCW,Aditya Birla Sun Life Mutual Fund,Open Ended Schemes,Debt Scheme - Banking and PSU Fund,2015-03-12,117.4767,2026-06-23T05:29:58.847318+00:00,https://api.mfapi.in/mf/119551
119551,SBI Bluechip,119551,Aditya Birla Sun Life Banking & PSU Debt Fund  - DIRECT - IDCW,Aditya Birla Sun Life Mutual Fund,Open Ended Schemes,Debt Scheme - Banking and PSU Fund,2015-03-11,117.412,2026-06-23T05:29:58.847318+00:00,https://api.mfapi.in/mf/119551
119551,SBI Bluechip,119551,Aditya Birla Sun Life Banking & PSU Debt Fund  - DIRECT - IDCW,Aditya Birla Sun Life Mutual Fund,Open Ended Schemes,Debt Scheme - Banking and PSU Fund,2015-03-10,117.4224,2026-06-23T05:29:58.847318+00:00,https://api.mfapi.in/mf/119551
119551,SBI Bluechip,119551,Aditya Birla Sun Life Banking & PSU Debt Fund  - DIRECT - IDCW,Aditya Birla Sun Life Mutual Fund,Open Ended Schemes,Debt Scheme - Banking and PSU Fund,2015-03-09,117.449,2026-06-23T05:29:58.847318+00:00,https://api.mfapi.in/mf/119551
119551,SBI Bluechip,119551,Aditya Birla Sun Life Banking & PSU Debt Fund  - DIRECT - IDCW,Aditya Birla Sun Life Mutual Fund,Open Ended Schemes,Debt Scheme - Banking and PSU Fund,2015-03-05,117.4822,2026-06-23T05:29:58.847318+00:00,https://api.mfapi.in/mf/119551
119551,SBI Bluechip,119551,Aditya Birla Sun Life Banking & PSU Debt Fund  - DIRECT - IDCW,Aditya Birla Sun Life Mutual Fund,Open Ended Schemes,Debt Scheme - Banking and PSU Fund,2015-03-04,117.4492,2026-06-23T05:29:58.847318+00:00,https://api.mfapi.in/mf/119551
119551,SBI Bluechip,119551,Aditya Birla Sun Life Banking & PSU Debt Fund  - DIRECT - IDCW,Aditya Birla Sun Life Mutual Fund,Open Ended Schemes,Debt Scheme - Banking and PSU Fund,2015-03-03,117.2102,2026-06-23T05:29:58.847318+00:00,https://api.mfapi.in/mf/119551
119551,SBI Bluechip,119551,Aditya Birla Sun Life Banking & PSU Debt Fund  - DIRECT - IDCW,Aditya Birla Sun Life Mutual Fund,Open Ended Schemes,Debt Scheme - Banking and PSU Fund,2015-03-02,117.2585,2026-06-23T05:29:58.847318+00:00,https://api.mfapi.in/mf/119551
119551,SBI Bluechip,119551,Aditya Birla Sun Life Banking & PSU Debt Fund  - DIRECT - IDCW,Aditya Birla Sun Life Mutual Fund,Open Ended Schemes,Debt Scheme - Banking and PSU Fund,2015-02-27,117.1873,2026-06-23T05:29:58.847318+00:00,https://api.mfapi.in/mf/119551
119551,SBI Bluechip,119551,Aditya Birla Sun Life Banking & PSU Debt Fund  - DIRECT - IDCW,Aditya Birla Sun Life Mutual Fund,Open Ended Schemes,Debt Scheme - Banking and PSU Fund,2015-02-26,117.1316,2026-06-23T05:29:58.847318+00:00,https://api.mfapi.in/mf/119551
119551,SBI Bluechip,119551,Aditya Birla Sun Life Banking & PSU Debt Fund  - DIRECT - IDCW,Aditya Birla Sun Life Mutual Fund,Open Ended Schemes,Debt Scheme - Banking and PSU Fund,2015-02-25,117.136,2026-06-23T05:29:58.847318+00:00,https://api.mfapi.in/mf/119551
119551,SBI Bluechip,119551,Aditya Birla Sun Life Banking & PSU Debt Fund  - DIRECT - IDCW,Aditya Birla Sun Life Mutual Fund,Open Ended Schemes,Debt Scheme - Banking and PSU Fund,2015-02-24,117.0714,2026-06-23T05:29:58.847318+00:00,https://api.mfapi.in/mf/119551
119551,SBI Bluechip,119551,Aditya Birla Sun Life Banking & PSU Debt Fund  - DIRECT - IDCW,Aditya Birla Sun Life Mutual Fund,Open Ended Schemes,Debt Scheme - Banking and PSU Fund,2015-02-23,116.9984,2026-06-23T05:29:58.847318+00:00,https://api.mfapi.in/mf/119551
119551,SBI Bluechip,119551,Aditya Birla Sun Life Banking & PSU Debt Fund  - DIRECT - IDCW,Aditya Birla Sun Life Mutual Fund,Open Ended Schemes,Debt Scheme - Banking and PSU Fund,2015-02-20,116.9274,2026-06-23T05:29:58.847318+00:00,https://api.mfapi.in/mf/119551
119551,SBI Bluechip,119551,Aditya Birla Sun Life Banking & PSU Debt Fund  - DIRECT - IDCW,Aditya Birla Sun Life Mutual Fund,Open Ended Schemes,Debt Scheme - Banking and PSU Fund,2015-02-18,116.8588,2026-06-23T05:29:58.847318+00:00,https://api.mfapi.in/mf/119551
119551,SBI Bluechip,119551,Aditya Birla Sun Life Banking & PSU Debt Fund  - DIRECT - IDCW,Aditya Birla Sun Life Mutual Fund,Open Ended Schemes,Debt Scheme - Banking and PSU Fund,2015-02-16,116.8223,2026-06-23T05:29:58.847318+00:00,https://api.mfapi.in/mf/119551
119551,SBI Bluechip,119551,Aditya Birla Sun Life Banking & PSU Debt Fund  - DIRECT - IDCW,Aditya Birla Sun Life Mutual Fund,Open Ended Schemes,Debt Scheme - Banking and PSU Fund,2015-02-13,116.7452,2026-06-23T05:29:58.847318+00:00,https://api.mfapi.in/mf/119551
119551,SBI Bluechip,119551,Aditya Birla Sun Life Banking & PSU Debt Fund  - DIRECT - IDCW,Aditya Birla Sun Life Mutual Fund,Open Ended Schemes,Debt Scheme - Banking and PSU Fund,2015-02-12,116.6546,2026-06-23T05:29:58.847318+00:00,https://api.mfapi.in/mf/119551
119551,SBI Bluechip,119551,Aditya Birla Sun Life Banking & PSU Debt Fund  - DIRECT - IDCW,Aditya Birla Sun Life Mutual Fund,Open Ended Schemes,Debt Scheme - Banking and PSU Fund,2015-02-11,116.669,2026-06-23T05:29:58.847318+00:00,https://api.mfapi.in/mf/119551
119551,SBI Bluechip,119551,Aditya Birla Sun Life Banking & PSU Debt Fund  - DIRECT - IDCW,Aditya Birla Sun Life Mutual Fund,Open Ended Schemes,Debt Scheme - Banking and PSU Fund,2015-02-10,116.6639,2026-06-23T05:29:58.847318+00:00,https://api.mfapi.in/mf/119551
119551,SBI Bluechip,119551,Aditya Birla Sun Life Banking & PSU Debt Fund  - DIRECT - IDCW,Aditya Birla Sun Life Mutual Fund,Open Ended Schemes,Debt Scheme - Banking and PSU Fund,2015-02-09,116.6428,2026-06-23T05:29:58.847318+00:00,https://api.mfapi.in/mf/119551
119551,SBI Bluechip,119551,Aditya Birla Sun Life Banking & PSU Debt Fund  - DIRECT - IDCW,Aditya Birla Sun Life Mutual Fund,Open Ended Schemes,Debt Scheme - Banking and PSU Fund,2015-02-06,116.6382,2026-06-23T05:29:58.847318+00:00,https://api.mfapi.in/mf/119551
119551,SBI Bluechip,119551,Aditya Birla Sun Life Banking & PSU Debt Fund  - DIRECT - IDCW,Aditya Birla Sun Life Mutual Fund,Open Ended Schemes,Debt Scheme - Banking and PSU Fund,2015-02-05,116.6397,2026-06-23T05:29:58.847318+00:00,https://api.mfapi.in/mf/119551
119551,SBI Bluechip,119551,Aditya Birla Sun Life Banking & PSU Debt Fund  - DIRECT - IDCW,Aditya Birla Sun Life Mutual Fund,Open Ended Schemes,Debt Scheme - Banking and PSU Fund,2015-02-04,116.6401,2026-06-23T05:29:58.847318+00:00,https://api.mfapi.in/mf/119551
119551,SBI Bluechip,119551,Aditya Birla Sun Life Banking & PSU Debt Fund  - DIRECT - IDCW,Aditya Birla Sun Life Mutual Fund,Open Ended Schemes,Debt Scheme - Banking and PSU Fund,2015-02-03,116.6952,2026-06-23T05:29:58.847318+00:00,https://api.mfapi.in/mf/119551
119551,SBI Bluechip,119551,Aditya Birla Sun Life Banking & PSU Debt Fund  - DIRECT - IDCW,Aditya Birla Sun Life Mutual Fund,Open Ended Schemes,Debt Scheme - Banking and PSU Fund,2015-02-02,116.7716,2026-06-23T05:29:58.847318+00:00,https://api.mfapi.in/mf/119551
119551,SBI Bluechip,119551,Aditya Birla Sun Life Banking & PSU Debt Fund  - DIRECT - IDCW,Aditya Birla Sun Life Mutual Fund,Open Ended Schemes,Debt Scheme - Banking and PSU Fund,2015-01-30,116.5922,2026-06-23T05:29:58.847318+00:00,https://api.mfapi.in/mf/119551
119551,SBI Bluechip,119551,Aditya Birla Sun Life Banking & PSU Debt Fund  - DIRECT - IDCW,Aditya Birla Sun Life Mutual Fund,Open Ended Schemes,Debt Scheme - Banking and PSU Fund,2015-01-29,116.583,2026-06-23T05:29:58.847318+00:00,https://api.mfapi.in/mf/119551
119551,SBI Bluechip,119551,Aditya Birla Sun Life Banking & PSU Debt Fund  - DIRECT - IDCW,Aditya Birla Sun Life Mutual Fund,Open Ended Schemes,Debt Scheme - Banking and PSU Fund,2015-01-28,116.5474,2026-06-23T05:29:58.847318+00:00,https://api.mfapi.in/mf/119551
119551,SBI Bluechip,119551,Aditya Birla Sun Life Banking & PSU Debt Fund  - DIRECT - IDCW,Aditya Birla Sun Life Mutual Fund,Open Ended Schemes,Debt Scheme - Banking and PSU Fund,2015-01-27,116.4896,2026-06-23T05:29:58.847318+00:00,https://api.mfapi.in/mf/119551
119551,SBI Bluechip,119551,Aditya Birla Sun Life Banking & PSU Debt Fund  - DIRECT - IDCW,Aditya Birla Sun Life Mutual Fund,Open Ended Schemes,Debt Scheme - Banking and PSU Fund,2015-01-23,116.4146,2026-06-23T05:29:58.847318+00:00,https://api.mfapi.in/mf/119551
119551,SBI Bluechip,119551,Aditya Birla Sun Life Banking & PSU Debt Fund  - DIRECT - IDCW,Aditya Birla Sun Life Mutual Fund,Open Ended Schemes,Debt Scheme - Banking and PSU Fund,2015-01-22,116.3811,2026-06-23T05:29:58.847318+00:00,https://api.mfapi.in/mf/119551
119551,SBI Bluechip,119551,Aditya Birla Sun Life Banking & PSU Debt Fund  - DIRECT - IDCW,Aditya Birla Sun Life Mutual Fund,Open Ended Schemes,Debt Scheme - Banking and PSU Fund,2015-01-21,116.3456,2026-06-23T05:29:58.847318+00:00,https://api.mfapi.in/mf/119551
119551,SBI Bluechip,119551,Aditya Birla Sun Life Banking & PSU Debt Fund  - DIRECT - IDCW,Aditya Birla Sun Life Mutual Fund,Open Ended Schemes,Debt Scheme - Banking and PSU Fund,2015-01-20,116.2527,2026-06-23T05:29:58.847318+00:00,https://api.mfapi.in/mf/119551
119551,SBI Bluechip,119551,Aditya Birla Sun Life Banking & PSU Debt Fund  - DIRECT - IDCW,Aditya Birla Sun Life Mutual Fund,Open Ended Schemes,Debt Scheme - Banking and PSU Fund,2015-01-19,116.243,2026-06-23T05:29:58.847318+00:00,https://api.mfapi.in/mf/119551
119551,SBI Bluechip,119551,Aditya Birla Sun Life Banking & PSU Debt Fund  - DIRECT - IDCW,Aditya Birla Sun Life Mutual Fund,Open Ended Schemes,Debt Scheme - Banking and PSU Fund,2015-01-16,116.1579,2026-06-23T05:29:58.847318+00:00,https://api.mfapi.in/mf/119551
119551,SBI Bluechip,119551,Aditya Birla Sun Life Banking & PSU Debt Fund  - DIRECT - IDCW,Aditya Birla Sun Life Mutual Fund,Open Ended Schemes,Debt Scheme - Banking and PSU Fund,2015-01-15,115.9938,2026-06-23T05:29:58.847318+00:00,https://api.mfapi.in/mf/119551
119551,SBI Bluechip,119551,Aditya Birla Sun Life Banking & PSU Debt Fund  - DIRECT - IDCW,Aditya Birla Sun Life Mutual Fund,Open Ended Schemes,Debt Scheme - Banking and PSU Fund,2015-01-14,115.6112,2026-06-23T05:29:58.847318+00:00,https://api.mfapi.in/mf/119551
119551,SBI Bluechip,119551,Aditya Birla Sun Life Banking & PSU Debt Fund  - DIRECT - IDCW,Aditya Birla Sun Life Mutual Fund,Open Ended Schemes,Debt Scheme - Banking and PSU Fund,2015-01-13,115.5874,2026-06-23T05:29:58.847318+00:00,https://api.mfapi.in/mf/119551
119551,SBI Bluechip,119551,Aditya Birla Sun Life Banking & PSU Debt Fund  - DIRECT - IDCW,Aditya Birla Sun Life Mutual Fund,Open Ended Schemes,Debt Scheme - Banking and PSU Fund,2015-01-12,115.4215,2026-06-23T05:29:58.847318+00:00,https://api.mfapi.in/mf/119551
119551,SBI Bluechip,119551,Aditya Birla Sun Life Banking & PSU Debt Fund  - DIRECT - IDCW,Aditya Birla Sun Life Mutual Fund,Open Ended Schemes,Debt Scheme - Banking and PSU Fund,2015-01-09,115.2179,2026-06-23T05:29:58.847318+00:00,https://api.mfapi.in/mf/119551
119551,SBI Bluechip,119551,Aditya Birla Sun Life Banking & PSU Debt Fund  - DIRECT - IDCW,Aditya Birla Sun Life Mutual Fund,Open Ended Schemes,Debt Scheme - Banking and PSU Fund,2015-01-08,115.1534,2026-06-23T05:29:58.847318+00:00,https://api.mfapi.in/mf/119551
119551,SBI Bluechip,119551,Aditya Birla Sun Life Banking & PSU Debt Fund  - DIRECT - IDCW,Aditya Birla Sun Life Mutual Fund,Open Ended Schemes,Debt Scheme - Banking and PSU Fund,2015-01-07,115.0964,2026-06-23T05:29:58.847318+00:00,https://api.mfapi.in/mf/119551
119551,SBI Bluechip,119551,Aditya Birla Sun Life Banking & PSU Debt Fund  - DIRECT - IDCW,Aditya Birla Sun Life Mutual Fund,Open Ended Schemes,Debt Scheme - Banking and PSU Fund,2015-01-06,115.0098,2026-06-23T05:29:58.847318+00:00,https://api.mfapi.in/mf/119551
119551,SBI Bluechip,119551,Aditya Birla Sun Life Banking & PSU Debt Fund  - DIRECT - IDCW,Aditya Birla Sun Life Mutual Fund,Open Ended Schemes,Debt Scheme - Banking and PSU Fund,2015-01-05,115.0697,2026-06-23T05:29:58.847318+00:00,https://api.mfapi.in/mf/119551
119551,SBI Bluechip,119551,Aditya Birla Sun Life Banking & PSU Debt Fund  - DIRECT - IDCW,Aditya Birla Sun Life Mutual Fund,Open Ended Schemes,Debt Scheme - Banking and PSU Fund,2015-01-02,115.0298,2026-06-23T05:29:58.847318+00:00,https://api.mfapi.in/mf/119551
119551,SBI Bluechip,119551,Aditya Birla Sun Life Banking & PSU Debt Fund  - DIRECT - IDCW,Aditya Birla Sun Life Mutual Fund,Open Ended Schemes,Debt Scheme - Banking and PSU Fund,2015-01-01,115.0622,2026-06-23T05:29:58.847318+00:00,https://api.mfapi.in/mf/119551
119551,SBI Bluechip,119551,Aditya Birla Sun Life Banking & PSU Debt Fund  - DIRECT - IDCW,Aditya Birla Sun Life Mutual Fund,Open Ended Schemes,Debt Scheme - Banking and PSU Fund,2014-12-31,115.0256,2026-06-23T05:29:58.847318+00:00,https://api.mfapi.in/mf/119551
119551,SBI Bluechip,119551,Aditya Birla Sun Life Banking & PSU Debt Fund  - DIRECT - IDCW,Aditya Birla Sun Life Mutual Fund,Open Ended Schemes,Debt Scheme - Banking and PSU Fund,2014-12-30,114.9108,2026-06-23T05:29:58.847318+00:00,https://api.mfapi.in/mf/119551
119551,SBI Bluechip,119551,Aditya Birla Sun Life Banking & PSU Debt Fund  - DIRECT - IDCW,Aditya Birla Sun Life Mutual Fund,Open Ended Schemes,Debt Scheme - Banking and PSU Fund,2014-12-29,114.7535,2026-06-23T05:29:58.847318+00:00,https://api.mfapi.in/mf/119551
119551,SBI Bluechip,119551,Aditya Birla Sun Life Banking & PSU Debt Fund  - DIRECT - IDCW,Aditya Birla Sun Life Mutual Fund,Open Ended Schemes,Debt Scheme - Banking and PSU Fund,2014-12-26,114.5973,2026-06-23T05:29:58.847318+00:00,https://api.mfapi.in/mf/119551
119551,SBI Bluechip,119551,Aditya Birla Sun Life Banking & PSU Debt Fund  - DIRECT - IDCW,Aditya Birla Sun Life Mutual Fund,Open Ended Schemes,Debt Scheme - Banking and PSU Fund,2014-12-24,114.5759,2026-06-23T05:29:58.847318+00:00,https://api.mfapi.in/mf/119551
119551,SBI Bluechip,119551,Aditya Birla Sun Life Banking & PSU Debt Fund  - DIRECT - IDCW,Aditya Birla Sun Life Mutual Fund,Open Ended Schemes,Debt Scheme - Banking and PSU Fund,2014-12-23,114.6022,2026-06-23T05:29:58.847318+00:00,https://api.mfapi.in/mf/119551
119551,SBI Bluechip,119551,Aditya Birla Sun Life Banking & PSU Debt Fund  - DIRECT - IDCW,Aditya Birla Sun Life Mutual Fund,Open Ended Schemes,Debt Scheme - Banking and PSU Fund,2014-12-22,114.5061,2026-06-23T05:29:58.847318+00:00,https://api.mfapi.in/mf/119551
119551,SBI Bluechip,119551,Aditya Birla Sun Life Banking & PSU Debt Fund  - DIRECT - IDCW,Aditya Birla Sun Life Mutual Fund,Open Ended Schemes,Debt Scheme - Banking and PSU Fund,2014-12-19,114.4116,2026-06-23T05:29:58.847318+00:00,https://api.mfapi.in/mf/119551
119551,SBI Bluechip,119551,Aditya Birla Sun Life Banking & PSU Debt Fund  - DIRECT - IDCW,Aditya Birla Sun Life Mutual Fund,Open Ended Schemes,Debt Scheme - Banking and PSU Fund,2014-12-18,114.4956,2026-06-23T05:29:58.847318+00:00,https://api.mfapi.in/mf/119551
119551,SBI Bluechip,119551,Aditya Birla Sun Life Banking & PSU Debt Fund  - DIRECT - IDCW,Aditya Birla Sun Life Mutual Fund,Open Ended Schemes,Debt Scheme - Banking and PSU Fund,2014-12-17,114.3381,2026-06-23T05:29:58.847318+00:00,https://api.mfapi.in/mf/119551
119551,SBI Bluechip,119551,Aditya Birla Sun Life Banking & PSU Debt Fund  - DIRECT - IDCW,Aditya Birla Sun Life Mutual Fund,Open Ended Schemes,Debt Scheme - Banking and PSU Fund,2014-12-16,114.3427,2026-06-23T05:29:58.847318+00:00,https://api.mfapi.in/mf/119551
119551,SBI Bluechip,119551,Aditya Birla Sun Life Banking & PSU Debt Fund  - DIRECT - IDCW,Aditya Birla Sun Life Mutual Fund,Open Ended Schemes,Debt Scheme - Banking and PSU Fund,2014-12-15,114.8848,2026-06-23T05:29:58.847318+00:00,https://api.mfapi.in/mf/119551
119551,SBI Bluechip,119551,Aditya Birla Sun Life Banking & PSU Debt Fund  - DIRECT - IDCW,Aditya Birla Sun Life Mutual Fund,Open Ended Schemes,Debt Scheme - Banking and PSU Fund,2014-12-12,114.7909,2026-06-23T05:29:58.847318+00:00,https://api.mfapi.in/mf/119551
119551,SBI Bluechip,119551,Aditya Birla Sun Life Banking & PSU Debt Fund  - DIRECT - IDCW,Aditya Birla Sun Life Mutual Fund,Open Ended Schemes,Debt Scheme - Banking and PSU Fund,2014-12-11,114.6519,2026-06-23T05:29:58.847318+00:00,https://api.mfapi.in/mf/119551
119551,SBI Bluechip,119551,Aditya Birla Sun Life Banking & PSU Debt Fund  - DIRECT - IDCW,Aditya Birla Sun Life Mutual Fund,Open Ended Schemes,Debt Scheme - Banking and PSU Fund,2014-12-10,114.5532,2026-06-23T05:29:58.847318+00:00,https://api.mfapi.in/mf/119551
119551,SBI Bluechip,119551,Aditya Birla Sun Life Banking & PSU Debt Fund  - DIRECT - IDCW,Aditya Birla Sun Life Mutual Fund,Open Ended Schemes,Debt Scheme - Banking and PSU Fund,2014-12-09,114.6075,2026-06-23T05:29:58.847318+00:00,https://api.mfapi.in/mf/119551
119551,SBI Bluechip,119551,Aditya Birla Sun Life Banking & PSU Debt Fund  - DIRECT - IDCW,Aditya Birla Sun Life Mutual Fund,Open Ended Schemes,Debt Scheme - Banking and PSU Fund,2014-12-08,114.5229,2026-06-23T05:29:58.847318+00:00,https://api.mfapi.in/mf/119551
119551,SBI Bluechip,119551,Aditya Birla Sun Life Banking & PSU Debt Fund  - DIRECT - IDCW,Aditya Birla Sun Life Mutual Fund,Open Ended Schemes,Debt Scheme - Banking and PSU Fund,2014-12-05,114.4292,2026-06-23T05:29:58.847318+00:00,https://api.mfapi.in/mf/119551
119551,SBI Bluechip,119551,Aditya Birla Sun Life Banking & PSU Debt Fund  - DIRECT - IDCW,Aditya Birla Sun Life Mutual Fund,Open Ended Schemes,Debt Scheme - Banking and PSU Fund,2014-12-04,114.375,2026-06-23T05:29:58.847318+00:00,https://api.mfapi.in/mf/119551
119551,SBI Bluechip,119551,Aditya Birla Sun Life Banking & PSU Debt Fund  - DIRECT - IDCW,Aditya Birla Sun Life Mutual Fund,Open Ended Schemes,Debt Scheme - Banking and PSU Fund,2014-12-03,114.3739,2026-06-23T05:29:58.847318+00:00,https://api.mfapi.in/mf/119551
119551,SBI Bluechip,119551,Aditya Birla Sun Life Banking & PSU Debt Fund  - DIRECT - IDCW,Aditya Birla Sun Life Mutual Fund,Open Ended Schemes,Debt Scheme - Banking and PSU Fund,2014-12-02,114.3339,2026-06-23T05:29:58.847318+00:00,https://api.mfapi.in/mf/119551
119551,SBI Bluechip,119551,Aditya Birla Sun Life Banking & PSU Debt Fund  - DIRECT - IDCW,Aditya Birla Sun Life Mutual Fund,Open Ended Schemes,Debt Scheme - Banking and PSU Fund,2014-12-01,114.0367,2026-06-23T05:29:58.847318+00:00,https://api.mfapi.in/mf/119551
119551,SBI Bluechip,119551,Aditya Birla Sun Life Banking & PSU Debt Fund  - DIRECT - IDCW,Aditya Birla Sun Life Mutual Fund,Open Ended Schemes,Debt Scheme - Banking and PSU Fund,2014-11-28,113.8838,2026-06-23T05:29:58.847318+00:00,https://api.mfapi.in/mf/119551
119551,SBI Bluechip,119551,Aditya Birla Sun Life Banking & PSU Debt Fund  - DIRECT - IDCW,Aditya Birla Sun Life Mutual Fund,Open Ended Schemes,Debt Scheme - Banking and PSU Fund,2014-11-27,113.6867,2026-06-23T05:29:58.847318+00:00,https://api.mfapi.in/mf/119551
119551,SBI Bluechip,119551,Aditya Birla Sun Life Banking & PSU Debt Fund  - DIRECT - IDCW,Aditya Birla Sun Life Mutual Fund,Open Ended Schemes,Debt Scheme - Banking and PSU Fund,2014-11-26,113.6632,2026-06-23T05:29:58.847318+00:00,https://api.mfapi.in/mf/119551
119551,SBI Bluechip,119551,Aditya Birla Sun Life Banking & PSU Debt Fund  - DIRECT - IDCW,Aditya Birla Sun Life Mutual Fund,Open Ended Schemes,Debt Scheme - Banking and PSU Fund,2014-11-25,113.6379,2026-06-23T05:29:58.847318+00:00,https://api.mfapi.in/mf/119551
119551,SBI Bluechip,119551,Aditya Birla Sun Life Banking & PSU Debt Fund  - DIRECT - IDCW,Aditya Birla Sun Life Mutual Fund,Open Ended Schemes,Debt Scheme - Banking and PSU Fund,2014-11-24,113.5794,2026-06-23T05:29:58.847318+00:00,https://api.mfapi.in/mf/119551
119551,SBI Bluechip,119551,Aditya Birla Sun Life Banking & PSU Debt Fund  - DIRECT - IDCW,Aditya Birla Sun Life Mutual Fund,Open Ended Schemes,Debt Scheme - Banking and PSU Fund,2014-11-21,113.5065,2026-06-23T05:29:58.847318+00:00,https://api.mfapi.in/mf/119551
119551,SBI Bluechip,119551,Aditya Birla Sun Life Banking & PSU Debt Fund  - DIRECT - IDCW,Aditya Birla Sun Life Mutual Fund,Open Ended Schemes,Debt Scheme - Banking and PSU Fund,2014-11-20,113.4823,2026-06-23T05:29:58.847318+00:00,https://api.mfapi.in/mf/119551
119551,SBI Bluechip,119551,Aditya Birla Sun Life Banking & PSU Debt Fund  - DIRECT - IDCW,Aditya Birla Sun Life Mutual Fund,Open Ended Schemes,Debt Scheme - Banking and PSU Fund,2014-11-19,113.4418,2026-06-23T05:29:58.847318+00:00,https://api.mfapi.in/mf/119551
119551,SBI Bluechip,119551,Aditya Birla Sun Life Banking & PSU Debt Fund  - DIRECT - IDCW,Aditya Birla Sun Life Mutual Fund,Open Ended Schemes,Debt Scheme - Banking and PSU Fund,2014-11-18,113.4102,2026-06-23T05:29:58.847318+00:00,https://api.mfapi.in/mf/119551
119551,SBI Bluechip,119551,Aditya Birla Sun Life Banking & PSU Debt Fund  - DIRECT - IDCW,Aditya Birla Sun Life Mutual Fund,Open Ended Schemes,Debt Scheme - Banking and PSU Fund,2014-11-17,113.3374,2026-06-23T05:29:58.847318+00:00,https://api.mfapi.in/mf/119551
119551,SBI Bluechip,119551,Aditya Birla Sun Life Banking & PSU Debt Fund  - DIRECT - IDCW,Aditya Birla Sun Life Mutual Fund,Open Ended Schemes,Debt Scheme - Banking and PSU Fund,2014-11-14,113.1821,2026-06-23T05:29:58.847318+00:00,https://api.mfapi.in/mf/119551
119551,SBI Bluechip,119551,Aditya Birla Sun Life Banking & PSU Debt Fund  - DIRECT - IDCW,Aditya Birla Sun Life Mutual Fund,Open Ended Schemes,Debt Scheme - Banking and PSU Fund,2014-11-13,113.1662,2026-06-23T05:29:58.847318+00:00,https://api.mfapi.in/mf/119551
119551,SBI Bluechip,119551,Aditya Birla Sun Life Banking & PSU Debt Fund  - DIRECT - IDCW,Aditya Birla Sun Life Mutual Fund,Open Ended Schemes,Debt Scheme - Banking and PSU Fund,2014-11-12,113.2863,2026-06-23T05:29:58.847318+00:00,https://api.mfapi.in/mf/119551
119551,SBI Bluechip,119551,Aditya Birla Sun Life Banking & PSU Debt Fund  - DIRECT - IDCW,Aditya Birla Sun Life Mutual Fund,Open Ended Schemes,Debt Scheme - Banking and PSU Fund,2014-11-11,113.233,2026-06-23T05:29:58.847318+00:00,https://api.mfapi.in/mf/119551
119551,SBI Bluechip,119551,Aditya Birla Sun Life Banking & PSU Debt Fund  - DIRECT - IDCW,Aditya Birla Sun Life Mutual Fund,Open Ended Schemes,Debt Scheme - Banking and PSU Fund,2014-11-10,113.2158,2026-06-23T05:29:58.847318+00:00,https://api.mfapi.in/mf/119551
119551,SBI Bluechip,119551,Aditya Birla Sun Life Banking & PSU Debt Fund  - DIRECT - IDCW,Aditya Birla Sun Life Mutual Fund,Open Ended Schemes,Debt Scheme - Banking and PSU Fund,2014-11-07,113.0631,2026-06-23T05:29:58.847318+00:00,https://api.mfapi.in/mf/119551
119551,SBI Bluechip,119551,Aditya Birla Sun Life Banking & PSU Debt Fund  - DIRECT - IDCW,Aditya Birla Sun Life Mutual Fund,Open Ended Schemes,Debt Scheme - Banking and PSU Fund,2014-11-05,113.0,2026-06-23T05:29:58.847318+00:00,https://api.mfapi.in/mf/119551
119551,SBI Bluechip,119551,Aditya Birla Sun Life Banking & PSU Debt Fund  - DIRECT - IDCW,Aditya Birla Sun Life Mutual Fund,Open Ended Schemes,Debt Scheme - Banking and PSU Fund,2014-11-03,112.7413,2026-06-23T05:29:58.847318+00:00,https://api.mfapi.in/mf/119551
119551,SBI Bluechip,119551,Aditya Birla Sun Life Banking & PSU Debt Fund  - DIRECT - IDCW,Aditya Birla Sun Life Mutual Fund,Open Ended Schemes,Debt Scheme - Banking and PSU Fund,2014-10-31,112.549,2026-06-23T05:29:58.847318+00:00,https://api.mfapi.in/mf/119551
119551,SBI Bluechip,119551,Aditya Birla Sun Life Banking & PSU Debt Fund  - DIRECT - IDCW,Aditya Birla Sun Life Mutual Fund,Open Ended Schemes,Debt Scheme - Banking and PSU Fund,2014-10-30,112.3874,2026-06-23T05:29:58.847318+00:00,https://api.mfapi.in/mf/119551
119551,SBI Bluechip,119551,Aditya Birla Sun Life Banking & PSU Debt Fund  - DIRECT - IDCW,Aditya Birla Sun Life Mutual Fund,Open Ended Schemes,Debt Scheme - Banking and PSU Fund,2014-10-29,112.2563,2026-06-23T05:29:58.847318+00:00,https://api.mfapi.in/mf/119551
119551,SBI Bluechip,119551,Aditya Birla Sun Life Banking & PSU Debt Fund  - DIRECT - IDCW,Aditya Birla Sun Life Mutual Fund,Open Ended Schemes,Debt Scheme - Banking and PSU Fund,2014-10-28,112.18,2026-06-23T05:29:58.847318+00:00,https://api.mfapi.in/mf/119551
119551,SBI Bluechip,119551,Aditya Birla Sun Life Banking & PSU Debt Fund  - DIRECT - IDCW,Aditya Birla Sun Life Mutual Fund,Open Ended Schemes,Debt Scheme - Banking and PSU Fund,2014-10-27,112.0815,2026-06-23T05:29:58.847318+00:00,https://api.mfapi.in/mf/119551
119551,SBI Bluechip,119551,Aditya Birla Sun Life Banking & PSU Debt Fund  - DIRECT - IDCW,Aditya Birla Sun Life Mutual Fund,Open Ended Schemes,Debt Scheme - Banking and PSU Fund,2014-10-22,111.8628,2026-06-23T05:29:58.847318+00:00,https://api.mfapi.in/mf/119551
119551,SBI Bluechip,119551,Aditya Birla Sun Life Banking & PSU Debt Fund  - DIRECT - IDCW,Aditya Birla Sun Life Mutual Fund,Open Ended Schemes,Debt Scheme - Banking and PSU Fund,2014-10-21,111.7859,2026-06-23T05:29:58.847318+00:00,https://api.mfapi.in/mf/119551
119551,SBI Bluechip,119551,Aditya Birla Sun Life Banking & PSU Debt Fund  - DIRECT - IDCW,Aditya Birla Sun Life Mutual Fund,Open Ended Schemes,Debt Scheme - Banking and PSU Fund,2014-10-20,111.6753,2026-06-23T05:29:58.847318+00:00,https://api.mfapi.in/mf/119551
119551,SBI Bluechip,119551,Aditya Birla Sun Life Banking & PSU Debt Fund  - DIRECT - IDCW,Aditya Birla Sun Life Mutual Fund,Open Ended Schemes,Debt Scheme - Banking and PSU Fund,2014-10-17,111.5184,2026-06-23T05:29:58.847318+00:00,https://api.mfapi.in/mf/119551
119551,SBI Bluechip,119551,Aditya Birla Sun Life Banking & PSU Debt Fund  - DIRECT - IDCW,Aditya Birla Sun Life Mutual Fund,Open Ended Schemes,Debt Scheme - Banking and PSU Fund,2014-10-16,111.4989,2026-06-23T05:29:58.847318+00:00,https://api.mfapi.in/mf/119551
119551,SBI Bluechip,119551,Aditya Birla Sun Life Banking & PSU Debt Fund  - DIRECT - IDCW,Aditya Birla Sun Life Mutual Fund,Open Ended Schemes,Debt Scheme - Banking and PSU Fund,2014-10-14,111.3032,2026-06-23T05:29:58.847318+00:00,https://api.mfapi.in/mf/119551
119551,SBI Bluechip,119551,Aditya Birla Sun Life Banking & PSU Debt Fund  - DIRECT - IDCW,Aditya Birla Sun Life Mutual Fund,Open Ended Schemes,Debt Scheme - Banking and PSU Fund,2014-10-13,111.165,2026-06-23T05:29:58.847318+00:00,https://api.mfapi.in/mf/119551
119551,SBI Bluechip,119551,Aditya Birla Sun Life Banking & PSU Debt Fund  - DIRECT - IDCW,Aditya Birla Sun Life Mutual Fund,Open Ended Schemes,Debt Scheme - Banking and PSU Fund,2014-10-10,111.0732,2026-06-23T05:29:58.847318+00:00,https://api.mfapi.in/mf/119551
119551,SBI Bluechip,119551,Aditya Birla Sun Life Banking & PSU Debt Fund  - DIRECT - IDCW,Aditya Birla Sun Life Mutual Fund,Open Ended Schemes,Debt Scheme - Banking and PSU Fund,2014-10-09,110.9422,2026-06-23T05:29:58.847318+00:00,https://api.mfapi.in/mf/119551
119551,SBI Bluechip,119551,Aditya Birla Sun Life Banking & PSU Debt Fund  - DIRECT - IDCW,Aditya Birla Sun Life Mutual Fund,Open Ended Schemes,Debt Scheme - Banking and PSU Fund,2014-10-08,110.9817,2026-06-23T05:29:58.847318+00:00,https://api.mfapi.in/mf/119551
119551,SBI Bluechip,119551,Aditya Birla Sun Life Banking & PSU Debt Fund  - DIRECT - IDCW,Aditya Birla Sun Life Mutual Fund,Open Ended Schemes,Debt Scheme - Banking and PSU Fund,2014-10-07,110.878,2026-06-23T05:29:58.847318+00:00,https://api.mfapi.in/mf/119551
119551,SBI Bluechip,119551,Aditya Birla Sun Life Banking & PSU Debt Fund  - DIRECT - IDCW,Aditya Birla Sun Life Mutual Fund,Open Ended Schemes,Debt Scheme - Banking and PSU Fund,2014-10-01,110.6379,2026-06-23T05:29:58.847318+00:00,https://api.mfapi.in/mf/119551
119551,SBI Bluechip,119551,Aditya Birla Sun Life Banking & PSU Debt Fund  - DIRECT - IDCW,Aditya Birla Sun Life Mutual Fund,Open Ended Schemes,Debt Scheme - Banking and PSU Fund,2014-09-30,110.6084,2026-06-23T05:29:58.847318+00:00,https://api.mfapi.in/mf/119551
119551,SBI Bluechip,119551,Aditya Birla Sun Life Banking & PSU Debt Fund  - DIRECT - IDCW,Aditya Birla Sun Life Mutual Fund,Open Ended Schemes,Debt Scheme - Banking and PSU Fund,2014-09-29,110.6058,2026-06-23T05:29:58.847318+00:00,https://api.mfapi.in/mf/119551
119551,SBI Bluechip,119551,Aditya Birla Sun Life Banking & PSU Debt Fund  - DIRECT - IDCW,Aditya Birla Sun Life Mutual Fund,Open Ended Schemes,Debt Scheme - Banking and PSU Fund,2014-09-26,110.5813,2026-06-23T05:29:58.847318+00:00,https://api.mfapi.in/mf/119551
119551,SBI Bluechip,119551,Aditya Birla Sun Life Banking & PSU Debt Fund  - DIRECT - IDCW,Aditya Birla Sun Life Mutual Fund,Open Ended Schemes,Debt Scheme - Banking and PSU Fund,2014-09-25,110.4443,2026-06-23T05:29:58.847318+00:00,https://api.mfapi.in/mf/119551
119551,SBI Bluechip,119551,Aditya Birla Sun Life Banking & PSU Debt Fund  - DIRECT - IDCW,Aditya Birla Sun Life Mutual Fund,Open Ended Schemes,Debt Scheme - Banking and PSU Fund,2014-09-24,110.4004,2026-06-23T05:29:58.847318+00:00,https://api.mfapi.in/mf/119551
119551,SBI Bluechip,119551,Aditya Birla Sun Life Banking & PSU Debt Fund  - DIRECT - IDCW,Aditya Birla Sun Life Mutual Fund,Open Ended Schemes,Debt Scheme - Banking and PSU Fund,2014-09-23,110.361,2026-06-23T05:29:58.847318+00:00,https://api.mfapi.in/mf/119551
119551,SBI Bluechip,119551,Aditya Birla Sun Life Banking & PSU Debt Fund  - DIRECT - IDCW,Aditya Birla Sun Life Mutual Fund,Open Ended Schemes,Debt Scheme - Banking and PSU Fund,2014-09-22,110.3306,2026-06-23T05:29:58.847318+00:00,https://api.mfapi.in/mf/119551
119551,SBI Bluechip,119551,Aditya Birla Sun Life Banking & PSU Debt Fund  - DIRECT - IDCW,Aditya Birla Sun Life Mutual Fund,Open Ended Schemes,Debt Scheme - Banking and PSU Fund,2014-09-19,110.2016,2026-06-23T05:29:58.847318+00:00,https://api.mfapi.in/mf/119551
119551,SBI Bluechip,119551,Aditya Birla Sun Life Banking & PSU Debt Fund  - DIRECT - IDCW,Aditya Birla Sun Life Mutual Fund,Open Ended Schemes,Debt Scheme - Banking and PSU Fund,2014-09-18,110.1537,2026-06-23T05:29:58.847318+00:00,https://api.mfapi.in/mf/119551
119551,SBI Bluechip,119551,Aditya Birla Sun Life Banking & PSU Debt Fund  - DIRECT - IDCW,Aditya Birla Sun Life Mutual Fund,Open Ended Schemes,Debt Scheme - Banking and PSU Fund,2014-09-17,110.0495,2026-06-23T05:29:58.847318+00:00,https://api.mfapi.in/mf/119551
119551,SBI Bluechip,119551,Aditya Birla Sun Life Banking & PSU Debt Fund  - DIRECT - IDCW,Aditya Birla Sun Life Mutual Fund,Open Ended Schemes,Debt Scheme - Banking and PSU Fund,2014-09-16,109.9902,2026-06-23T05:29:58.847318+00:00,https://api.mfapi.in/mf/119551
119551,SBI Bluechip,119551,Aditya Birla Sun Life Banking & PSU Debt Fund  - DIRECT - IDCW,Aditya Birla Sun Life Mutual Fund,Open Ended Schemes,Debt Scheme - Banking and PSU Fund,2014-09-15,109.9641,2026-06-23T05:29:58.847318+00:00,https://api.mfapi.in/mf/119551
119551,SBI Bluechip,119551,Aditya Birla Sun Life Banking & PSU Debt Fund  - DIRECT - IDCW,Aditya Birla Sun Life Mutual Fund,Open Ended Schemes,Debt Scheme - Banking and PSU Fund,2014-09-12,109.8922,2026-06-23T05:29:58.847318+00:00,https://api.mfapi.in/mf/119551
119551,SBI Bluechip,119551,Aditya Birla Sun Life Banking & PSU Debt Fund  - DIRECT - IDCW,Aditya Birla Sun Life Mutual Fund,Open Ended Schemes,Debt Scheme - Banking and PSU Fund,2014-09-11,109.8546,2026-06-23T05:29:58.847318+00:00,https://api.mfapi.in/mf/119551
119551,SBI Bluechip,119551,Aditya Birla Sun Life Banking & PSU Debt Fund  - DIRECT - IDCW,Aditya Birla Sun Life Mutual Fund,Open Ended Schemes,Debt Scheme - Banking and PSU Fund,2014-09-10,109.8244,2026-06-23T05:29:58.847318+00:00,https://api.mfapi.in/mf/119551
119551,SBI Bluechip,119551,Aditya Birla Sun Life Banking & PSU Debt Fund  - DIRECT - IDCW,Aditya Birla Sun Life Mutual Fund,Open Ended Schemes,Debt Scheme - Banking and PSU Fund,2014-09-09,109.721,2026-06-23T05:29:58.847318+00:00,https://api.mfapi.in/mf/119551
119551,SBI Bluechip,119551,Aditya Birla Sun Life Banking & PSU Debt Fund  - DIRECT - IDCW,Aditya Birla Sun Life Mutual Fund,Open Ended Schemes,Debt Scheme - Banking and PSU Fund,2014-09-08,109.8163,2026-06-23T05:29:58.847318+00:00,https://api.mfapi.in/mf/119551
119551,SBI Bluechip,119551,Aditya Birla Sun Life Banking & PSU Debt Fund  - DIRECT - IDCW,Aditya Birla Sun Life Mutual Fund,Open Ended Schemes,Debt Scheme - Banking and PSU Fund,2014-09-05,109.6985,2026-06-23T05:29:58.847318+00:00,https://api.mfapi.in/mf/119551
119551,SBI Bluechip,119551,Aditya Birla Sun Life Banking & PSU Debt Fund  - DIRECT - IDCW,Aditya Birla Sun Life Mutual Fund,Open Ended Schemes,Debt Scheme - Banking and PSU Fund,2014-09-04,109.6473,2026-06-23T05:29:58.847318+00:00,https://api.mfapi.in/mf/119551
119551,SBI Bluechip,119551,Aditya Birla Sun Life Banking & PSU Debt Fund  - DIRECT - IDCW,Aditya Birla Sun Life Mutual Fund,Open Ended Schemes,Debt Scheme - Banking and PSU Fund,2014-09-03,109.6166,2026-06-23T05:29:58.847318+00:00,https://api.mfapi.in/mf/119551
119551,SBI Bluechip,119551,Aditya Birla Sun Life Banking & PSU Debt Fund  - DIRECT - IDCW,Aditya Birla Sun Life Mutual Fund,Open Ended Schemes,Debt Scheme - Banking and PSU Fund,2014-09-02,109.5448,2026-06-23T05:29:58.847318+00:00,https://api.mfapi.in/mf/119551
119551,SBI Bluechip,119551,Aditya Birla Sun Life Banking & PSU Debt Fund  - DIRECT - IDCW,Aditya Birla Sun Life Mutual Fund,Open Ended Schemes,Debt Scheme - Banking and PSU Fund,2014-09-01,109.5116,2026-06-23T05:29:58.847318+00:00,https://api.mfapi.in/mf/119551
119551,SBI Bluechip,119551,Aditya Birla Sun Life Banking & PSU Debt Fund  - DIRECT - IDCW,Aditya Birla Sun Life Mutual Fund,Open Ended Schemes,Debt Scheme - Banking and PSU Fund,2014-08-28,109.3934,2026-06-23T05:29:58.847318+00:00,https://api.mfapi.in/mf/119551
119551,SBI Bluechip,119551,Aditya Birla Sun Life Banking & PSU Debt Fund  - DIRECT - IDCW,Aditya Birla Sun Life Mutual Fund,Open Ended Schemes,Debt Scheme - Banking and PSU Fund,2014-08-27,109.3655,2026-06-23T05:29:58.847318+00:00,https://api.mfapi.in/mf/119551
119551,SBI Bluechip,119551,Aditya Birla Sun Life Banking & PSU Debt Fund  - DIRECT - IDCW,Aditya Birla Sun Life Mutual Fund,Open Ended Schemes,Debt Scheme - Banking and PSU Fund,2014-08-26,109.2961,2026-06-23T05:29:58.847318+00:00,https://api.mfapi.in/mf/119551
119551,SBI Bluechip,119551,Aditya Birla Sun Life Banking & PSU Debt Fund  - DIRECT - IDCW,Aditya Birla Sun Life Mutual Fund,Open Ended Schemes,Debt Scheme - Banking and PSU Fund,2014-08-25,109.2596,2026-06-23T05:29:58.847318+00:00,https://api.mfapi.in/mf/119551
119551,SBI Bluechip,119551,Aditya Birla Sun Life Banking & PSU Debt Fund  - DIRECT - IDCW,Aditya Birla Sun Life Mutual Fund,Open Ended Schemes,Debt Scheme - Banking and PSU Fund,2014-08-22,109.2192,2026-06-23T05:29:58.847318+00:00,https://api.mfapi.in/mf/119551
119551,SBI Bluechip,119551,Aditya Birla Sun Life Banking & PSU Debt Fund  - DIRECT - IDCW,Aditya Birla Sun Life Mutual Fund,Open Ended Schemes,Debt Scheme - Banking and PSU Fund,2014-08-21,109.1791,2026-06-23T05:29:58.847318+00:00,https://api.mfapi.in/mf/119551
119551,SBI Bluechip,119551,Aditya Birla Sun Life Banking & PSU Debt Fund  - DIRECT - IDCW,Aditya Birla Sun Life Mutual Fund,Open Ended Schemes,Debt Scheme - Banking and PSU Fund,2014-08-20,109.199,2026-06-23T05:29:58.847318+00:00,https://api.mfapi.in/mf/119551
119551,SBI Bluechip,119551,Aditya Birla Sun Life Banking & PSU Debt Fund  - DIRECT - IDCW,Aditya Birla Sun Life Mutual Fund,Open Ended Schemes,Debt Scheme - Banking and PSU Fund,2014-08-19,109.1381,2026-06-23T05:29:58.847318+00:00,https://api.mfapi.in/mf/119551
119551,SBI Bluechip,119551,Aditya Birla Sun Life Banking & PSU Debt Fund  - DIRECT - IDCW,Aditya Birla Sun Life Mutual Fund,Open Ended Schemes,Debt Scheme - Banking and PSU Fund,2014-08-14,108.9888,2026-06-23T05:29:58.847318+00:00,https://api.mfapi.in/mf/119551
119551,SBI Bluechip,119551,Aditya Birla Sun Life Banking & PSU Debt Fund  - DIRECT - IDCW,Aditya Birla Sun Life Mutual Fund,Open Ended Schemes,Debt Scheme - Banking and PSU Fund,2014-08-13,108.9453,2026-06-23T05:29:58.847318+00:00,https://api.mfapi.in/mf/119551
119551,SBI Bluechip,119551,Aditya Birla Sun Life Banking & PSU Debt Fund  - DIRECT - IDCW,Aditya Birla Sun Life Mutual Fund,Open Ended Schemes,Debt Scheme - Banking and PSU Fund,2014-08-12,108.8541,2026-06-23T05:29:58.847318+00:00,https://api.mfapi.in/mf/119551
119551,SBI Bluechip,119551,Aditya Birla Sun Life Banking & PSU Debt Fund  - DIRECT - IDCW,Aditya Birla Sun Life Mutual Fund,Open Ended Schemes,Debt Scheme - Banking and PSU Fund,2014-08-11,108.8297,2026-06-23T05:29:58.847318+00:00,https://api.mfapi.in/mf/119551
119551,SBI Bluechip,119551,Aditya Birla Sun Life Banking & PSU Debt Fund  - DIRECT - IDCW,Aditya Birla Sun Life Mutual Fund,Open Ended Schemes,Debt Scheme - Banking and PSU Fund,2014-08-08,108.7279,2026-06-23T05:29:58.847318+00:00,https://api.mfapi.in/mf/119551
119551,SBI Bluechip,119551,Aditya Birla Sun Life Banking & PSU Debt Fund  - DIRECT - IDCW,Aditya Birla Sun Life Mutual Fund,Open Ended Schemes,Debt Scheme - Banking and PSU Fund,2014-08-07,108.7486,2026-06-23T05:29:58.847318+00:00,https://api.mfapi.in/mf/119551
119551,SBI Bluechip,119551,Aditya Birla Sun Life Banking & PSU Debt Fund  - DIRECT - IDCW,Aditya Birla Sun Life Mutual Fund,Open Ended Schemes,Debt Scheme - Banking and PSU Fund,2014-08-06,108.6927,2026-06-23T05:29:58.847318+00:00,https://api.mfapi.in/mf/119551
119551,SBI Bluechip,119551,Aditya Birla Sun Life Banking & PSU Debt Fund  - DIRECT - IDCW,Aditya Birla Sun Life Mutual Fund,Open Ended Schemes,Debt Scheme - Banking and PSU Fund,2014-08-05,108.7745,2026-06-23T05:29:58.847318+00:00,https://api.mfapi.in/mf/119551
119551,SBI Bluechip,119551,Aditya Birla Sun Life Banking & PSU Debt Fund  - DIRECT - IDCW,Aditya Birla Sun Life Mutual Fund,Open Ended Schemes,Debt Scheme - Banking and PSU Fund,2014-08-04,108.8673,2026-06-23T05:29:58.847318+00:00,https://api.mfapi.in/mf/119551
119551,SBI Bluechip,119551,Aditya Birla Sun Life Banking & PSU Debt Fund  - DIRECT - IDCW,Aditya Birla Sun Life Mutual Fund,Open Ended Schemes,Debt Scheme - Banking and PSU Fund,2014-08-01,108.7849,2026-06-23T05:29:58.847318+00:00,https://api.mfapi.in/mf/119551
119551,SBI Bluechip,119551,Aditya Birla Sun Life Banking & PSU Debt Fund  - DIRECT - IDCW,Aditya Birla Sun Life Mutual Fund,Open Ended Schemes,Debt Scheme - Banking and PSU Fund,2014-07-31,108.8084,2026-06-23T05:29:58.847318+00:00,https://api.mfapi.in/mf/119551
119551,SBI Bluechip,119551,Aditya Birla Sun Life Banking & PSU Debt Fund  - DIRECT - IDCW,Aditya Birla Sun Life Mutual Fund,Open Ended Schemes,Debt Scheme - Banking and PSU Fund,2014-07-30,108.7581,2026-06-23T05:29:58.847318+00:00,https://api.mfapi.in/mf/119551
119551,SBI Bluechip,119551,Aditya Birla Sun Life Banking & PSU Debt Fund  - DIRECT - IDCW,Aditya Birla Sun Life Mutual Fund,Open Ended Schemes,Debt Scheme - Banking and PSU Fund,2014-07-28,108.7696,2026-06-23T05:29:58.847318+00:00,https://api.mfapi.in/mf/119551
119551,SBI Bluechip,119551,Aditya Birla Sun Life Banking & PSU Debt Fund  - DIRECT - IDCW,Aditya Birla Sun Life Mutual Fund,Open Ended Schemes,Debt Scheme - Banking and PSU Fund,2014-07-25,108.7179,2026-06-23T05:29:58.847318+00:00,https://api.mfapi.in/mf/119551
119551,SBI Bluechip,119551,Aditya Birla Sun Life Banking & PSU Debt Fund  - DIRECT - IDCW,Aditya Birla Sun Life Mutual Fund,Open Ended Schemes,Debt Scheme - Banking and PSU Fund,2014-07-24,108.6962,2026-06-23T05:29:58.847318+00:00,https://api.mfapi.in/mf/119551
119551,SBI Bluechip,119551,Aditya Birla Sun Life Banking & PSU Debt Fund  - DIRECT - IDCW,Aditya Birla Sun Life Mutual Fund,Open Ended Schemes,Debt Scheme - Banking and PSU Fund,2014-07-23,108.5746,2026-06-23T05:29:58.847318+00:00,https://api.mfapi.in/mf/119551
119551,SBI Bluechip,119551,Aditya Birla Sun Life Banking & PSU Debt Fund  - DIRECT - IDCW,Aditya Birla Sun Life Mutual Fund,Open Ended Schemes,Debt Scheme - Banking and PSU Fund,2014-07-22,108.4712,2026-06-23T05:29:58.847318+00:00,https://api.mfapi.in/mf/119551
119551,SBI Bluechip,119551,Aditya Birla Sun Life Banking & PSU Debt Fund  - DIRECT - IDCW,Aditya Birla Sun Life Mutual Fund,Open Ended Schemes,Debt Scheme - Banking and PSU Fund,2014-07-21,108.3794,2026-06-23T05:29:58.847318+00:00,https://api.mfapi.in/mf/119551
119551,SBI Bluechip,119551,Aditya Birla Sun Life Banking & PSU Debt Fund  - DIRECT - IDCW,Aditya Birla Sun Life Mutual Fund,Open Ended Schemes,Debt Scheme - Banking and PSU Fund,2014-07-18,108.2555,2026-06-23T05:29:58.847318+00:00,https://api.mfapi.in/mf/119551
119551,SBI Bluechip,119551,Aditya Birla Sun Life Banking & PSU Debt Fund  - DIRECT - IDCW,Aditya Birla Sun Life Mutual Fund,Open Ended Schemes,Debt Scheme - Banking and PSU Fund,2014-07-17,108.2175,2026-06-23T05:29:58.847318+00:00,https://api.mfapi.in/mf/119551
119551,SBI Bluechip,119551,Aditya Birla Sun Life Banking & PSU Debt Fund  - DIRECT - IDCW,Aditya Birla Sun Life Mutual Fund,Open Ended Schemes,Debt Scheme - Banking and PSU Fund,2014-07-16,108.1362,2026-06-23T05:29:58.847318+00:00,https://api.mfapi.in/mf/119551
119551,SBI Bluechip,119551,Aditya Birla Sun Life Banking & PSU Debt Fund  - DIRECT - IDCW,Aditya Birla Sun Life Mutual Fund,Open Ended Schemes,Debt Scheme - Banking and PSU Fund,2014-07-15,108.0604,2026-06-23T05:29:58.847318+00:00,https://api.mfapi.in/mf/119551
119551,SBI Bluechip,119551,Aditya Birla Sun Life Banking & PSU Debt Fund  - DIRECT - IDCW,Aditya Birla Sun Life Mutual Fund,Open Ended Schemes,Debt Scheme - Banking and PSU Fund,2014-07-14,107.9854,2026-06-23T05:29:58.847318+00:00,https://api.mfapi.in/mf/119551
119551,SBI Bluechip,119551,Aditya Birla Sun Life Banking & PSU Debt Fund  - DIRECT - IDCW,Aditya Birla Sun Life Mutual Fund,Open Ended Schemes,Debt Scheme - Banking and PSU Fund,2014-07-11,108.1137,2026-06-23T05:29:58.847318+00:00,https://api.mfapi.in/mf/119551
119551,SBI Bluechip,119551,Aditya Birla Sun Life Banking & PSU Debt Fund  - DIRECT - IDCW,Aditya Birla Sun Life Mutual Fund,Open Ended Schemes,Debt Scheme - Banking and PSU Fund,2014-07-10,108.4249,2026-06-23T05:29:58.847318+00:00,https://api.mfapi.in/mf/119551
119551,SBI Bluechip,119551,Aditya Birla Sun Life Banking & PSU Debt Fund  - DIRECT - IDCW,Aditya Birla Sun Life Mutual Fund,Open Ended Schemes,Debt Scheme - Banking and PSU Fund,2014-07-09,108.4151,2026-06-23T05:29:58.847318+00:00,https://api.mfapi.in/mf/119551
119551,SBI Bluechip,119551,Aditya Birla Sun Life Banking & PSU Debt Fund  - DIRECT - IDCW,Aditya Birla Sun Life Mutual Fund,Open Ended Schemes,Debt Scheme - Banking and PSU Fund,2014-07-08,108.3878,2026-06-23T05:29:58.847318+00:00,https://api.mfapi.in/mf/119551
119551,SBI Bluechip,119551,Aditya Birla Sun Life Banking & PSU Debt Fund  - DIRECT - IDCW,Aditya Birla Sun Life Mutual Fund,Open Ended Schemes,Debt Scheme - Banking and PSU Fund,2014-07-07,108.3898,2026-06-23T05:29:58.847318+00:00,https://api.mfapi.in/mf/119551
119551,SBI Bluechip,119551,Aditya Birla Sun Life Banking & PSU Debt Fund  - DIRECT - IDCW,Aditya Birla Sun Life Mutual Fund,Open Ended Schemes,Debt Scheme - Banking and PSU Fund,2014-07-04,108.3324,2026-06-23T05:29:58.847318+00:00,https://api.mfapi.in/mf/119551
119551,SBI Bluechip,119551,Aditya Birla Sun Life Banking & PSU Debt Fund  - DIRECT - IDCW,Aditya Birla Sun Life Mutual Fund,Open Ended Schemes,Debt Scheme - Banking and PSU Fund,2014-07-03,108.2774,2026-06-23T05:29:58.847318+00:00,https://api.mfapi.in/mf/119551
119551,SBI Bluechip,119551,Aditya Birla Sun Life Banking & PSU Debt Fund  - DIRECT - IDCW,Aditya Birla Sun Life Mutual Fund,Open Ended Schemes,Debt Scheme - Banking and PSU Fund,2014-07-02,108.251,2026-06-23T05:29:58.847318+00:00,https://api.mfapi.in/mf/119551
119551,SBI Bluechip,119551,Aditya Birla Sun Life Banking & PSU Debt Fund  - DIRECT - IDCW,Aditya Birla Sun Life Mutual Fund,Open Ended Schemes,Debt Scheme - Banking and PSU Fund,2014-06-30,108.1211,2026-06-23T05:29:58.847318+00:00,https://api.mfapi.in/mf/119551
119551,SBI Bluechip,119551,Aditya Birla Sun Life Banking & PSU Debt Fund  - DIRECT - IDCW,Aditya Birla Sun Life Mutual Fund,Open Ended Schemes,Debt Scheme - Banking and PSU Fund,2014-06-27,108.0211,2026-06-23T05:29:58.847318+00:00,https://api.mfapi.in/mf/119551
119551,SBI Bluechip,119551,Aditya Birla Sun Life Banking & PSU Debt Fund  - DIRECT - IDCW,Aditya Birla Sun Life Mutual Fund,Open Ended Schemes,Debt Scheme - Banking and PSU Fund,2014-06-26,108.0195,2026-06-23T05:29:58.847318+00:00,https://api.mfapi.in/mf/119551
119551,SBI Bluechip,119551,Aditya Birla Sun Life Banking & PSU Debt Fund  - DIRECT - IDCW,Aditya Birla Sun Life Mutual Fund,Open Ended Schemes,Debt Scheme - Banking and PSU Fund,2014-06-25,107.9552,2026-06-23T05:29:58.847318+00:00,https://api.mfapi.in/mf/119551
119551,SBI Bluechip,119551,Aditya Birla Sun Life Banking & PSU Debt Fund  - DIRECT - IDCW,Aditya Birla Sun Life Mutual Fund,Open Ended Schemes,Debt Scheme - Banking and PSU Fund,2014-06-24,107.9086,2026-06-23T05:29:58.847318+00:00,https://api.mfapi.in/mf/119551
119551,SBI Bluechip,119551,Aditya Birla Sun Life Banking & PSU Debt Fund  - DIRECT - IDCW,Aditya Birla Sun Life Mutual Fund,Open Ended Schemes,Debt Scheme - Banking and PSU Fund,2014-06-23,107.8791,2026-06-23T05:29:58.847318+00:00,https://api.mfapi.in/mf/119551
119551,SBI Bluechip,119551,Aditya Birla Sun Life Banking & PSU Debt Fund  - DIRECT - IDCW,Aditya Birla Sun Life Mutual Fund,Open Ended Schemes,Debt Scheme - Banking and PSU Fund,2014-06-20,107.8502,2026-06-23T05:29:58.847318+00:00,https://api.mfapi.in/mf/119551
119551,SBI Bluechip,119551,Aditya Birla Sun Life Banking & PSU Debt Fund  - DIRECT - IDCW,Aditya Birla Sun Life Mutual Fund,Open Ended Schemes,Debt Scheme - Banking and PSU Fund,2014-06-19,107.9016,2026-06-23T05:29:58.847318+00:00,https://api.mfapi.in/mf/119551
119551,SBI Bluechip,119551,Aditya Birla Sun Life Banking & PSU Debt Fund  - DIRECT - IDCW,Aditya Birla Sun Life Mutual Fund,Open Ended Schemes,Debt Scheme - Banking and PSU Fund,2014-06-18,107.9489,2026-06-23T05:29:58.847318+00:00,https://api.mfapi.in/mf/119551
119551,SBI Bluechip,119551,Aditya Birla Sun Life Banking & PSU Debt Fund  - DIRECT - IDCW,Aditya Birla Sun Life Mutual Fund,Open Ended Schemes,Debt Scheme - Banking and PSU Fund,2014-06-17,107.9426,2026-06-23T05:29:58.847318+00:00,https://api.mfapi.in/mf/119551
119551,SBI Bluechip,119551,Aditya Birla Sun Life Banking & PSU Debt Fund  - DIRECT - IDCW,Aditya Birla Sun Life Mutual Fund,Open Ended Schemes,Debt Scheme - Banking and PSU Fund,2014-06-16,107.9536,2026-06-23T05:29:58.847318+00:00,https://api.mfapi.in/mf/119551
119551,SBI Bluechip,119551,Aditya Birla Sun Life Banking & PSU Debt Fund  - DIRECT - IDCW,Aditya Birla Sun Life Mutual Fund,Open Ended Schemes,Debt Scheme - Banking and PSU Fund,2014-06-13,107.976,2026-06-23T05:29:58.847318+00:00,https://api.mfapi.in/mf/119551
119551,SBI Bluechip,119551,Aditya Birla Sun Life Banking & PSU Debt Fund  - DIRECT - IDCW,Aditya Birla Sun Life Mutual Fund,Open Ended Schemes,Debt Scheme - Banking and PSU Fund,2014-06-12,107.9228,2026-06-23T05:29:58.847318+00:00,https://api.mfapi.in/mf/119551
119551,SBI Bluechip,119551,Aditya Birla Sun Life Banking & PSU Debt Fund  - DIRECT - IDCW,Aditya Birla Sun Life Mutual Fund,Open Ended Schemes,Debt Scheme - Banking and PSU Fund,2014-06-11,107.8761,2026-06-23T05:29:58.847318+00:00,https://api.mfapi.in/mf/119551
119551,SBI Bluechip,119551,Aditya Birla Sun Life Banking & PSU Debt Fund  - DIRECT - IDCW,Aditya Birla Sun Life Mutual Fund,Open Ended Schemes,Debt Scheme - Banking and PSU Fund,2014-06-10,107.878,2026-06-23T05:29:58.847318+00:00,https://api.mfapi.in/mf/119551
119551,SBI Bluechip,119551,Aditya Birla Sun Life Banking & PSU Debt Fund  - DIRECT - IDCW,Aditya Birla Sun Life Mutual Fund,Open Ended Schemes,Debt Scheme - Banking and PSU Fund,2014-06-09,107.8767,2026-06-23T05:29:58.847318+00:00,https://api.mfapi.in/mf/119551
119551,SBI Bluechip,119551,Aditya Birla Sun Life Banking & PSU Debt Fund  - DIRECT - IDCW,Aditya Birla Sun Life Mutual Fund,Open Ended Schemes,Debt Scheme - Banking and PSU Fund,2014-06-06,107.7408,2026-06-23T05:29:58.847318+00:00,https://api.mfapi.in/mf/119551
119551,SBI Bluechip,119551,Aditya Birla Sun Life Banking & PSU Debt Fund  - DIRECT - IDCW,Aditya Birla Sun Life Mutual Fund,Open Ended Schemes,Debt Scheme - Banking and PSU Fund,2014-06-05,107.6529,2026-06-23T05:29:58.847318+00:00,https://api.mfapi.in/mf/119551
119551,SBI Bluechip,119551,Aditya Birla Sun Life Banking & PSU Debt Fund  - DIRECT - IDCW,Aditya Birla Sun Life Mutual Fund,Open Ended Schemes,Debt Scheme - Banking and PSU Fund,2014-06-04,107.5222,2026-06-23T05:29:58.847318+00:00,https://api.mfapi.in/mf/119551
119551,SBI Bluechip,119551,Aditya Birla Sun Life Banking & PSU Debt Fund  - DIRECT - IDCW,Aditya Birla Sun Life Mutual Fund,Open Ended Schemes,Debt Scheme - Banking and PSU Fund,2014-06-03,107.4231,2026-06-23T05:29:58.847318+00:00,https://api.mfapi.in/mf/119551
119551,SBI Bluechip,119551,Aditya Birla Sun Life Banking & PSU Debt Fund  - DIRECT - IDCW,Aditya Birla Sun Life Mutual Fund,Open Ended Schemes,Debt Scheme - Banking and PSU Fund,2014-06-02,107.236,2026-06-23T05:29:58.847318+00:00,https://api.mfapi.in/mf/119551
119551,SBI Bluechip,119551,Aditya Birla Sun Life Banking & PSU Debt Fund  - DIRECT - IDCW,Aditya Birla Sun Life Mutual Fund,Open Ended Schemes,Debt Scheme - Banking and PSU Fund,2014-05-30,107.1905,2026-06-23T05:29:58.847318+00:00,https://api.mfapi.in/mf/119551
119551,SBI Bluechip,119551,Aditya Birla Sun Life Banking & PSU Debt Fund  - DIRECT - IDCW,Aditya Birla Sun Life Mutual Fund,Open Ended Schemes,Debt Scheme - Banking and PSU Fund,2014-05-29,107.1021,2026-06-23T05:29:58.847318+00:00,https://api.mfapi.in/mf/119551
119551,SBI Bluechip,119551,Aditya Birla Sun Life Banking & PSU Debt Fund  - DIRECT - IDCW,Aditya Birla Sun Life Mutual Fund,Open Ended Schemes,Debt Scheme - Banking and PSU Fund,2014-05-28,107.0496,2026-06-23T05:29:58.847318+00:00,https://api.mfapi.in/mf/119551
119551,SBI Bluechip,119551,Aditya Birla Sun Life Banking & PSU Debt Fund  - DIRECT - IDCW,Aditya Birla Sun Life Mutual Fund,Open Ended Schemes,Debt Scheme - Banking and PSU Fund,2014-05-27,107.0365,2026-06-23T05:29:58.847318+00:00,https://api.mfapi.in/mf/119551
119551,SBI Bluechip,119551,Aditya Birla Sun Life Banking & PSU Debt Fund  - DIRECT - IDCW,Aditya Birla Sun Life Mutual Fund,Open Ended Schemes,Debt Scheme - Banking and PSU Fund,2014-05-26,106.9784,2026-06-23T05:29:58.847318+00:00,https://api.mfapi.in/mf/119551
119551,SBI Bluechip,119551,Aditya Birla Sun Life Banking & PSU Debt Fund  - DIRECT - IDCW,Aditya Birla Sun Life Mutual Fund,Open Ended Schemes,Debt Scheme - Banking and PSU Fund,2014-05-23,106.9316,2026-06-23T05:29:58.847318+00:00,https://api.mfapi.in/mf/119551
119551,SBI Bluechip,119551,Aditya Birla Sun Life Banking & PSU Debt Fund  - DIRECT - IDCW,Aditya Birla Sun Life Mutual Fund,Open Ended Schemes,Debt Scheme - Banking and PSU Fund,2014-05-22,106.7537,2026-06-23T05:29:58.847318+00:00,https://api.mfapi.in/mf/119551
119551,SBI Bluechip,119551,Aditya Birla Sun Life Banking & PSU Debt Fund  - DIRECT - IDCW,Aditya Birla Sun Life Mutual Fund,Open Ended Schemes,Debt Scheme - Banking and PSU Fund,2014-05-21,106.6686,2026-06-23T05:29:58.847318+00:00,https://api.mfapi.in/mf/119551
119551,SBI Bluechip,119551,Aditya Birla Sun Life Banking & PSU Debt Fund  - DIRECT - IDCW,Aditya Birla Sun Life Mutual Fund,Open Ended Schemes,Debt Scheme - Banking and PSU Fund,2014-05-20,106.5899,2026-06-23T05:29:58.847318+00:00,https://api.mfapi.in/mf/119551
119551,SBI Bluechip,119551,Aditya Birla Sun Life Banking & PSU Debt Fund  - DIRECT - IDCW,Aditya Birla Sun Life Mutual Fund,Open Ended Schemes,Debt Scheme - Banking and PSU Fund,2014-05-19,106.5839,2026-06-23T05:29:58.847318+00:00,https://api.mfapi.in/mf/119551
119551,SBI Bluechip,119551,Aditya Birla Sun Life Banking & PSU Debt Fund  - DIRECT - IDCW,Aditya Birla Sun Life Mutual Fund,Open Ended Schemes,Debt Scheme - Banking and PSU Fund,2014-05-16,106.578,2026-06-23T05:29:58.847318+00:00,https://api.mfapi.in/mf/119551
119551,SBI Bluechip,119551,Aditya Birla Sun Life Banking & PSU Debt Fund  - DIRECT - IDCW,Aditya Birla Sun Life Mutual Fund,Open Ended Schemes,Debt Scheme - Banking and PSU Fund,2014-05-15,106.371,2026-06-23T05:29:58.847318+00:00,https://api.mfapi.in/mf/119551
119551,SBI Bluechip,119551,Aditya Birla Sun Life Banking & PSU Debt Fund  - DIRECT - IDCW,Aditya Birla Sun Life Mutual Fund,Open Ended Schemes,Debt Scheme - Banking and PSU Fund,2014-05-13,106.2773,2026-06-23T05:29:58.847318+00:00,https://api.mfapi.in/mf/119551
119551,SBI Bluechip,119551,Aditya Birla Sun Life Banking & PSU Debt Fund  - DIRECT - IDCW,Aditya Birla Sun Life Mutual Fund,Open Ended Schemes,Debt Scheme - Banking and PSU Fund,2014-05-12,106.283,2026-06-23T05:29:58.847318+00:00,https://api.mfapi.in/mf/119551
119551,SBI Bluechip,119551,Aditya Birla Sun Life Banking & PSU Debt Fund  - DIRECT - IDCW,Aditya Birla Sun Life Mutual Fund,Open Ended Schemes,Debt Scheme - Banking and PSU Fund,2014-05-09,106.1508,2026-06-23T05:29:58.847318+00:00,https://api.mfapi.in/mf/119551
119551,SBI Bluechip,119551,Aditya Birla Sun Life Banking & PSU Debt Fund  - DIRECT - IDCW,Aditya Birla Sun Life Mutual Fund,Open Ended Schemes,Debt Scheme - Banking and PSU Fund,2014-05-08,106.0486,2026-06-23T05:29:58.847318+00:00,https://api.mfapi.in/mf/119551
119551,SBI Bluechip,119551,Aditya Birla Sun Life Banking & PSU Debt Fund  - DIRECT - IDCW,Aditya Birla Sun Life Mutual Fund,Open Ended Schemes,Debt Scheme - Banking and PSU Fund,2014-05-07,106.0297,2026-06-23T05:29:58.847318+00:00,https://api.mfapi.in/mf/119551
119551,SBI Bluechip,119551,Aditya Birla Sun Life Banking & PSU Debt Fund  - DIRECT - IDCW,Aditya Birla Sun Life Mutual Fund,Open Ended Schemes,Debt Scheme - Banking and PSU Fund,2014-05-06,106.009,2026-06-23T05:29:58.847318+00:00,https://api.mfapi.in/mf/119551
119551,SBI Bluechip,119551,Aditya Birla Sun Life Banking & PSU Debt Fund  - DIRECT - IDCW,Aditya Birla Sun Life Mutual Fund,Open Ended Schemes,Debt Scheme - Banking and PSU Fund,2014-05-05,105.9859,2026-06-23T05:29:58.847318+00:00,https://api.mfapi.in/mf/119551
119551,SBI Bluechip,119551,Aditya Birla Sun Life Banking & PSU Debt Fund  - DIRECT - IDCW,Aditya Birla Sun Life Mutual Fund,Open Ended Schemes,Debt Scheme - Banking and PSU Fund,2014-05-02,105.7909,2026-06-23T05:29:58.847318+00:00,https://api.mfapi.in/mf/119551
119551,SBI Bluechip,119551,Aditya Birla Sun Life Banking & PSU Debt Fund  - DIRECT - IDCW,Aditya Birla Sun Life Mutual Fund,Open Ended Schemes,Debt Scheme - Banking and PSU Fund,2014-04-30,105.6958,2026-06-23T05:29:58.847318+00:00,https://api.mfapi.in/mf/119551
119551,SBI Bluechip,119551,Aditya Birla Sun Life Banking & PSU Debt Fund  - DIRECT - IDCW,Aditya Birla Sun Life Mutual Fund,Open Ended Schemes,Debt Scheme - Banking and PSU Fund,2014-04-29,105.6008,2026-06-23T05:29:58.847318+00:00,https://api.mfapi.in/mf/119551
119551,SBI Bluechip,119551,Aditya Birla Sun Life Banking & PSU Debt Fund  - DIRECT - IDCW,Aditya Birla Sun Life Mutual Fund,Open Ended Schemes,Debt Scheme - Banking and PSU Fund,2014-04-28,105.5157,2026-06-23T05:29:58.847318+00:00,https://api.mfapi.in/mf/119551
119551,SBI Bluechip,119551,Aditya Birla Sun Life Banking & PSU Debt Fund  - DIRECT - IDCW,Aditya Birla Sun Life Mutual Fund,Open Ended Schemes,Debt Scheme - Banking and PSU Fund,2014-04-25,105.4519,2026-06-23T05:29:58.847318+00:00,https://api.mfapi.in/mf/119551
119551,SBI Bluechip,119551,Aditya Birla Sun Life Banking & PSU Debt Fund  - DIRECT - IDCW,Aditya Birla Sun Life Mutual Fund,Open Ended Schemes,Debt Scheme - Banking and PSU Fund,2014-04-23,105.3895,2026-06-23T05:29:58.847318+00:00,https://api.mfapi.in/mf/119551
119551,SBI Bluechip,119551,Aditya Birla Sun Life Banking & PSU Debt Fund  - DIRECT - IDCW,Aditya Birla Sun Life Mutual Fund,Open Ended Schemes,Debt Scheme - Banking and PSU Fund,2014-04-22,105.3231,2026-06-23T05:29:58.847318+00:00,https://api.mfapi.in/mf/119551
119551,SBI Bluechip,119551,Aditya Birla Sun Life Banking & PSU Debt Fund  - DIRECT - IDCW,Aditya Birla Sun Life Mutual Fund,Open Ended Schemes,Debt Scheme - Banking and PSU Fund,2014-04-21,105.1503,2026-06-23T05:29:58.847318+00:00,https://api.mfapi.in/mf/119551
119551,SBI Bluechip,119551,Aditya Birla Sun Life Banking & PSU Debt Fund  - DIRECT - IDCW,Aditya Birla Sun Life Mutual Fund,Open Ended Schemes,Debt Scheme - Banking and PSU Fund,2014-04-17,104.9728,2026-06-23T05:29:58.847318+00:00,https://api.mfapi.in/mf/119551
119551,SBI Bluechip,119551,Aditya Birla Sun Life Banking & PSU Debt Fund  - DIRECT - IDCW,Aditya Birla Sun Life Mutual Fund,Open Ended Schemes,Debt Scheme - Banking and PSU Fund,2014-04-16,104.979,2026-06-23T05:29:58.847318+00:00,https://api.mfapi.in/mf/119551
119551,SBI Bluechip,119551,Aditya Birla Sun Life Banking & PSU Debt Fund  - DIRECT - IDCW,Aditya Birla Sun Life Mutual Fund,Open Ended Schemes,Debt Scheme - Banking and PSU Fund,2014-04-15,104.8973,2026-06-23T05:29:58.847318+00:00,https://api.mfapi.in/mf/119551
119551,SBI Bluechip,119551,Aditya Birla Sun Life Banking & PSU Debt Fund  - DIRECT - IDCW,Aditya Birla Sun Life Mutual Fund,Open Ended Schemes,Debt Scheme - Banking and PSU Fund,2014-04-11,104.7961,2026-06-23T05:29:58.847318+00:00,https://api.mfapi.in/mf/119551
119551,SBI Bluechip,119551,Aditya Birla Sun Life Banking & PSU Debt Fund  - DIRECT - IDCW,Aditya Birla Sun Life Mutual Fund,Open Ended Schemes,Debt Scheme - Banking and PSU Fund,2014-04-10,104.7079,2026-06-23T05:29:58.847318+00:00,https://api.mfapi.in/mf/119551
119551,SBI Bluechip,119551,Aditya Birla Sun Life Banking & PSU Debt Fund  - DIRECT - IDCW,Aditya Birla Sun Life Mutual Fund,Open Ended Schemes,Debt Scheme - Banking and PSU Fund,2014-04-09,104.6926,2026-06-23T05:29:58.847318+00:00,https://api.mfapi.in/mf/119551
119551,SBI Bluechip,119551,Aditya Birla Sun Life Banking & PSU Debt Fund  - DIRECT - IDCW,Aditya Birla Sun Life Mutual Fund,Open Ended Schemes,Debt Scheme - Banking and PSU Fund,2014-04-07,104.6708,2026-06-23T05:29:58.847318+00:00,https://api.mfapi.in/mf/119551
119551,SBI Bluechip,119551,Aditya Birla Sun Life Banking & PSU Debt Fund  - DIRECT - IDCW,Aditya Birla Sun Life Mutual Fund,Open Ended Schemes,Debt Scheme - Banking and PSU Fund,2014-04-04,104.6173,2026-06-23T05:29:58.847318+00:00,https://api.mfapi.in/mf/119551
119551,SBI Bluechip,119551,Aditya Birla Sun Life Banking & PSU Debt Fund  - DIRECT - IDCW,Aditya Birla Sun Life Mutual Fund,Open Ended Schemes,Debt Scheme - Banking and PSU Fund,2014-04-03,104.6613,2026-06-23T05:29:58.847318+00:00,https://api.mfapi.in/mf/119551
119551,SBI Bluechip,119551,Aditya Birla Sun Life Banking & PSU Debt Fund  - DIRECT - IDCW,Aditya Birla Sun Life Mutual Fund,Open Ended Schemes,Debt Scheme - Banking and PSU Fund,2014-04-02,104.6459,2026-06-23T05:29:58.847318+00:00,https://api.mfapi.in/mf/119551
119551,SBI Bluechip,119551,Aditya Birla Sun Life Banking & PSU Debt Fund  - DIRECT - IDCW,Aditya Birla Sun Life Mutual Fund,Open Ended Schemes,Debt Scheme - Banking and PSU Fund,2014-03-31,104.7403,2026-06-23T05:29:58.847318+00:00,https://api.mfapi.in/mf/119551
119551,SBI Bluechip,119551,Aditya Birla Sun Life Banking & PSU Debt Fund  - DIRECT - IDCW,Aditya Birla Sun Life Mutual Fund,Open Ended Schemes,Debt Scheme - Banking and PSU Fund,2014-03-28,104.6408,2026-06-23T05:29:58.847318+00:00,https://api.mfapi.in/mf/119551
119551,SBI Bluechip,119551,Aditya Birla Sun Life Banking & PSU Debt Fund  - DIRECT - IDCW,Aditya Birla Sun Life Mutual Fund,Open Ended Schemes,Debt Scheme - Banking and PSU Fund,2014-03-27,104.4245,2026-06-23T05:29:58.847318+00:00,https://api.mfapi.in/mf/119551
119551,SBI Bluechip,119551,Aditya Birla Sun Life Banking & PSU Debt Fund  - DIRECT - IDCW,Aditya Birla Sun Life Mutual Fund,Open Ended Schemes,Debt Scheme - Banking and PSU Fund,2014-03-26,104.3934,2026-06-23T05:29:58.847318+00:00,https://api.mfapi.in/mf/119551
119551,SBI Bluechip,119551,Aditya Birla Sun Life Banking & PSU Debt Fund  - DIRECT - IDCW,Aditya Birla Sun Life Mutual Fund,Open Ended Schemes,Debt Scheme - Banking and PSU Fund,2014-03-25,104.4319,2026-06-23T05:29:58.847318+00:00,https://api.mfapi.in/mf/119551
119551,SBI Bluechip,119551,Aditya Birla Sun Life Banking & PSU Debt Fund  - DIRECT - IDCW,Aditya Birla Sun Life Mutual Fund,Open Ended Schemes,Debt Scheme - Banking and PSU Fund,2014-03-24,104.3035,2026-06-23T05:29:58.847318+00:00,https://api.mfapi.in/mf/119551
119551,SBI Bluechip,119551,Aditya Birla Sun Life Banking & PSU Debt Fund  - DIRECT - IDCW,Aditya Birla Sun Life Mutual Fund,Open Ended Schemes,Debt Scheme - Banking and PSU Fund,2014-03-21,104.2069,2026-06-23T05:29:58.847318+00:00,https://api.mfapi.in/mf/119551
119551,SBI Bluechip,119551,Aditya Birla Sun Life Banking & PSU Debt Fund  - DIRECT - IDCW,Aditya Birla Sun Life Mutual Fund,Open Ended Schemes,Debt Scheme - Banking and PSU Fund,2014-03-20,104.0972,2026-06-23T05:29:58.847318+00:00,https://api.mfapi.in/mf/119551
119551,SBI Bluechip,119551,Aditya Birla Sun Life Banking & PSU Debt Fund  - DIRECT - IDCW,Aditya Birla Sun Life Mutual Fund,Open Ended Schemes,Debt Scheme - Banking and PSU Fund,2014-03-19,104.0916,2026-06-23T05:29:58.847318+00:00,https://api.mfapi.in/mf/119551
119551,SBI Bluechip,119551,Aditya Birla Sun Life Banking & PSU Debt Fund  - DIRECT - IDCW,Aditya Birla Sun Life Mutual Fund,Open Ended Schemes,Debt Scheme - Banking and PSU Fund,2014-03-18,104.0619,2026-06-23T05:29:58.847318+00:00,https://api.mfapi.in/mf/119551
119551,SBI Bluechip,119551,Aditya Birla Sun Life Banking & PSU Debt Fund  - DIRECT - IDCW,Aditya Birla Sun Life Mutual Fund,Open Ended Schemes,Debt Scheme - Banking and PSU Fund,2014-03-14,103.9564,2026-06-23T05:29:58.847318+00:00,https://api.mfapi.in/mf/119551
119551,SBI Bluechip,119551,Aditya Birla Sun Life Banking & PSU Debt Fund  - DIRECT - IDCW,Aditya Birla Sun Life Mutual Fund,Open Ended Schemes,Debt Scheme - Banking and PSU Fund,2014-03-13,103.9202,2026-06-23T05:29:58.847318+00:00,https://api.mfapi.in/mf/119551
119551,SBI Bluechip,119551,Aditya Birla Sun Life Banking & PSU Debt Fund  - DIRECT - IDCW,Aditya Birla Sun Life Mutual Fund,Open Ended Schemes,Debt Scheme - Banking and PSU Fund,2014-03-12,103.8563,2026-06-23T05:29:58.847318+00:00,https://api.mfapi.in/mf/119551
119551,SBI Bluechip,119551,Aditya Birla Sun Life Banking & PSU Debt Fund  - DIRECT - IDCW,Aditya Birla Sun Life Mutual Fund,Open Ended Schemes,Debt Scheme - Banking and PSU Fund,2014-03-11,103.8533,2026-06-23T05:29:58.847318+00:00,https://api.mfapi.in/mf/119551
119551,SBI Bluechip,119551,Aditya Birla Sun Life Banking & PSU Debt Fund  - DIRECT - IDCW,Aditya Birla Sun Life Mutual Fund,Open Ended Schemes,Debt Scheme - Banking and PSU Fund,2014-03-10,103.746,2026-06-23T05:29:58.847318+00:00,https://api.mfapi.in/mf/119551
119551,SBI Bluechip,119551,Aditya Birla Sun Life Banking & PSU Debt Fund  - DIRECT - IDCW,Aditya Birla Sun Life Mutual Fund,Open Ended Schemes,Debt Scheme - Banking and PSU Fund,2014-03-07,103.6353,2026-06-23T05:29:58.847318+00:00,https://api.mfapi.in/mf/119551
119551,SBI Bluechip,119551,Aditya Birla Sun Life Banking & PSU Debt Fund  - DIRECT - IDCW,Aditya Birla Sun Life Mutual Fund,Open Ended Schemes,Debt Scheme - Banking and PSU Fund,2014-03-06,103.5859,2026-06-23T05:29:58.847318+00:00,https://api.mfapi.in/mf/119551
119551,SBI Bluechip,119551,Aditya Birla Sun Life Banking & PSU Debt Fund  - DIRECT - IDCW,Aditya Birla Sun Life Mutual Fund,Open Ended Schemes,Debt Scheme - Banking and PSU Fund,2014-03-05,103.5515,2026-06-23T05:29:58.847318+00:00,https://api.mfapi.in/mf/119551
119551,SBI Bluechip,119551,Aditya Birla Sun Life Banking & PSU Debt Fund  - DIRECT - IDCW,Aditya Birla Sun Life Mutual Fund,Open Ended Schemes,Debt Scheme - Banking and PSU Fund,2014-03-04,103.4922,2026-06-23T05:29:58.847318+00:00,https://api.mfapi.in/mf/119551
119551,SBI Bluechip,119551,Aditya Birla Sun Life Banking & PSU Debt Fund  - DIRECT - IDCW,Aditya Birla Sun Life Mutual Fund,Open Ended Schemes,Debt Scheme - Banking and PSU Fund,2014-03-03,103.4879,2026-06-23T05:29:58.847318+00:00,https://api.mfapi.in/mf/119551
119551,SBI Bluechip,119551,Aditya Birla Sun Life Banking & PSU Debt Fund  - DIRECT - IDCW,Aditya Birla Sun Life Mutual Fund,Open Ended Schemes,Debt Scheme - Banking and PSU Fund,2014-02-28,103.7646,2026-06-23T05:29:58.847318+00:00,https://api.mfapi.in/mf/119551
119551,SBI Bluechip,119551,Aditya Birla Sun Life Banking & PSU Debt Fund  - DIRECT - IDCW,Aditya Birla Sun Life Mutual Fund,Open Ended Schemes,Debt Scheme - Banking and PSU Fund,2014-02-26,103.7081,2026-06-23T05:29:58.847318+00:00,https://api.mfapi.in/mf/119551
119551,SBI Bluechip,119551,Aditya Birla Sun Life Banking & PSU Debt Fund  - DIRECT - IDCW,Aditya Birla Sun Life Mutual Fund,Open Ended Schemes,Debt Scheme - Banking and PSU Fund,2014-02-25,103.687,2026-06-23T05:29:58.847318+00:00,https://api.mfapi.in/mf/119551
119551,SBI Bluechip,119551,Aditya Birla Sun Life Banking & PSU Debt Fund  - DIRECT - IDCW,Aditya Birla Sun Life Mutual Fund,Open Ended Schemes,Debt Scheme - Banking and PSU Fund,2014-02-24,103.6626,2026-06-23T05:29:58.847318+00:00,https://api.mfapi.in/mf/119551
119551,SBI Bluechip,119551,Aditya Birla Sun Life Banking & PSU Debt Fund  - DIRECT - IDCW,Aditya Birla Sun Life Mutual Fund,Open Ended Schemes,Debt Scheme - Banking and PSU Fund,2014-02-21,103.5927,2026-06-23T05:29:58.847318+00:00,https://api.mfapi.in/mf/119551
119551,SBI Bluechip,119551,Aditya Birla Sun Life Banking & PSU Debt Fund  - DIRECT - IDCW,Aditya Birla Sun Life Mutual Fund,Open Ended Schemes,Debt Scheme - Banking and PSU Fund,2014-02-20,103.5667,2026-06-23T05:29:58.847318+00:00,https://api.mfapi.in/mf/119551
119551,SBI Bluechip,119551,Aditya Birla Sun Life Banking & PSU Debt Fund  - DIRECT - IDCW,Aditya Birla Sun Life Mutual Fund,Open Ended Schemes,Debt Scheme - Banking and PSU Fund,2014-02-18,103.5059,2026-06-23T05:29:58.847318+00:00,https://api.mfapi.in/mf/119551
119551,SBI Bluechip,119551,Aditya Birla Sun Life Banking & PSU Debt Fund  - DIRECT - IDCW,Aditya Birla Sun Life Mutual Fund,Open Ended Schemes,Debt Scheme - Banking and PSU Fund,2014-02-17,103.4821,2026-06-23T05:29:58.847318+00:00,https://api.mfapi.in/mf/119551
119551,SBI Bluechip,119551,Aditya Birla Sun Life Banking & PSU Debt Fund  - DIRECT - IDCW,Aditya Birla Sun Life Mutual Fund,Open Ended Schemes,Debt Scheme - Banking and PSU Fund,2014-02-14,103.785,2026-06-23T05:29:58.847318+00:00,https://api.mfapi.in/mf/119551
119551,SBI Bluechip,119551,Aditya Birla Sun Life Banking & PSU Debt Fund  - DIRECT - IDCW,Aditya Birla Sun Life Mutual Fund,Open Ended Schemes,Debt Scheme - Banking and PSU Fund,2014-02-13,103.7594,2026-06-23T05:29:58.847318+00:00,https://api.mfapi.in/mf/119551
119551,SBI Bluechip,119551,Aditya Birla Sun Life Banking & PSU Debt Fund  - DIRECT - IDCW,Aditya Birla Sun Life Mutual Fund,Open Ended Schemes,Debt Scheme - Banking and PSU Fund,2014-02-12,103.7487,2026-06-23T05:29:58.847318+00:00,https://api.mfapi.in/mf/119551
119551,SBI Bluechip,119551,Aditya Birla Sun Life Banking & PSU Debt Fund  - DIRECT - IDCW,Aditya Birla Sun Life Mutual Fund,Open Ended Schemes,Debt Scheme - Banking and PSU Fund,2014-02-11,103.7273,2026-06-23T05:29:58.847318+00:00,https://api.mfapi.in/mf/119551
119551,SBI Bluechip,119551,Aditya Birla Sun Life Banking & PSU Debt Fund  - DIRECT - IDCW,Aditya Birla Sun Life Mutual Fund,Open Ended Schemes,Debt Scheme - Banking and PSU Fund,2014-02-10,103.7039,2026-06-23T05:29:58.847318+00:00,https://api.mfapi.in/mf/119551
119551,SBI Bluechip,119551,Aditya Birla Sun Life Banking & PSU Debt Fund  - DIRECT - IDCW,Aditya Birla Sun Life Mutual Fund,Open Ended Schemes,Debt Scheme - Banking and PSU Fund,2014-02-07,103.6364,2026-06-23T05:29:58.847318+00:00,https://api.mfapi.in/mf/119551
119551,SBI Bluechip,119551,Aditya Birla Sun Life Banking & PSU Debt Fund  - DIRECT - IDCW,Aditya Birla Sun Life Mutual Fund,Open Ended Schemes,Debt Scheme - Banking and PSU Fund,2014-02-06,103.6157,2026-06-23T05:29:58.847318+00:00,https://api.mfapi.in/mf/119551
119551,SBI Bluechip,119551,Aditya Birla Sun Life Banking & PSU Debt Fund  - DIRECT - IDCW,Aditya Birla Sun Life Mutual Fund,Open Ended Schemes,Debt Scheme - Banking and PSU Fund,2014-02-05,103.5806,2026-06-23T05:29:58.847318+00:00,https://api.mfapi.in/mf/119551
119551,SBI Bluechip,119551,Aditya Birla Sun Life Banking & PSU Debt Fund  - DIRECT - IDCW,Aditya Birla Sun Life Mutual Fund,Open Ended Schemes,Debt Scheme - Banking and PSU Fund,2014-02-04,103.5533,2026-06-23T05:29:58.847318+00:00,https://api.mfapi.in/mf/119551
119551,SBI Bluechip,119551,Aditya Birla Sun Life Banking & PSU Debt Fund  - DIRECT - IDCW,Aditya Birla Sun Life Mutual Fund,Open Ended Schemes,Debt Scheme - Banking and PSU Fund,2014-02-03,103.5223,2026-06-23T05:29:58.847318+00:00,https://api.mfapi.in/mf/119551
119551,SBI Bluechip,119551,Aditya Birla Sun Life Banking & PSU Debt Fund  - DIRECT - IDCW,Aditya Birla Sun Life Mutual Fund,Open Ended Schemes,Debt Scheme - Banking and PSU Fund,2014-01-31,103.4429,2026-06-23T05:29:58.847318+00:00,https://api.mfapi.in/mf/119551
119551,SBI Bluechip,119551,Aditya Birla Sun Life Banking & PSU Debt Fund  - DIRECT - IDCW,Aditya Birla Sun Life Mutual Fund,Open Ended Schemes,Debt Scheme - Banking and PSU Fund,2014-01-30,103.4259,2026-06-23T05:29:58.847318+00:00,https://api.mfapi.in/mf/119551
119551,SBI Bluechip,119551,Aditya Birla Sun Life Banking & PSU Debt Fund  - DIRECT - IDCW,Aditya Birla Sun Life Mutual Fund,Open Ended Schemes,Debt Scheme - Banking and PSU Fund,2014-01-29,103.4118,2026-06-23T05:29:58.847318+00:00,https://api.mfapi.in/mf/119551
119551,SBI Bluechip,119551,Aditya Birla Sun Life Banking & PSU Debt Fund  - DIRECT - IDCW,Aditya Birla Sun Life Mutual Fund,Open Ended Schemes,Debt Scheme - Banking and PSU Fund,2014-01-28,103.6757,2026-06-23T05:29:58.847318+00:00,https://api.mfapi.in/mf/119551
119551,SBI Bluechip,119551,Aditya Birla Sun Life Banking & PSU Debt Fund  - DIRECT - IDCW,Aditya Birla Sun Life Mutual Fund,Open Ended Schemes,Debt Scheme - Banking and PSU Fund,2014-01-27,103.6718,2026-06-23T05:29:58.847318+00:00,https://api.mfapi.in/mf/119551
119551,SBI Bluechip,119551,Aditya Birla Sun Life Banking & PSU Debt Fund  - DIRECT - IDCW,Aditya Birla Sun Life Mutual Fund,Open Ended Schemes,Debt Scheme - Banking and PSU Fund,2014-01-24,103.6008,2026-06-23T05:29:58.847318+00:00,https://api.mfapi.in/mf/119551
119551,SBI Bluechip,119551,Aditya Birla Sun Life Banking & PSU Debt Fund  - DIRECT - IDCW,Aditya Birla Sun Life Mutual Fund,Open Ended Schemes,Debt Scheme - Banking and PSU Fund,2014-01-23,103.5792,2026-06-23T05:29:58.847318+00:00,https://api.mfapi.in/mf/119551
119551,SBI Bluechip,119551,Aditya Birla Sun Life Banking & PSU Debt Fund  - DIRECT - IDCW,Aditya Birla Sun Life Mutual Fund,Open Ended Schemes,Debt Scheme - Banking and PSU Fund,2014-01-22,103.5532,2026-06-23T05:29:58.847318+00:00,https://api.mfapi.in/mf/119551
119551,SBI Bluechip,119551,Aditya Birla Sun Life Banking & PSU Debt Fund  - DIRECT - IDCW,Aditya Birla Sun Life Mutual Fund,Open Ended Schemes,Debt Scheme - Banking and PSU Fund,2014-01-21,103.5305,2026-06-23T05:29:58.847318+00:00,https://api.mfapi.in/mf/119551
119551,SBI Bluechip,119551,Aditya Birla Sun Life Banking & PSU Debt Fund  - DIRECT - IDCW,Aditya Birla Sun Life Mutual Fund,Open Ended Schemes,Debt Scheme - Banking and PSU Fund,2014-01-20,103.4895,2026-06-23T05:29:58.847318+00:00,https://api.mfapi.in/mf/119551
119551,SBI Bluechip,119551,Aditya Birla Sun Life Banking & PSU Debt Fund  - DIRECT - IDCW,Aditya Birla Sun Life Mutual Fund,Open Ended Schemes,Debt Scheme - Banking and PSU Fund,2014-01-17,103.4134,2026-06-23T05:29:58.847318+00:00,https://api.mfapi.in/mf/119551
119551,SBI Bluechip,119551,Aditya Birla Sun Life Banking & PSU Debt Fund  - DIRECT - IDCW,Aditya Birla Sun Life Mutual Fund,Open Ended Schemes,Debt Scheme - Banking and PSU Fund,2014-01-16,103.3942,2026-06-23T05:29:58.847318+00:00,https://api.mfapi.in/mf/119551
119551,SBI Bluechip,119551,Aditya Birla Sun Life Banking & PSU Debt Fund  - DIRECT - IDCW,Aditya Birla Sun Life Mutual Fund,Open Ended Schemes,Debt Scheme - Banking and PSU Fund,2014-01-15,103.7752,2026-06-23T05:29:58.847318+00:00,https://api.mfapi.in/mf/119551
119551,SBI Bluechip,119551,Aditya Birla Sun Life Banking & PSU Debt Fund  - DIRECT - IDCW,Aditya Birla Sun Life Mutual Fund,Open Ended Schemes,Debt Scheme - Banking and PSU Fund,2014-01-13,103.721,2026-06-23T05:29:58.847318+00:00,https://api.mfapi.in/mf/119551
119551,SBI Bluechip,119551,Aditya Birla Sun Life Banking & PSU Debt Fund  - DIRECT - IDCW,Aditya Birla Sun Life Mutual Fund,Open Ended Schemes,Debt Scheme - Banking and PSU Fund,2014-01-10,103.6477,2026-06-23T05:29:58.847318+00:00,https://api.mfapi.in/mf/119551
119551,SBI Bluechip,119551,Aditya Birla Sun Life Banking & PSU Debt Fund  - DIRECT - IDCW,Aditya Birla Sun Life Mutual Fund,Open Ended Schemes,Debt Scheme - Banking and PSU Fund,2014-01-09,103.5989,2026-06-23T05:29:58.847318+00:00,https://api.mfapi.in/mf/119551
119551,SBI Bluechip,119551,Aditya Birla Sun Life Banking & PSU Debt Fund  - DIRECT - IDCW,Aditya Birla Sun Life Mutual Fund,Open Ended Schemes,Debt Scheme - Banking and PSU Fund,2014-01-08,103.5945,2026-06-23T05:29:58.847318+00:00,https://api.mfapi.in/mf/119551
119551,SBI Bluechip,119551,Aditya Birla Sun Life Banking & PSU Debt Fund  - DIRECT - IDCW,Aditya Birla Sun Life Mutual Fund,Open Ended Schemes,Debt Scheme - Banking and PSU Fund,2014-01-07,103.5881,2026-06-23T05:29:58.847318+00:00,https://api.mfapi.in/mf/119551
119551,SBI Bluechip,119551,Aditya Birla Sun Life Banking & PSU Debt Fund  - DIRECT - IDCW,Aditya Birla Sun Life Mutual Fund,Open Ended Schemes,Debt Scheme - Banking and PSU Fund,2014-01-06,103.5815,2026-06-23T05:29:58.847318+00:00,https://api.mfapi.in/mf/119551
119551,SBI Bluechip,119551,Aditya Birla Sun Life Banking & PSU Debt Fund  - DIRECT - IDCW,Aditya Birla Sun Life Mutual Fund,Open Ended Schemes,Debt Scheme - Banking and PSU Fund,2014-01-03,103.506,2026-06-23T05:29:58.847318+00:00,https://api.mfapi.in/mf/119551
119551,SBI Bluechip,119551,Aditya Birla Sun Life Banking & PSU Debt Fund  - DIRECT - IDCW,Aditya Birla Sun Life Mutual Fund,Open Ended Schemes,Debt Scheme - Banking and PSU Fund,2014-01-02,103.4808,2026-06-23T05:29:58.847318+00:00,https://api.mfapi.in/mf/119551
119551,SBI Bluechip,119551,Aditya Birla Sun Life Banking & PSU Debt Fund  - DIRECT - IDCW,Aditya Birla Sun Life Mutual Fund,Open Ended Schemes,Debt Scheme - Banking and PSU Fund,2014-01-01,103.446,2026-06-23T05:29:58.847318+00:00,https://api.mfapi.in/mf/119551
119551,SBI Bluechip,119551,Aditya Birla Sun Life Banking & PSU Debt Fund  - DIRECT - IDCW,Aditya Birla Sun Life Mutual Fund,Open Ended Schemes,Debt Scheme - Banking and PSU Fund,2013-12-31,103.3941,2026-06-23T05:29:58.847318+00:00,https://api.mfapi.in/mf/119551
119551,SBI Bluechip,119551,Aditya Birla Sun Life Banking & PSU Debt Fund  - DIRECT - IDCW,Aditya Birla Sun Life Mutual Fund,Open Ended Schemes,Debt Scheme - Banking and PSU Fund,2013-12-30,103.6429,2026-06-23T05:29:58.847318+00:00,https://api.mfapi.in/mf/119551
119551,SBI Bluechip,119551,Aditya Birla Sun Life Banking & PSU Debt Fund  - DIRECT - IDCW,Aditya Birla Sun Life Mutual Fund,Open Ended Schemes,Debt Scheme - Banking and PSU Fund,2013-12-27,103.5893,2026-06-23T05:29:58.847318+00:00,https://api.mfapi.in/mf/119551
119551,SBI Bluechip,119551,Aditya Birla Sun Life Banking & PSU Debt Fund  - DIRECT - IDCW,Aditya Birla Sun Life Mutual Fund,Open Ended Schemes,Debt Scheme - Banking and PSU Fund,2013-12-26,103.5763,2026-06-23T05:29:58.847318+00:00,https://api.mfapi.in/mf/119551
119551,SBI Bluechip,119551,Aditya Birla Sun Life Banking & PSU Debt Fund  - DIRECT - IDCW,Aditya Birla Sun Life Mutual Fund,Open Ended Schemes,Debt Scheme - Banking and PSU Fund,2013-12-24,103.534,2026-06-23T05:29:58.847318+00:00,https://api.mfapi.in/mf/119551
119551,SBI Bluechip,119551,Aditya Birla Sun Life Banking & PSU Debt Fund  - DIRECT - IDCW,Aditya Birla Sun Life Mutual Fund,Open Ended Schemes,Debt Scheme - Banking and PSU Fund,2013-12-23,103.5236,2026-06-23T05:29:58.847318+00:00,https://api.mfapi.in/mf/119551
119551,SBI Bluechip,119551,Aditya Birla Sun Life Banking & PSU Debt Fund  - DIRECT - IDCW,Aditya Birla Sun Life Mutual Fund,Open Ended Schemes,Debt Scheme - Banking and PSU Fund,2013-12-20,103.4584,2026-06-23T05:29:58.847318+00:00,https://api.mfapi.in/mf/119551
119551,SBI Bluechip,119551,Aditya Birla Sun Life Banking & PSU Debt Fund  - DIRECT - IDCW,Aditya Birla Sun Life Mutual Fund,Open Ended Schemes,Debt Scheme - Banking and PSU Fund,2013-12-19,103.4336,2026-06-23T05:29:58.847318+00:00,https://api.mfapi.in/mf/119551
119551,SBI Bluechip,119551,Aditya Birla Sun Life Banking & PSU Debt Fund  - DIRECT - IDCW,Aditya Birla Sun Life Mutual Fund,Open Ended Schemes,Debt Scheme - Banking and PSU Fund,2013-12-18,103.4075,2026-06-23T05:29:58.847318+00:00,https://api.mfapi.in/mf/119551
119551,SBI Bluechip,119551,Aditya Birla Sun Life Banking & PSU Debt Fund  - DIRECT - IDCW,Aditya Birla Sun Life Mutual Fund,Open Ended Schemes,Debt Scheme - Banking and PSU Fund,2013-12-17,103.3699,2026-06-23T05:29:58.847318+00:00,https://api.mfapi.in/mf/119551
119551,SBI Bluechip,119551,Aditya Birla Sun Life Banking & PSU Debt Fund  - DIRECT - IDCW,Aditya Birla Sun Life Mutual Fund,Open Ended Schemes,Debt Scheme - Banking and PSU Fund,2013-12-16,103.8019,2026-06-23T05:29:58.847318+00:00,https://api.mfapi.in/mf/119551
119551,SBI Bluechip,119551,Aditya Birla Sun Life Banking & PSU Debt Fund  - DIRECT - IDCW,Aditya Birla Sun Life Mutual Fund,Open Ended Schemes,Debt Scheme - Banking and PSU Fund,2013-12-13,103.7247,2026-06-23T05:29:58.847318+00:00,https://api.mfapi.in/mf/119551
119551,SBI Bluechip,119551,Aditya Birla Sun Life Banking & PSU Debt Fund  - DIRECT - IDCW,Aditya Birla Sun Life Mutual Fund,Open Ended Schemes,Debt Scheme - Banking and PSU Fund,2013-12-12,103.7351,2026-06-23T05:29:58.847318+00:00,https://api.mfapi.in/mf/119551
119551,SBI Bluechip,119551,Aditya Birla Sun Life Banking & PSU Debt Fund  - DIRECT - IDCW,Aditya Birla Sun Life Mutual Fund,Open Ended Schemes,Debt Scheme - Banking and PSU Fund,2013-12-11,103.6643,2026-06-23T05:29:58.847318+00:00,https://api.mfapi.in/mf/119551
119551,SBI Bluechip,119551,Aditya Birla Sun Life Banking & PSU Debt Fund  - DIRECT - IDCW,Aditya Birla Sun Life Mutual Fund,Open Ended Schemes,Debt Scheme - Banking and PSU Fund,2013-12-10,103.6308,2026-06-23T05:29:58.847318+00:00,https://api.mfapi.in/mf/119551
119551,SBI Bluechip,119551,Aditya Birla Sun Life Banking & PSU Debt Fund  - DIRECT - IDCW,Aditya Birla Sun Life Mutual Fund,Open Ended Schemes,Debt Scheme - Banking and PSU Fund,2013-12-09,103.618,2026-06-23T05:29:58.847318+00:00,https://api.mfapi.in/mf/119551
119551,SBI Bluechip,119551,Aditya Birla Sun Life Banking & PSU Debt Fund  - DIRECT - IDCW,Aditya Birla Sun Life Mutual Fund,Open Ended Schemes,Debt Scheme - Banking and PSU Fund,2013-12-06,103.5593,2026-06-23T05:29:58.847318+00:00,https://api.mfapi.in/mf/119551
119551,SBI Bluechip,119551,Aditya Birla Sun Life Banking & PSU Debt Fund  - DIRECT - IDCW,Aditya Birla Sun Life Mutual Fund,Open Ended Schemes,Debt Scheme - Banking and PSU Fund,2013-12-05,103.5545,2026-06-23T05:29:58.847318+00:00,https://api.mfapi.in/mf/119551
119551,SBI Bluechip,119551,Aditya Birla Sun Life Banking & PSU Debt Fund  - DIRECT - IDCW,Aditya Birla Sun Life Mutual Fund,Open Ended Schemes,Debt Scheme - Banking and PSU Fund,2013-12-04,103.4962,2026-06-23T05:29:58.847318+00:00,https://api.mfapi.in/mf/119551
119551,SBI Bluechip,119551,Aditya Birla Sun Life Banking & PSU Debt Fund  - DIRECT - IDCW,Aditya Birla Sun Life Mutual Fund,Open Ended Schemes,Debt Scheme - Banking and PSU Fund,2013-12-03,103.4693,2026-06-23T05:29:58.847318+00:00,https://api.mfapi.in/mf/119551
119551,SBI Bluechip,119551,Aditya Birla Sun Life Banking & PSU Debt Fund  - DIRECT - IDCW,Aditya Birla Sun Life Mutual Fund,Open Ended Schemes,Debt Scheme - Banking and PSU Fund,2013-12-02,103.4284,2026-06-23T05:29:58.847318+00:00,https://api.mfapi.in/mf/119551
119551,SBI Bluechip,119551,Aditya Birla Sun Life Banking & PSU Debt Fund  - DIRECT - IDCW,Aditya Birla Sun Life Mutual Fund,Open Ended Schemes,Debt Scheme - Banking and PSU Fund,2013-11-29,103.3436,2026-06-23T05:29:58.847318+00:00,https://api.mfapi.in/mf/119551
119551,SBI Bluechip,119551,Aditya Birla Sun Life Banking & PSU Debt Fund  - DIRECT - IDCW,Aditya Birla Sun Life Mutual Fund,Open Ended Schemes,Debt Scheme - Banking and PSU Fund,2013-11-28,103.7346,2026-06-23T05:29:58.847318+00:00,https://api.mfapi.in/mf/119551
119551,SBI Bluechip,119551,Aditya Birla Sun Life Banking & PSU Debt Fund  - DIRECT - IDCW,Aditya Birla Sun Life Mutual Fund,Open Ended Schemes,Debt Scheme - Banking and PSU Fund,2013-11-27,103.7259,2026-06-23T05:29:58.847318+00:00,https://api.mfapi.in/mf/119551
119551,SBI Bluechip,119551,Aditya Birla Sun Life Banking & PSU Debt Fund  - DIRECT - IDCW,Aditya Birla Sun Life Mutual Fund,Open Ended Schemes,Debt Scheme - Banking and PSU Fund,2013-11-26,103.6402,2026-06-23T05:29:58.847318+00:00,https://api.mfapi.in/mf/119551
119551,SBI Bluechip,119551,Aditya Birla Sun Life Banking & PSU Debt Fund  - DIRECT - IDCW,Aditya Birla Sun Life Mutual Fund,Open Ended Schemes,Debt Scheme - Banking and PSU Fund,2013-11-25,103.6001,2026-06-23T05:29:58.847318+00:00,https://api.mfapi.in/mf/119551
119551,SBI Bluechip,119551,Aditya Birla Sun Life Banking & PSU Debt Fund  - DIRECT - IDCW,Aditya Birla Sun Life Mutual Fund,Open Ended Schemes,Debt Scheme - Banking and PSU Fund,2013-11-22,103.5041,2026-06-23T05:29:58.847318+00:00,https://api.mfapi.in/mf/119551
119551,SBI Bluechip,119551,Aditya Birla Sun Life Banking & PSU Debt Fund  - DIRECT - IDCW,Aditya Birla Sun Life Mutual Fund,Open Ended Schemes,Debt Scheme - Banking and PSU Fund,2013-11-21,103.474,2026-06-23T05:29:58.847318+00:00,https://api.mfapi.in/mf/119551
119551,SBI Bluechip,119551,Aditya Birla Sun Life Banking & PSU Debt Fund  - DIRECT - IDCW,Aditya Birla Sun Life Mutual Fund,Open Ended Schemes,Debt Scheme - Banking and PSU Fund,2013-11-20,103.4681,2026-06-23T05:29:58.847318+00:00,https://api.mfapi.in/mf/119551
119551,SBI Bluechip,119551,Aditya Birla Sun Life Banking & PSU Debt Fund  - DIRECT - IDCW,Aditya Birla Sun Life Mutual Fund,Open Ended Schemes,Debt Scheme - Banking and PSU Fund,2013-11-19,103.4355,2026-06-23T05:29:58.847318+00:00,https://api.mfapi.in/mf/119551
119551,SBI Bluechip,119551,Aditya Birla Sun Life Banking & PSU Debt Fund  - DIRECT - IDCW,Aditya Birla Sun Life Mutual Fund,Open Ended Schemes,Debt Scheme - Banking and PSU Fund,2013-11-18,103.396,2026-06-23T05:29:58.847318+00:00,https://api.mfapi.in/mf/119551
119551,SBI Bluechip,119551,Aditya Birla Sun Life Banking & PSU Debt Fund  - DIRECT - IDCW,Aditya Birla Sun Life Mutual Fund,Open Ended Schemes,Debt Scheme - Banking and PSU Fund,2013-11-14,103.6701,2026-06-23T05:29:58.847318+00:00,https://api.mfapi.in/mf/119551
119551,SBI Bluechip,119551,Aditya Birla Sun Life Banking & PSU Debt Fund  - DIRECT - IDCW,Aditya Birla Sun Life Mutual Fund,Open Ended Schemes,Debt Scheme - Banking and PSU Fund,2013-11-13,103.6314,2026-06-23T05:29:58.847318+00:00,https://api.mfapi.in/mf/119551
119551,SBI Bluechip,119551,Aditya Birla Sun Life Banking & PSU Debt Fund  - DIRECT - IDCW,Aditya Birla Sun Life Mutual Fund,Open Ended Schemes,Debt Scheme - Banking and PSU Fund,2013-11-12,103.6068,2026-06-23T05:29:58.847318+00:00,https://api.mfapi.in/mf/119551
119551,SBI Bluechip,119551,Aditya Birla Sun Life Banking & PSU Debt Fund  - DIRECT - IDCW,Aditya Birla Sun Life Mutual Fund,Open Ended Schemes,Debt Scheme - Banking and PSU Fund,2013-11-11,103.5975,2026-06-23T05:29:58.847318+00:00,https://api.mfapi.in/mf/119551
119551,SBI Bluechip,119551,Aditya Birla Sun Life Banking & PSU Debt Fund  - DIRECT - IDCW,Aditya Birla Sun Life Mutual Fund,Open Ended Schemes,Debt Scheme - Banking and PSU Fund,2013-11-08,103.5326,2026-06-23T05:29:58.847318+00:00,https://api.mfapi.in/mf/119551
119551,SBI Bluechip,119551,Aditya Birla Sun Life Banking & PSU Debt Fund  - DIRECT - IDCW,Aditya Birla Sun Life Mutual Fund,Open Ended Schemes,Debt Scheme - Banking and PSU Fund,2013-11-07,103.5073,2026-06-23T05:29:58.847318+00:00,https://api.mfapi.in/mf/119551
119551,SBI Bluechip,119551,Aditya Birla Sun Life Banking & PSU Debt Fund  - DIRECT - IDCW,Aditya Birla Sun Life Mutual Fund,Open Ended Schemes,Debt Scheme - Banking and PSU Fund,2013-11-06,103.5239,2026-06-23T05:29:58.847318+00:00,https://api.mfapi.in/mf/119551
119551,SBI Bluechip,119551,Aditya Birla Sun Life Banking & PSU Debt Fund  - DIRECT - IDCW,Aditya Birla Sun Life Mutual Fund,Open Ended Schemes,Debt Scheme - Banking and PSU Fund,2013-11-05,103.4962,2026-06-23T05:29:58.847318+00:00,https://api.mfapi.in/mf/119551
119551,SBI Bluechip,119551,Aditya Birla Sun Life Banking & PSU Debt Fund  - DIRECT - IDCW,Aditya Birla Sun Life Mutual Fund,Open Ended Schemes,Debt Scheme - Banking and PSU Fund,2013-11-01,103.3966,2026-06-23T05:29:58.847318+00:00,https://api.mfapi.in/mf/119551
119551,SBI Bluechip,119551,Aditya Birla Sun Life Banking & PSU Debt Fund  - DIRECT - IDCW,Aditya Birla Sun Life Mutual Fund,Open Ended Schemes,Debt Scheme - Banking and PSU Fund,2013-10-31,103.3858,2026-06-23T05:29:58.847318+00:00,https://api.mfapi.in/mf/119551
119551,SBI Bluechip,119551,Aditya Birla Sun Life Banking & PSU Debt Fund  - DIRECT - IDCW,Aditya Birla Sun Life Mutual Fund,Open Ended Schemes,Debt Scheme - Banking and PSU Fund,2013-10-30,103.3571,2026-06-23T05:29:58.847318+00:00,https://api.mfapi.in/mf/119551
119551,SBI Bluechip,119551,Aditya Birla Sun Life Banking & PSU Debt Fund  - DIRECT - IDCW,Aditya Birla Sun Life Mutual Fund,Open Ended Schemes,Debt Scheme - Banking and PSU Fund,2013-10-29,103.332,2026-06-23T05:29:58.847318+00:00,https://api.mfapi.in/mf/119551
119551,SBI Bluechip,119551,Aditya Birla Sun Life Banking & PSU Debt Fund  - DIRECT - IDCW,Aditya Birla Sun Life Mutual Fund,Open Ended Schemes,Debt Scheme - Banking and PSU Fund,2013-10-28,103.6375,2026-06-23T05:29:58.847318+00:00,https://api.mfapi.in/mf/119551
119551,SBI Bluechip,119551,Aditya Birla Sun Life Banking & PSU Debt Fund  - DIRECT - IDCW,Aditya Birla Sun Life Mutual Fund,Open Ended Schemes,Debt Scheme - Banking and PSU Fund,2013-10-25,103.5569,2026-06-23T05:29:58.847318+00:00,https://api.mfapi.in/mf/119551
119551,SBI Bluechip,119551,Aditya Birla Sun Life Banking & PSU Debt Fund  - DIRECT - IDCW,Aditya Birla Sun Life Mutual Fund,Open Ended Schemes,Debt Scheme - Banking and PSU Fund,2013-10-24,103.5248,2026-06-23T05:29:58.847318+00:00,https://api.mfapi.in/mf/119551
119551,SBI Bluechip,119551,Aditya Birla Sun Life Banking & PSU Debt Fund  - DIRECT - IDCW,Aditya Birla Sun Life Mutual Fund,Open Ended Schemes,Debt Scheme - Banking and PSU Fund,2013-10-23,103.4986,2026-06-23T05:29:58.847318+00:00,https://api.mfapi.in/mf/119551
119551,SBI Bluechip,119551,Aditya Birla Sun Life Banking & PSU Debt Fund  - DIRECT - IDCW,Aditya Birla Sun Life Mutual Fund,Open Ended Schemes,Debt Scheme - Banking and PSU Fund,2013-10-22,103.4859,2026-06-23T05:29:58.847318+00:00,https://api.mfapi.in/mf/119551
119551,SBI Bluechip,119551,Aditya Birla Sun Life Banking & PSU Debt Fund  - DIRECT - IDCW,Aditya Birla Sun Life Mutual Fund,Open Ended Schemes,Debt Scheme - Banking and PSU Fund,2013-10-21,103.4516,2026-06-23T05:29:58.847318+00:00,https://api.mfapi.in/mf/119551
119551,SBI Bluechip,119551,Aditya Birla Sun Life Banking & PSU Debt Fund  - DIRECT - IDCW,Aditya Birla Sun Life Mutual Fund,Open Ended Schemes,Debt Scheme - Banking and PSU Fund,2013-10-18,103.3672,2026-06-23T05:29:58.847318+00:00,https://api.mfapi.in/mf/119551
119551,SBI Bluechip,119551,Aditya Birla Sun Life Banking & PSU Debt Fund  - DIRECT - IDCW,Aditya Birla Sun Life Mutual Fund,Open Ended Schemes,Debt Scheme - Banking and PSU Fund,2013-10-17,103.3326,2026-06-23T05:29:58.847318+00:00,https://api.mfapi.in/mf/119551
119551,SBI Bluechip,119551,Aditya Birla Sun Life Banking & PSU Debt Fund  - DIRECT - IDCW,Aditya Birla Sun Life Mutual Fund,Open Ended Schemes,Debt Scheme - Banking and PSU Fund,2013-10-15,103.2589,2026-06-23T05:29:58.847318+00:00,https://api.mfapi.in/mf/119551
119551,SBI Bluechip,119551,Aditya Birla Sun Life Banking & PSU Debt Fund  - DIRECT - IDCW,Aditya Birla Sun Life Mutual Fund,Open Ended Schemes,Debt Scheme - Banking and PSU Fund,2013-10-14,103.8303,2026-06-23T05:29:58.847318+00:00,https://api.mfapi.in/mf/119551
119551,SBI Bluechip,119551,Aditya Birla Sun Life Banking & PSU Debt Fund  - DIRECT - IDCW,Aditya Birla Sun Life Mutual Fund,Open Ended Schemes,Debt Scheme - Banking and PSU Fund,2013-10-11,103.7572,2026-06-23T05:29:58.847318+00:00,https://api.mfapi.in/mf/119551
119551,SBI Bluechip,119551,Aditya Birla Sun Life Banking & PSU Debt Fund  - DIRECT - IDCW,Aditya Birla Sun Life Mutual Fund,Open Ended Schemes,Debt Scheme - Banking and PSU Fund,2013-10-10,103.7396,2026-06-23T05:29:58.847318+00:00,https://api.mfapi.in/mf/119551
119551,SBI Bluechip,119551,Aditya Birla Sun Life Banking & PSU Debt Fund  - DIRECT - IDCW,Aditya Birla Sun Life Mutual Fund,Open Ended Schemes,Debt Scheme - Banking and PSU Fund,2013-10-09,103.7191,2026-06-23T05:29:58.847318+00:00,https://api.mfapi.in/mf/119551
119551,SBI Bluechip,119551,Aditya Birla Sun Life Banking & PSU Debt Fund  - DIRECT - IDCW,Aditya Birla Sun Life Mutual Fund,Open Ended Schemes,Debt Scheme - Banking and PSU Fund,2013-10-08,103.7122,2026-06-23T05:29:58.847318+00:00,https://api.mfapi.in/mf/119551
119551,SBI Bluechip,119551,Aditya Birla Sun Life Banking & PSU Debt Fund  - DIRECT - IDCW,Aditya Birla Sun Life Mutual Fund,Open Ended Schemes,Debt Scheme - Banking and PSU Fund,2013-10-07,103.5211,2026-06-23T05:29:58.847318+00:00,https://api.mfapi.in/mf/119551
119551,SBI Bluechip,119551,Aditya Birla Sun Life Banking & PSU Debt Fund  - DIRECT - IDCW,Aditya Birla Sun Life Mutual Fund,Open Ended Schemes,Debt Scheme - Banking and PSU Fund,2013-10-04,103.4092,2026-06-23T05:29:58.847318+00:00,https://api.mfapi.in/mf/119551
119551,SBI Bluechip,119551,Aditya Birla Sun Life Banking & PSU Debt Fund  - DIRECT - IDCW,Aditya Birla Sun Life Mutual Fund,Open Ended Schemes,Debt Scheme - Banking and PSU Fund,2013-10-03,103.3443,2026-06-23T05:29:58.847318+00:00,https://api.mfapi.in/mf/119551
119551,SBI Bluechip,119551,Aditya Birla Sun Life Banking & PSU Debt Fund  - DIRECT - IDCW,Aditya Birla Sun Life Mutual Fund,Open Ended Schemes,Debt Scheme - Banking and PSU Fund,2013-10-01,103.2655,2026-06-23T05:29:58.847318+00:00,https://api.mfapi.in/mf/119551
119551,SBI Bluechip,119551,Aditya Birla Sun Life Banking & PSU Debt Fund  - DIRECT - IDCW,Aditya Birla Sun Life Mutual Fund,Open Ended Schemes,Debt Scheme - Banking and PSU Fund,2013-09-30,103.7595,2026-06-23T05:29:58.847318+00:00,https://api.mfapi.in/mf/119551
119551,SBI Bluechip,119551,Aditya Birla Sun Life Banking & PSU Debt Fund  - DIRECT - IDCW,Aditya Birla Sun Life Mutual Fund,Open Ended Schemes,Debt Scheme - Banking and PSU Fund,2013-09-27,103.724,2026-06-23T05:29:58.847318+00:00,https://api.mfapi.in/mf/119551
119551,SBI Bluechip,119551,Aditya Birla Sun Life Banking & PSU Debt Fund  - DIRECT - IDCW,Aditya Birla Sun Life Mutual Fund,Open Ended Schemes,Debt Scheme - Banking and PSU Fund,2013-09-26,103.6866,2026-06-23T05:29:58.847318+00:00,https://api.mfapi.in/mf/119551
119551,SBI Bluechip,119551,Aditya Birla Sun Life Banking & PSU Debt Fund  - DIRECT - IDCW,Aditya Birla Sun Life Mutual Fund,Open Ended Schemes,Debt Scheme - Banking and PSU Fund,2013-09-25,103.6534,2026-06-23T05:29:58.847318+00:00,https://api.mfapi.in/mf/119551
119551,SBI Bluechip,119551,Aditya Birla Sun Life Banking & PSU Debt Fund  - DIRECT - IDCW,Aditya Birla Sun Life Mutual Fund,Open Ended Schemes,Debt Scheme - Banking and PSU Fund,2013-09-24,103.6,2026-06-23T05:29:58.847318+00:00,https://api.mfapi.in/mf/119551
119551,SBI Bluechip,119551,Aditya Birla Sun Life Banking & PSU Debt Fund  - DIRECT - IDCW,Aditya Birla Sun Life Mutual Fund,Open Ended Schemes,Debt Scheme - Banking and PSU Fund,2013-09-23,103.594,2026-06-23T05:29:58.847318+00:00,https://api.mfapi.in/mf/119551
119551,SBI Bluechip,119551,Aditya Birla Sun Life Banking & PSU Debt Fund  - DIRECT - IDCW,Aditya Birla Sun Life Mutual Fund,Open Ended Schemes,Debt Scheme - Banking and PSU Fund,2013-09-20,103.5346,2026-06-23T05:29:58.847318+00:00,https://api.mfapi.in/mf/119551
119551,SBI Bluechip,119551,Aditya Birla Sun Life Banking & PSU Debt Fund  - DIRECT - IDCW,Aditya Birla Sun Life Mutual Fund,Open Ended Schemes,Debt Scheme - Banking and PSU Fund,2013-09-19,103.4545,2026-06-23T05:29:58.847318+00:00,https://api.mfapi.in/mf/119551
119551,SBI Bluechip,119551,Aditya Birla Sun Life Banking & PSU Debt Fund  - DIRECT - IDCW,Aditya Birla Sun Life Mutual Fund,Open Ended Schemes,Debt Scheme - Banking and PSU Fund,2013-09-18,103.3108,2026-06-23T05:29:58.847318+00:00,https://api.mfapi.in/mf/119551
119551,SBI Bluechip,119551,Aditya Birla Sun Life Banking & PSU Debt Fund  - DIRECT - IDCW,Aditya Birla Sun Life Mutual Fund,Open Ended Schemes,Debt Scheme - Banking and PSU Fund,2013-09-17,103.2261,2026-06-23T05:29:58.847318+00:00,https://api.mfapi.in/mf/119551
119551,SBI Bluechip,119551,Aditya Birla Sun Life Banking & PSU Debt Fund  - DIRECT - IDCW,Aditya Birla Sun Life Mutual Fund,Open Ended Schemes,Debt Scheme - Banking and PSU Fund,2013-09-16,103.8949,2026-06-23T05:29:58.847318+00:00,https://api.mfapi.in/mf/119551
119551,SBI Bluechip,119551,Aditya Birla Sun Life Banking & PSU Debt Fund  - DIRECT - IDCW,Aditya Birla Sun Life Mutual Fund,Open Ended Schemes,Debt Scheme - Banking and PSU Fund,2013-09-13,103.8036,2026-06-23T05:29:58.847318+00:00,https://api.mfapi.in/mf/119551
119551,SBI Bluechip,119551,Aditya Birla Sun Life Banking & PSU Debt Fund  - DIRECT - IDCW,Aditya Birla Sun Life Mutual Fund,Open Ended Schemes,Debt Scheme - Banking and PSU Fund,2013-09-12,103.7831,2026-06-23T05:29:58.847318+00:00,https://api.mfapi.in/mf/119551
119551,SBI Bluechip,119551,Aditya Birla Sun Life Banking & PSU Debt Fund  - DIRECT - IDCW,Aditya Birla Sun Life Mutual Fund,Open Ended Schemes,Debt Scheme - Banking and PSU Fund,2013-09-11,103.7462,2026-06-23T05:29:58.847318+00:00,https://api.mfapi.in/mf/119551
119551,SBI Bluechip,119551,Aditya Birla Sun Life Banking & PSU Debt Fund  - DIRECT - IDCW,Aditya Birla Sun Life Mutual Fund,Open Ended Schemes,Debt Scheme - Banking and PSU Fund,2013-09-10,103.7133,2026-06-23T05:29:58.847318+00:00,https://api.mfapi.in/mf/119551
119551,SBI Bluechip,119551,Aditya Birla Sun Life Banking & PSU Debt Fund  - DIRECT - IDCW,Aditya Birla Sun Life Mutual Fund,Open Ended Schemes,Debt Scheme - Banking and PSU Fund,2013-09-06,103.5778,2026-06-23T05:29:58.847318+00:00,https://api.mfapi.in/mf/119551
119551,SBI Bluechip,119551,Aditya Birla Sun Life Banking & PSU Debt Fund  - DIRECT - IDCW,Aditya Birla Sun Life Mutual Fund,Open Ended Schemes,Debt Scheme - Banking and PSU Fund,2013-09-05,103.5445,2026-06-23T05:29:58.847318+00:00,https://api.mfapi.in/mf/119551
119551,SBI Bluechip,119551,Aditya Birla Sun Life Banking & PSU Debt Fund  - DIRECT - IDCW,Aditya Birla Sun Life Mutual Fund,Open Ended Schemes,Debt Scheme - Banking and PSU Fund,2013-09-04,103.4408,2026-06-23T05:29:58.847318+00:00,https://api.mfapi.in/mf/119551
119551,SBI Bluechip,119551,Aditya Birla Sun Life Banking & PSU Debt Fund  - DIRECT - IDCW,Aditya Birla Sun Life Mutual Fund,Open Ended Schemes,Debt Scheme - Banking and PSU Fund,2013-09-03,103.3815,2026-06-23T05:29:58.847318+00:00,https://api.mfapi.in/mf/119551
119551,SBI Bluechip,119551,Aditya Birla Sun Life Banking & PSU Debt Fund  - DIRECT - IDCW,Aditya Birla Sun Life Mutual Fund,Open Ended Schemes,Debt Scheme - Banking and PSU Fund,2013-09-02,103.3253,2026-06-23T05:29:58.847318+00:00,https://api.mfapi.in/mf/119551
119551,SBI Bluechip,119551,Aditya Birla Sun Life Banking & PSU Debt Fund  - DIRECT - IDCW,Aditya Birla Sun Life Mutual Fund,Open Ended Schemes,Debt Scheme - Banking and PSU Fund,2013-08-30,103.214,2026-06-23T05:29:58.847318+00:00,https://api.mfapi.in/mf/119551
119551,SBI Bluechip,119551,Aditya Birla Sun Life Banking & PSU Debt Fund  - DIRECT - IDCW,Aditya Birla Sun Life Mutual Fund,Open Ended Schemes,Debt Scheme - Banking and PSU Fund,2013-08-29,103.1588,2026-06-23T05:29:58.847318+00:00,https://api.mfapi.in/mf/119551
119551,SBI Bluechip,119551,Aditya Birla Sun Life Banking & PSU Debt Fund  - DIRECT - IDCW,Aditya Birla Sun Life Mutual Fund,Open Ended Schemes,Debt Scheme - Banking and PSU Fund,2013-08-28,103.4713,2026-06-23T05:29:58.847318+00:00,https://api.mfapi.in/mf/119551
119551,SBI Bluechip,119551,Aditya Birla Sun Life Banking & PSU Debt Fund  - DIRECT - IDCW,Aditya Birla Sun Life Mutual Fund,Open Ended Schemes,Debt Scheme - Banking and PSU Fund,2013-08-27,103.4881,2026-06-23T05:29:58.847318+00:00,https://api.mfapi.in/mf/119551
119551,SBI Bluechip,119551,Aditya Birla Sun Life Banking & PSU Debt Fund  - DIRECT - IDCW,Aditya Birla Sun Life Mutual Fund,Open Ended Schemes,Debt Scheme - Banking and PSU Fund,2013-08-26,103.4776,2026-06-23T05:29:58.847318+00:00,https://api.mfapi.in/mf/119551
119551,SBI Bluechip,119551,Aditya Birla Sun Life Banking & PSU Debt Fund  - DIRECT - IDCW,Aditya Birla Sun Life Mutual Fund,Open Ended Schemes,Debt Scheme - Banking and PSU Fund,2013-08-23,103.3768,2026-06-23T05:29:58.847318+00:00,https://api.mfapi.in/mf/119551
119551,SBI Bluechip,119551,Aditya Birla Sun Life Banking & PSU Debt Fund  - DIRECT - IDCW,Aditya Birla Sun Life Mutual Fund,Open Ended Schemes,Debt Scheme - Banking and PSU Fund,2013-08-22,103.3345,2026-06-23T05:29:58.847318+00:00,https://api.mfapi.in/mf/119551
119551,SBI Bluechip,119551,Aditya Birla Sun Life Banking & PSU Debt Fund  - DIRECT - IDCW,Aditya Birla Sun Life Mutual Fund,Open Ended Schemes,Debt Scheme - Banking and PSU Fund,2013-08-21,103.3135,2026-06-23T05:29:58.847318+00:00,https://api.mfapi.in/mf/119551
119551,SBI Bluechip,119551,Aditya Birla Sun Life Banking & PSU Debt Fund  - DIRECT - IDCW,Aditya Birla Sun Life Mutual Fund,Open Ended Schemes,Debt Scheme - Banking and PSU Fund,2013-08-20,103.2086,2026-06-23T05:29:58.847318+00:00,https://api.mfapi.in/mf/119551
119551,SBI Bluechip,119551,Aditya Birla Sun Life Banking & PSU Debt Fund  - DIRECT - IDCW,Aditya Birla Sun Life Mutual Fund,Open Ended Schemes,Debt Scheme - Banking and PSU Fund,2013-08-19,103.207,2026-06-23T05:29:58.847318+00:00,https://api.mfapi.in/mf/119551
119551,SBI Bluechip,119551,Aditya Birla Sun Life Banking & PSU Debt Fund  - DIRECT - IDCW,Aditya Birla Sun Life Mutual Fund,Open Ended Schemes,Debt Scheme - Banking and PSU Fund,2013-08-16,103.1558,2026-06-23T05:29:58.847318+00:00,https://api.mfapi.in/mf/119551
119551,SBI Bluechip,119551,Aditya Birla Sun Life Banking & PSU Debt Fund  - DIRECT - IDCW,Aditya Birla Sun Life Mutual Fund,Open Ended Schemes,Debt Scheme - Banking and PSU Fund,2013-08-14,103.364,2026-06-23T05:29:58.847318+00:00,https://api.mfapi.in/mf/119551
119551,SBI Bluechip,119551,Aditya Birla Sun Life Banking & PSU Debt Fund  - DIRECT - IDCW,Aditya Birla Sun Life Mutual Fund,Open Ended Schemes,Debt Scheme - Banking and PSU Fund,2013-08-13,103.3152,2026-06-23T05:29:58.847318+00:00,https://api.mfapi.in/mf/119551
119551,SBI Bluechip,119551,Aditya Birla Sun Life Banking & PSU Debt Fund  - DIRECT - IDCW,Aditya Birla Sun Life Mutual Fund,Open Ended Schemes,Debt Scheme - Banking and PSU Fund,2013-08-12,103.2958,2026-06-23T05:29:58.847318+00:00,https://api.mfapi.in/mf/119551
119551,SBI Bluechip,119551,Aditya Birla Sun Life Banking & PSU Debt Fund  - DIRECT - IDCW,Aditya Birla Sun Life Mutual Fund,Open Ended Schemes,Debt Scheme - Banking and PSU Fund,2013-08-08,103.2116,2026-06-23T05:29:58.847318+00:00,https://api.mfapi.in/mf/119551
119551,SBI Bluechip,119551,Aditya Birla Sun Life Banking & PSU Debt Fund  - DIRECT - IDCW,Aditya Birla Sun Life Mutual Fund,Open Ended Schemes,Debt Scheme - Banking and PSU Fund,2013-08-07,103.1785,2026-06-23T05:29:58.847318+00:00,https://api.mfapi.in/mf/119551
119551,SBI Bluechip,119551,Aditya Birla Sun Life Banking & PSU Debt Fund  - DIRECT - IDCW,Aditya Birla Sun Life Mutual Fund,Open Ended Schemes,Debt Scheme - Banking and PSU Fund,2013-08-06,103.1471,2026-06-23T05:29:58.847318+00:00,https://api.mfapi.in/mf/119551
119551,SBI Bluechip,119551,Aditya Birla Sun Life Banking & PSU Debt Fund  - DIRECT - IDCW,Aditya Birla Sun Life Mutual Fund,Open Ended Schemes,Debt Scheme - Banking and PSU Fund,2013-08-05,103.1389,2026-06-23T05:29:58.847318+00:00,https://api.mfapi.in/mf/119551
119551,SBI Bluechip,119551,Aditya Birla Sun Life Banking & PSU Debt Fund  - DIRECT - IDCW,Aditya Birla Sun Life Mutual Fund,Open Ended Schemes,Debt Scheme - Banking and PSU Fund,2013-08-02,103.0101,2026-06-23T05:29:58.847318+00:00,https://api.mfapi.in/mf/119551
119551,SBI Bluechip,119551,Aditya Birla Sun Life Banking & PSU Debt Fund  - DIRECT - IDCW,Aditya Birla Sun Life Mutual Fund,Open Ended Schemes,Debt Scheme - Banking and PSU Fund,2013-08-01,102.9596,2026-06-23T05:29:58.847318+00:00,https://api.mfapi.in/mf/119551
119551,SBI Bluechip,119551,Aditya Birla Sun Life Banking & PSU Debt Fund  - DIRECT - IDCW,Aditya Birla Sun Life Mutual Fund,Open Ended Schemes,Debt Scheme - Banking and PSU Fund,2013-07-31,102.9055,2026-06-23T05:29:58.847318+00:00,https://api.mfapi.in/mf/119551
119551,SBI Bluechip,119551,Aditya Birla Sun Life Banking & PSU Debt Fund  - DIRECT - IDCW,Aditya Birla Sun Life Mutual Fund,Open Ended Schemes,Debt Scheme - Banking and PSU Fund,2013-07-30,102.8875,2026-06-23T05:29:58.847318+00:00,https://api.mfapi.in/mf/119551
119551,SBI Bluechip,119551,Aditya Birla Sun Life Banking & PSU Debt Fund  - DIRECT - IDCW,Aditya Birla Sun Life Mutual Fund,Open Ended Schemes,Debt Scheme - Banking and PSU Fund,2013-07-29,102.8554,2026-06-23T05:29:58.847318+00:00,https://api.mfapi.in/mf/119551
119551,SBI Bluechip,119551,Aditya Birla Sun Life Banking & PSU Debt Fund  - DIRECT - IDCW,Aditya Birla Sun Life Mutual Fund,Open Ended Schemes,Debt Scheme - Banking and PSU Fund,2013-07-26,102.7573,2026-06-23T05:29:58.847318+00:00,https://api.mfapi.in/mf/119551
119551,SBI Bluechip,119551,Aditya Birla Sun Life Banking & PSU Debt Fund  - DIRECT - IDCW,Aditya Birla Sun Life Mutual Fund,Open Ended Schemes,Debt Scheme - Banking and PSU Fund,2013-07-25,102.6991,2026-06-23T05:29:58.847318+00:00,https://api.mfapi.in/mf/119551
119551,SBI Bluechip,119551,Aditya Birla Sun Life Banking & PSU Debt Fund  - DIRECT - IDCW,Aditya Birla Sun Life Mutual Fund,Open Ended Schemes,Debt Scheme - Banking and PSU Fund,2013-07-24,102.6244,2026-06-23T05:29:58.847318+00:00,https://api.mfapi.in/mf/119551
119551,SBI Bluechip,119551,Aditya Birla Sun Life Banking & PSU Debt Fund  - DIRECT - IDCW,Aditya Birla Sun Life Mutual Fund,Open Ended Schemes,Debt Scheme - Banking and PSU Fund,2013-07-23,102.8344,2026-06-23T05:29:58.847318+00:00,https://api.mfapi.in/mf/119551
119551,SBI Bluechip,119551,Aditya Birla Sun Life Banking & PSU Debt Fund  - DIRECT - IDCW,Aditya Birla Sun Life Mutual Fund,Open Ended Schemes,Debt Scheme - Banking and PSU Fund,2013-07-22,102.9274,2026-06-23T05:29:58.847318+00:00,https://api.mfapi.in/mf/119551
119551,SBI Bluechip,119551,Aditya Birla Sun Life Banking & PSU Debt Fund  - DIRECT - IDCW,Aditya Birla Sun Life Mutual Fund,Open Ended Schemes,Debt Scheme - Banking and PSU Fund,2013-07-19,102.8672,2026-06-23T05:29:58.847318+00:00,https://api.mfapi.in/mf/119551
119551,SBI Bluechip,119551,Aditya Birla Sun Life Banking & PSU Debt Fund  - DIRECT - IDCW,Aditya Birla Sun Life Mutual Fund,Open Ended Schemes,Debt Scheme - Banking and PSU Fund,2013-07-18,102.8496,2026-06-23T05:29:58.847318+00:00,https://api.mfapi.in/mf/119551
119551,SBI Bluechip,119551,Aditya Birla Sun Life Banking & PSU Debt Fund  - DIRECT - IDCW,Aditya Birla Sun Life Mutual Fund,Open Ended Schemes,Debt Scheme - Banking and PSU Fund,2013-07-17,102.7023,2026-06-23T05:29:58.847318+00:00,https://api.mfapi.in/mf/119551
119551,SBI Bluechip,119551,Aditya Birla Sun Life Banking & PSU Debt Fund  - DIRECT - IDCW,Aditya Birla Sun Life Mutual Fund,Open Ended Schemes,Debt Scheme - Banking and PSU Fund,2013-07-16,102.6046,2026-06-23T05:29:58.847318+00:00,https://api.mfapi.in/mf/119551
119551,SBI Bluechip,119551,Aditya Birla Sun Life Banking & PSU Debt Fund  - DIRECT - IDCW,Aditya Birla Sun Life Mutual Fund,Open Ended Schemes,Debt Scheme - Banking and PSU Fund,2013-07-15,103.4995,2026-06-23T05:29:58.847318+00:00,https://api.mfapi.in/mf/119551
119551,SBI Bluechip,119551,Aditya Birla Sun Life Banking & PSU Debt Fund  - DIRECT - IDCW,Aditya Birla Sun Life Mutual Fund,Open Ended Schemes,Debt Scheme - Banking and PSU Fund,2013-07-12,103.4314,2026-06-23T05:29:58.847318+00:00,https://api.mfapi.in/mf/119551
119551,SBI Bluechip,119551,Aditya Birla Sun Life Banking & PSU Debt Fund  - DIRECT - IDCW,Aditya Birla Sun Life Mutual Fund,Open Ended Schemes,Debt Scheme - Banking and PSU Fund,2013-07-11,103.4083,2026-06-23T05:29:58.847318+00:00,https://api.mfapi.in/mf/119551
119551,SBI Bluechip,119551,Aditya Birla Sun Life Banking & PSU Debt Fund  - DIRECT - IDCW,Aditya Birla Sun Life Mutual Fund,Open Ended Schemes,Debt Scheme - Banking and PSU Fund,2013-07-10,103.3886,2026-06-23T05:29:58.847318+00:00,https://api.mfapi.in/mf/119551
119551,SBI Bluechip,119551,Aditya Birla Sun Life Banking & PSU Debt Fund  - DIRECT - IDCW,Aditya Birla Sun Life Mutual Fund,Open Ended Schemes,Debt Scheme - Banking and PSU Fund,2013-07-09,103.368,2026-06-23T05:29:58.847318+00:00,https://api.mfapi.in/mf/119551
119551,SBI Bluechip,119551,Aditya Birla Sun Life Banking & PSU Debt Fund  - DIRECT - IDCW,Aditya Birla Sun Life Mutual Fund,Open Ended Schemes,Debt Scheme - Banking and PSU Fund,2013-07-08,103.3431,2026-06-23T05:29:58.847318+00:00,https://api.mfapi.in/mf/119551
119551,SBI Bluechip,119551,Aditya Birla Sun Life Banking & PSU Debt Fund  - DIRECT - IDCW,Aditya Birla Sun Life Mutual Fund,Open Ended Schemes,Debt Scheme - Banking and PSU Fund,2013-07-05,103.2854,2026-06-23T05:29:58.847318+00:00,https://api.mfapi.in/mf/119551
119551,SBI Bluechip,119551,Aditya Birla Sun Life Banking & PSU Debt Fund  - DIRECT - IDCW,Aditya Birla Sun Life Mutual Fund,Open Ended Schemes,Debt Scheme - Banking and PSU Fund,2013-07-04,103.265,2026-06-23T05:29:58.847318+00:00,https://api.mfapi.in/mf/119551
119551,SBI Bluechip,119551,Aditya Birla Sun Life Banking & PSU Debt Fund  - DIRECT - IDCW,Aditya Birla Sun Life Mutual Fund,Open Ended Schemes,Debt Scheme - Banking and PSU Fund,2013-07-03,103.2267,2026-06-23T05:29:58.847318+00:00,https://api.mfapi.in/mf/119551
119551,SBI Bluechip,119551,Aditya Birla Sun Life Banking & PSU Debt Fund  - DIRECT - IDCW,Aditya Birla Sun Life Mutual Fund,Open Ended Schemes,Debt Scheme - Banking and PSU Fund,2013-07-02,103.2075,2026-06-23T05:29:58.847318+00:00,https://api.mfapi.in/mf/119551
119551,SBI Bluechip,119551,Aditya Birla Sun Life Banking & PSU Debt Fund  - DIRECT - IDCW,Aditya Birla Sun Life Mutual Fund,Open Ended Schemes,Debt Scheme - Banking and PSU Fund,2013-06-28,103.4072,2026-06-23T05:29:58.847318+00:00,https://api.mfapi.in/mf/119551
119551,SBI Bluechip,119551,Aditya Birla Sun Life Banking & PSU Debt Fund  - DIRECT - IDCW,Aditya Birla Sun Life Mutual Fund,Open Ended Schemes,Debt Scheme - Banking and PSU Fund,2013-06-27,103.3957,2026-06-23T05:29:58.847318+00:00,https://api.mfapi.in/mf/119551
119551,SBI Bluechip,119551,Aditya Birla Sun Life Banking & PSU Debt Fund  - DIRECT - IDCW,Aditya Birla Sun Life Mutual Fund,Open Ended Schemes,Debt Scheme - Banking and PSU Fund,2013-06-26,103.3772,2026-06-23T05:29:58.847318+00:00,https://api.mfapi.in/mf/119551
119551,SBI Bluechip,119551,Aditya Birla Sun Life Banking & PSU Debt Fund  - DIRECT - IDCW,Aditya Birla Sun Life Mutual Fund,Open Ended Schemes,Debt Scheme - Banking and PSU Fund,2013-06-25,103.3595,2026-06-23T05:29:58.847318+00:00,https://api.mfapi.in/mf/119551
119551,SBI Bluechip,119551,Aditya Birla Sun Life Banking & PSU Debt Fund  - DIRECT - IDCW,Aditya Birla Sun Life Mutual Fund,Open Ended Schemes,Debt Scheme - Banking and PSU Fund,2013-06-24,103.3469,2026-06-23T05:29:58.847318+00:00,https://api.mfapi.in/mf/119551
119551,SBI Bluechip,119551,Aditya Birla Sun Life Banking & PSU Debt Fund  - DIRECT - IDCW,Aditya Birla Sun Life Mutual Fund,Open Ended Schemes,Debt Scheme - Banking and PSU Fund,2013-06-21,103.2992,2026-06-23T05:29:58.847318+00:00,https://api.mfapi.in/mf/119551
119551,SBI Bluechip,119551,Aditya Birla Sun Life Banking & PSU Debt Fund  - DIRECT - IDCW,Aditya Birla Sun Life Mutual Fund,Open Ended Schemes,Debt Scheme - Banking and PSU Fund,2013-06-20,103.2642,2026-06-23T05:29:58.847318+00:00,https://api.mfapi.in/mf/119551
119551,SBI Bluechip,119551,Aditya Birla Sun Life Banking & PSU Debt Fund  - DIRECT - IDCW,Aditya Birla Sun Life Mutual Fund,Open Ended Schemes,Debt Scheme - Banking and PSU Fund,2013-06-19,103.2602,2026-06-23T05:29:58.847318+00:00,https://api.mfapi.in/mf/119551
119551,SBI Bluechip,119551,Aditya Birla Sun Life Banking & PSU Debt Fund  - DIRECT - IDCW,Aditya Birla Sun Life Mutual Fund,Open Ended Schemes,Debt Scheme - Banking and PSU Fund,2013-06-18,103.221,2026-06-23T05:29:58.847318+00:00,https://api.mfapi.in/mf/119551
119551,SBI Bluechip,119551,Aditya Birla Sun Life Banking & PSU Debt Fund  - DIRECT - IDCW,Aditya Birla Sun Life Mutual Fund,Open Ended Schemes,Debt Scheme - Banking and PSU Fund,2013-06-17,103.154,2026-06-23T05:29:58.847318+00:00,https://api.mfapi.in/mf/119551
119551,SBI Bluechip,119551,Aditya Birla Sun Life Banking & PSU Debt Fund  - DIRECT - IDCW,Aditya Birla Sun Life Mutual Fund,Open Ended Schemes,Debt Scheme - Banking and PSU Fund,2013-06-14,103.4267,2026-06-23T05:29:58.847318+00:00,https://api.mfapi.in/mf/119551
119551,SBI Bluechip,119551,Aditya Birla Sun Life Banking & PSU Debt Fund  - DIRECT - IDCW,Aditya Birla Sun Life Mutual Fund,Open Ended Schemes,Debt Scheme - Banking and PSU Fund,2013-06-13,103.4056,2026-06-23T05:29:58.847318+00:00,https://api.mfapi.in/mf/119551
119551,SBI Bluechip,119551,Aditya Birla Sun Life Banking & PSU Debt Fund  - DIRECT - IDCW,Aditya Birla Sun Life Mutual Fund,Open Ended Schemes,Debt Scheme - Banking and PSU Fund,2013-06-12,103.3913,2026-06-23T05:29:58.847318+00:00,https://api.mfapi.in/mf/119551
119551,SBI Bluechip,119551,Aditya Birla Sun Life Banking & PSU Debt Fund  - DIRECT - IDCW,Aditya Birla Sun Life Mutual Fund,Open Ended Schemes,Debt Scheme - Banking and PSU Fund,2013-06-11,103.3832,2026-06-23T05:29:58.847318+00:00,https://api.mfapi.in/mf/119551
119551,SBI Bluechip,119551,Aditya Birla Sun Life Banking & PSU Debt Fund  - DIRECT - IDCW,Aditya Birla Sun Life Mutual Fund,Open Ended Schemes,Debt Scheme - Banking and PSU Fund,2013-06-10,103.3704,2026-06-23T05:29:58.847318+00:00,https://api.mfapi.in/mf/119551
119551,SBI Bluechip,119551,Aditya Birla Sun Life Banking & PSU Debt Fund  - DIRECT - IDCW,Aditya Birla Sun Life Mutual Fund,Open Ended Schemes,Debt Scheme - Banking and PSU Fund,2013-06-07,103.3194,2026-06-23T05:29:58.847318+00:00,https://api.mfapi.in/mf/119551
119551,SBI Bluechip,119551,Aditya Birla Sun Life Banking & PSU Debt Fund  - DIRECT - IDCW,Aditya Birla Sun Life Mutual Fund,Open Ended Schemes,Debt Scheme - Banking and PSU Fund,2013-06-06,103.2957,2026-06-23T05:29:58.847318+00:00,https://api.mfapi.in/mf/119551
119551,SBI Bluechip,119551,Aditya Birla Sun Life Banking & PSU Debt Fund  - DIRECT - IDCW,Aditya Birla Sun Life Mutual Fund,Open Ended Schemes,Debt Scheme - Banking and PSU Fund,2013-06-05,103.2598,2026-06-23T05:29:58.847318+00:00,https://api.mfapi.in/mf/119551
119551,SBI Bluechip,119551,Aditya Birla Sun Life Banking & PSU Debt Fund  - DIRECT - IDCW,Aditya Birla Sun Life Mutual Fund,Open Ended Schemes,Debt Scheme - Banking and PSU Fund,2013-06-04,103.225,2026-06-23T05:29:58.847318+00:00,https://api.mfapi.in/mf/119551
119551,SBI Bluechip,119551,Aditya Birla Sun Life Banking & PSU Debt Fund  - DIRECT - IDCW,Aditya Birla Sun Life Mutual Fund,Open Ended Schemes,Debt Scheme - Banking and PSU Fund,2013-06-03,103.1984,2026-06-23T05:29:58.847318+00:00,https://api.mfapi.in/mf/119551
119551,SBI Bluechip,119551,Aditya Birla Sun Life Banking & PSU Debt Fund  - DIRECT - IDCW,Aditya Birla Sun Life Mutual Fund,Open Ended Schemes,Debt Scheme - Banking and PSU Fund,2013-05-31,103.1296,2026-06-23T05:29:58.847318+00:00,https://api.mfapi.in/mf/119551
119551,SBI Bluechip,119551,Aditya Birla Sun Life Banking & PSU Debt Fund  - DIRECT - IDCW,Aditya Birla Sun Life Mutual Fund,Open Ended Schemes,Debt Scheme - Banking and PSU Fund,2013-05-30,103.1152,2026-06-23T05:29:58.847318+00:00,https://api.mfapi.in/mf/119551
119551,SBI Bluechip,119551,Aditya Birla Sun Life Banking & PSU Debt Fund  - DIRECT - IDCW,Aditya Birla Sun Life Mutual Fund,Open Ended Schemes,Debt Scheme - Banking and PSU Fund,2013-05-29,103.0877,2026-06-23T05:29:58.847318+00:00,https://api.mfapi.in/mf/119551
119551,SBI Bluechip,119551,Aditya Birla Sun Life Banking & PSU Debt Fund  - DIRECT - IDCW,Aditya Birla Sun Life Mutual Fund,Open Ended Schemes,Debt Scheme - Banking and PSU Fund,2013-05-28,103.3617,2026-06-23T05:29:58.847318+00:00,https://api.mfapi.in/mf/119551
119551,SBI Bluechip,119551,Aditya Birla Sun Life Banking & PSU Debt Fund  - DIRECT - IDCW,Aditya Birla Sun Life Mutual Fund,Open Ended Schemes,Debt Scheme - Banking and PSU Fund,2013-05-27,103.349,2026-06-23T05:29:58.847318+00:00,https://api.mfapi.in/mf/119551
119551,SBI Bluechip,119551,Aditya Birla Sun Life Banking & PSU Debt Fund  - DIRECT - IDCW,Aditya Birla Sun Life Mutual Fund,Open Ended Schemes,Debt Scheme - Banking and PSU Fund,2013-05-24,103.2834,2026-06-23T05:29:58.847318+00:00,https://api.mfapi.in/mf/119551
119551,SBI Bluechip,119551,Aditya Birla Sun Life Banking & PSU Debt Fund  - DIRECT - IDCW,Aditya Birla Sun Life Mutual Fund,Open Ended Schemes,Debt Scheme - Banking and PSU Fund,2013-05-23,103.2705,2026-06-23T05:29:58.847318+00:00,https://api.mfapi.in/mf/119551
119551,SBI Bluechip,119551,Aditya Birla Sun Life Banking & PSU Debt Fund  - DIRECT - IDCW,Aditya Birla Sun Life Mutual Fund,Open Ended Schemes,Debt Scheme - Banking and PSU Fund,2013-05-22,103.2698,2026-06-23T05:29:58.847318+00:00,https://api.mfapi.in/mf/119551
119551,SBI Bluechip,119551,Aditya Birla Sun Life Banking & PSU Debt Fund  - DIRECT - IDCW,Aditya Birla Sun Life Mutual Fund,Open Ended Schemes,Debt Scheme - Banking and PSU Fund,2013-05-21,103.2444,2026-06-23T05:29:58.847318+00:00,https://api.mfapi.in/mf/119551
119551,SBI Bluechip,119551,Aditya Birla Sun Life Banking & PSU Debt Fund  - DIRECT - IDCW,Aditya Birla Sun Life Mutual Fund,Open Ended Schemes,Debt Scheme - Banking and PSU Fund,2013-05-20,103.2356,2026-06-23T05:29:58.847318+00:00,https://api.mfapi.in/mf/119551
119551,SBI Bluechip,119551,Aditya Birla Sun Life Banking & PSU Debt Fund  - DIRECT - IDCW,Aditya Birla Sun Life Mutual Fund,Open Ended Schemes,Debt Scheme - Banking and PSU Fund,2013-05-17,103.1745,2026-06-23T05:29:58.847318+00:00,https://api.mfapi.in/mf/119551
119551,SBI Bluechip,119551,Aditya Birla Sun Life Banking & PSU Debt Fund  - DIRECT - IDCW,Aditya Birla Sun Life Mutual Fund,Open Ended Schemes,Debt Scheme - Banking and PSU Fund,2013-05-16,103.141,2026-06-23T05:29:58.847318+00:00,https://api.mfapi.in/mf/119551
119551,SBI Bluechip,119551,Aditya Birla Sun Life Banking & PSU Debt Fund  - DIRECT - IDCW,Aditya Birla Sun Life Mutual Fund,Open Ended Schemes,Debt Scheme - Banking and PSU Fund,2013-05-15,103.113,2026-06-23T05:29:58.847318+00:00,https://api.mfapi.in/mf/119551
119551,SBI Bluechip,119551,Aditya Birla Sun Life Banking & PSU Debt Fund  - DIRECT - IDCW,Aditya Birla Sun Life Mutual Fund,Open Ended Schemes,Debt Scheme - Banking and PSU Fund,2013-05-14,103.5159,2026-06-23T05:29:58.847318+00:00,https://api.mfapi.in/mf/119551
119551,SBI Bluechip,119551,Aditya Birla Sun Life Banking & PSU Debt Fund  - DIRECT - IDCW,Aditya Birla Sun Life Mutual Fund,Open Ended Schemes,Debt Scheme - Banking and PSU Fund,2013-05-13,103.4824,2026-06-23T05:29:58.847318+00:00,https://api.mfapi.in/mf/119551
119551,SBI Bluechip,119551,Aditya Birla Sun Life Banking & PSU Debt Fund  - DIRECT - IDCW,Aditya Birla Sun Life Mutual Fund,Open Ended Schemes,Debt Scheme - Banking and PSU Fund,2013-05-10,103.4157,2026-06-23T05:29:58.847318+00:00,https://api.mfapi.in/mf/119551
119551,SBI Bluechip,119551,Aditya Birla Sun Life Banking & PSU Debt Fund  - DIRECT - IDCW,Aditya Birla Sun Life Mutual Fund,Open Ended Schemes,Debt Scheme - Banking and PSU Fund,2013-05-09,103.3949,2026-06-23T05:29:58.847318+00:00,https://api.mfapi.in/mf/119551
119551,SBI Bluechip,119551,Aditya Birla Sun Life Banking & PSU Debt Fund  - DIRECT - IDCW,Aditya Birla Sun Life Mutual Fund,Open Ended Schemes,Debt Scheme - Banking and PSU Fund,2013-05-08,103.3404,2026-06-23T05:29:58.847318+00:00,https://api.mfapi.in/mf/119551
119551,SBI Bluechip,119551,Aditya Birla Sun Life Banking & PSU Debt Fund  - DIRECT - IDCW,Aditya Birla Sun Life Mutual Fund,Open Ended Schemes,Debt Scheme - Banking and PSU Fund,2013-05-07,103.3087,2026-06-23T05:29:58.847318+00:00,https://api.mfapi.in/mf/119551
119551,SBI Bluechip,119551,Aditya Birla Sun Life Banking & PSU Debt Fund  - DIRECT - IDCW,Aditya Birla Sun Life Mutual Fund,Open Ended Schemes,Debt Scheme - Banking and PSU Fund,2013-05-06,103.2821,2026-06-23T05:29:58.847318+00:00,https://api.mfapi.in/mf/119551
119551,SBI Bluechip,119551,Aditya Birla Sun Life Banking & PSU Debt Fund  - DIRECT - IDCW,Aditya Birla Sun Life Mutual Fund,Open Ended Schemes,Debt Scheme - Banking and PSU Fund,2013-05-03,103.2082,2026-06-23T05:29:58.847318+00:00,https://api.mfapi.in/mf/119551
119551,SBI Bluechip,119551,Aditya Birla Sun Life Banking & PSU Debt Fund  - DIRECT - IDCW,Aditya Birla Sun Life Mutual Fund,Open Ended Schemes,Debt Scheme - Banking and PSU Fund,2013-05-02,103.2057,2026-06-23T05:29:58.847318+00:00,https://api.mfapi.in/mf/119551
119551,SBI Bluechip,119551,Aditya Birla Sun Life Banking & PSU Debt Fund  - DIRECT - IDCW,Aditya Birla Sun Life Mutual Fund,Open Ended Schemes,Debt Scheme - Banking and PSU Fund,2013-04-30,103.0655,2026-06-23T05:29:58.847318+00:00,https://api.mfapi.in/mf/119551
119551,SBI Bluechip,119551,Aditya Birla Sun Life Banking & PSU Debt Fund  - DIRECT - IDCW,Aditya Birla Sun Life Mutual Fund,Open Ended Schemes,Debt Scheme - Banking and PSU Fund,2013-04-29,103.3845,2026-06-23T05:29:58.847318+00:00,https://api.mfapi.in/mf/119551
119551,SBI Bluechip,119551,Aditya Birla Sun Life Banking & PSU Debt Fund  - DIRECT - IDCW,Aditya Birla Sun Life Mutual Fund,Open Ended Schemes,Debt Scheme - Banking and PSU Fund,2013-04-26,103.3139,2026-06-23T05:29:58.847318+00:00,https://api.mfapi.in/mf/119551
119551,SBI Bluechip,119551,Aditya Birla Sun Life Banking & PSU Debt Fund  - DIRECT - IDCW,Aditya Birla Sun Life Mutual Fund,Open Ended Schemes,Debt Scheme - Banking and PSU Fund,2013-04-25,103.2947,2026-06-23T05:29:58.847318+00:00,https://api.mfapi.in/mf/119551
119551,SBI Bluechip,119551,Aditya Birla Sun Life Banking & PSU Debt Fund  - DIRECT - IDCW,Aditya Birla Sun Life Mutual Fund,Open Ended Schemes,Debt Scheme - Banking and PSU Fund,2013-04-23,103.2481,2026-06-23T05:29:58.847318+00:00,https://api.mfapi.in/mf/119551
119551,SBI Bluechip,119551,Aditya Birla Sun Life Banking & PSU Debt Fund  - DIRECT - IDCW,Aditya Birla Sun Life Mutual Fund,Open Ended Schemes,Debt Scheme - Banking and PSU Fund,2013-04-22,103.216,2026-06-23T05:29:58.847318+00:00,https://api.mfapi.in/mf/119551
119551,SBI Bluechip,119551,Aditya Birla Sun Life Banking & PSU Debt Fund  - DIRECT - IDCW,Aditya Birla Sun Life Mutual Fund,Open Ended Schemes,Debt Scheme - Banking and PSU Fund,2013-04-18,103.1589,2026-06-23T05:29:58.847318+00:00,https://api.mfapi.in/mf/119551
119551,SBI Bluechip,119551,Aditya Birla Sun Life Banking & PSU Debt Fund  - DIRECT - IDCW,Aditya Birla Sun Life Mutual Fund,Open Ended Schemes,Debt Scheme - Banking and PSU Fund,2013-04-17,103.0866,2026-06-23T05:29:58.847318+00:00,https://api.mfapi.in/mf/119551
119551,SBI Bluechip,119551,Aditya Birla Sun Life Banking & PSU Debt Fund  - DIRECT - IDCW,Aditya Birla Sun Life Mutual Fund,Open Ended Schemes,Debt Scheme - Banking and PSU Fund,2013-04-16,103.0719,2026-06-23T05:29:58.847318+00:00,https://api.mfapi.in/mf/119551
119551,SBI Bluechip,119551,Aditya Birla Sun Life Banking & PSU Debt Fund  - DIRECT - IDCW,Aditya Birla Sun Life Mutual Fund,Open Ended Schemes,Debt Scheme - Banking and PSU Fund,2013-04-15,103.6711,2026-06-23T05:29:58.847318+00:00,https://api.mfapi.in/mf/119551
119551,SBI Bluechip,119551,Aditya Birla Sun Life Banking & PSU Debt Fund  - DIRECT - IDCW,Aditya Birla Sun Life Mutual Fund,Open Ended Schemes,Debt Scheme - Banking and PSU Fund,2013-04-12,103.5704,2026-06-23T05:29:58.847318+00:00,https://api.mfapi.in/mf/119551
119551,SBI Bluechip,119551,Aditya Birla Sun Life Banking & PSU Debt Fund  - DIRECT - IDCW,Aditya Birla Sun Life Mutual Fund,Open Ended Schemes,Debt Scheme - Banking and PSU Fund,2013-04-10,103.4653,2026-06-23T05:29:58.847318+00:00,https://api.mfapi.in/mf/119551
119551,SBI Bluechip,119551,Aditya Birla Sun Life Banking & PSU Debt Fund  - DIRECT - IDCW,Aditya Birla Sun Life Mutual Fund,Open Ended Schemes,Debt Scheme - Banking and PSU Fund,2013-04-09,103.4716,2026-06-23T05:29:58.847318+00:00,https://api.mfapi.in/mf/119551
119551,SBI Bluechip,119551,Aditya Birla Sun Life Banking & PSU Debt Fund  - DIRECT - IDCW,Aditya Birla Sun Life Mutual Fund,Open Ended Schemes,Debt Scheme - Banking and PSU Fund,2013-04-08,103.462,2026-06-23T05:29:58.847318+00:00,https://api.mfapi.in/mf/119551
119551,SBI Bluechip,119551,Aditya Birla Sun Life Banking & PSU Debt Fund  - DIRECT - IDCW,Aditya Birla Sun Life Mutual Fund,Open Ended Schemes,Debt Scheme - Banking and PSU Fund,2013-04-05,103.4164,2026-06-23T05:29:58.847318+00:00,https://api.mfapi.in/mf/119551
119551,SBI Bluechip,119551,Aditya Birla Sun Life Banking & PSU Debt Fund  - DIRECT - IDCW,Aditya Birla Sun Life Mutual Fund,Open Ended Schemes,Debt Scheme - Banking and PSU Fund,2013-04-04,103.4096,2026-06-23T05:29:58.847318+00:00,https://api.mfapi.in/mf/119551
119551,SBI Bluechip,119551,Aditya Birla Sun Life Banking & PSU Debt Fund  - DIRECT - IDCW,Aditya Birla Sun Life Mutual Fund,Open Ended Schemes,Debt Scheme - Banking and PSU Fund,2013-04-03,103.3274,2026-06-23T05:29:58.847318+00:00,https://api.mfapi.in/mf/119551
119551,SBI Bluechip,119551,Aditya Birla Sun Life Banking & PSU Debt Fund  - DIRECT - IDCW,Aditya Birla Sun Life Mutual Fund,Open Ended Schemes,Debt Scheme - Banking and PSU Fund,2013-04-02,103.2626,2026-06-23T05:29:58.847318+00:00,https://api.mfapi.in/mf/119551
119551,SBI Bluechip,119551,Aditya Birla Sun Life Banking & PSU Debt Fund  - DIRECT - IDCW,Aditya Birla Sun Life Mutual Fund,Open Ended Schemes,Debt Scheme - Banking and PSU Fund,2013-03-28,103.2633,2026-06-23T05:29:58.847318+00:00,https://api.mfapi.in/mf/119551
119551,SBI Bluechip,119551,Aditya Birla Sun Life Banking & PSU Debt Fund  - DIRECT - IDCW,Aditya Birla Sun Life Mutual Fund,Open Ended Schemes,Debt Scheme - Banking and PSU Fund,2013-03-26,103.2285,2026-06-23T05:29:58.847318+00:00,https://api.mfapi.in/mf/119551
119551,SBI Bluechip,119551,Aditya Birla Sun Life Banking & PSU Debt Fund  - DIRECT - IDCW,Aditya Birla Sun Life Mutual Fund,Open Ended Schemes,Debt Scheme - Banking and PSU Fund,2013-03-25,103.2114,2026-06-23T05:29:58.847318+00:00,https://api.mfapi.in/mf/119551
119551,SBI Bluechip,119551,Aditya Birla Sun Life Banking & PSU Debt Fund  - DIRECT - IDCW,Aditya Birla Sun Life Mutual Fund,Open Ended Schemes,Debt Scheme - Banking and PSU Fund,2013-03-22,103.1891,2026-06-23T05:29:58.847318+00:00,https://api.mfapi.in/mf/119551
119551,SBI Bluechip,119551,Aditya Birla Sun Life Banking & PSU Debt Fund  - DIRECT - IDCW,Aditya Birla Sun Life Mutual Fund,Open Ended Schemes,Debt Scheme - Banking and PSU Fund,2013-03-21,103.157,2026-06-23T05:29:58.847318+00:00,https://api.mfapi.in/mf/119551
119551,SBI Bluechip,119551,Aditya Birla Sun Life Banking & PSU Debt Fund  - DIRECT - IDCW,Aditya Birla Sun Life Mutual Fund,Open Ended Schemes,Debt Scheme - Banking and PSU Fund,2013-03-20,103.1016,2026-06-23T05:29:58.847318+00:00,https://api.mfapi.in/mf/119551
119551,SBI Bluechip,119551,Aditya Birla Sun Life Banking & PSU Debt Fund  - DIRECT - IDCW,Aditya Birla Sun Life Mutual Fund,Open Ended Schemes,Debt Scheme - Banking and PSU Fund,2013-03-19,103.0632,2026-06-23T05:29:58.847318+00:00,https://api.mfapi.in/mf/119551
119551,SBI Bluechip,119551,Aditya Birla Sun Life Banking & PSU Debt Fund  - DIRECT - IDCW,Aditya Birla Sun Life Mutual Fund,Open Ended Schemes,Debt Scheme - Banking and PSU Fund,2013-03-18,103.0355,2026-06-23T05:29:58.847318+00:00,https://api.mfapi.in/mf/119551
119551,SBI Bluechip,119551,Aditya Birla Sun Life Banking & PSU Debt Fund  - DIRECT - IDCW,Aditya Birla Sun Life Mutual Fund,Open Ended Schemes,Debt Scheme - Banking and PSU Fund,2013-03-15,102.9975,2026-06-23T05:29:58.847318+00:00,https://api.mfapi.in/mf/119551
119551,SBI Bluechip,119551,Aditya Birla Sun Life Banking & PSU Debt Fund  - DIRECT - IDCW,Aditya Birla Sun Life Mutual Fund,Open Ended Schemes,Debt Scheme - Banking and PSU Fund,2013-03-14,103.34,2026-06-23T05:29:58.847318+00:00,https://api.mfapi.in/mf/119551
119551,SBI Bluechip,119551,Aditya Birla Sun Life Banking & PSU Debt Fund  - DIRECT - IDCW,Aditya Birla Sun Life Mutual Fund,Open Ended Schemes,Debt Scheme - Banking and PSU Fund,2013-03-13,103.2884,2026-06-23T05:29:58.847318+00:00,https://api.mfapi.in/mf/119551
119551,SBI Bluechip,119551,Aditya Birla Sun Life Banking & PSU Debt Fund  - DIRECT - IDCW,Aditya Birla Sun Life Mutual Fund,Open Ended Schemes,Debt Scheme - Banking and PSU Fund,2013-03-12,103.251,2026-06-23T05:29:58.847318+00:00,https://api.mfapi.in/mf/119551
119551,SBI Bluechip,119551,Aditya Birla Sun Life Banking & PSU Debt Fund  - DIRECT - IDCW,Aditya Birla Sun Life Mutual Fund,Open Ended Schemes,Debt Scheme - Banking and PSU Fund,2013-03-11,103.2199,2026-06-23T05:29:58.847318+00:00,https://api.mfapi.in/mf/119551
119551,SBI Bluechip,119551,Aditya Birla Sun Life Banking & PSU Debt Fund  - DIRECT - IDCW,Aditya Birla Sun Life Mutual Fund,Open Ended Schemes,Debt Scheme - Banking and PSU Fund,2013-03-08,103.1462,2026-06-23T05:29:58.847318+00:00,https://api.mfapi.in/mf/119551
119551,SBI Bluechip,119551,Aditya Birla Sun Life Banking & PSU Debt Fund  - DIRECT - IDCW,Aditya Birla Sun Life Mutual Fund,Open Ended Schemes,Debt Scheme - Banking and PSU Fund,2013-03-07,103.129,2026-06-23T05:29:58.847318+00:00,https://api.mfapi.in/mf/119551
119551,SBI Bluechip,119551,Aditya Birla Sun Life Banking & PSU Debt Fund  - DIRECT - IDCW,Aditya Birla Sun Life Mutual Fund,Open Ended Schemes,Debt Scheme - Banking and PSU Fund,2013-03-06,103.1012,2026-06-23T05:29:58.847318+00:00,https://api.mfapi.in/mf/119551
119551,SBI Bluechip,119551,Aditya Birla Sun Life Banking & PSU Debt Fund  - DIRECT - IDCW,Aditya Birla Sun Life Mutual Fund,Open Ended Schemes,Debt Scheme - Banking and PSU Fund,2013-03-05,103.0786,2026-06-23T05:29:58.847318+00:00,https://api.mfapi.in/mf/119551
119551,SBI Bluechip,119551,Aditya Birla Sun Life Banking & PSU Debt Fund  - DIRECT - IDCW,Aditya Birla Sun Life Mutual Fund,Open Ended Schemes,Debt Scheme - Banking and PSU Fund,2013-03-04,103.0478,2026-06-23T05:29:58.847318+00:00,https://api.mfapi.in/mf/119551
119551,SBI Bluechip,119551,Aditya Birla Sun Life Banking & PSU Debt Fund  - DIRECT - IDCW,Aditya Birla Sun Life Mutual Fund,Open Ended Schemes,Debt Scheme - Banking and PSU Fund,2013-03-01,102.9714,2026-06-23T05:29:58.847318+00:00,https://api.mfapi.in/mf/119551
119551,SBI Bluechip,119551,Aditya Birla Sun Life Banking & PSU Debt Fund  - DIRECT - IDCW,Aditya Birla Sun Life Mutual Fund,Open Ended Schemes,Debt Scheme - Banking and PSU Fund,2013-02-28,103.254,2026-06-23T05:29:58.847318+00:00,https://api.mfapi.in/mf/119551
119551,SBI Bluechip,119551,Aditya Birla Sun Life Banking & PSU Debt Fund  - DIRECT - IDCW,Aditya Birla Sun Life Mutual Fund,Open Ended Schemes,Debt Scheme - Banking and PSU Fund,2013-02-27,103.2322,2026-06-23T05:29:58.847318+00:00,https://api.mfapi.in/mf/119551
119551,SBI Bluechip,119551,Aditya Birla Sun Life Banking & PSU Debt Fund  - DIRECT - IDCW,Aditya Birla Sun Life Mutual Fund,Open Ended Schemes,Debt Scheme - Banking and PSU Fund,2013-02-26,103.2097,2026-06-23T05:29:58.847318+00:00,https://api.mfapi.in/mf/119551
119551,SBI Bluechip,119551,Aditya Birla Sun Life Banking & PSU Debt Fund  - DIRECT - IDCW,Aditya Birla Sun Life Mutual Fund,Open Ended Schemes,Debt Scheme - Banking and PSU Fund,2013-02-25,103.1919,2026-06-23T05:29:58.847318+00:00,https://api.mfapi.in/mf/119551
119551,SBI Bluechip,119551,Aditya Birla Sun Life Banking & PSU Debt Fund  - DIRECT - IDCW,Aditya Birla Sun Life Mutual Fund,Open Ended Schemes,Debt Scheme - Banking and PSU Fund,2013-02-22,103.1226,2026-06-23T05:29:58.847318+00:00,https://api.mfapi.in/mf/119551
119551,SBI Bluechip,119551,Aditya Birla Sun Life Banking & PSU Debt Fund  - DIRECT - IDCW,Aditya Birla Sun Life Mutual Fund,Open Ended Schemes,Debt Scheme - Banking and PSU Fund,2013-02-21,103.0965,2026-06-23T05:29:58.847318+00:00,https://api.mfapi.in/mf/119551
119551,SBI Bluechip,119551,Aditya Birla Sun Life Banking & PSU Debt Fund  - DIRECT - IDCW,Aditya Birla Sun Life Mutual Fund,Open Ended Schemes,Debt Scheme - Banking and PSU Fund,2013-02-20,103.0725,2026-06-23T05:29:58.847318+00:00,https://api.mfapi.in/mf/119551
119551,SBI Bluechip,119551,Aditya Birla Sun Life Banking & PSU Debt Fund  - DIRECT - IDCW,Aditya Birla Sun Life Mutual Fund,Open Ended Schemes,Debt Scheme - Banking and PSU Fund,2013-02-18,103.0229,2026-06-23T05:29:58.847318+00:00,https://api.mfapi.in/mf/119551
119551,SBI Bluechip,119551,Aditya Birla Sun Life Banking & PSU Debt Fund  - DIRECT - IDCW,Aditya Birla Sun Life Mutual Fund,Open Ended Schemes,Debt Scheme - Banking and PSU Fund,2013-02-15,102.9522,2026-06-23T05:29:58.847318+00:00,https://api.mfapi.in/mf/119551
119551,SBI Bluechip,119551,Aditya Birla Sun Life Banking & PSU Debt Fund  - DIRECT - IDCW,Aditya Birla Sun Life Mutual Fund,Open Ended Schemes,Debt Scheme - Banking and PSU Fund,2013-02-14,103.2937,2026-06-23T05:29:58.847318+00:00,https://api.mfapi.in/mf/119551
119551,SBI Bluechip,119551,Aditya Birla Sun Life Banking & PSU Debt Fund  - DIRECT - IDCW,Aditya Birla Sun Life Mutual Fund,Open Ended Schemes,Debt Scheme - Banking and PSU Fund,2013-02-13,103.2745,2026-06-23T05:29:58.847318+00:00,https://api.mfapi.in/mf/119551
119551,SBI Bluechip,119551,Aditya Birla Sun Life Banking & PSU Debt Fund  - DIRECT - IDCW,Aditya Birla Sun Life Mutual Fund,Open Ended Schemes,Debt Scheme - Banking and PSU Fund,2013-02-12,103.2523,2026-06-23T05:29:58.847318+00:00,https://api.mfapi.in/mf/119551
119551,SBI Bluechip,119551,Aditya Birla Sun Life Banking & PSU Debt Fund  - DIRECT - IDCW,Aditya Birla Sun Life Mutual Fund,Open Ended Schemes,Debt Scheme - Banking and PSU Fund,2013-02-11,103.2303,2026-06-23T05:29:58.847318+00:00,https://api.mfapi.in/mf/119551
119551,SBI Bluechip,119551,Aditya Birla Sun Life Banking & PSU Debt Fund  - DIRECT - IDCW,Aditya Birla Sun Life Mutual Fund,Open Ended Schemes,Debt Scheme - Banking and PSU Fund,2013-02-08,103.1594,2026-06-23T05:29:58.847318+00:00,https://api.mfapi.in/mf/119551
119551,SBI Bluechip,119551,Aditya Birla Sun Life Banking & PSU Debt Fund  - DIRECT - IDCW,Aditya Birla Sun Life Mutual Fund,Open Ended Schemes,Debt Scheme - Banking and PSU Fund,2013-02-07,103.1356,2026-06-23T05:29:58.847318+00:00,https://api.mfapi.in/mf/119551
119551,SBI Bluechip,119551,Aditya Birla Sun Life Banking & PSU Debt Fund  - DIRECT - IDCW,Aditya Birla Sun Life Mutual Fund,Open Ended Schemes,Debt Scheme - Banking and PSU Fund,2013-02-06,103.1119,2026-06-23T05:29:58.847318+00:00,https://api.mfapi.in/mf/119551
119551,SBI Bluechip,119551,Aditya Birla Sun Life Banking & PSU Debt Fund  - DIRECT - IDCW,Aditya Birla Sun Life Mutual Fund,Open Ended Schemes,Debt Scheme - Banking and PSU Fund,2013-02-05,103.0886,2026-06-23T05:29:58.847318+00:00,https://api.mfapi.in/mf/119551
119551,SBI Bluechip,119551,Aditya Birla Sun Life Banking & PSU Debt Fund  - DIRECT - IDCW,Aditya Birla Sun Life Mutual Fund,Open Ended Schemes,Debt Scheme - Banking and PSU Fund,2013-02-04,103.0659,2026-06-23T05:29:58.847318+00:00,https://api.mfapi.in/mf/119551
119551,SBI Bluechip,119551,Aditya Birla Sun Life Banking & PSU Debt Fund  - DIRECT - IDCW,Aditya Birla Sun Life Mutual Fund,Open Ended Schemes,Debt Scheme - Banking and PSU Fund,2013-02-01,102.9976,2026-06-23T05:29:58.847318+00:00,https://api.mfapi.in/mf/119551
119551,SBI Bluechip,119551,Aditya Birla Sun Life Banking & PSU Debt Fund  - DIRECT - IDCW,Aditya Birla Sun Life Mutual Fund,Open Ended Schemes,Debt Scheme - Banking and PSU Fund,2013-01-31,102.9778,2026-06-23T05:29:58.847318+00:00,https://api.mfapi.in/mf/119551
119551,SBI Bluechip,119551,Aditya Birla Sun Life Banking & PSU Debt Fund  - DIRECT - IDCW,Aditya Birla Sun Life Mutual Fund,Open Ended Schemes,Debt Scheme - Banking and PSU Fund,2013-01-30,102.959,2026-06-23T05:29:58.847318+00:00,https://api.mfapi.in/mf/119551
119551,SBI Bluechip,119551,Aditya Birla Sun Life Banking & PSU Debt Fund  - DIRECT - IDCW,Aditya Birla Sun Life Mutual Fund,Open Ended Schemes,Debt Scheme - Banking and PSU Fund,2013-01-29,102.9384,2026-06-23T05:29:58.847318+00:00,https://api.mfapi.in/mf/119551
119551,SBI Bluechip,119551,Aditya Birla Sun Life Banking & PSU Debt Fund  - DIRECT - IDCW,Aditya Birla Sun Life Mutual Fund,Open Ended Schemes,Debt Scheme - Banking and PSU Fund,2013-01-28,103.2351,2026-06-23T05:29:58.847318+00:00,https://api.mfapi.in/mf/119551
119551,SBI Bluechip,119551,Aditya Birla Sun Life Banking & PSU Debt Fund  - DIRECT - IDCW,Aditya Birla Sun Life Mutual Fund,Open Ended Schemes,Debt Scheme - Banking and PSU Fund,2013-01-24,103.1411,2026-06-23T05:29:58.847318+00:00,https://api.mfapi.in/mf/119551
119551,SBI Bluechip,119551,Aditya Birla Sun Life Banking & PSU Debt Fund  - DIRECT - IDCW,Aditya Birla Sun Life Mutual Fund,Open Ended Schemes,Debt Scheme - Banking and PSU Fund,2013-01-23,103.1145,2026-06-23T05:29:58.847318+00:00,https://api.mfapi.in/mf/119551
119551,SBI Bluechip,119551,Aditya Birla Sun Life Banking & PSU Debt Fund  - DIRECT - IDCW,Aditya Birla Sun Life Mutual Fund,Open Ended Schemes,Debt Scheme - Banking and PSU Fund,2013-01-22,103.0909,2026-06-23T05:29:58.847318+00:00,https://api.mfapi.in/mf/119551
119551,SBI Bluechip,119551,Aditya Birla Sun Life Banking & PSU Debt Fund  - DIRECT - IDCW,Aditya Birla Sun Life Mutual Fund,Open Ended Schemes,Debt Scheme - Banking and PSU Fund,2013-01-21,103.0662,2026-06-23T05:29:58.847318+00:00,https://api.mfapi.in/mf/119551
119551,SBI Bluechip,119551,Aditya Birla Sun Life Banking & PSU Debt Fund  - DIRECT - IDCW,Aditya Birla Sun Life Mutual Fund,Open Ended Schemes,Debt Scheme - Banking and PSU Fund,2013-01-18,102.9932,2026-06-23T05:29:58.847318+00:00,https://api.mfapi.in/mf/119551
119551,SBI Bluechip,119551,Aditya Birla Sun Life Banking & PSU Debt Fund  - DIRECT - IDCW,Aditya Birla Sun Life Mutual Fund,Open Ended Schemes,Debt Scheme - Banking and PSU Fund,2013-01-17,102.9691,2026-06-23T05:29:58.847318+00:00,https://api.mfapi.in/mf/119551
119551,SBI Bluechip,119551,Aditya Birla Sun Life Banking & PSU Debt Fund  - DIRECT - IDCW,Aditya Birla Sun Life Mutual Fund,Open Ended Schemes,Debt Scheme - Banking and PSU Fund,2013-01-16,102.9421,2026-06-23T05:29:58.847318+00:00,https://api.mfapi.in/mf/119551
119551,SBI Bluechip,119551,Aditya Birla Sun Life Banking & PSU Debt Fund  - DIRECT - IDCW,Aditya Birla Sun Life Mutual Fund,Open Ended Schemes,Debt Scheme - Banking and PSU Fund,2013-01-15,102.9223,2026-06-23T05:29:58.847318+00:00,https://api.mfapi.in/mf/119551
119551,SBI Bluechip,119551,Aditya Birla Sun Life Banking & PSU Debt Fund  - DIRECT - IDCW,Aditya Birla Sun Life Mutual Fund,Open Ended Schemes,Debt Scheme - Banking and PSU Fund,2013-01-14,103.3225,2026-06-23T05:29:58.847318+00:00,https://api.mfapi.in/mf/119551
119551,SBI Bluechip,119551,Aditya Birla Sun Life Banking & PSU Debt Fund  - DIRECT - IDCW,Aditya Birla Sun Life Mutual Fund,Open Ended Schemes,Debt Scheme - Banking and PSU Fund,2013-01-11,103.2385,2026-06-23T05:29:58.847318+00:00,https://api.mfapi.in/mf/119551
119551,SBI Bluechip,119551,Aditya Birla Sun Life Banking & PSU Debt Fund  - DIRECT - IDCW,Aditya Birla Sun Life Mutual Fund,Open Ended Schemes,Debt Scheme - Banking and PSU Fund,2013-01-10,103.2132,2026-06-23T05:29:58.847318+00:00,https://api.mfapi.in/mf/119551
119551,SBI Bluechip,119551,Aditya Birla Sun Life Banking & PSU Debt Fund  - DIRECT - IDCW,Aditya Birla Sun Life Mutual Fund,Open Ended Schemes,Debt Scheme - Banking and PSU Fund,2013-01-09,103.1897,2026-06-23T05:29:58.847318+00:00,https://api.mfapi.in/mf/119551
119551,SBI Bluechip,119551,Aditya Birla Sun Life Banking & PSU Debt Fund  - DIRECT - IDCW,Aditya Birla Sun Life Mutual Fund,Open Ended Schemes,Debt Scheme - Banking and PSU Fund,2013-01-08,103.1663,2026-06-23T05:29:58.847318+00:00,https://api.mfapi.in/mf/119551
119551,SBI Bluechip,119551,Aditya Birla Sun Life Banking & PSU Debt Fund  - DIRECT - IDCW,Aditya Birla Sun Life Mutual Fund,Open Ended Schemes,Debt Scheme - Banking and PSU Fund,2013-01-07,103.1408,2026-06-23T05:29:58.847318+00:00,https://api.mfapi.in/mf/119551
119551,SBI Bluechip,119551,Aditya Birla Sun Life Banking & PSU Debt Fund  - DIRECT - IDCW,Aditya Birla Sun Life Mutual Fund,Open Ended Schemes,Debt Scheme - Banking and PSU Fund,2013-01-04,103.0619,2026-06-23T05:29:58.847318+00:00,https://api.mfapi.in/mf/119551
119551,SBI Bluechip,119551,Aditya Birla Sun Life Banking & PSU Debt Fund  - DIRECT - IDCW,Aditya Birla Sun Life Mutual Fund,Open Ended Schemes,Debt Scheme - Banking and PSU Fund,2013-01-03,103.0306,2026-06-23T05:29:58.847318+00:00,https://api.mfapi.in/mf/119551
119551,SBI Bluechip,119551,Aditya Birla Sun Life Banking & PSU Debt Fund  - DIRECT - IDCW,Aditya Birla Sun Life Mutual Fund,Open Ended Schemes,Debt Scheme - Banking and PSU Fund,2013-01-02,103.0059,2026-06-23T05:29:58.847318+00:00,https://api.mfapi.in/mf/119551
