requested_scheme_code,requested_scheme_name,scheme_code,scheme_name,fund_house,scheme_type,scheme_category,date,nav,fetched_at_utc,source_url
125497,HDFC Top 100 Direct,125497,SBI Small Cap Fund - Direct Plan - Growth,SBI Mutual Fund,Open Ended Schemes,Equity Scheme - Small Cap Fund,2026-06-22,204.1263,2026-06-23T05:29:58.847318+00:00,https://api.mfapi.in/mf/125497
125497,HDFC Top 100 Direct,125497,SBI Small Cap Fund - Direct Plan - Growth,SBI Mutual Fund,Open Ended Schemes,Equity Scheme - Small Cap Fund,2026-06-19,202.0761,2026-06-23T05:29:58.847318+00:00,https://api.mfapi.in/mf/125497
125497,HDFC Top 100 Direct,125497,SBI Small Cap Fund - Direct Plan - Growth,SBI Mutual Fund,Open Ended Schemes,Equity Scheme - Small Cap Fund,2026-06-18,200.9565,2026-06-23T05:29:58.847318+00:00,https://api.mfapi.in/mf/125497
125497,HDFC Top 100 Direct,125497,SBI Small Cap Fund - Direct Plan - Growth,SBI Mutual Fund,Open Ended Schemes,Equity Scheme - Small Cap Fund,2026-06-17,199.8302,2026-06-23T05:29:58.847318+00:00,https://api.mfapi.in/mf/125497
125497,HDFC Top 100 Direct,125497,SBI Small Cap Fund - Direct Plan - Growth,SBI Mutual Fund,Open Ended Schemes,Equity Scheme - Small Cap Fund,2026-06-16,198.6152,2026-06-23T05:29:58.847318+00:00,https://api.mfapi.in/mf/125497
125497,HDFC Top 100 Direct,125497,SBI Small Cap Fund - Direct Plan - Growth,SBI Mutual Fund,Open Ended Schemes,Equity Scheme - Small Cap Fund,2026-06-15,198.032,2026-06-23T05:29:58.847318+00:00,https://api.mfapi.in/mf/125497
125497,HDFC Top 100 Direct,125497,SBI Small Cap Fund - Direct Plan - Growth,SBI Mutual Fund,Open Ended Schemes,Equity Scheme - Small Cap Fund,2026-06-12,196.5577,2026-06-23T05:29:58.847318+00:00,https://api.mfapi.in/mf/125497
125497,HDFC Top 100 Direct,125497,SBI Small Cap Fund - Direct Plan - Growth,SBI Mutual Fund,Open Ended Schemes,Equity Scheme - Small Cap Fund,2026-06-11,192.6722,2026-06-23T05:29:58.847318+00:00,https://api.mfapi.in/mf/125497
125497,HDFC Top 100 Direct,125497,SBI Small Cap Fund - Direct Plan - Growth,SBI Mutual Fund,Open Ended Schemes,Equity Scheme - Small Cap Fund,2026-06-10,193.4371,2026-06-23T05:29:58.847318+00:00,https://api.mfapi.in/mf/125497
125497,HDFC Top 100 Direct,125497,SBI Small Cap Fund - Direct Plan - Growth,SBI Mutual Fund,Open Ended Schemes,Equity Scheme - Small Cap Fund,2026-06-09,194.3813,2026-06-23T05:29:58.847318+00:00,https://api.mfapi.in/mf/125497
125497,HDFC Top 100 Direct,125497,SBI Small Cap Fund - Direct Plan - Growth,SBI Mutual Fund,Open Ended Schemes,Equity Scheme - Small Cap Fund,2026-06-08,191.9092,2026-06-23T05:29:58.847318+00:00,https://api.mfapi.in/mf/125497
125497,HDFC Top 100 Direct,125497,SBI Small Cap Fund - Direct Plan - Growth,SBI Mutual Fund,Open Ended Schemes,Equity Scheme - Small Cap Fund,2026-06-05,194.7547,2026-06-23T05:29:58.847318+00:00,https://api.mfapi.in/mf/125497
125497,HDFC Top 100 Direct,125497,SBI Small Cap Fund - Direct Plan - Growth,SBI Mutual Fund,Open Ended Schemes,Equity Scheme - Small Cap Fund,2026-06-04,194.522,2026-06-23T05:29:58.847318+00:00,https://api.mfapi.in/mf/125497
125497,HDFC Top 100 Direct,125497,SBI Small Cap Fund - Direct Plan - Growth,SBI Mutual Fund,Open Ended Schemes,Equity Scheme - Small Cap Fund,2026-06-03,194.081,2026-06-23T05:29:58.847318+00:00,https://api.mfapi.in/mf/125497
125497,HDFC Top 100 Direct,125497,SBI Small Cap Fund - Direct Plan - Growth,SBI Mutual Fund,Open Ended Schemes,Equity Scheme - Small Cap Fund,2026-06-02,193.1295,2026-06-23T05:29:58.847318+00:00,https://api.mfapi.in/mf/125497
125497,HDFC Top 100 Direct,125497,SBI Small Cap Fund - Direct Plan - Growth,SBI Mutual Fund,Open Ended Schemes,Equity Scheme - Small Cap Fund,2026-06-01,192.3195,2026-06-23T05:29:58.847318+00:00,https://api.mfapi.in/mf/125497
125497,HDFC Top 100 Direct,125497,SBI Small Cap Fund - Direct Plan - Growth,SBI Mutual Fund,Open Ended Schemes,Equity Scheme - Small Cap Fund,2026-05-31,193.6836,2026-06-23T05:29:58.847318+00:00,https://api.mfapi.in/mf/125497
125497,HDFC Top 100 Direct,125497,SBI Small Cap Fund - Direct Plan - Growth,SBI Mutual Fund,Open Ended Schemes,Equity Scheme - Small Cap Fund,2026-05-29,193.6848,2026-06-23T05:29:58.847318+00:00,https://api.mfapi.in/mf/125497
125497,HDFC Top 100 Direct,125497,SBI Small Cap Fund - Direct Plan - Growth,SBI Mutual Fund,Open Ended Schemes,Equity Scheme - Small Cap Fund,2026-05-27,195.0501,2026-06-23T05:29:58.847318+00:00,https://api.mfapi.in/mf/125497
125497,HDFC Top 100 Direct,125497,SBI Small Cap Fund - Direct Plan - Growth,SBI Mutual Fund,Open Ended Schemes,Equity Scheme - Small Cap Fund,2026-05-26,194.2258,2026-06-23T05:29:58.847318+00:00,https://api.mfapi.in/mf/125497
125497,HDFC Top 100 Direct,125497,SBI Small Cap Fund - Direct Plan - Growth,SBI Mutual Fund,Open Ended Schemes,Equity Scheme - Small Cap Fund,2026-05-25,193.5599,2026-06-23T05:29:58.847318+00:00,https://api.mfapi.in/mf/125497
125497,HDFC Top 100 Direct,125497,SBI Small Cap Fund - Direct Plan - Growth,SBI Mutual Fund,Open Ended Schemes,Equity Scheme - Small Cap Fund,2026-05-22,192.1227,2026-06-23T05:29:58.847318+00:00,https://api.mfapi.in/mf/125497
125497,HDFC Top 100 Direct,125497,SBI Small Cap Fund - Direct Plan - Growth,SBI Mutual Fund,Open Ended Schemes,Equity Scheme - Small Cap Fund,2026-05-21,191.7575,2026-06-23T05:29:58.847318+00:00,https://api.mfapi.in/mf/125497
125497,HDFC Top 100 Direct,125497,SBI Small Cap Fund - Direct Plan - Growth,SBI Mutual Fund,Open Ended Schemes,Equity Scheme - Small Cap Fund,2026-05-20,189.8661,2026-06-23T05:29:58.847318+00:00,https://api.mfapi.in/mf/125497
125497,HDFC Top 100 Direct,125497,SBI Small Cap Fund - Direct Plan - Growth,SBI Mutual Fund,Open Ended Schemes,Equity Scheme - Small Cap Fund,2026-05-19,189.5553,2026-06-23T05:29:58.847318+00:00,https://api.mfapi.in/mf/125497
125497,HDFC Top 100 Direct,125497,SBI Small Cap Fund - Direct Plan - Growth,SBI Mutual Fund,Open Ended Schemes,Equity Scheme - Small Cap Fund,2026-05-18,187.9126,2026-06-23T05:29:58.847318+00:00,https://api.mfapi.in/mf/125497
125497,HDFC Top 100 Direct,125497,SBI Small Cap Fund - Direct Plan - Growth,SBI Mutual Fund,Open Ended Schemes,Equity Scheme - Small Cap Fund,2026-05-15,190.2405,2026-06-23T05:29:58.847318+00:00,https://api.mfapi.in/mf/125497
125497,HDFC Top 100 Direct,125497,SBI Small Cap Fund - Direct Plan - Growth,SBI Mutual Fund,Open Ended Schemes,Equity Scheme - Small Cap Fund,2026-05-14,189.9345,2026-06-23T05:29:58.847318+00:00,https://api.mfapi.in/mf/125497
125497,HDFC Top 100 Direct,125497,SBI Small Cap Fund - Direct Plan - Growth,SBI Mutual Fund,Open Ended Schemes,Equity Scheme - Small Cap Fund,2026-05-13,190.464,2026-06-23T05:29:58.847318+00:00,https://api.mfapi.in/mf/125497
125497,HDFC Top 100 Direct,125497,SBI Small Cap Fund - Direct Plan - Growth,SBI Mutual Fund,Open Ended Schemes,Equity Scheme - Small Cap Fund,2026-05-12,190.6152,2026-06-23T05:29:58.847318+00:00,https://api.mfapi.in/mf/125497
125497,HDFC Top 100 Direct,125497,SBI Small Cap Fund - Direct Plan - Growth,SBI Mutual Fund,Open Ended Schemes,Equity Scheme - Small Cap Fund,2026-05-11,195.586,2026-06-23T05:29:58.847318+00:00,https://api.mfapi.in/mf/125497
125497,HDFC Top 100 Direct,125497,SBI Small Cap Fund - Direct Plan - Growth,SBI Mutual Fund,Open Ended Schemes,Equity Scheme - Small Cap Fund,2026-05-08,196.8821,2026-06-23T05:29:58.847318+00:00,https://api.mfapi.in/mf/125497
125497,HDFC Top 100 Direct,125497,SBI Small Cap Fund - Direct Plan - Growth,SBI Mutual Fund,Open Ended Schemes,Equity Scheme - Small Cap Fund,2026-05-07,197.4753,2026-06-23T05:29:58.847318+00:00,https://api.mfapi.in/mf/125497
125497,HDFC Top 100 Direct,125497,SBI Small Cap Fund - Direct Plan - Growth,SBI Mutual Fund,Open Ended Schemes,Equity Scheme - Small Cap Fund,2026-05-06,196.0036,2026-06-23T05:29:58.847318+00:00,https://api.mfapi.in/mf/125497
125497,HDFC Top 100 Direct,125497,SBI Small Cap Fund - Direct Plan - Growth,SBI Mutual Fund,Open Ended Schemes,Equity Scheme - Small Cap Fund,2026-05-05,194.5618,2026-06-23T05:29:58.847318+00:00,https://api.mfapi.in/mf/125497
125497,HDFC Top 100 Direct,125497,SBI Small Cap Fund - Direct Plan - Growth,SBI Mutual Fund,Open Ended Schemes,Equity Scheme - Small Cap Fund,2026-05-04,195.4469,2026-06-23T05:29:58.847318+00:00,https://api.mfapi.in/mf/125497
125497,HDFC Top 100 Direct,125497,SBI Small Cap Fund - Direct Plan - Growth,SBI Mutual Fund,Open Ended Schemes,Equity Scheme - Small Cap Fund,2026-04-30,193.4131,2026-06-23T05:29:58.847318+00:00,https://api.mfapi.in/mf/125497
125497,HDFC Top 100 Direct,125497,SBI Small Cap Fund - Direct Plan - Growth,SBI Mutual Fund,Open Ended Schemes,Equity Scheme - Small Cap Fund,2026-04-29,194.1523,2026-06-23T05:29:58.847318+00:00,https://api.mfapi.in/mf/125497
125497,HDFC Top 100 Direct,125497,SBI Small Cap Fund - Direct Plan - Growth,SBI Mutual Fund,Open Ended Schemes,Equity Scheme - Small Cap Fund,2026-04-28,193.4843,2026-06-23T05:29:58.847318+00:00,https://api.mfapi.in/mf/125497
125497,HDFC Top 100 Direct,125497,SBI Small Cap Fund - Direct Plan - Growth,SBI Mutual Fund,Open Ended Schemes,Equity Scheme - Small Cap Fund,2026-04-27,193.8317,2026-06-23T05:29:58.847318+00:00,https://api.mfapi.in/mf/125497
125497,HDFC Top 100 Direct,125497,SBI Small Cap Fund - Direct Plan - Growth,SBI Mutual Fund,Open Ended Schemes,Equity Scheme - Small Cap Fund,2026-04-24,191.0425,2026-06-23T05:29:58.847318+00:00,https://api.mfapi.in/mf/125497
125497,HDFC Top 100 Direct,125497,SBI Small Cap Fund - Direct Plan - Growth,SBI Mutual Fund,Open Ended Schemes,Equity Scheme - Small Cap Fund,2026-04-23,193.0317,2026-06-23T05:29:58.847318+00:00,https://api.mfapi.in/mf/125497
125497,HDFC Top 100 Direct,125497,SBI Small Cap Fund - Direct Plan - Growth,SBI Mutual Fund,Open Ended Schemes,Equity Scheme - Small Cap Fund,2026-04-22,194.1928,2026-06-23T05:29:58.847318+00:00,https://api.mfapi.in/mf/125497
125497,HDFC Top 100 Direct,125497,SBI Small Cap Fund - Direct Plan - Growth,SBI Mutual Fund,Open Ended Schemes,Equity Scheme - Small Cap Fund,2026-04-21,192.6397,2026-06-23T05:29:58.847318+00:00,https://api.mfapi.in/mf/125497
125497,HDFC Top 100 Direct,125497,SBI Small Cap Fund - Direct Plan - Growth,SBI Mutual Fund,Open Ended Schemes,Equity Scheme - Small Cap Fund,2026-04-20,191.0583,2026-06-23T05:29:58.847318+00:00,https://api.mfapi.in/mf/125497
125497,HDFC Top 100 Direct,125497,SBI Small Cap Fund - Direct Plan - Growth,SBI Mutual Fund,Open Ended Schemes,Equity Scheme - Small Cap Fund,2026-04-17,190.5242,2026-06-23T05:29:58.847318+00:00,https://api.mfapi.in/mf/125497
125497,HDFC Top 100 Direct,125497,SBI Small Cap Fund - Direct Plan - Growth,SBI Mutual Fund,Open Ended Schemes,Equity Scheme - Small Cap Fund,2026-04-16,188.3316,2026-06-23T05:29:58.847318+00:00,https://api.mfapi.in/mf/125497
125497,HDFC Top 100 Direct,125497,SBI Small Cap Fund - Direct Plan - Growth,SBI Mutual Fund,Open Ended Schemes,Equity Scheme - Small Cap Fund,2026-04-15,187.2786,2026-06-23T05:29:58.847318+00:00,https://api.mfapi.in/mf/125497
125497,HDFC Top 100 Direct,125497,SBI Small Cap Fund - Direct Plan - Growth,SBI Mutual Fund,Open Ended Schemes,Equity Scheme - Small Cap Fund,2026-04-13,184.3491,2026-06-23T05:29:58.847318+00:00,https://api.mfapi.in/mf/125497
125497,HDFC Top 100 Direct,125497,SBI Small Cap Fund - Direct Plan - Growth,SBI Mutual Fund,Open Ended Schemes,Equity Scheme - Small Cap Fund,2026-04-10,184.6967,2026-06-23T05:29:58.847318+00:00,https://api.mfapi.in/mf/125497
125497,HDFC Top 100 Direct,125497,SBI Small Cap Fund - Direct Plan - Growth,SBI Mutual Fund,Open Ended Schemes,Equity Scheme - Small Cap Fund,2026-04-09,181.2455,2026-06-23T05:29:58.847318+00:00,https://api.mfapi.in/mf/125497
125497,HDFC Top 100 Direct,125497,SBI Small Cap Fund - Direct Plan - Growth,SBI Mutual Fund,Open Ended Schemes,Equity Scheme - Small Cap Fund,2026-04-08,180.5783,2026-06-23T05:29:58.847318+00:00,https://api.mfapi.in/mf/125497
125497,HDFC Top 100 Direct,125497,SBI Small Cap Fund - Direct Plan - Growth,SBI Mutual Fund,Open Ended Schemes,Equity Scheme - Small Cap Fund,2026-04-07,174.8342,2026-06-23T05:29:58.847318+00:00,https://api.mfapi.in/mf/125497
125497,HDFC Top 100 Direct,125497,SBI Small Cap Fund - Direct Plan - Growth,SBI Mutual Fund,Open Ended Schemes,Equity Scheme - Small Cap Fund,2026-04-06,174.9151,2026-06-23T05:29:58.847318+00:00,https://api.mfapi.in/mf/125497
125497,HDFC Top 100 Direct,125497,SBI Small Cap Fund - Direct Plan - Growth,SBI Mutual Fund,Open Ended Schemes,Equity Scheme - Small Cap Fund,2026-04-02,173.8471,2026-06-23T05:29:58.847318+00:00,https://api.mfapi.in/mf/125497
125497,HDFC Top 100 Direct,125497,SBI Small Cap Fund - Direct Plan - Growth,SBI Mutual Fund,Open Ended Schemes,Equity Scheme - Small Cap Fund,2026-04-01,173.782,2026-06-23T05:29:58.847318+00:00,https://api.mfapi.in/mf/125497
125497,HDFC Top 100 Direct,125497,SBI Small Cap Fund - Direct Plan - Growth,SBI Mutual Fund,Open Ended Schemes,Equity Scheme - Small Cap Fund,2026-03-31,169.3706,2026-06-23T05:29:58.847318+00:00,https://api.mfapi.in/mf/125497
125497,HDFC Top 100 Direct,125497,SBI Small Cap Fund - Direct Plan - Growth,SBI Mutual Fund,Open Ended Schemes,Equity Scheme - Small Cap Fund,2026-03-30,169.3708,2026-06-23T05:29:58.847318+00:00,https://api.mfapi.in/mf/125497
125497,HDFC Top 100 Direct,125497,SBI Small Cap Fund - Direct Plan - Growth,SBI Mutual Fund,Open Ended Schemes,Equity Scheme - Small Cap Fund,2026-03-27,172.4739,2026-06-23T05:29:58.847318+00:00,https://api.mfapi.in/mf/125497
125497,HDFC Top 100 Direct,125497,SBI Small Cap Fund - Direct Plan - Growth,SBI Mutual Fund,Open Ended Schemes,Equity Scheme - Small Cap Fund,2026-03-25,175.4211,2026-06-23T05:29:58.847318+00:00,https://api.mfapi.in/mf/125497
125497,HDFC Top 100 Direct,125497,SBI Small Cap Fund - Direct Plan - Growth,SBI Mutual Fund,Open Ended Schemes,Equity Scheme - Small Cap Fund,2026-03-24,172.0049,2026-06-23T05:29:58.847318+00:00,https://api.mfapi.in/mf/125497
125497,HDFC Top 100 Direct,125497,SBI Small Cap Fund - Direct Plan - Growth,SBI Mutual Fund,Open Ended Schemes,Equity Scheme - Small Cap Fund,2026-03-23,169.1091,2026-06-23T05:29:58.847318+00:00,https://api.mfapi.in/mf/125497
125497,HDFC Top 100 Direct,125497,SBI Small Cap Fund - Direct Plan - Growth,SBI Mutual Fund,Open Ended Schemes,Equity Scheme - Small Cap Fund,2026-03-20,174.6205,2026-06-23T05:29:58.847318+00:00,https://api.mfapi.in/mf/125497
125497,HDFC Top 100 Direct,125497,SBI Small Cap Fund - Direct Plan - Growth,SBI Mutual Fund,Open Ended Schemes,Equity Scheme - Small Cap Fund,2026-03-19,173.9004,2026-06-23T05:29:58.847318+00:00,https://api.mfapi.in/mf/125497
125497,HDFC Top 100 Direct,125497,SBI Small Cap Fund - Direct Plan - Growth,SBI Mutual Fund,Open Ended Schemes,Equity Scheme - Small Cap Fund,2026-03-18,177.4908,2026-06-23T05:29:58.847318+00:00,https://api.mfapi.in/mf/125497
125497,HDFC Top 100 Direct,125497,SBI Small Cap Fund - Direct Plan - Growth,SBI Mutual Fund,Open Ended Schemes,Equity Scheme - Small Cap Fund,2026-03-17,174.0628,2026-06-23T05:29:58.847318+00:00,https://api.mfapi.in/mf/125497
125497,HDFC Top 100 Direct,125497,SBI Small Cap Fund - Direct Plan - Growth,SBI Mutual Fund,Open Ended Schemes,Equity Scheme - Small Cap Fund,2026-03-16,173.8198,2026-06-23T05:29:58.847318+00:00,https://api.mfapi.in/mf/125497
125497,HDFC Top 100 Direct,125497,SBI Small Cap Fund - Direct Plan - Growth,SBI Mutual Fund,Open Ended Schemes,Equity Scheme - Small Cap Fund,2026-03-13,173.9754,2026-06-23T05:29:58.847318+00:00,https://api.mfapi.in/mf/125497
125497,HDFC Top 100 Direct,125497,SBI Small Cap Fund - Direct Plan - Growth,SBI Mutual Fund,Open Ended Schemes,Equity Scheme - Small Cap Fund,2026-03-12,177.9888,2026-06-23T05:29:58.847318+00:00,https://api.mfapi.in/mf/125497
125497,HDFC Top 100 Direct,125497,SBI Small Cap Fund - Direct Plan - Growth,SBI Mutual Fund,Open Ended Schemes,Equity Scheme - Small Cap Fund,2026-03-11,178.3891,2026-06-23T05:29:58.847318+00:00,https://api.mfapi.in/mf/125497
125497,HDFC Top 100 Direct,125497,SBI Small Cap Fund - Direct Plan - Growth,SBI Mutual Fund,Open Ended Schemes,Equity Scheme - Small Cap Fund,2026-03-10,178.8419,2026-06-23T05:29:58.847318+00:00,https://api.mfapi.in/mf/125497
125497,HDFC Top 100 Direct,125497,SBI Small Cap Fund - Direct Plan - Growth,SBI Mutual Fund,Open Ended Schemes,Equity Scheme - Small Cap Fund,2026-03-09,175.7742,2026-06-23T05:29:58.847318+00:00,https://api.mfapi.in/mf/125497
125497,HDFC Top 100 Direct,125497,SBI Small Cap Fund - Direct Plan - Growth,SBI Mutual Fund,Open Ended Schemes,Equity Scheme - Small Cap Fund,2026-03-06,178.9784,2026-06-23T05:29:58.847318+00:00,https://api.mfapi.in/mf/125497
125497,HDFC Top 100 Direct,125497,SBI Small Cap Fund - Direct Plan - Growth,SBI Mutual Fund,Open Ended Schemes,Equity Scheme - Small Cap Fund,2026-03-05,179.3239,2026-06-23T05:29:58.847318+00:00,https://api.mfapi.in/mf/125497
125497,HDFC Top 100 Direct,125497,SBI Small Cap Fund - Direct Plan - Growth,SBI Mutual Fund,Open Ended Schemes,Equity Scheme - Small Cap Fund,2026-03-04,177.9961,2026-06-23T05:29:58.847318+00:00,https://api.mfapi.in/mf/125497
125497,HDFC Top 100 Direct,125497,SBI Small Cap Fund - Direct Plan - Growth,SBI Mutual Fund,Open Ended Schemes,Equity Scheme - Small Cap Fund,2026-03-02,181.3175,2026-06-23T05:29:58.847318+00:00,https://api.mfapi.in/mf/125497
125497,HDFC Top 100 Direct,125497,SBI Small Cap Fund - Direct Plan - Growth,SBI Mutual Fund,Open Ended Schemes,Equity Scheme - Small Cap Fund,2026-02-28,184.7579,2026-06-23T05:29:58.847318+00:00,https://api.mfapi.in/mf/125497
125497,HDFC Top 100 Direct,125497,SBI Small Cap Fund - Direct Plan - Growth,SBI Mutual Fund,Open Ended Schemes,Equity Scheme - Small Cap Fund,2026-02-27,184.7581,2026-06-23T05:29:58.847318+00:00,https://api.mfapi.in/mf/125497
125497,HDFC Top 100 Direct,125497,SBI Small Cap Fund - Direct Plan - Growth,SBI Mutual Fund,Open Ended Schemes,Equity Scheme - Small Cap Fund,2026-02-26,186.095,2026-06-23T05:29:58.847318+00:00,https://api.mfapi.in/mf/125497
125497,HDFC Top 100 Direct,125497,SBI Small Cap Fund - Direct Plan - Growth,SBI Mutual Fund,Open Ended Schemes,Equity Scheme - Small Cap Fund,2026-02-25,186.0488,2026-06-23T05:29:58.847318+00:00,https://api.mfapi.in/mf/125497
125497,HDFC Top 100 Direct,125497,SBI Small Cap Fund - Direct Plan - Growth,SBI Mutual Fund,Open Ended Schemes,Equity Scheme - Small Cap Fund,2026-02-24,186.208,2026-06-23T05:29:58.847318+00:00,https://api.mfapi.in/mf/125497
125497,HDFC Top 100 Direct,125497,SBI Small Cap Fund - Direct Plan - Growth,SBI Mutual Fund,Open Ended Schemes,Equity Scheme - Small Cap Fund,2026-02-23,187.5721,2026-06-23T05:29:58.847318+00:00,https://api.mfapi.in/mf/125497
125497,HDFC Top 100 Direct,125497,SBI Small Cap Fund - Direct Plan - Growth,SBI Mutual Fund,Open Ended Schemes,Equity Scheme - Small Cap Fund,2026-02-20,186.2228,2026-06-23T05:29:58.847318+00:00,https://api.mfapi.in/mf/125497
125497,HDFC Top 100 Direct,125497,SBI Small Cap Fund - Direct Plan - Growth,SBI Mutual Fund,Open Ended Schemes,Equity Scheme - Small Cap Fund,2026-02-19,186.6666,2026-06-23T05:29:58.847318+00:00,https://api.mfapi.in/mf/125497
125497,HDFC Top 100 Direct,125497,SBI Small Cap Fund - Direct Plan - Growth,SBI Mutual Fund,Open Ended Schemes,Equity Scheme - Small Cap Fund,2026-02-18,188.2128,2026-06-23T05:29:58.847318+00:00,https://api.mfapi.in/mf/125497
125497,HDFC Top 100 Direct,125497,SBI Small Cap Fund - Direct Plan - Growth,SBI Mutual Fund,Open Ended Schemes,Equity Scheme - Small Cap Fund,2026-02-17,187.6437,2026-06-23T05:29:58.847318+00:00,https://api.mfapi.in/mf/125497
125497,HDFC Top 100 Direct,125497,SBI Small Cap Fund - Direct Plan - Growth,SBI Mutual Fund,Open Ended Schemes,Equity Scheme - Small Cap Fund,2026-02-16,185.8471,2026-06-23T05:29:58.847318+00:00,https://api.mfapi.in/mf/125497
125497,HDFC Top 100 Direct,125497,SBI Small Cap Fund - Direct Plan - Growth,SBI Mutual Fund,Open Ended Schemes,Equity Scheme - Small Cap Fund,2026-02-13,187.236,2026-06-23T05:29:58.847318+00:00,https://api.mfapi.in/mf/125497
125497,HDFC Top 100 Direct,125497,SBI Small Cap Fund - Direct Plan - Growth,SBI Mutual Fund,Open Ended Schemes,Equity Scheme - Small Cap Fund,2026-02-12,189.6029,2026-06-23T05:29:58.847318+00:00,https://api.mfapi.in/mf/125497
125497,HDFC Top 100 Direct,125497,SBI Small Cap Fund - Direct Plan - Growth,SBI Mutual Fund,Open Ended Schemes,Equity Scheme - Small Cap Fund,2026-02-11,189.7464,2026-06-23T05:29:58.847318+00:00,https://api.mfapi.in/mf/125497
125497,HDFC Top 100 Direct,125497,SBI Small Cap Fund - Direct Plan - Growth,SBI Mutual Fund,Open Ended Schemes,Equity Scheme - Small Cap Fund,2026-02-10,189.019,2026-06-23T05:29:58.847318+00:00,https://api.mfapi.in/mf/125497
125497,HDFC Top 100 Direct,125497,SBI Small Cap Fund - Direct Plan - Growth,SBI Mutual Fund,Open Ended Schemes,Equity Scheme - Small Cap Fund,2026-02-09,188.469,2026-06-23T05:29:58.847318+00:00,https://api.mfapi.in/mf/125497
125497,HDFC Top 100 Direct,125497,SBI Small Cap Fund - Direct Plan - Growth,SBI Mutual Fund,Open Ended Schemes,Equity Scheme - Small Cap Fund,2026-02-06,184.627,2026-06-23T05:29:58.847318+00:00,https://api.mfapi.in/mf/125497
125497,HDFC Top 100 Direct,125497,SBI Small Cap Fund - Direct Plan - Growth,SBI Mutual Fund,Open Ended Schemes,Equity Scheme - Small Cap Fund,2026-02-05,185.6949,2026-06-23T05:29:58.847318+00:00,https://api.mfapi.in/mf/125497
125497,HDFC Top 100 Direct,125497,SBI Small Cap Fund - Direct Plan - Growth,SBI Mutual Fund,Open Ended Schemes,Equity Scheme - Small Cap Fund,2026-02-04,186.7774,2026-06-23T05:29:58.847318+00:00,https://api.mfapi.in/mf/125497
125497,HDFC Top 100 Direct,125497,SBI Small Cap Fund - Direct Plan - Growth,SBI Mutual Fund,Open Ended Schemes,Equity Scheme - Small Cap Fund,2026-02-03,186.7009,2026-06-23T05:29:58.847318+00:00,https://api.mfapi.in/mf/125497
125497,HDFC Top 100 Direct,125497,SBI Small Cap Fund - Direct Plan - Growth,SBI Mutual Fund,Open Ended Schemes,Equity Scheme - Small Cap Fund,2026-02-02,180.5424,2026-06-23T05:29:58.847318+00:00,https://api.mfapi.in/mf/125497
125497,HDFC Top 100 Direct,125497,SBI Small Cap Fund - Direct Plan - Growth,SBI Mutual Fund,Open Ended Schemes,Equity Scheme - Small Cap Fund,2026-01-31,183.301,2026-06-23T05:29:58.847318+00:00,https://api.mfapi.in/mf/125497
125497,HDFC Top 100 Direct,125497,SBI Small Cap Fund - Direct Plan - Growth,SBI Mutual Fund,Open Ended Schemes,Equity Scheme - Small Cap Fund,2026-01-30,183.3021,2026-06-23T05:29:58.847318+00:00,https://api.mfapi.in/mf/125497
125497,HDFC Top 100 Direct,125497,SBI Small Cap Fund - Direct Plan - Growth,SBI Mutual Fund,Open Ended Schemes,Equity Scheme - Small Cap Fund,2026-01-29,179.9408,2026-06-23T05:29:58.847318+00:00,https://api.mfapi.in/mf/125497
125497,HDFC Top 100 Direct,125497,SBI Small Cap Fund - Direct Plan - Growth,SBI Mutual Fund,Open Ended Schemes,Equity Scheme - Small Cap Fund,2026-01-28,181.0873,2026-06-23T05:29:58.847318+00:00,https://api.mfapi.in/mf/125497
125497,HDFC Top 100 Direct,125497,SBI Small Cap Fund - Direct Plan - Growth,SBI Mutual Fund,Open Ended Schemes,Equity Scheme - Small Cap Fund,2026-01-27,179.5515,2026-06-23T05:29:58.847318+00:00,https://api.mfapi.in/mf/125497
125497,HDFC Top 100 Direct,125497,SBI Small Cap Fund - Direct Plan - Growth,SBI Mutual Fund,Open Ended Schemes,Equity Scheme - Small Cap Fund,2026-01-23,179.8035,2026-06-23T05:29:58.847318+00:00,https://api.mfapi.in/mf/125497
125497,HDFC Top 100 Direct,125497,SBI Small Cap Fund - Direct Plan - Growth,SBI Mutual Fund,Open Ended Schemes,Equity Scheme - Small Cap Fund,2026-01-22,182.7544,2026-06-23T05:29:58.847318+00:00,https://api.mfapi.in/mf/125497
125497,HDFC Top 100 Direct,125497,SBI Small Cap Fund - Direct Plan - Growth,SBI Mutual Fund,Open Ended Schemes,Equity Scheme - Small Cap Fund,2026-01-21,181.5325,2026-06-23T05:29:58.847318+00:00,https://api.mfapi.in/mf/125497
125497,HDFC Top 100 Direct,125497,SBI Small Cap Fund - Direct Plan - Growth,SBI Mutual Fund,Open Ended Schemes,Equity Scheme - Small Cap Fund,2026-01-20,181.835,2026-06-23T05:29:58.847318+00:00,https://api.mfapi.in/mf/125497
125497,HDFC Top 100 Direct,125497,SBI Small Cap Fund - Direct Plan - Growth,SBI Mutual Fund,Open Ended Schemes,Equity Scheme - Small Cap Fund,2026-01-19,185.4042,2026-06-23T05:29:58.847318+00:00,https://api.mfapi.in/mf/125497
125497,HDFC Top 100 Direct,125497,SBI Small Cap Fund - Direct Plan - Growth,SBI Mutual Fund,Open Ended Schemes,Equity Scheme - Small Cap Fund,2026-01-16,186.9719,2026-06-23T05:29:58.847318+00:00,https://api.mfapi.in/mf/125497
125497,HDFC Top 100 Direct,125497,SBI Small Cap Fund - Direct Plan - Growth,SBI Mutual Fund,Open Ended Schemes,Equity Scheme - Small Cap Fund,2026-01-14,187.3375,2026-06-23T05:29:58.847318+00:00,https://api.mfapi.in/mf/125497
125497,HDFC Top 100 Direct,125497,SBI Small Cap Fund - Direct Plan - Growth,SBI Mutual Fund,Open Ended Schemes,Equity Scheme - Small Cap Fund,2026-01-13,187.6594,2026-06-23T05:29:58.847318+00:00,https://api.mfapi.in/mf/125497
125497,HDFC Top 100 Direct,125497,SBI Small Cap Fund - Direct Plan - Growth,SBI Mutual Fund,Open Ended Schemes,Equity Scheme - Small Cap Fund,2026-01-12,186.1837,2026-06-23T05:29:58.847318+00:00,https://api.mfapi.in/mf/125497
125497,HDFC Top 100 Direct,125497,SBI Small Cap Fund - Direct Plan - Growth,SBI Mutual Fund,Open Ended Schemes,Equity Scheme - Small Cap Fund,2026-01-09,187.0971,2026-06-23T05:29:58.847318+00:00,https://api.mfapi.in/mf/125497
125497,HDFC Top 100 Direct,125497,SBI Small Cap Fund - Direct Plan - Growth,SBI Mutual Fund,Open Ended Schemes,Equity Scheme - Small Cap Fund,2026-01-08,190.16,2026-06-23T05:29:58.847318+00:00,https://api.mfapi.in/mf/125497
125497,HDFC Top 100 Direct,125497,SBI Small Cap Fund - Direct Plan - Growth,SBI Mutual Fund,Open Ended Schemes,Equity Scheme - Small Cap Fund,2026-01-07,193.3173,2026-06-23T05:29:58.847318+00:00,https://api.mfapi.in/mf/125497
125497,HDFC Top 100 Direct,125497,SBI Small Cap Fund - Direct Plan - Growth,SBI Mutual Fund,Open Ended Schemes,Equity Scheme - Small Cap Fund,2026-01-06,193.7027,2026-06-23T05:29:58.847318+00:00,https://api.mfapi.in/mf/125497
125497,HDFC Top 100 Direct,125497,SBI Small Cap Fund - Direct Plan - Growth,SBI Mutual Fund,Open Ended Schemes,Equity Scheme - Small Cap Fund,2026-01-05,194.3786,2026-06-23T05:29:58.847318+00:00,https://api.mfapi.in/mf/125497
125497,HDFC Top 100 Direct,125497,SBI Small Cap Fund - Direct Plan - Growth,SBI Mutual Fund,Open Ended Schemes,Equity Scheme - Small Cap Fund,2026-01-02,194.574,2026-06-23T05:29:58.847318+00:00,https://api.mfapi.in/mf/125497
125497,HDFC Top 100 Direct,125497,SBI Small Cap Fund - Direct Plan - Growth,SBI Mutual Fund,Open Ended Schemes,Equity Scheme - Small Cap Fund,2026-01-01,193.6417,2026-06-23T05:29:58.847318+00:00,https://api.mfapi.in/mf/125497
125497,HDFC Top 100 Direct,125497,SBI Small Cap Fund - Direct Plan - Growth,SBI Mutual Fund,Open Ended Schemes,Equity Scheme - Small Cap Fund,2025-12-31,193.7724,2026-06-23T05:29:58.847318+00:00,https://api.mfapi.in/mf/125497
125497,HDFC Top 100 Direct,125497,SBI Small Cap Fund - Direct Plan - Growth,SBI Mutual Fund,Open Ended Schemes,Equity Scheme - Small Cap Fund,2025-12-30,191.9501,2026-06-23T05:29:58.847318+00:00,https://api.mfapi.in/mf/125497
125497,HDFC Top 100 Direct,125497,SBI Small Cap Fund - Direct Plan - Growth,SBI Mutual Fund,Open Ended Schemes,Equity Scheme - Small Cap Fund,2025-12-29,192.541,2026-06-23T05:29:58.847318+00:00,https://api.mfapi.in/mf/125497
125497,HDFC Top 100 Direct,125497,SBI Small Cap Fund - Direct Plan - Growth,SBI Mutual Fund,Open Ended Schemes,Equity Scheme - Small Cap Fund,2025-12-26,192.5913,2026-06-23T05:29:58.847318+00:00,https://api.mfapi.in/mf/125497
125497,HDFC Top 100 Direct,125497,SBI Small Cap Fund - Direct Plan - Growth,SBI Mutual Fund,Open Ended Schemes,Equity Scheme - Small Cap Fund,2025-12-24,193.2848,2026-06-23T05:29:58.847318+00:00,https://api.mfapi.in/mf/125497
125497,HDFC Top 100 Direct,125497,SBI Small Cap Fund - Direct Plan - Growth,SBI Mutual Fund,Open Ended Schemes,Equity Scheme - Small Cap Fund,2025-12-23,193.2652,2026-06-23T05:29:58.847318+00:00,https://api.mfapi.in/mf/125497
125497,HDFC Top 100 Direct,125497,SBI Small Cap Fund - Direct Plan - Growth,SBI Mutual Fund,Open Ended Schemes,Equity Scheme - Small Cap Fund,2025-12-22,192.2573,2026-06-23T05:29:58.847318+00:00,https://api.mfapi.in/mf/125497
125497,HDFC Top 100 Direct,125497,SBI Small Cap Fund - Direct Plan - Growth,SBI Mutual Fund,Open Ended Schemes,Equity Scheme - Small Cap Fund,2025-12-19,191.1157,2026-06-23T05:29:58.847318+00:00,https://api.mfapi.in/mf/125497
125497,HDFC Top 100 Direct,125497,SBI Small Cap Fund - Direct Plan - Growth,SBI Mutual Fund,Open Ended Schemes,Equity Scheme - Small Cap Fund,2025-12-18,189.542,2026-06-23T05:29:58.847318+00:00,https://api.mfapi.in/mf/125497
125497,HDFC Top 100 Direct,125497,SBI Small Cap Fund - Direct Plan - Growth,SBI Mutual Fund,Open Ended Schemes,Equity Scheme - Small Cap Fund,2025-12-17,190.0621,2026-06-23T05:29:58.847318+00:00,https://api.mfapi.in/mf/125497
125497,HDFC Top 100 Direct,125497,SBI Small Cap Fund - Direct Plan - Growth,SBI Mutual Fund,Open Ended Schemes,Equity Scheme - Small Cap Fund,2025-12-16,191.3143,2026-06-23T05:29:58.847318+00:00,https://api.mfapi.in/mf/125497
125497,HDFC Top 100 Direct,125497,SBI Small Cap Fund - Direct Plan - Growth,SBI Mutual Fund,Open Ended Schemes,Equity Scheme - Small Cap Fund,2025-12-15,193.1325,2026-06-23T05:29:58.847318+00:00,https://api.mfapi.in/mf/125497
125497,HDFC Top 100 Direct,125497,SBI Small Cap Fund - Direct Plan - Growth,SBI Mutual Fund,Open Ended Schemes,Equity Scheme - Small Cap Fund,2025-12-12,192.3377,2026-06-23T05:29:58.847318+00:00,https://api.mfapi.in/mf/125497
125497,HDFC Top 100 Direct,125497,SBI Small Cap Fund - Direct Plan - Growth,SBI Mutual Fund,Open Ended Schemes,Equity Scheme - Small Cap Fund,2025-12-11,191.4952,2026-06-23T05:29:58.847318+00:00,https://api.mfapi.in/mf/125497
125497,HDFC Top 100 Direct,125497,SBI Small Cap Fund - Direct Plan - Growth,SBI Mutual Fund,Open Ended Schemes,Equity Scheme - Small Cap Fund,2025-12-10,191.2557,2026-06-23T05:29:58.847318+00:00,https://api.mfapi.in/mf/125497
125497,HDFC Top 100 Direct,125497,SBI Small Cap Fund - Direct Plan - Growth,SBI Mutual Fund,Open Ended Schemes,Equity Scheme - Small Cap Fund,2025-12-09,191.3573,2026-06-23T05:29:58.847318+00:00,https://api.mfapi.in/mf/125497
125497,HDFC Top 100 Direct,125497,SBI Small Cap Fund - Direct Plan - Growth,SBI Mutual Fund,Open Ended Schemes,Equity Scheme - Small Cap Fund,2025-12-08,190.1591,2026-06-23T05:29:58.847318+00:00,https://api.mfapi.in/mf/125497
125497,HDFC Top 100 Direct,125497,SBI Small Cap Fund - Direct Plan - Growth,SBI Mutual Fund,Open Ended Schemes,Equity Scheme - Small Cap Fund,2025-12-05,193.1451,2026-06-23T05:29:58.847318+00:00,https://api.mfapi.in/mf/125497
125497,HDFC Top 100 Direct,125497,SBI Small Cap Fund - Direct Plan - Growth,SBI Mutual Fund,Open Ended Schemes,Equity Scheme - Small Cap Fund,2025-12-04,193.4599,2026-06-23T05:29:58.847318+00:00,https://api.mfapi.in/mf/125497
125497,HDFC Top 100 Direct,125497,SBI Small Cap Fund - Direct Plan - Growth,SBI Mutual Fund,Open Ended Schemes,Equity Scheme - Small Cap Fund,2025-12-03,194.3355,2026-06-23T05:29:58.847318+00:00,https://api.mfapi.in/mf/125497
125497,HDFC Top 100 Direct,125497,SBI Small Cap Fund - Direct Plan - Growth,SBI Mutual Fund,Open Ended Schemes,Equity Scheme - Small Cap Fund,2025-12-02,194.4312,2026-06-23T05:29:58.847318+00:00,https://api.mfapi.in/mf/125497
125497,HDFC Top 100 Direct,125497,SBI Small Cap Fund - Direct Plan - Growth,SBI Mutual Fund,Open Ended Schemes,Equity Scheme - Small Cap Fund,2025-12-01,195.3626,2026-06-23T05:29:58.847318+00:00,https://api.mfapi.in/mf/125497
125497,HDFC Top 100 Direct,125497,SBI Small Cap Fund - Direct Plan - Growth,SBI Mutual Fund,Open Ended Schemes,Equity Scheme - Small Cap Fund,2025-11-30,194.979,2026-06-23T05:29:58.847318+00:00,https://api.mfapi.in/mf/125497
125497,HDFC Top 100 Direct,125497,SBI Small Cap Fund - Direct Plan - Growth,SBI Mutual Fund,Open Ended Schemes,Equity Scheme - Small Cap Fund,2025-11-28,194.9784,2026-06-23T05:29:58.847318+00:00,https://api.mfapi.in/mf/125497
125497,HDFC Top 100 Direct,125497,SBI Small Cap Fund - Direct Plan - Growth,SBI Mutual Fund,Open Ended Schemes,Equity Scheme - Small Cap Fund,2025-11-27,195.149,2026-06-23T05:29:58.847318+00:00,https://api.mfapi.in/mf/125497
125497,HDFC Top 100 Direct,125497,SBI Small Cap Fund - Direct Plan - Growth,SBI Mutual Fund,Open Ended Schemes,Equity Scheme - Small Cap Fund,2025-11-26,195.8555,2026-06-23T05:29:58.847318+00:00,https://api.mfapi.in/mf/125497
125497,HDFC Top 100 Direct,125497,SBI Small Cap Fund - Direct Plan - Growth,SBI Mutual Fund,Open Ended Schemes,Equity Scheme - Small Cap Fund,2025-11-25,194.2042,2026-06-23T05:29:58.847318+00:00,https://api.mfapi.in/mf/125497
125497,HDFC Top 100 Direct,125497,SBI Small Cap Fund - Direct Plan - Growth,SBI Mutual Fund,Open Ended Schemes,Equity Scheme - Small Cap Fund,2025-11-24,193.9092,2026-06-23T05:29:58.847318+00:00,https://api.mfapi.in/mf/125497
125497,HDFC Top 100 Direct,125497,SBI Small Cap Fund - Direct Plan - Growth,SBI Mutual Fund,Open Ended Schemes,Equity Scheme - Small Cap Fund,2025-11-21,194.2517,2026-06-23T05:29:58.847318+00:00,https://api.mfapi.in/mf/125497
125497,HDFC Top 100 Direct,125497,SBI Small Cap Fund - Direct Plan - Growth,SBI Mutual Fund,Open Ended Schemes,Equity Scheme - Small Cap Fund,2025-11-20,196.0732,2026-06-23T05:29:58.847318+00:00,https://api.mfapi.in/mf/125497
125497,HDFC Top 100 Direct,125497,SBI Small Cap Fund - Direct Plan - Growth,SBI Mutual Fund,Open Ended Schemes,Equity Scheme - Small Cap Fund,2025-11-19,196.528,2026-06-23T05:29:58.847318+00:00,https://api.mfapi.in/mf/125497
125497,HDFC Top 100 Direct,125497,SBI Small Cap Fund - Direct Plan - Growth,SBI Mutual Fund,Open Ended Schemes,Equity Scheme - Small Cap Fund,2025-11-18,196.9478,2026-06-23T05:29:58.847318+00:00,https://api.mfapi.in/mf/125497
125497,HDFC Top 100 Direct,125497,SBI Small Cap Fund - Direct Plan - Growth,SBI Mutual Fund,Open Ended Schemes,Equity Scheme - Small Cap Fund,2025-11-17,197.9212,2026-06-23T05:29:58.847318+00:00,https://api.mfapi.in/mf/125497
125497,HDFC Top 100 Direct,125497,SBI Small Cap Fund - Direct Plan - Growth,SBI Mutual Fund,Open Ended Schemes,Equity Scheme - Small Cap Fund,2025-11-14,197.0676,2026-06-23T05:29:58.847318+00:00,https://api.mfapi.in/mf/125497
125497,HDFC Top 100 Direct,125497,SBI Small Cap Fund - Direct Plan - Growth,SBI Mutual Fund,Open Ended Schemes,Equity Scheme - Small Cap Fund,2025-11-13,196.5465,2026-06-23T05:29:58.847318+00:00,https://api.mfapi.in/mf/125497
125497,HDFC Top 100 Direct,125497,SBI Small Cap Fund - Direct Plan - Growth,SBI Mutual Fund,Open Ended Schemes,Equity Scheme - Small Cap Fund,2025-11-12,196.884,2026-06-23T05:29:58.847318+00:00,https://api.mfapi.in/mf/125497
125497,HDFC Top 100 Direct,125497,SBI Small Cap Fund - Direct Plan - Growth,SBI Mutual Fund,Open Ended Schemes,Equity Scheme - Small Cap Fund,2025-11-11,196.4486,2026-06-23T05:29:58.847318+00:00,https://api.mfapi.in/mf/125497
125497,HDFC Top 100 Direct,125497,SBI Small Cap Fund - Direct Plan - Growth,SBI Mutual Fund,Open Ended Schemes,Equity Scheme - Small Cap Fund,2025-11-10,196.2451,2026-06-23T05:29:58.847318+00:00,https://api.mfapi.in/mf/125497
125497,HDFC Top 100 Direct,125497,SBI Small Cap Fund - Direct Plan - Growth,SBI Mutual Fund,Open Ended Schemes,Equity Scheme - Small Cap Fund,2025-11-07,197.315,2026-06-23T05:29:58.847318+00:00,https://api.mfapi.in/mf/125497
125497,HDFC Top 100 Direct,125497,SBI Small Cap Fund - Direct Plan - Growth,SBI Mutual Fund,Open Ended Schemes,Equity Scheme - Small Cap Fund,2025-11-06,197.8032,2026-06-23T05:29:58.847318+00:00,https://api.mfapi.in/mf/125497
125497,HDFC Top 100 Direct,125497,SBI Small Cap Fund - Direct Plan - Growth,SBI Mutual Fund,Open Ended Schemes,Equity Scheme - Small Cap Fund,2025-11-04,200.4678,2026-06-23T05:29:58.847318+00:00,https://api.mfapi.in/mf/125497
125497,HDFC Top 100 Direct,125497,SBI Small Cap Fund - Direct Plan - Growth,SBI Mutual Fund,Open Ended Schemes,Equity Scheme - Small Cap Fund,2025-11-03,200.9709,2026-06-23T05:29:58.847318+00:00,https://api.mfapi.in/mf/125497
125497,HDFC Top 100 Direct,125497,SBI Small Cap Fund - Direct Plan - Growth,SBI Mutual Fund,Open Ended Schemes,Equity Scheme - Small Cap Fund,2025-10-31,199.8234,2026-06-23T05:29:58.847318+00:00,https://api.mfapi.in/mf/125497
125497,HDFC Top 100 Direct,125497,SBI Small Cap Fund - Direct Plan - Growth,SBI Mutual Fund,Open Ended Schemes,Equity Scheme - Small Cap Fund,2025-10-30,200.5185,2026-06-23T05:29:58.847318+00:00,https://api.mfapi.in/mf/125497
125497,HDFC Top 100 Direct,125497,SBI Small Cap Fund - Direct Plan - Growth,SBI Mutual Fund,Open Ended Schemes,Equity Scheme - Small Cap Fund,2025-10-29,201.0375,2026-06-23T05:29:58.847318+00:00,https://api.mfapi.in/mf/125497
125497,HDFC Top 100 Direct,125497,SBI Small Cap Fund - Direct Plan - Growth,SBI Mutual Fund,Open Ended Schemes,Equity Scheme - Small Cap Fund,2025-10-28,200.6348,2026-06-23T05:29:58.847318+00:00,https://api.mfapi.in/mf/125497
125497,HDFC Top 100 Direct,125497,SBI Small Cap Fund - Direct Plan - Growth,SBI Mutual Fund,Open Ended Schemes,Equity Scheme - Small Cap Fund,2025-10-27,199.7965,2026-06-23T05:29:58.847318+00:00,https://api.mfapi.in/mf/125497
125497,HDFC Top 100 Direct,125497,SBI Small Cap Fund - Direct Plan - Growth,SBI Mutual Fund,Open Ended Schemes,Equity Scheme - Small Cap Fund,2025-10-24,198.4115,2026-06-23T05:29:58.847318+00:00,https://api.mfapi.in/mf/125497
125497,HDFC Top 100 Direct,125497,SBI Small Cap Fund - Direct Plan - Growth,SBI Mutual Fund,Open Ended Schemes,Equity Scheme - Small Cap Fund,2025-10-23,198.7521,2026-06-23T05:29:58.847318+00:00,https://api.mfapi.in/mf/125497
125497,HDFC Top 100 Direct,125497,SBI Small Cap Fund - Direct Plan - Growth,SBI Mutual Fund,Open Ended Schemes,Equity Scheme - Small Cap Fund,2025-10-20,197.5258,2026-06-23T05:29:58.847318+00:00,https://api.mfapi.in/mf/125497
125497,HDFC Top 100 Direct,125497,SBI Small Cap Fund - Direct Plan - Growth,SBI Mutual Fund,Open Ended Schemes,Equity Scheme - Small Cap Fund,2025-10-17,197.1075,2026-06-23T05:29:58.847318+00:00,https://api.mfapi.in/mf/125497
125497,HDFC Top 100 Direct,125497,SBI Small Cap Fund - Direct Plan - Growth,SBI Mutual Fund,Open Ended Schemes,Equity Scheme - Small Cap Fund,2025-10-16,196.9521,2026-06-23T05:29:58.847318+00:00,https://api.mfapi.in/mf/125497
125497,HDFC Top 100 Direct,125497,SBI Small Cap Fund - Direct Plan - Growth,SBI Mutual Fund,Open Ended Schemes,Equity Scheme - Small Cap Fund,2025-10-15,194.7,2026-06-23T05:29:58.847318+00:00,https://api.mfapi.in/mf/125497
125497,HDFC Top 100 Direct,125497,SBI Small Cap Fund - Direct Plan - Growth,SBI Mutual Fund,Open Ended Schemes,Equity Scheme - Small Cap Fund,2025-10-14,193.3975,2026-06-23T05:29:58.847318+00:00,https://api.mfapi.in/mf/125497
125497,HDFC Top 100 Direct,125497,SBI Small Cap Fund - Direct Plan - Growth,SBI Mutual Fund,Open Ended Schemes,Equity Scheme - Small Cap Fund,2025-10-13,194.5364,2026-06-23T05:29:58.847318+00:00,https://api.mfapi.in/mf/125497
125497,HDFC Top 100 Direct,125497,SBI Small Cap Fund - Direct Plan - Growth,SBI Mutual Fund,Open Ended Schemes,Equity Scheme - Small Cap Fund,2025-10-10,195.1185,2026-06-23T05:29:58.847318+00:00,https://api.mfapi.in/mf/125497
125497,HDFC Top 100 Direct,125497,SBI Small Cap Fund - Direct Plan - Growth,SBI Mutual Fund,Open Ended Schemes,Equity Scheme - Small Cap Fund,2025-10-09,195.0376,2026-06-23T05:29:58.847318+00:00,https://api.mfapi.in/mf/125497
125497,HDFC Top 100 Direct,125497,SBI Small Cap Fund - Direct Plan - Growth,SBI Mutual Fund,Open Ended Schemes,Equity Scheme - Small Cap Fund,2025-10-08,195.8587,2026-06-23T05:29:58.847318+00:00,https://api.mfapi.in/mf/125497
125497,HDFC Top 100 Direct,125497,SBI Small Cap Fund - Direct Plan - Growth,SBI Mutual Fund,Open Ended Schemes,Equity Scheme - Small Cap Fund,2025-10-07,196.4294,2026-06-23T05:29:58.847318+00:00,https://api.mfapi.in/mf/125497
125497,HDFC Top 100 Direct,125497,SBI Small Cap Fund - Direct Plan - Growth,SBI Mutual Fund,Open Ended Schemes,Equity Scheme - Small Cap Fund,2025-10-06,196.5483,2026-06-23T05:29:58.847318+00:00,https://api.mfapi.in/mf/125497
125497,HDFC Top 100 Direct,125497,SBI Small Cap Fund - Direct Plan - Growth,SBI Mutual Fund,Open Ended Schemes,Equity Scheme - Small Cap Fund,2025-10-03,196.2965,2026-06-23T05:29:58.847318+00:00,https://api.mfapi.in/mf/125497
125497,HDFC Top 100 Direct,125497,SBI Small Cap Fund - Direct Plan - Growth,SBI Mutual Fund,Open Ended Schemes,Equity Scheme - Small Cap Fund,2025-10-01,195.0856,2026-06-23T05:29:58.847318+00:00,https://api.mfapi.in/mf/125497
125497,HDFC Top 100 Direct,125497,SBI Small Cap Fund - Direct Plan - Growth,SBI Mutual Fund,Open Ended Schemes,Equity Scheme - Small Cap Fund,2025-09-30,193.8822,2026-06-23T05:29:58.847318+00:00,https://api.mfapi.in/mf/125497
125497,HDFC Top 100 Direct,125497,SBI Small Cap Fund - Direct Plan - Growth,SBI Mutual Fund,Open Ended Schemes,Equity Scheme - Small Cap Fund,2025-09-26,194.0973,2026-06-23T05:29:58.847318+00:00,https://api.mfapi.in/mf/125497
125497,HDFC Top 100 Direct,125497,SBI Small Cap Fund - Direct Plan - Growth,SBI Mutual Fund,Open Ended Schemes,Equity Scheme - Small Cap Fund,2025-09-25,197.3447,2026-06-23T05:29:58.847318+00:00,https://api.mfapi.in/mf/125497
125497,HDFC Top 100 Direct,125497,SBI Small Cap Fund - Direct Plan - Growth,SBI Mutual Fund,Open Ended Schemes,Equity Scheme - Small Cap Fund,2025-09-24,198.8861,2026-06-23T05:29:58.847318+00:00,https://api.mfapi.in/mf/125497
125497,HDFC Top 100 Direct,125497,SBI Small Cap Fund - Direct Plan - Growth,SBI Mutual Fund,Open Ended Schemes,Equity Scheme - Small Cap Fund,2025-09-23,199.4573,2026-06-23T05:29:58.847318+00:00,https://api.mfapi.in/mf/125497
125497,HDFC Top 100 Direct,125497,SBI Small Cap Fund - Direct Plan - Growth,SBI Mutual Fund,Open Ended Schemes,Equity Scheme - Small Cap Fund,2025-09-22,200.2539,2026-06-23T05:29:58.847318+00:00,https://api.mfapi.in/mf/125497
125497,HDFC Top 100 Direct,125497,SBI Small Cap Fund - Direct Plan - Growth,SBI Mutual Fund,Open Ended Schemes,Equity Scheme - Small Cap Fund,2025-09-19,201.306,2026-06-23T05:29:58.847318+00:00,https://api.mfapi.in/mf/125497
125497,HDFC Top 100 Direct,125497,SBI Small Cap Fund - Direct Plan - Growth,SBI Mutual Fund,Open Ended Schemes,Equity Scheme - Small Cap Fund,2025-09-18,201.5447,2026-06-23T05:29:58.847318+00:00,https://api.mfapi.in/mf/125497
125497,HDFC Top 100 Direct,125497,SBI Small Cap Fund - Direct Plan - Growth,SBI Mutual Fund,Open Ended Schemes,Equity Scheme - Small Cap Fund,2025-09-17,201.82,2026-06-23T05:29:58.847318+00:00,https://api.mfapi.in/mf/125497
125497,HDFC Top 100 Direct,125497,SBI Small Cap Fund - Direct Plan - Growth,SBI Mutual Fund,Open Ended Schemes,Equity Scheme - Small Cap Fund,2025-09-16,201.1795,2026-06-23T05:29:58.847318+00:00,https://api.mfapi.in/mf/125497
125497,HDFC Top 100 Direct,125497,SBI Small Cap Fund - Direct Plan - Growth,SBI Mutual Fund,Open Ended Schemes,Equity Scheme - Small Cap Fund,2025-09-15,200.0967,2026-06-23T05:29:58.847318+00:00,https://api.mfapi.in/mf/125497
125497,HDFC Top 100 Direct,125497,SBI Small Cap Fund - Direct Plan - Growth,SBI Mutual Fund,Open Ended Schemes,Equity Scheme - Small Cap Fund,2025-09-12,199.0716,2026-06-23T05:29:58.847318+00:00,https://api.mfapi.in/mf/125497
125497,HDFC Top 100 Direct,125497,SBI Small Cap Fund - Direct Plan - Growth,SBI Mutual Fund,Open Ended Schemes,Equity Scheme - Small Cap Fund,2025-09-11,198.9835,2026-06-23T05:29:58.847318+00:00,https://api.mfapi.in/mf/125497
125497,HDFC Top 100 Direct,125497,SBI Small Cap Fund - Direct Plan - Growth,SBI Mutual Fund,Open Ended Schemes,Equity Scheme - Small Cap Fund,2025-09-10,198.7075,2026-06-23T05:29:58.847318+00:00,https://api.mfapi.in/mf/125497
125497,HDFC Top 100 Direct,125497,SBI Small Cap Fund - Direct Plan - Growth,SBI Mutual Fund,Open Ended Schemes,Equity Scheme - Small Cap Fund,2025-09-09,198.2444,2026-06-23T05:29:58.847318+00:00,https://api.mfapi.in/mf/125497
125497,HDFC Top 100 Direct,125497,SBI Small Cap Fund - Direct Plan - Growth,SBI Mutual Fund,Open Ended Schemes,Equity Scheme - Small Cap Fund,2025-09-08,197.448,2026-06-23T05:29:58.847318+00:00,https://api.mfapi.in/mf/125497
125497,HDFC Top 100 Direct,125497,SBI Small Cap Fund - Direct Plan - Growth,SBI Mutual Fund,Open Ended Schemes,Equity Scheme - Small Cap Fund,2025-09-05,197.5939,2026-06-23T05:29:58.847318+00:00,https://api.mfapi.in/mf/125497
125497,HDFC Top 100 Direct,125497,SBI Small Cap Fund - Direct Plan - Growth,SBI Mutual Fund,Open Ended Schemes,Equity Scheme - Small Cap Fund,2025-09-04,197.6887,2026-06-23T05:29:58.847318+00:00,https://api.mfapi.in/mf/125497
125497,HDFC Top 100 Direct,125497,SBI Small Cap Fund - Direct Plan - Growth,SBI Mutual Fund,Open Ended Schemes,Equity Scheme - Small Cap Fund,2025-09-03,197.6325,2026-06-23T05:29:58.847318+00:00,https://api.mfapi.in/mf/125497
125497,HDFC Top 100 Direct,125497,SBI Small Cap Fund - Direct Plan - Growth,SBI Mutual Fund,Open Ended Schemes,Equity Scheme - Small Cap Fund,2025-09-02,196.2367,2026-06-23T05:29:58.847318+00:00,https://api.mfapi.in/mf/125497
125497,HDFC Top 100 Direct,125497,SBI Small Cap Fund - Direct Plan - Growth,SBI Mutual Fund,Open Ended Schemes,Equity Scheme - Small Cap Fund,2025-09-01,195.7343,2026-06-23T05:29:58.847318+00:00,https://api.mfapi.in/mf/125497
125497,HDFC Top 100 Direct,125497,SBI Small Cap Fund - Direct Plan - Growth,SBI Mutual Fund,Open Ended Schemes,Equity Scheme - Small Cap Fund,2025-08-31,193.7537,2026-06-23T05:29:58.847318+00:00,https://api.mfapi.in/mf/125497
125497,HDFC Top 100 Direct,125497,SBI Small Cap Fund - Direct Plan - Growth,SBI Mutual Fund,Open Ended Schemes,Equity Scheme - Small Cap Fund,2025-08-29,193.7532,2026-06-23T05:29:58.847318+00:00,https://api.mfapi.in/mf/125497
125497,HDFC Top 100 Direct,125497,SBI Small Cap Fund - Direct Plan - Growth,SBI Mutual Fund,Open Ended Schemes,Equity Scheme - Small Cap Fund,2025-08-28,194.4893,2026-06-23T05:29:58.847318+00:00,https://api.mfapi.in/mf/125497
125497,HDFC Top 100 Direct,125497,SBI Small Cap Fund - Direct Plan - Growth,SBI Mutual Fund,Open Ended Schemes,Equity Scheme - Small Cap Fund,2025-08-26,195.5946,2026-06-23T05:29:58.847318+00:00,https://api.mfapi.in/mf/125497
125497,HDFC Top 100 Direct,125497,SBI Small Cap Fund - Direct Plan - Growth,SBI Mutual Fund,Open Ended Schemes,Equity Scheme - Small Cap Fund,2025-08-25,198.7805,2026-06-23T05:29:58.847318+00:00,https://api.mfapi.in/mf/125497
125497,HDFC Top 100 Direct,125497,SBI Small Cap Fund - Direct Plan - Growth,SBI Mutual Fund,Open Ended Schemes,Equity Scheme - Small Cap Fund,2025-08-22,199.1156,2026-06-23T05:29:58.847318+00:00,https://api.mfapi.in/mf/125497
125497,HDFC Top 100 Direct,125497,SBI Small Cap Fund - Direct Plan - Growth,SBI Mutual Fund,Open Ended Schemes,Equity Scheme - Small Cap Fund,2025-08-21,200.0554,2026-06-23T05:29:58.847318+00:00,https://api.mfapi.in/mf/125497
125497,HDFC Top 100 Direct,125497,SBI Small Cap Fund - Direct Plan - Growth,SBI Mutual Fund,Open Ended Schemes,Equity Scheme - Small Cap Fund,2025-08-20,198.8477,2026-06-23T05:29:58.847318+00:00,https://api.mfapi.in/mf/125497
125497,HDFC Top 100 Direct,125497,SBI Small Cap Fund - Direct Plan - Growth,SBI Mutual Fund,Open Ended Schemes,Equity Scheme - Small Cap Fund,2025-08-19,198.0389,2026-06-23T05:29:58.847318+00:00,https://api.mfapi.in/mf/125497
125497,HDFC Top 100 Direct,125497,SBI Small Cap Fund - Direct Plan - Growth,SBI Mutual Fund,Open Ended Schemes,Equity Scheme - Small Cap Fund,2025-08-18,196.9203,2026-06-23T05:29:58.847318+00:00,https://api.mfapi.in/mf/125497
125497,HDFC Top 100 Direct,125497,SBI Small Cap Fund - Direct Plan - Growth,SBI Mutual Fund,Open Ended Schemes,Equity Scheme - Small Cap Fund,2025-08-14,193.4131,2026-06-23T05:29:58.847318+00:00,https://api.mfapi.in/mf/125497
125497,HDFC Top 100 Direct,125497,SBI Small Cap Fund - Direct Plan - Growth,SBI Mutual Fund,Open Ended Schemes,Equity Scheme - Small Cap Fund,2025-08-13,192.9222,2026-06-23T05:29:58.847318+00:00,https://api.mfapi.in/mf/125497
125497,HDFC Top 100 Direct,125497,SBI Small Cap Fund - Direct Plan - Growth,SBI Mutual Fund,Open Ended Schemes,Equity Scheme - Small Cap Fund,2025-08-12,192.705,2026-06-23T05:29:58.847318+00:00,https://api.mfapi.in/mf/125497
125497,HDFC Top 100 Direct,125497,SBI Small Cap Fund - Direct Plan - Growth,SBI Mutual Fund,Open Ended Schemes,Equity Scheme - Small Cap Fund,2025-08-11,193.1584,2026-06-23T05:29:58.847318+00:00,https://api.mfapi.in/mf/125497
125497,HDFC Top 100 Direct,125497,SBI Small Cap Fund - Direct Plan - Growth,SBI Mutual Fund,Open Ended Schemes,Equity Scheme - Small Cap Fund,2025-08-08,191.9575,2026-06-23T05:29:58.847318+00:00,https://api.mfapi.in/mf/125497
125497,HDFC Top 100 Direct,125497,SBI Small Cap Fund - Direct Plan - Growth,SBI Mutual Fund,Open Ended Schemes,Equity Scheme - Small Cap Fund,2025-08-07,193.0064,2026-06-23T05:29:58.847318+00:00,https://api.mfapi.in/mf/125497
125497,HDFC Top 100 Direct,125497,SBI Small Cap Fund - Direct Plan - Growth,SBI Mutual Fund,Open Ended Schemes,Equity Scheme - Small Cap Fund,2025-08-06,193.5756,2026-06-23T05:29:58.847318+00:00,https://api.mfapi.in/mf/125497
125497,HDFC Top 100 Direct,125497,SBI Small Cap Fund - Direct Plan - Growth,SBI Mutual Fund,Open Ended Schemes,Equity Scheme - Small Cap Fund,2025-08-05,194.9731,2026-06-23T05:29:58.847318+00:00,https://api.mfapi.in/mf/125497
125497,HDFC Top 100 Direct,125497,SBI Small Cap Fund - Direct Plan - Growth,SBI Mutual Fund,Open Ended Schemes,Equity Scheme - Small Cap Fund,2025-08-04,195.6536,2026-06-23T05:29:58.847318+00:00,https://api.mfapi.in/mf/125497
125497,HDFC Top 100 Direct,125497,SBI Small Cap Fund - Direct Plan - Growth,SBI Mutual Fund,Open Ended Schemes,Equity Scheme - Small Cap Fund,2025-08-01,194.9548,2026-06-23T05:29:58.847318+00:00,https://api.mfapi.in/mf/125497
125497,HDFC Top 100 Direct,125497,SBI Small Cap Fund - Direct Plan - Growth,SBI Mutual Fund,Open Ended Schemes,Equity Scheme - Small Cap Fund,2025-07-31,197.489,2026-06-23T05:29:58.847318+00:00,https://api.mfapi.in/mf/125497
125497,HDFC Top 100 Direct,125497,SBI Small Cap Fund - Direct Plan - Growth,SBI Mutual Fund,Open Ended Schemes,Equity Scheme - Small Cap Fund,2025-07-30,198.4508,2026-06-23T05:29:58.847318+00:00,https://api.mfapi.in/mf/125497
125497,HDFC Top 100 Direct,125497,SBI Small Cap Fund - Direct Plan - Growth,SBI Mutual Fund,Open Ended Schemes,Equity Scheme - Small Cap Fund,2025-07-29,197.8146,2026-06-23T05:29:58.847318+00:00,https://api.mfapi.in/mf/125497
125497,HDFC Top 100 Direct,125497,SBI Small Cap Fund - Direct Plan - Growth,SBI Mutual Fund,Open Ended Schemes,Equity Scheme - Small Cap Fund,2025-07-28,197.4629,2026-06-23T05:29:58.847318+00:00,https://api.mfapi.in/mf/125497
125497,HDFC Top 100 Direct,125497,SBI Small Cap Fund - Direct Plan - Growth,SBI Mutual Fund,Open Ended Schemes,Equity Scheme - Small Cap Fund,2025-07-25,199.4349,2026-06-23T05:29:58.847318+00:00,https://api.mfapi.in/mf/125497
125497,HDFC Top 100 Direct,125497,SBI Small Cap Fund - Direct Plan - Growth,SBI Mutual Fund,Open Ended Schemes,Equity Scheme - Small Cap Fund,2025-07-24,202.721,2026-06-23T05:29:58.847318+00:00,https://api.mfapi.in/mf/125497
125497,HDFC Top 100 Direct,125497,SBI Small Cap Fund - Direct Plan - Growth,SBI Mutual Fund,Open Ended Schemes,Equity Scheme - Small Cap Fund,2025-07-23,203.9043,2026-06-23T05:29:58.847318+00:00,https://api.mfapi.in/mf/125497
125497,HDFC Top 100 Direct,125497,SBI Small Cap Fund - Direct Plan - Growth,SBI Mutual Fund,Open Ended Schemes,Equity Scheme - Small Cap Fund,2025-07-22,203.3714,2026-06-23T05:29:58.847318+00:00,https://api.mfapi.in/mf/125497
125497,HDFC Top 100 Direct,125497,SBI Small Cap Fund - Direct Plan - Growth,SBI Mutual Fund,Open Ended Schemes,Equity Scheme - Small Cap Fund,2025-07-21,203.8028,2026-06-23T05:29:58.847318+00:00,https://api.mfapi.in/mf/125497
125497,HDFC Top 100 Direct,125497,SBI Small Cap Fund - Direct Plan - Growth,SBI Mutual Fund,Open Ended Schemes,Equity Scheme - Small Cap Fund,2025-07-18,204.0356,2026-06-23T05:29:58.847318+00:00,https://api.mfapi.in/mf/125497
125497,HDFC Top 100 Direct,125497,SBI Small Cap Fund - Direct Plan - Growth,SBI Mutual Fund,Open Ended Schemes,Equity Scheme - Small Cap Fund,2025-07-17,204.9043,2026-06-23T05:29:58.847318+00:00,https://api.mfapi.in/mf/125497
125497,HDFC Top 100 Direct,125497,SBI Small Cap Fund - Direct Plan - Growth,SBI Mutual Fund,Open Ended Schemes,Equity Scheme - Small Cap Fund,2025-07-16,203.6835,2026-06-23T05:29:58.847318+00:00,https://api.mfapi.in/mf/125497
125497,HDFC Top 100 Direct,125497,SBI Small Cap Fund - Direct Plan - Growth,SBI Mutual Fund,Open Ended Schemes,Equity Scheme - Small Cap Fund,2025-07-15,203.9268,2026-06-23T05:29:58.847318+00:00,https://api.mfapi.in/mf/125497
125497,HDFC Top 100 Direct,125497,SBI Small Cap Fund - Direct Plan - Growth,SBI Mutual Fund,Open Ended Schemes,Equity Scheme - Small Cap Fund,2025-07-14,202.0189,2026-06-23T05:29:58.847318+00:00,https://api.mfapi.in/mf/125497
125497,HDFC Top 100 Direct,125497,SBI Small Cap Fund - Direct Plan - Growth,SBI Mutual Fund,Open Ended Schemes,Equity Scheme - Small Cap Fund,2025-07-11,201.2606,2026-06-23T05:29:58.847318+00:00,https://api.mfapi.in/mf/125497
125497,HDFC Top 100 Direct,125497,SBI Small Cap Fund - Direct Plan - Growth,SBI Mutual Fund,Open Ended Schemes,Equity Scheme - Small Cap Fund,2025-07-10,201.5985,2026-06-23T05:29:58.847318+00:00,https://api.mfapi.in/mf/125497
125497,HDFC Top 100 Direct,125497,SBI Small Cap Fund - Direct Plan - Growth,SBI Mutual Fund,Open Ended Schemes,Equity Scheme - Small Cap Fund,2025-07-09,201.3287,2026-06-23T05:29:58.847318+00:00,https://api.mfapi.in/mf/125497
125497,HDFC Top 100 Direct,125497,SBI Small Cap Fund - Direct Plan - Growth,SBI Mutual Fund,Open Ended Schemes,Equity Scheme - Small Cap Fund,2025-07-08,200.4396,2026-06-23T05:29:58.847318+00:00,https://api.mfapi.in/mf/125497
125497,HDFC Top 100 Direct,125497,SBI Small Cap Fund - Direct Plan - Growth,SBI Mutual Fund,Open Ended Schemes,Equity Scheme - Small Cap Fund,2025-07-07,200.3235,2026-06-23T05:29:58.847318+00:00,https://api.mfapi.in/mf/125497
125497,HDFC Top 100 Direct,125497,SBI Small Cap Fund - Direct Plan - Growth,SBI Mutual Fund,Open Ended Schemes,Equity Scheme - Small Cap Fund,2025-07-04,200.6762,2026-06-23T05:29:58.847318+00:00,https://api.mfapi.in/mf/125497
125497,HDFC Top 100 Direct,125497,SBI Small Cap Fund - Direct Plan - Growth,SBI Mutual Fund,Open Ended Schemes,Equity Scheme - Small Cap Fund,2025-07-03,200.0186,2026-06-23T05:29:58.847318+00:00,https://api.mfapi.in/mf/125497
125497,HDFC Top 100 Direct,125497,SBI Small Cap Fund - Direct Plan - Growth,SBI Mutual Fund,Open Ended Schemes,Equity Scheme - Small Cap Fund,2025-07-02,199.3409,2026-06-23T05:29:58.847318+00:00,https://api.mfapi.in/mf/125497
125497,HDFC Top 100 Direct,125497,SBI Small Cap Fund - Direct Plan - Growth,SBI Mutual Fund,Open Ended Schemes,Equity Scheme - Small Cap Fund,2025-07-01,200.2672,2026-06-23T05:29:58.847318+00:00,https://api.mfapi.in/mf/125497
125497,HDFC Top 100 Direct,125497,SBI Small Cap Fund - Direct Plan - Growth,SBI Mutual Fund,Open Ended Schemes,Equity Scheme - Small Cap Fund,2025-06-30,200.3178,2026-06-23T05:29:58.847318+00:00,https://api.mfapi.in/mf/125497
125497,HDFC Top 100 Direct,125497,SBI Small Cap Fund - Direct Plan - Growth,SBI Mutual Fund,Open Ended Schemes,Equity Scheme - Small Cap Fund,2025-06-27,198.0688,2026-06-23T05:29:58.847318+00:00,https://api.mfapi.in/mf/125497
125497,HDFC Top 100 Direct,125497,SBI Small Cap Fund - Direct Plan - Growth,SBI Mutual Fund,Open Ended Schemes,Equity Scheme - Small Cap Fund,2025-06-26,197.2286,2026-06-23T05:29:58.847318+00:00,https://api.mfapi.in/mf/125497
125497,HDFC Top 100 Direct,125497,SBI Small Cap Fund - Direct Plan - Growth,SBI Mutual Fund,Open Ended Schemes,Equity Scheme - Small Cap Fund,2025-06-25,197.4405,2026-06-23T05:29:58.847318+00:00,https://api.mfapi.in/mf/125497
125497,HDFC Top 100 Direct,125497,SBI Small Cap Fund - Direct Plan - Growth,SBI Mutual Fund,Open Ended Schemes,Equity Scheme - Small Cap Fund,2025-06-24,194.4838,2026-06-23T05:29:58.847318+00:00,https://api.mfapi.in/mf/125497
125497,HDFC Top 100 Direct,125497,SBI Small Cap Fund - Direct Plan - Growth,SBI Mutual Fund,Open Ended Schemes,Equity Scheme - Small Cap Fund,2025-06-23,192.973,2026-06-23T05:29:58.847318+00:00,https://api.mfapi.in/mf/125497
125497,HDFC Top 100 Direct,125497,SBI Small Cap Fund - Direct Plan - Growth,SBI Mutual Fund,Open Ended Schemes,Equity Scheme - Small Cap Fund,2025-06-20,192.5872,2026-06-23T05:29:58.847318+00:00,https://api.mfapi.in/mf/125497
125497,HDFC Top 100 Direct,125497,SBI Small Cap Fund - Direct Plan - Growth,SBI Mutual Fund,Open Ended Schemes,Equity Scheme - Small Cap Fund,2025-06-19,192.1535,2026-06-23T05:29:58.847318+00:00,https://api.mfapi.in/mf/125497
125497,HDFC Top 100 Direct,125497,SBI Small Cap Fund - Direct Plan - Growth,SBI Mutual Fund,Open Ended Schemes,Equity Scheme - Small Cap Fund,2025-06-18,194.7498,2026-06-23T05:29:58.847318+00:00,https://api.mfapi.in/mf/125497
125497,HDFC Top 100 Direct,125497,SBI Small Cap Fund - Direct Plan - Growth,SBI Mutual Fund,Open Ended Schemes,Equity Scheme - Small Cap Fund,2025-06-17,194.4976,2026-06-23T05:29:58.847318+00:00,https://api.mfapi.in/mf/125497
125497,HDFC Top 100 Direct,125497,SBI Small Cap Fund - Direct Plan - Growth,SBI Mutual Fund,Open Ended Schemes,Equity Scheme - Small Cap Fund,2025-06-16,194.3117,2026-06-23T05:29:58.847318+00:00,https://api.mfapi.in/mf/125497
125497,HDFC Top 100 Direct,125497,SBI Small Cap Fund - Direct Plan - Growth,SBI Mutual Fund,Open Ended Schemes,Equity Scheme - Small Cap Fund,2025-06-13,193.8702,2026-06-23T05:29:58.847318+00:00,https://api.mfapi.in/mf/125497
125497,HDFC Top 100 Direct,125497,SBI Small Cap Fund - Direct Plan - Growth,SBI Mutual Fund,Open Ended Schemes,Equity Scheme - Small Cap Fund,2025-06-12,194.3159,2026-06-23T05:29:58.847318+00:00,https://api.mfapi.in/mf/125497
125497,HDFC Top 100 Direct,125497,SBI Small Cap Fund - Direct Plan - Growth,SBI Mutual Fund,Open Ended Schemes,Equity Scheme - Small Cap Fund,2025-06-11,196.3155,2026-06-23T05:29:58.847318+00:00,https://api.mfapi.in/mf/125497
125497,HDFC Top 100 Direct,125497,SBI Small Cap Fund - Direct Plan - Growth,SBI Mutual Fund,Open Ended Schemes,Equity Scheme - Small Cap Fund,2025-06-10,196.3203,2026-06-23T05:29:58.847318+00:00,https://api.mfapi.in/mf/125497
125497,HDFC Top 100 Direct,125497,SBI Small Cap Fund - Direct Plan - Growth,SBI Mutual Fund,Open Ended Schemes,Equity Scheme - Small Cap Fund,2025-06-09,196.2268,2026-06-23T05:29:58.847318+00:00,https://api.mfapi.in/mf/125497
125497,HDFC Top 100 Direct,125497,SBI Small Cap Fund - Direct Plan - Growth,SBI Mutual Fund,Open Ended Schemes,Equity Scheme - Small Cap Fund,2025-06-06,194.4367,2026-06-23T05:29:58.847318+00:00,https://api.mfapi.in/mf/125497
125497,HDFC Top 100 Direct,125497,SBI Small Cap Fund - Direct Plan - Growth,SBI Mutual Fund,Open Ended Schemes,Equity Scheme - Small Cap Fund,2025-06-05,193.4622,2026-06-23T05:29:58.847318+00:00,https://api.mfapi.in/mf/125497
125497,HDFC Top 100 Direct,125497,SBI Small Cap Fund - Direct Plan - Growth,SBI Mutual Fund,Open Ended Schemes,Equity Scheme - Small Cap Fund,2025-06-04,193.3241,2026-06-23T05:29:58.847318+00:00,https://api.mfapi.in/mf/125497
125497,HDFC Top 100 Direct,125497,SBI Small Cap Fund - Direct Plan - Growth,SBI Mutual Fund,Open Ended Schemes,Equity Scheme - Small Cap Fund,2025-06-03,193.3558,2026-06-23T05:29:58.847318+00:00,https://api.mfapi.in/mf/125497
125497,HDFC Top 100 Direct,125497,SBI Small Cap Fund - Direct Plan - Growth,SBI Mutual Fund,Open Ended Schemes,Equity Scheme - Small Cap Fund,2025-06-02,193.0141,2026-06-23T05:29:58.847318+00:00,https://api.mfapi.in/mf/125497
125497,HDFC Top 100 Direct,125497,SBI Small Cap Fund - Direct Plan - Growth,SBI Mutual Fund,Open Ended Schemes,Equity Scheme - Small Cap Fund,2025-05-31,192.6784,2026-06-23T05:29:58.847318+00:00,https://api.mfapi.in/mf/125497
125497,HDFC Top 100 Direct,125497,SBI Small Cap Fund - Direct Plan - Growth,SBI Mutual Fund,Open Ended Schemes,Equity Scheme - Small Cap Fund,2025-05-30,192.6772,2026-06-23T05:29:58.847318+00:00,https://api.mfapi.in/mf/125497
125497,HDFC Top 100 Direct,125497,SBI Small Cap Fund - Direct Plan - Growth,SBI Mutual Fund,Open Ended Schemes,Equity Scheme - Small Cap Fund,2025-05-29,192.4906,2026-06-23T05:29:58.847318+00:00,https://api.mfapi.in/mf/125497
125497,HDFC Top 100 Direct,125497,SBI Small Cap Fund - Direct Plan - Growth,SBI Mutual Fund,Open Ended Schemes,Equity Scheme - Small Cap Fund,2025-05-28,192.2322,2026-06-23T05:29:58.847318+00:00,https://api.mfapi.in/mf/125497
125497,HDFC Top 100 Direct,125497,SBI Small Cap Fund - Direct Plan - Growth,SBI Mutual Fund,Open Ended Schemes,Equity Scheme - Small Cap Fund,2025-05-27,191.6915,2026-06-23T05:29:58.847318+00:00,https://api.mfapi.in/mf/125497
125497,HDFC Top 100 Direct,125497,SBI Small Cap Fund - Direct Plan - Growth,SBI Mutual Fund,Open Ended Schemes,Equity Scheme - Small Cap Fund,2025-05-26,192.0116,2026-06-23T05:29:58.847318+00:00,https://api.mfapi.in/mf/125497
125497,HDFC Top 100 Direct,125497,SBI Small Cap Fund - Direct Plan - Growth,SBI Mutual Fund,Open Ended Schemes,Equity Scheme - Small Cap Fund,2025-05-23,190.7428,2026-06-23T05:29:58.847318+00:00,https://api.mfapi.in/mf/125497
125497,HDFC Top 100 Direct,125497,SBI Small Cap Fund - Direct Plan - Growth,SBI Mutual Fund,Open Ended Schemes,Equity Scheme - Small Cap Fund,2025-05-22,190.2297,2026-06-23T05:29:58.847318+00:00,https://api.mfapi.in/mf/125497
125497,HDFC Top 100 Direct,125497,SBI Small Cap Fund - Direct Plan - Growth,SBI Mutual Fund,Open Ended Schemes,Equity Scheme - Small Cap Fund,2025-05-21,190.2708,2026-06-23T05:29:58.847318+00:00,https://api.mfapi.in/mf/125497
125497,HDFC Top 100 Direct,125497,SBI Small Cap Fund - Direct Plan - Growth,SBI Mutual Fund,Open Ended Schemes,Equity Scheme - Small Cap Fund,2025-05-20,190.162,2026-06-23T05:29:58.847318+00:00,https://api.mfapi.in/mf/125497
125497,HDFC Top 100 Direct,125497,SBI Small Cap Fund - Direct Plan - Growth,SBI Mutual Fund,Open Ended Schemes,Equity Scheme - Small Cap Fund,2025-05-19,192.0015,2026-06-23T05:29:58.847318+00:00,https://api.mfapi.in/mf/125497
125497,HDFC Top 100 Direct,125497,SBI Small Cap Fund - Direct Plan - Growth,SBI Mutual Fund,Open Ended Schemes,Equity Scheme - Small Cap Fund,2025-05-16,190.5543,2026-06-23T05:29:58.847318+00:00,https://api.mfapi.in/mf/125497
125497,HDFC Top 100 Direct,125497,SBI Small Cap Fund - Direct Plan - Growth,SBI Mutual Fund,Open Ended Schemes,Equity Scheme - Small Cap Fund,2025-05-15,189.7716,2026-06-23T05:29:58.847318+00:00,https://api.mfapi.in/mf/125497
125497,HDFC Top 100 Direct,125497,SBI Small Cap Fund - Direct Plan - Growth,SBI Mutual Fund,Open Ended Schemes,Equity Scheme - Small Cap Fund,2025-05-14,188.3401,2026-06-23T05:29:58.847318+00:00,https://api.mfapi.in/mf/125497
125497,HDFC Top 100 Direct,125497,SBI Small Cap Fund - Direct Plan - Growth,SBI Mutual Fund,Open Ended Schemes,Equity Scheme - Small Cap Fund,2025-05-13,185.9199,2026-06-23T05:29:58.847318+00:00,https://api.mfapi.in/mf/125497
125497,HDFC Top 100 Direct,125497,SBI Small Cap Fund - Direct Plan - Growth,SBI Mutual Fund,Open Ended Schemes,Equity Scheme - Small Cap Fund,2025-05-12,185.5194,2026-06-23T05:29:58.847318+00:00,https://api.mfapi.in/mf/125497
125497,HDFC Top 100 Direct,125497,SBI Small Cap Fund - Direct Plan - Growth,SBI Mutual Fund,Open Ended Schemes,Equity Scheme - Small Cap Fund,2025-05-09,180.3079,2026-06-23T05:29:58.847318+00:00,https://api.mfapi.in/mf/125497
125497,HDFC Top 100 Direct,125497,SBI Small Cap Fund - Direct Plan - Growth,SBI Mutual Fund,Open Ended Schemes,Equity Scheme - Small Cap Fund,2025-05-08,181.2148,2026-06-23T05:29:58.847318+00:00,https://api.mfapi.in/mf/125497
125497,HDFC Top 100 Direct,125497,SBI Small Cap Fund - Direct Plan - Growth,SBI Mutual Fund,Open Ended Schemes,Equity Scheme - Small Cap Fund,2025-05-07,182.5147,2026-06-23T05:29:58.847318+00:00,https://api.mfapi.in/mf/125497
125497,HDFC Top 100 Direct,125497,SBI Small Cap Fund - Direct Plan - Growth,SBI Mutual Fund,Open Ended Schemes,Equity Scheme - Small Cap Fund,2025-05-06,180.8742,2026-06-23T05:29:58.847318+00:00,https://api.mfapi.in/mf/125497
125497,HDFC Top 100 Direct,125497,SBI Small Cap Fund - Direct Plan - Growth,SBI Mutual Fund,Open Ended Schemes,Equity Scheme - Small Cap Fund,2025-05-05,183.67,2026-06-23T05:29:58.847318+00:00,https://api.mfapi.in/mf/125497
125497,HDFC Top 100 Direct,125497,SBI Small Cap Fund - Direct Plan - Growth,SBI Mutual Fund,Open Ended Schemes,Equity Scheme - Small Cap Fund,2025-05-02,181.6763,2026-06-23T05:29:58.847318+00:00,https://api.mfapi.in/mf/125497
125497,HDFC Top 100 Direct,125497,SBI Small Cap Fund - Direct Plan - Growth,SBI Mutual Fund,Open Ended Schemes,Equity Scheme - Small Cap Fund,2025-04-30,181.8527,2026-06-23T05:29:58.847318+00:00,https://api.mfapi.in/mf/125497
125497,HDFC Top 100 Direct,125497,SBI Small Cap Fund - Direct Plan - Growth,SBI Mutual Fund,Open Ended Schemes,Equity Scheme - Small Cap Fund,2025-04-29,184.4749,2026-06-23T05:29:58.847318+00:00,https://api.mfapi.in/mf/125497
125497,HDFC Top 100 Direct,125497,SBI Small Cap Fund - Direct Plan - Growth,SBI Mutual Fund,Open Ended Schemes,Equity Scheme - Small Cap Fund,2025-04-28,184.7984,2026-06-23T05:29:58.847318+00:00,https://api.mfapi.in/mf/125497
125497,HDFC Top 100 Direct,125497,SBI Small Cap Fund - Direct Plan - Growth,SBI Mutual Fund,Open Ended Schemes,Equity Scheme - Small Cap Fund,2025-04-25,184.3892,2026-06-23T05:29:58.847318+00:00,https://api.mfapi.in/mf/125497
125497,HDFC Top 100 Direct,125497,SBI Small Cap Fund - Direct Plan - Growth,SBI Mutual Fund,Open Ended Schemes,Equity Scheme - Small Cap Fund,2025-04-24,187.4442,2026-06-23T05:29:58.847318+00:00,https://api.mfapi.in/mf/125497
125497,HDFC Top 100 Direct,125497,SBI Small Cap Fund - Direct Plan - Growth,SBI Mutual Fund,Open Ended Schemes,Equity Scheme - Small Cap Fund,2025-04-23,187.4918,2026-06-23T05:29:58.847318+00:00,https://api.mfapi.in/mf/125497
125497,HDFC Top 100 Direct,125497,SBI Small Cap Fund - Direct Plan - Growth,SBI Mutual Fund,Open Ended Schemes,Equity Scheme - Small Cap Fund,2025-04-22,187.4594,2026-06-23T05:29:58.847318+00:00,https://api.mfapi.in/mf/125497
125497,HDFC Top 100 Direct,125497,SBI Small Cap Fund - Direct Plan - Growth,SBI Mutual Fund,Open Ended Schemes,Equity Scheme - Small Cap Fund,2025-04-21,186.1086,2026-06-23T05:29:58.847318+00:00,https://api.mfapi.in/mf/125497
125497,HDFC Top 100 Direct,125497,SBI Small Cap Fund - Direct Plan - Growth,SBI Mutual Fund,Open Ended Schemes,Equity Scheme - Small Cap Fund,2025-04-17,183.494,2026-06-23T05:29:58.847318+00:00,https://api.mfapi.in/mf/125497
125497,HDFC Top 100 Direct,125497,SBI Small Cap Fund - Direct Plan - Growth,SBI Mutual Fund,Open Ended Schemes,Equity Scheme - Small Cap Fund,2025-04-16,182.6797,2026-06-23T05:29:58.847318+00:00,https://api.mfapi.in/mf/125497
125497,HDFC Top 100 Direct,125497,SBI Small Cap Fund - Direct Plan - Growth,SBI Mutual Fund,Open Ended Schemes,Equity Scheme - Small Cap Fund,2025-04-15,181.4688,2026-06-23T05:29:58.847318+00:00,https://api.mfapi.in/mf/125497
125497,HDFC Top 100 Direct,125497,SBI Small Cap Fund - Direct Plan - Growth,SBI Mutual Fund,Open Ended Schemes,Equity Scheme - Small Cap Fund,2025-04-11,177.359,2026-06-23T05:29:58.847318+00:00,https://api.mfapi.in/mf/125497
125497,HDFC Top 100 Direct,125497,SBI Small Cap Fund - Direct Plan - Growth,SBI Mutual Fund,Open Ended Schemes,Equity Scheme - Small Cap Fund,2025-04-09,173.4024,2026-06-23T05:29:58.847318+00:00,https://api.mfapi.in/mf/125497
125497,HDFC Top 100 Direct,125497,SBI Small Cap Fund - Direct Plan - Growth,SBI Mutual Fund,Open Ended Schemes,Equity Scheme - Small Cap Fund,2025-04-08,174.6198,2026-06-23T05:29:58.847318+00:00,https://api.mfapi.in/mf/125497
125497,HDFC Top 100 Direct,125497,SBI Small Cap Fund - Direct Plan - Growth,SBI Mutual Fund,Open Ended Schemes,Equity Scheme - Small Cap Fund,2025-04-07,171.893,2026-06-23T05:29:58.847318+00:00,https://api.mfapi.in/mf/125497
125497,HDFC Top 100 Direct,125497,SBI Small Cap Fund - Direct Plan - Growth,SBI Mutual Fund,Open Ended Schemes,Equity Scheme - Small Cap Fund,2025-04-04,176.8853,2026-06-23T05:29:58.847318+00:00,https://api.mfapi.in/mf/125497
125497,HDFC Top 100 Direct,125497,SBI Small Cap Fund - Direct Plan - Growth,SBI Mutual Fund,Open Ended Schemes,Equity Scheme - Small Cap Fund,2025-04-03,181.0205,2026-06-23T05:29:58.847318+00:00,https://api.mfapi.in/mf/125497
125497,HDFC Top 100 Direct,125497,SBI Small Cap Fund - Direct Plan - Growth,SBI Mutual Fund,Open Ended Schemes,Equity Scheme - Small Cap Fund,2025-04-02,180.504,2026-06-23T05:29:58.847318+00:00,https://api.mfapi.in/mf/125497
125497,HDFC Top 100 Direct,125497,SBI Small Cap Fund - Direct Plan - Growth,SBI Mutual Fund,Open Ended Schemes,Equity Scheme - Small Cap Fund,2025-04-01,178.3073,2026-06-23T05:29:58.847318+00:00,https://api.mfapi.in/mf/125497
125497,HDFC Top 100 Direct,125497,SBI Small Cap Fund - Direct Plan - Growth,SBI Mutual Fund,Open Ended Schemes,Equity Scheme - Small Cap Fund,2025-03-31,178.5628,2026-06-23T05:29:58.847318+00:00,https://api.mfapi.in/mf/125497
125497,HDFC Top 100 Direct,125497,SBI Small Cap Fund - Direct Plan - Growth,SBI Mutual Fund,Open Ended Schemes,Equity Scheme - Small Cap Fund,2025-03-28,178.5548,2026-06-23T05:29:58.847318+00:00,https://api.mfapi.in/mf/125497
125497,HDFC Top 100 Direct,125497,SBI Small Cap Fund - Direct Plan - Growth,SBI Mutual Fund,Open Ended Schemes,Equity Scheme - Small Cap Fund,2025-03-27,178.6535,2026-06-23T05:29:58.847318+00:00,https://api.mfapi.in/mf/125497
125497,HDFC Top 100 Direct,125497,SBI Small Cap Fund - Direct Plan - Growth,SBI Mutual Fund,Open Ended Schemes,Equity Scheme - Small Cap Fund,2025-03-26,178.8617,2026-06-23T05:29:58.847318+00:00,https://api.mfapi.in/mf/125497
125497,HDFC Top 100 Direct,125497,SBI Small Cap Fund - Direct Plan - Growth,SBI Mutual Fund,Open Ended Schemes,Equity Scheme - Small Cap Fund,2025-03-25,181.1499,2026-06-23T05:29:58.847318+00:00,https://api.mfapi.in/mf/125497
125497,HDFC Top 100 Direct,125497,SBI Small Cap Fund - Direct Plan - Growth,SBI Mutual Fund,Open Ended Schemes,Equity Scheme - Small Cap Fund,2025-03-24,181.6626,2026-06-23T05:29:58.847318+00:00,https://api.mfapi.in/mf/125497
125497,HDFC Top 100 Direct,125497,SBI Small Cap Fund - Direct Plan - Growth,SBI Mutual Fund,Open Ended Schemes,Equity Scheme - Small Cap Fund,2025-03-21,179.8765,2026-06-23T05:29:58.847318+00:00,https://api.mfapi.in/mf/125497
125497,HDFC Top 100 Direct,125497,SBI Small Cap Fund - Direct Plan - Growth,SBI Mutual Fund,Open Ended Schemes,Equity Scheme - Small Cap Fund,2025-03-20,177.2546,2026-06-23T05:29:58.847318+00:00,https://api.mfapi.in/mf/125497
125497,HDFC Top 100 Direct,125497,SBI Small Cap Fund - Direct Plan - Growth,SBI Mutual Fund,Open Ended Schemes,Equity Scheme - Small Cap Fund,2025-03-19,176.277,2026-06-23T05:29:58.847318+00:00,https://api.mfapi.in/mf/125497
125497,HDFC Top 100 Direct,125497,SBI Small Cap Fund - Direct Plan - Growth,SBI Mutual Fund,Open Ended Schemes,Equity Scheme - Small Cap Fund,2025-03-18,174.3065,2026-06-23T05:29:58.847318+00:00,https://api.mfapi.in/mf/125497
125497,HDFC Top 100 Direct,125497,SBI Small Cap Fund - Direct Plan - Growth,SBI Mutual Fund,Open Ended Schemes,Equity Scheme - Small Cap Fund,2025-03-17,170.8415,2026-06-23T05:29:58.847318+00:00,https://api.mfapi.in/mf/125497
125497,HDFC Top 100 Direct,125497,SBI Small Cap Fund - Direct Plan - Growth,SBI Mutual Fund,Open Ended Schemes,Equity Scheme - Small Cap Fund,2025-03-13,170.4454,2026-06-23T05:29:58.847318+00:00,https://api.mfapi.in/mf/125497
125497,HDFC Top 100 Direct,125497,SBI Small Cap Fund - Direct Plan - Growth,SBI Mutual Fund,Open Ended Schemes,Equity Scheme - Small Cap Fund,2025-03-12,170.9127,2026-06-23T05:29:58.847318+00:00,https://api.mfapi.in/mf/125497
125497,HDFC Top 100 Direct,125497,SBI Small Cap Fund - Direct Plan - Growth,SBI Mutual Fund,Open Ended Schemes,Equity Scheme - Small Cap Fund,2025-03-11,170.8118,2026-06-23T05:29:58.847318+00:00,https://api.mfapi.in/mf/125497
125497,HDFC Top 100 Direct,125497,SBI Small Cap Fund - Direct Plan - Growth,SBI Mutual Fund,Open Ended Schemes,Equity Scheme - Small Cap Fund,2025-03-10,171.8878,2026-06-23T05:29:58.847318+00:00,https://api.mfapi.in/mf/125497
125497,HDFC Top 100 Direct,125497,SBI Small Cap Fund - Direct Plan - Growth,SBI Mutual Fund,Open Ended Schemes,Equity Scheme - Small Cap Fund,2025-03-07,173.6464,2026-06-23T05:29:58.847318+00:00,https://api.mfapi.in/mf/125497
125497,HDFC Top 100 Direct,125497,SBI Small Cap Fund - Direct Plan - Growth,SBI Mutual Fund,Open Ended Schemes,Equity Scheme - Small Cap Fund,2025-03-06,173.0546,2026-06-23T05:29:58.847318+00:00,https://api.mfapi.in/mf/125497
125497,HDFC Top 100 Direct,125497,SBI Small Cap Fund - Direct Plan - Growth,SBI Mutual Fund,Open Ended Schemes,Equity Scheme - Small Cap Fund,2025-03-05,170.5378,2026-06-23T05:29:58.847318+00:00,https://api.mfapi.in/mf/125497
125497,HDFC Top 100 Direct,125497,SBI Small Cap Fund - Direct Plan - Growth,SBI Mutual Fund,Open Ended Schemes,Equity Scheme - Small Cap Fund,2025-03-04,167.4144,2026-06-23T05:29:58.847318+00:00,https://api.mfapi.in/mf/125497
125497,HDFC Top 100 Direct,125497,SBI Small Cap Fund - Direct Plan - Growth,SBI Mutual Fund,Open Ended Schemes,Equity Scheme - Small Cap Fund,2025-03-03,166.5363,2026-06-23T05:29:58.847318+00:00,https://api.mfapi.in/mf/125497
125497,HDFC Top 100 Direct,125497,SBI Small Cap Fund - Direct Plan - Growth,SBI Mutual Fund,Open Ended Schemes,Equity Scheme - Small Cap Fund,2025-02-28,167.2753,2026-06-23T05:29:58.847318+00:00,https://api.mfapi.in/mf/125497
125497,HDFC Top 100 Direct,125497,SBI Small Cap Fund - Direct Plan - Growth,SBI Mutual Fund,Open Ended Schemes,Equity Scheme - Small Cap Fund,2025-02-27,169.2761,2026-06-23T05:29:58.847318+00:00,https://api.mfapi.in/mf/125497
125497,HDFC Top 100 Direct,125497,SBI Small Cap Fund - Direct Plan - Growth,SBI Mutual Fund,Open Ended Schemes,Equity Scheme - Small Cap Fund,2025-02-25,170.5772,2026-06-23T05:29:58.847318+00:00,https://api.mfapi.in/mf/125497
125497,HDFC Top 100 Direct,125497,SBI Small Cap Fund - Direct Plan - Growth,SBI Mutual Fund,Open Ended Schemes,Equity Scheme - Small Cap Fund,2025-02-24,171.0281,2026-06-23T05:29:58.847318+00:00,https://api.mfapi.in/mf/125497
125497,HDFC Top 100 Direct,125497,SBI Small Cap Fund - Direct Plan - Growth,SBI Mutual Fund,Open Ended Schemes,Equity Scheme - Small Cap Fund,2025-02-21,173.194,2026-06-23T05:29:58.847318+00:00,https://api.mfapi.in/mf/125497
125497,HDFC Top 100 Direct,125497,SBI Small Cap Fund - Direct Plan - Growth,SBI Mutual Fund,Open Ended Schemes,Equity Scheme - Small Cap Fund,2025-02-20,173.7251,2026-06-23T05:29:58.847318+00:00,https://api.mfapi.in/mf/125497
125497,HDFC Top 100 Direct,125497,SBI Small Cap Fund - Direct Plan - Growth,SBI Mutual Fund,Open Ended Schemes,Equity Scheme - Small Cap Fund,2025-02-19,172.8542,2026-06-23T05:29:58.847318+00:00,https://api.mfapi.in/mf/125497
125497,HDFC Top 100 Direct,125497,SBI Small Cap Fund - Direct Plan - Growth,SBI Mutual Fund,Open Ended Schemes,Equity Scheme - Small Cap Fund,2025-02-18,170.6351,2026-06-23T05:29:58.847318+00:00,https://api.mfapi.in/mf/125497
125497,HDFC Top 100 Direct,125497,SBI Small Cap Fund - Direct Plan - Growth,SBI Mutual Fund,Open Ended Schemes,Equity Scheme - Small Cap Fund,2025-02-17,172.6017,2026-06-23T05:29:58.847318+00:00,https://api.mfapi.in/mf/125497
125497,HDFC Top 100 Direct,125497,SBI Small Cap Fund - Direct Plan - Growth,SBI Mutual Fund,Open Ended Schemes,Equity Scheme - Small Cap Fund,2025-02-14,173.7027,2026-06-23T05:29:58.847318+00:00,https://api.mfapi.in/mf/125497
125497,HDFC Top 100 Direct,125497,SBI Small Cap Fund - Direct Plan - Growth,SBI Mutual Fund,Open Ended Schemes,Equity Scheme - Small Cap Fund,2025-02-13,177.2214,2026-06-23T05:29:58.847318+00:00,https://api.mfapi.in/mf/125497
125497,HDFC Top 100 Direct,125497,SBI Small Cap Fund - Direct Plan - Growth,SBI Mutual Fund,Open Ended Schemes,Equity Scheme - Small Cap Fund,2025-02-12,178.0673,2026-06-23T05:29:58.847318+00:00,https://api.mfapi.in/mf/125497
125497,HDFC Top 100 Direct,125497,SBI Small Cap Fund - Direct Plan - Growth,SBI Mutual Fund,Open Ended Schemes,Equity Scheme - Small Cap Fund,2025-02-11,178.8097,2026-06-23T05:29:58.847318+00:00,https://api.mfapi.in/mf/125497
125497,HDFC Top 100 Direct,125497,SBI Small Cap Fund - Direct Plan - Growth,SBI Mutual Fund,Open Ended Schemes,Equity Scheme - Small Cap Fund,2025-02-10,183.4947,2026-06-23T05:29:58.847318+00:00,https://api.mfapi.in/mf/125497
125497,HDFC Top 100 Direct,125497,SBI Small Cap Fund - Direct Plan - Growth,SBI Mutual Fund,Open Ended Schemes,Equity Scheme - Small Cap Fund,2025-02-07,186.6001,2026-06-23T05:29:58.847318+00:00,https://api.mfapi.in/mf/125497
125497,HDFC Top 100 Direct,125497,SBI Small Cap Fund - Direct Plan - Growth,SBI Mutual Fund,Open Ended Schemes,Equity Scheme - Small Cap Fund,2025-02-06,188.2236,2026-06-23T05:29:58.847318+00:00,https://api.mfapi.in/mf/125497
125497,HDFC Top 100 Direct,125497,SBI Small Cap Fund - Direct Plan - Growth,SBI Mutual Fund,Open Ended Schemes,Equity Scheme - Small Cap Fund,2025-02-05,188.0012,2026-06-23T05:29:58.847318+00:00,https://api.mfapi.in/mf/125497
125497,HDFC Top 100 Direct,125497,SBI Small Cap Fund - Direct Plan - Growth,SBI Mutual Fund,Open Ended Schemes,Equity Scheme - Small Cap Fund,2025-02-04,187.7402,2026-06-23T05:29:58.847318+00:00,https://api.mfapi.in/mf/125497
125497,HDFC Top 100 Direct,125497,SBI Small Cap Fund - Direct Plan - Growth,SBI Mutual Fund,Open Ended Schemes,Equity Scheme - Small Cap Fund,2025-02-03,186.5887,2026-06-23T05:29:58.847318+00:00,https://api.mfapi.in/mf/125497
125497,HDFC Top 100 Direct,125497,SBI Small Cap Fund - Direct Plan - Growth,SBI Mutual Fund,Open Ended Schemes,Equity Scheme - Small Cap Fund,2025-01-31,185.8927,2026-06-23T05:29:58.847318+00:00,https://api.mfapi.in/mf/125497
125497,HDFC Top 100 Direct,125497,SBI Small Cap Fund - Direct Plan - Growth,SBI Mutual Fund,Open Ended Schemes,Equity Scheme - Small Cap Fund,2025-01-30,183.9481,2026-06-23T05:29:58.847318+00:00,https://api.mfapi.in/mf/125497
125497,HDFC Top 100 Direct,125497,SBI Small Cap Fund - Direct Plan - Growth,SBI Mutual Fund,Open Ended Schemes,Equity Scheme - Small Cap Fund,2025-01-29,184.474,2026-06-23T05:29:58.847318+00:00,https://api.mfapi.in/mf/125497
125497,HDFC Top 100 Direct,125497,SBI Small Cap Fund - Direct Plan - Growth,SBI Mutual Fund,Open Ended Schemes,Equity Scheme - Small Cap Fund,2025-01-28,179.9981,2026-06-23T05:29:58.847318+00:00,https://api.mfapi.in/mf/125497
125497,HDFC Top 100 Direct,125497,SBI Small Cap Fund - Direct Plan - Growth,SBI Mutual Fund,Open Ended Schemes,Equity Scheme - Small Cap Fund,2025-01-27,181.1505,2026-06-23T05:29:58.847318+00:00,https://api.mfapi.in/mf/125497
125497,HDFC Top 100 Direct,125497,SBI Small Cap Fund - Direct Plan - Growth,SBI Mutual Fund,Open Ended Schemes,Equity Scheme - Small Cap Fund,2025-01-24,184.8357,2026-06-23T05:29:58.847318+00:00,https://api.mfapi.in/mf/125497
125497,HDFC Top 100 Direct,125497,SBI Small Cap Fund - Direct Plan - Growth,SBI Mutual Fund,Open Ended Schemes,Equity Scheme - Small Cap Fund,2025-01-23,187.6026,2026-06-23T05:29:58.847318+00:00,https://api.mfapi.in/mf/125497
125497,HDFC Top 100 Direct,125497,SBI Small Cap Fund - Direct Plan - Growth,SBI Mutual Fund,Open Ended Schemes,Equity Scheme - Small Cap Fund,2025-01-22,186.9925,2026-06-23T05:29:58.847318+00:00,https://api.mfapi.in/mf/125497
125497,HDFC Top 100 Direct,125497,SBI Small Cap Fund - Direct Plan - Growth,SBI Mutual Fund,Open Ended Schemes,Equity Scheme - Small Cap Fund,2025-01-21,189.0302,2026-06-23T05:29:58.847318+00:00,https://api.mfapi.in/mf/125497
125497,HDFC Top 100 Direct,125497,SBI Small Cap Fund - Direct Plan - Growth,SBI Mutual Fund,Open Ended Schemes,Equity Scheme - Small Cap Fund,2025-01-20,191.8699,2026-06-23T05:29:58.847318+00:00,https://api.mfapi.in/mf/125497
125497,HDFC Top 100 Direct,125497,SBI Small Cap Fund - Direct Plan - Growth,SBI Mutual Fund,Open Ended Schemes,Equity Scheme - Small Cap Fund,2025-01-17,190.5474,2026-06-23T05:29:58.847318+00:00,https://api.mfapi.in/mf/125497
125497,HDFC Top 100 Direct,125497,SBI Small Cap Fund - Direct Plan - Growth,SBI Mutual Fund,Open Ended Schemes,Equity Scheme - Small Cap Fund,2025-01-16,191.5461,2026-06-23T05:29:58.847318+00:00,https://api.mfapi.in/mf/125497
125497,HDFC Top 100 Direct,125497,SBI Small Cap Fund - Direct Plan - Growth,SBI Mutual Fund,Open Ended Schemes,Equity Scheme - Small Cap Fund,2025-01-15,190.2908,2026-06-23T05:29:58.847318+00:00,https://api.mfapi.in/mf/125497
125497,HDFC Top 100 Direct,125497,SBI Small Cap Fund - Direct Plan - Growth,SBI Mutual Fund,Open Ended Schemes,Equity Scheme - Small Cap Fund,2025-01-14,189.4394,2026-06-23T05:29:58.847318+00:00,https://api.mfapi.in/mf/125497
125497,HDFC Top 100 Direct,125497,SBI Small Cap Fund - Direct Plan - Growth,SBI Mutual Fund,Open Ended Schemes,Equity Scheme - Small Cap Fund,2025-01-13,187.9708,2026-06-23T05:29:58.847318+00:00,https://api.mfapi.in/mf/125497
125497,HDFC Top 100 Direct,125497,SBI Small Cap Fund - Direct Plan - Growth,SBI Mutual Fund,Open Ended Schemes,Equity Scheme - Small Cap Fund,2025-01-10,194.0951,2026-06-23T05:29:58.847318+00:00,https://api.mfapi.in/mf/125497
125497,HDFC Top 100 Direct,125497,SBI Small Cap Fund - Direct Plan - Growth,SBI Mutual Fund,Open Ended Schemes,Equity Scheme - Small Cap Fund,2025-01-09,197.3978,2026-06-23T05:29:58.847318+00:00,https://api.mfapi.in/mf/125497
125497,HDFC Top 100 Direct,125497,SBI Small Cap Fund - Direct Plan - Growth,SBI Mutual Fund,Open Ended Schemes,Equity Scheme - Small Cap Fund,2025-01-08,199.1083,2026-06-23T05:29:58.847318+00:00,https://api.mfapi.in/mf/125497
125497,HDFC Top 100 Direct,125497,SBI Small Cap Fund - Direct Plan - Growth,SBI Mutual Fund,Open Ended Schemes,Equity Scheme - Small Cap Fund,2025-01-07,201.51,2026-06-23T05:29:58.847318+00:00,https://api.mfapi.in/mf/125497
125497,HDFC Top 100 Direct,125497,SBI Small Cap Fund - Direct Plan - Growth,SBI Mutual Fund,Open Ended Schemes,Equity Scheme - Small Cap Fund,2025-01-06,199.9325,2026-06-23T05:29:58.847318+00:00,https://api.mfapi.in/mf/125497
125497,HDFC Top 100 Direct,125497,SBI Small Cap Fund - Direct Plan - Growth,SBI Mutual Fund,Open Ended Schemes,Equity Scheme - Small Cap Fund,2025-01-03,204.7473,2026-06-23T05:29:58.847318+00:00,https://api.mfapi.in/mf/125497
125497,HDFC Top 100 Direct,125497,SBI Small Cap Fund - Direct Plan - Growth,SBI Mutual Fund,Open Ended Schemes,Equity Scheme - Small Cap Fund,2025-01-02,204.958,2026-06-23T05:29:58.847318+00:00,https://api.mfapi.in/mf/125497
125497,HDFC Top 100 Direct,125497,SBI Small Cap Fund - Direct Plan - Growth,SBI Mutual Fund,Open Ended Schemes,Equity Scheme - Small Cap Fund,2025-01-01,204.0133,2026-06-23T05:29:58.847318+00:00,https://api.mfapi.in/mf/125497
125497,HDFC Top 100 Direct,125497,SBI Small Cap Fund - Direct Plan - Growth,SBI Mutual Fund,Open Ended Schemes,Equity Scheme - Small Cap Fund,2024-12-31,202.025,2026-06-23T05:29:58.847318+00:00,https://api.mfapi.in/mf/125497
125497,HDFC Top 100 Direct,125497,SBI Small Cap Fund - Direct Plan - Growth,SBI Mutual Fund,Open Ended Schemes,Equity Scheme - Small Cap Fund,2024-12-30,200.9474,2026-06-23T05:29:58.847318+00:00,https://api.mfapi.in/mf/125497
125497,HDFC Top 100 Direct,125497,SBI Small Cap Fund - Direct Plan - Growth,SBI Mutual Fund,Open Ended Schemes,Equity Scheme - Small Cap Fund,2024-12-27,202.2744,2026-06-23T05:29:58.847318+00:00,https://api.mfapi.in/mf/125497
125497,HDFC Top 100 Direct,125497,SBI Small Cap Fund - Direct Plan - Growth,SBI Mutual Fund,Open Ended Schemes,Equity Scheme - Small Cap Fund,2024-12-26,201.1712,2026-06-23T05:29:58.847318+00:00,https://api.mfapi.in/mf/125497
125497,HDFC Top 100 Direct,125497,SBI Small Cap Fund - Direct Plan - Growth,SBI Mutual Fund,Open Ended Schemes,Equity Scheme - Small Cap Fund,2024-12-24,201.9117,2026-06-23T05:29:58.847318+00:00,https://api.mfapi.in/mf/125497
125497,HDFC Top 100 Direct,125497,SBI Small Cap Fund - Direct Plan - Growth,SBI Mutual Fund,Open Ended Schemes,Equity Scheme - Small Cap Fund,2024-12-23,201.8235,2026-06-23T05:29:58.847318+00:00,https://api.mfapi.in/mf/125497
125497,HDFC Top 100 Direct,125497,SBI Small Cap Fund - Direct Plan - Growth,SBI Mutual Fund,Open Ended Schemes,Equity Scheme - Small Cap Fund,2024-12-20,203.8639,2026-06-23T05:29:58.847318+00:00,https://api.mfapi.in/mf/125497
125497,HDFC Top 100 Direct,125497,SBI Small Cap Fund - Direct Plan - Growth,SBI Mutual Fund,Open Ended Schemes,Equity Scheme - Small Cap Fund,2024-12-19,208.1814,2026-06-23T05:29:58.847318+00:00,https://api.mfapi.in/mf/125497
125497,HDFC Top 100 Direct,125497,SBI Small Cap Fund - Direct Plan - Growth,SBI Mutual Fund,Open Ended Schemes,Equity Scheme - Small Cap Fund,2024-12-18,208.9039,2026-06-23T05:29:58.847318+00:00,https://api.mfapi.in/mf/125497
125497,HDFC Top 100 Direct,125497,SBI Small Cap Fund - Direct Plan - Growth,SBI Mutual Fund,Open Ended Schemes,Equity Scheme - Small Cap Fund,2024-12-17,209.149,2026-06-23T05:29:58.847318+00:00,https://api.mfapi.in/mf/125497
125497,HDFC Top 100 Direct,125497,SBI Small Cap Fund - Direct Plan - Growth,SBI Mutual Fund,Open Ended Schemes,Equity Scheme - Small Cap Fund,2024-12-16,209.9361,2026-06-23T05:29:58.847318+00:00,https://api.mfapi.in/mf/125497
125497,HDFC Top 100 Direct,125497,SBI Small Cap Fund - Direct Plan - Growth,SBI Mutual Fund,Open Ended Schemes,Equity Scheme - Small Cap Fund,2024-12-13,209.4705,2026-06-23T05:29:58.847318+00:00,https://api.mfapi.in/mf/125497
125497,HDFC Top 100 Direct,125497,SBI Small Cap Fund - Direct Plan - Growth,SBI Mutual Fund,Open Ended Schemes,Equity Scheme - Small Cap Fund,2024-12-12,209.1364,2026-06-23T05:29:58.847318+00:00,https://api.mfapi.in/mf/125497
125497,HDFC Top 100 Direct,125497,SBI Small Cap Fund - Direct Plan - Growth,SBI Mutual Fund,Open Ended Schemes,Equity Scheme - Small Cap Fund,2024-12-11,210.4887,2026-06-23T05:29:58.847318+00:00,https://api.mfapi.in/mf/125497
125497,HDFC Top 100 Direct,125497,SBI Small Cap Fund - Direct Plan - Growth,SBI Mutual Fund,Open Ended Schemes,Equity Scheme - Small Cap Fund,2024-12-10,210.1936,2026-06-23T05:29:58.847318+00:00,https://api.mfapi.in/mf/125497
125497,HDFC Top 100 Direct,125497,SBI Small Cap Fund - Direct Plan - Growth,SBI Mutual Fund,Open Ended Schemes,Equity Scheme - Small Cap Fund,2024-12-09,209.1188,2026-06-23T05:29:58.847318+00:00,https://api.mfapi.in/mf/125497
125497,HDFC Top 100 Direct,125497,SBI Small Cap Fund - Direct Plan - Growth,SBI Mutual Fund,Open Ended Schemes,Equity Scheme - Small Cap Fund,2024-12-06,207.7793,2026-06-23T05:29:58.847318+00:00,https://api.mfapi.in/mf/125497
125497,HDFC Top 100 Direct,125497,SBI Small Cap Fund - Direct Plan - Growth,SBI Mutual Fund,Open Ended Schemes,Equity Scheme - Small Cap Fund,2024-12-05,206.9634,2026-06-23T05:29:58.847318+00:00,https://api.mfapi.in/mf/125497
125497,HDFC Top 100 Direct,125497,SBI Small Cap Fund - Direct Plan - Growth,SBI Mutual Fund,Open Ended Schemes,Equity Scheme - Small Cap Fund,2024-12-04,206.8799,2026-06-23T05:29:58.847318+00:00,https://api.mfapi.in/mf/125497
125497,HDFC Top 100 Direct,125497,SBI Small Cap Fund - Direct Plan - Growth,SBI Mutual Fund,Open Ended Schemes,Equity Scheme - Small Cap Fund,2024-12-03,205.6142,2026-06-23T05:29:58.847318+00:00,https://api.mfapi.in/mf/125497
125497,HDFC Top 100 Direct,125497,SBI Small Cap Fund - Direct Plan - Growth,SBI Mutual Fund,Open Ended Schemes,Equity Scheme - Small Cap Fund,2024-12-02,203.0662,2026-06-23T05:29:58.847318+00:00,https://api.mfapi.in/mf/125497
125497,HDFC Top 100 Direct,125497,SBI Small Cap Fund - Direct Plan - Growth,SBI Mutual Fund,Open Ended Schemes,Equity Scheme - Small Cap Fund,2024-11-30,203.2306,2026-06-23T05:29:58.847318+00:00,https://api.mfapi.in/mf/125497
125497,HDFC Top 100 Direct,125497,SBI Small Cap Fund - Direct Plan - Growth,SBI Mutual Fund,Open Ended Schemes,Equity Scheme - Small Cap Fund,2024-11-29,203.2298,2026-06-23T05:29:58.847318+00:00,https://api.mfapi.in/mf/125497
125497,HDFC Top 100 Direct,125497,SBI Small Cap Fund - Direct Plan - Growth,SBI Mutual Fund,Open Ended Schemes,Equity Scheme - Small Cap Fund,2024-11-28,202.2046,2026-06-23T05:29:58.847318+00:00,https://api.mfapi.in/mf/125497
125497,HDFC Top 100 Direct,125497,SBI Small Cap Fund - Direct Plan - Growth,SBI Mutual Fund,Open Ended Schemes,Equity Scheme - Small Cap Fund,2024-11-27,202.2303,2026-06-23T05:29:58.847318+00:00,https://api.mfapi.in/mf/125497
125497,HDFC Top 100 Direct,125497,SBI Small Cap Fund - Direct Plan - Growth,SBI Mutual Fund,Open Ended Schemes,Equity Scheme - Small Cap Fund,2024-11-26,201.5981,2026-06-23T05:29:58.847318+00:00,https://api.mfapi.in/mf/125497
125497,HDFC Top 100 Direct,125497,SBI Small Cap Fund - Direct Plan - Growth,SBI Mutual Fund,Open Ended Schemes,Equity Scheme - Small Cap Fund,2024-11-25,201.2427,2026-06-23T05:29:58.847318+00:00,https://api.mfapi.in/mf/125497
125497,HDFC Top 100 Direct,125497,SBI Small Cap Fund - Direct Plan - Growth,SBI Mutual Fund,Open Ended Schemes,Equity Scheme - Small Cap Fund,2024-11-22,196.9679,2026-06-23T05:29:58.847318+00:00,https://api.mfapi.in/mf/125497
125497,HDFC Top 100 Direct,125497,SBI Small Cap Fund - Direct Plan - Growth,SBI Mutual Fund,Open Ended Schemes,Equity Scheme - Small Cap Fund,2024-11-21,196.0174,2026-06-23T05:29:58.847318+00:00,https://api.mfapi.in/mf/125497
125497,HDFC Top 100 Direct,125497,SBI Small Cap Fund - Direct Plan - Growth,SBI Mutual Fund,Open Ended Schemes,Equity Scheme - Small Cap Fund,2024-11-19,196.9149,2026-06-23T05:29:58.847318+00:00,https://api.mfapi.in/mf/125497
125497,HDFC Top 100 Direct,125497,SBI Small Cap Fund - Direct Plan - Growth,SBI Mutual Fund,Open Ended Schemes,Equity Scheme - Small Cap Fund,2024-11-18,194.9632,2026-06-23T05:29:58.847318+00:00,https://api.mfapi.in/mf/125497
125497,HDFC Top 100 Direct,125497,SBI Small Cap Fund - Direct Plan - Growth,SBI Mutual Fund,Open Ended Schemes,Equity Scheme - Small Cap Fund,2024-11-14,195.8825,2026-06-23T05:29:58.847318+00:00,https://api.mfapi.in/mf/125497
125497,HDFC Top 100 Direct,125497,SBI Small Cap Fund - Direct Plan - Growth,SBI Mutual Fund,Open Ended Schemes,Equity Scheme - Small Cap Fund,2024-11-13,194.6035,2026-06-23T05:29:58.847318+00:00,https://api.mfapi.in/mf/125497
125497,HDFC Top 100 Direct,125497,SBI Small Cap Fund - Direct Plan - Growth,SBI Mutual Fund,Open Ended Schemes,Equity Scheme - Small Cap Fund,2024-11-12,198.665,2026-06-23T05:29:58.847318+00:00,https://api.mfapi.in/mf/125497
125497,HDFC Top 100 Direct,125497,SBI Small Cap Fund - Direct Plan - Growth,SBI Mutual Fund,Open Ended Schemes,Equity Scheme - Small Cap Fund,2024-11-11,201.1783,2026-06-23T05:29:58.847318+00:00,https://api.mfapi.in/mf/125497
125497,HDFC Top 100 Direct,125497,SBI Small Cap Fund - Direct Plan - Growth,SBI Mutual Fund,Open Ended Schemes,Equity Scheme - Small Cap Fund,2024-11-08,202.8558,2026-06-23T05:29:58.847318+00:00,https://api.mfapi.in/mf/125497
125497,HDFC Top 100 Direct,125497,SBI Small Cap Fund - Direct Plan - Growth,SBI Mutual Fund,Open Ended Schemes,Equity Scheme - Small Cap Fund,2024-11-07,204.9185,2026-06-23T05:29:58.847318+00:00,https://api.mfapi.in/mf/125497
125497,HDFC Top 100 Direct,125497,SBI Small Cap Fund - Direct Plan - Growth,SBI Mutual Fund,Open Ended Schemes,Equity Scheme - Small Cap Fund,2024-11-06,205.5932,2026-06-23T05:29:58.847318+00:00,https://api.mfapi.in/mf/125497
125497,HDFC Top 100 Direct,125497,SBI Small Cap Fund - Direct Plan - Growth,SBI Mutual Fund,Open Ended Schemes,Equity Scheme - Small Cap Fund,2024-11-05,203.8845,2026-06-23T05:29:58.847318+00:00,https://api.mfapi.in/mf/125497
125497,HDFC Top 100 Direct,125497,SBI Small Cap Fund - Direct Plan - Growth,SBI Mutual Fund,Open Ended Schemes,Equity Scheme - Small Cap Fund,2024-11-04,204.1821,2026-06-23T05:29:58.847318+00:00,https://api.mfapi.in/mf/125497
125497,HDFC Top 100 Direct,125497,SBI Small Cap Fund - Direct Plan - Growth,SBI Mutual Fund,Open Ended Schemes,Equity Scheme - Small Cap Fund,2024-10-31,204.7065,2026-06-23T05:29:58.847318+00:00,https://api.mfapi.in/mf/125497
125497,HDFC Top 100 Direct,125497,SBI Small Cap Fund - Direct Plan - Growth,SBI Mutual Fund,Open Ended Schemes,Equity Scheme - Small Cap Fund,2024-10-30,201.17,2026-06-23T05:29:58.847318+00:00,https://api.mfapi.in/mf/125497
125497,HDFC Top 100 Direct,125497,SBI Small Cap Fund - Direct Plan - Growth,SBI Mutual Fund,Open Ended Schemes,Equity Scheme - Small Cap Fund,2024-10-29,199.6621,2026-06-23T05:29:58.847318+00:00,https://api.mfapi.in/mf/125497
125497,HDFC Top 100 Direct,125497,SBI Small Cap Fund - Direct Plan - Growth,SBI Mutual Fund,Open Ended Schemes,Equity Scheme - Small Cap Fund,2024-10-28,198.762,2026-06-23T05:29:58.847318+00:00,https://api.mfapi.in/mf/125497
125497,HDFC Top 100 Direct,125497,SBI Small Cap Fund - Direct Plan - Growth,SBI Mutual Fund,Open Ended Schemes,Equity Scheme - Small Cap Fund,2024-10-25,199.0257,2026-06-23T05:29:58.847318+00:00,https://api.mfapi.in/mf/125497
125497,HDFC Top 100 Direct,125497,SBI Small Cap Fund - Direct Plan - Growth,SBI Mutual Fund,Open Ended Schemes,Equity Scheme - Small Cap Fund,2024-10-24,202.3794,2026-06-23T05:29:58.847318+00:00,https://api.mfapi.in/mf/125497
125497,HDFC Top 100 Direct,125497,SBI Small Cap Fund - Direct Plan - Growth,SBI Mutual Fund,Open Ended Schemes,Equity Scheme - Small Cap Fund,2024-10-23,204.1604,2026-06-23T05:29:58.847318+00:00,https://api.mfapi.in/mf/125497
125497,HDFC Top 100 Direct,125497,SBI Small Cap Fund - Direct Plan - Growth,SBI Mutual Fund,Open Ended Schemes,Equity Scheme - Small Cap Fund,2024-10-22,204.119,2026-06-23T05:29:58.847318+00:00,https://api.mfapi.in/mf/125497
125497,HDFC Top 100 Direct,125497,SBI Small Cap Fund - Direct Plan - Growth,SBI Mutual Fund,Open Ended Schemes,Equity Scheme - Small Cap Fund,2024-10-21,209.1812,2026-06-23T05:29:58.847318+00:00,https://api.mfapi.in/mf/125497
125497,HDFC Top 100 Direct,125497,SBI Small Cap Fund - Direct Plan - Growth,SBI Mutual Fund,Open Ended Schemes,Equity Scheme - Small Cap Fund,2024-10-18,212.4258,2026-06-23T05:29:58.847318+00:00,https://api.mfapi.in/mf/125497
125497,HDFC Top 100 Direct,125497,SBI Small Cap Fund - Direct Plan - Growth,SBI Mutual Fund,Open Ended Schemes,Equity Scheme - Small Cap Fund,2024-10-17,212.5836,2026-06-23T05:29:58.847318+00:00,https://api.mfapi.in/mf/125497
125497,HDFC Top 100 Direct,125497,SBI Small Cap Fund - Direct Plan - Growth,SBI Mutual Fund,Open Ended Schemes,Equity Scheme - Small Cap Fund,2024-10-16,214.6138,2026-06-23T05:29:58.847318+00:00,https://api.mfapi.in/mf/125497
125497,HDFC Top 100 Direct,125497,SBI Small Cap Fund - Direct Plan - Growth,SBI Mutual Fund,Open Ended Schemes,Equity Scheme - Small Cap Fund,2024-10-15,214.6767,2026-06-23T05:29:58.847318+00:00,https://api.mfapi.in/mf/125497
125497,HDFC Top 100 Direct,125497,SBI Small Cap Fund - Direct Plan - Growth,SBI Mutual Fund,Open Ended Schemes,Equity Scheme - Small Cap Fund,2024-10-14,212.7061,2026-06-23T05:29:58.847318+00:00,https://api.mfapi.in/mf/125497
125497,HDFC Top 100 Direct,125497,SBI Small Cap Fund - Direct Plan - Growth,SBI Mutual Fund,Open Ended Schemes,Equity Scheme - Small Cap Fund,2024-10-11,211.8682,2026-06-23T05:29:58.847318+00:00,https://api.mfapi.in/mf/125497
125497,HDFC Top 100 Direct,125497,SBI Small Cap Fund - Direct Plan - Growth,SBI Mutual Fund,Open Ended Schemes,Equity Scheme - Small Cap Fund,2024-10-10,211.2075,2026-06-23T05:29:58.847318+00:00,https://api.mfapi.in/mf/125497
125497,HDFC Top 100 Direct,125497,SBI Small Cap Fund - Direct Plan - Growth,SBI Mutual Fund,Open Ended Schemes,Equity Scheme - Small Cap Fund,2024-10-09,211.4618,2026-06-23T05:29:58.847318+00:00,https://api.mfapi.in/mf/125497
125497,HDFC Top 100 Direct,125497,SBI Small Cap Fund - Direct Plan - Growth,SBI Mutual Fund,Open Ended Schemes,Equity Scheme - Small Cap Fund,2024-10-08,209.7125,2026-06-23T05:29:58.847318+00:00,https://api.mfapi.in/mf/125497
125497,HDFC Top 100 Direct,125497,SBI Small Cap Fund - Direct Plan - Growth,SBI Mutual Fund,Open Ended Schemes,Equity Scheme - Small Cap Fund,2024-10-07,205.9307,2026-06-23T05:29:58.847318+00:00,https://api.mfapi.in/mf/125497
125497,HDFC Top 100 Direct,125497,SBI Small Cap Fund - Direct Plan - Growth,SBI Mutual Fund,Open Ended Schemes,Equity Scheme - Small Cap Fund,2024-10-04,210.645,2026-06-23T05:29:58.847318+00:00,https://api.mfapi.in/mf/125497
125497,HDFC Top 100 Direct,125497,SBI Small Cap Fund - Direct Plan - Growth,SBI Mutual Fund,Open Ended Schemes,Equity Scheme - Small Cap Fund,2024-10-03,211.1073,2026-06-23T05:29:58.847318+00:00,https://api.mfapi.in/mf/125497
125497,HDFC Top 100 Direct,125497,SBI Small Cap Fund - Direct Plan - Growth,SBI Mutual Fund,Open Ended Schemes,Equity Scheme - Small Cap Fund,2024-10-01,214.2759,2026-06-23T05:29:58.847318+00:00,https://api.mfapi.in/mf/125497
125497,HDFC Top 100 Direct,125497,SBI Small Cap Fund - Direct Plan - Growth,SBI Mutual Fund,Open Ended Schemes,Equity Scheme - Small Cap Fund,2024-09-30,213.8541,2026-06-23T05:29:58.847318+00:00,https://api.mfapi.in/mf/125497
125497,HDFC Top 100 Direct,125497,SBI Small Cap Fund - Direct Plan - Growth,SBI Mutual Fund,Open Ended Schemes,Equity Scheme - Small Cap Fund,2024-09-27,213.8245,2026-06-23T05:29:58.847318+00:00,https://api.mfapi.in/mf/125497
125497,HDFC Top 100 Direct,125497,SBI Small Cap Fund - Direct Plan - Growth,SBI Mutual Fund,Open Ended Schemes,Equity Scheme - Small Cap Fund,2024-09-26,212.393,2026-06-23T05:29:58.847318+00:00,https://api.mfapi.in/mf/125497
125497,HDFC Top 100 Direct,125497,SBI Small Cap Fund - Direct Plan - Growth,SBI Mutual Fund,Open Ended Schemes,Equity Scheme - Small Cap Fund,2024-09-25,213.2071,2026-06-23T05:29:58.847318+00:00,https://api.mfapi.in/mf/125497
125497,HDFC Top 100 Direct,125497,SBI Small Cap Fund - Direct Plan - Growth,SBI Mutual Fund,Open Ended Schemes,Equity Scheme - Small Cap Fund,2024-09-24,212.9454,2026-06-23T05:29:58.847318+00:00,https://api.mfapi.in/mf/125497
125497,HDFC Top 100 Direct,125497,SBI Small Cap Fund - Direct Plan - Growth,SBI Mutual Fund,Open Ended Schemes,Equity Scheme - Small Cap Fund,2024-09-23,213.6607,2026-06-23T05:29:58.847318+00:00,https://api.mfapi.in/mf/125497
125497,HDFC Top 100 Direct,125497,SBI Small Cap Fund - Direct Plan - Growth,SBI Mutual Fund,Open Ended Schemes,Equity Scheme - Small Cap Fund,2024-09-20,212.0753,2026-06-23T05:29:58.847318+00:00,https://api.mfapi.in/mf/125497
125497,HDFC Top 100 Direct,125497,SBI Small Cap Fund - Direct Plan - Growth,SBI Mutual Fund,Open Ended Schemes,Equity Scheme - Small Cap Fund,2024-09-19,211.2903,2026-06-23T05:29:58.847318+00:00,https://api.mfapi.in/mf/125497
125497,HDFC Top 100 Direct,125497,SBI Small Cap Fund - Direct Plan - Growth,SBI Mutual Fund,Open Ended Schemes,Equity Scheme - Small Cap Fund,2024-09-18,212.1974,2026-06-23T05:29:58.847318+00:00,https://api.mfapi.in/mf/125497
125497,HDFC Top 100 Direct,125497,SBI Small Cap Fund - Direct Plan - Growth,SBI Mutual Fund,Open Ended Schemes,Equity Scheme - Small Cap Fund,2024-09-17,212.8713,2026-06-23T05:29:58.847318+00:00,https://api.mfapi.in/mf/125497
125497,HDFC Top 100 Direct,125497,SBI Small Cap Fund - Direct Plan - Growth,SBI Mutual Fund,Open Ended Schemes,Equity Scheme - Small Cap Fund,2024-09-16,213.118,2026-06-23T05:29:58.847318+00:00,https://api.mfapi.in/mf/125497
125497,HDFC Top 100 Direct,125497,SBI Small Cap Fund - Direct Plan - Growth,SBI Mutual Fund,Open Ended Schemes,Equity Scheme - Small Cap Fund,2024-09-13,212.6824,2026-06-23T05:29:58.847318+00:00,https://api.mfapi.in/mf/125497
125497,HDFC Top 100 Direct,125497,SBI Small Cap Fund - Direct Plan - Growth,SBI Mutual Fund,Open Ended Schemes,Equity Scheme - Small Cap Fund,2024-09-12,211.2842,2026-06-23T05:29:58.847318+00:00,https://api.mfapi.in/mf/125497
125497,HDFC Top 100 Direct,125497,SBI Small Cap Fund - Direct Plan - Growth,SBI Mutual Fund,Open Ended Schemes,Equity Scheme - Small Cap Fund,2024-09-11,210.1111,2026-06-23T05:29:58.847318+00:00,https://api.mfapi.in/mf/125497
125497,HDFC Top 100 Direct,125497,SBI Small Cap Fund - Direct Plan - Growth,SBI Mutual Fund,Open Ended Schemes,Equity Scheme - Small Cap Fund,2024-09-10,211.8353,2026-06-23T05:29:58.847318+00:00,https://api.mfapi.in/mf/125497
125497,HDFC Top 100 Direct,125497,SBI Small Cap Fund - Direct Plan - Growth,SBI Mutual Fund,Open Ended Schemes,Equity Scheme - Small Cap Fund,2024-09-09,208.709,2026-06-23T05:29:58.847318+00:00,https://api.mfapi.in/mf/125497
125497,HDFC Top 100 Direct,125497,SBI Small Cap Fund - Direct Plan - Growth,SBI Mutual Fund,Open Ended Schemes,Equity Scheme - Small Cap Fund,2024-09-06,209.5018,2026-06-23T05:29:58.847318+00:00,https://api.mfapi.in/mf/125497
125497,HDFC Top 100 Direct,125497,SBI Small Cap Fund - Direct Plan - Growth,SBI Mutual Fund,Open Ended Schemes,Equity Scheme - Small Cap Fund,2024-09-05,210.0836,2026-06-23T05:29:58.847318+00:00,https://api.mfapi.in/mf/125497
125497,HDFC Top 100 Direct,125497,SBI Small Cap Fund - Direct Plan - Growth,SBI Mutual Fund,Open Ended Schemes,Equity Scheme - Small Cap Fund,2024-09-04,208.9043,2026-06-23T05:29:58.847318+00:00,https://api.mfapi.in/mf/125497
125497,HDFC Top 100 Direct,125497,SBI Small Cap Fund - Direct Plan - Growth,SBI Mutual Fund,Open Ended Schemes,Equity Scheme - Small Cap Fund,2024-09-03,209.171,2026-06-23T05:29:58.847318+00:00,https://api.mfapi.in/mf/125497
125497,HDFC Top 100 Direct,125497,SBI Small Cap Fund - Direct Plan - Growth,SBI Mutual Fund,Open Ended Schemes,Equity Scheme - Small Cap Fund,2024-09-02,208.3113,2026-06-23T05:29:58.847318+00:00,https://api.mfapi.in/mf/125497
125497,HDFC Top 100 Direct,125497,SBI Small Cap Fund - Direct Plan - Growth,SBI Mutual Fund,Open Ended Schemes,Equity Scheme - Small Cap Fund,2024-08-31,208.4167,2026-06-23T05:29:58.847318+00:00,https://api.mfapi.in/mf/125497
125497,HDFC Top 100 Direct,125497,SBI Small Cap Fund - Direct Plan - Growth,SBI Mutual Fund,Open Ended Schemes,Equity Scheme - Small Cap Fund,2024-08-30,208.4168,2026-06-23T05:29:58.847318+00:00,https://api.mfapi.in/mf/125497
125497,HDFC Top 100 Direct,125497,SBI Small Cap Fund - Direct Plan - Growth,SBI Mutual Fund,Open Ended Schemes,Equity Scheme - Small Cap Fund,2024-08-29,207.0499,2026-06-23T05:29:58.847318+00:00,https://api.mfapi.in/mf/125497
125497,HDFC Top 100 Direct,125497,SBI Small Cap Fund - Direct Plan - Growth,SBI Mutual Fund,Open Ended Schemes,Equity Scheme - Small Cap Fund,2024-08-28,207.8987,2026-06-23T05:29:58.847318+00:00,https://api.mfapi.in/mf/125497
125497,HDFC Top 100 Direct,125497,SBI Small Cap Fund - Direct Plan - Growth,SBI Mutual Fund,Open Ended Schemes,Equity Scheme - Small Cap Fund,2024-08-27,207.4904,2026-06-23T05:29:58.847318+00:00,https://api.mfapi.in/mf/125497
125497,HDFC Top 100 Direct,125497,SBI Small Cap Fund - Direct Plan - Growth,SBI Mutual Fund,Open Ended Schemes,Equity Scheme - Small Cap Fund,2024-08-26,206.7864,2026-06-23T05:29:58.847318+00:00,https://api.mfapi.in/mf/125497
125497,HDFC Top 100 Direct,125497,SBI Small Cap Fund - Direct Plan - Growth,SBI Mutual Fund,Open Ended Schemes,Equity Scheme - Small Cap Fund,2024-08-23,206.3889,2026-06-23T05:29:58.847318+00:00,https://api.mfapi.in/mf/125497
125497,HDFC Top 100 Direct,125497,SBI Small Cap Fund - Direct Plan - Growth,SBI Mutual Fund,Open Ended Schemes,Equity Scheme - Small Cap Fund,2024-08-22,206.1419,2026-06-23T05:29:58.847318+00:00,https://api.mfapi.in/mf/125497
125497,HDFC Top 100 Direct,125497,SBI Small Cap Fund - Direct Plan - Growth,SBI Mutual Fund,Open Ended Schemes,Equity Scheme - Small Cap Fund,2024-08-21,205.6904,2026-06-23T05:29:58.847318+00:00,https://api.mfapi.in/mf/125497
125497,HDFC Top 100 Direct,125497,SBI Small Cap Fund - Direct Plan - Growth,SBI Mutual Fund,Open Ended Schemes,Equity Scheme - Small Cap Fund,2024-08-20,204.2778,2026-06-23T05:29:58.847318+00:00,https://api.mfapi.in/mf/125497
125497,HDFC Top 100 Direct,125497,SBI Small Cap Fund - Direct Plan - Growth,SBI Mutual Fund,Open Ended Schemes,Equity Scheme - Small Cap Fund,2024-08-19,204.1016,2026-06-23T05:29:58.847318+00:00,https://api.mfapi.in/mf/125497
125497,HDFC Top 100 Direct,125497,SBI Small Cap Fund - Direct Plan - Growth,SBI Mutual Fund,Open Ended Schemes,Equity Scheme - Small Cap Fund,2024-08-16,202.8471,2026-06-23T05:29:58.847318+00:00,https://api.mfapi.in/mf/125497
125497,HDFC Top 100 Direct,125497,SBI Small Cap Fund - Direct Plan - Growth,SBI Mutual Fund,Open Ended Schemes,Equity Scheme - Small Cap Fund,2024-08-14,200.5532,2026-06-23T05:29:58.847318+00:00,https://api.mfapi.in/mf/125497
125497,HDFC Top 100 Direct,125497,SBI Small Cap Fund - Direct Plan - Growth,SBI Mutual Fund,Open Ended Schemes,Equity Scheme - Small Cap Fund,2024-08-13,201.6101,2026-06-23T05:29:58.847318+00:00,https://api.mfapi.in/mf/125497
125497,HDFC Top 100 Direct,125497,SBI Small Cap Fund - Direct Plan - Growth,SBI Mutual Fund,Open Ended Schemes,Equity Scheme - Small Cap Fund,2024-08-12,202.1742,2026-06-23T05:29:58.847318+00:00,https://api.mfapi.in/mf/125497
125497,HDFC Top 100 Direct,125497,SBI Small Cap Fund - Direct Plan - Growth,SBI Mutual Fund,Open Ended Schemes,Equity Scheme - Small Cap Fund,2024-08-09,201.5699,2026-06-23T05:29:58.847318+00:00,https://api.mfapi.in/mf/125497
125497,HDFC Top 100 Direct,125497,SBI Small Cap Fund - Direct Plan - Growth,SBI Mutual Fund,Open Ended Schemes,Equity Scheme - Small Cap Fund,2024-08-08,201.0925,2026-06-23T05:29:58.847318+00:00,https://api.mfapi.in/mf/125497
125497,HDFC Top 100 Direct,125497,SBI Small Cap Fund - Direct Plan - Growth,SBI Mutual Fund,Open Ended Schemes,Equity Scheme - Small Cap Fund,2024-08-07,202.0034,2026-06-23T05:29:58.847318+00:00,https://api.mfapi.in/mf/125497
125497,HDFC Top 100 Direct,125497,SBI Small Cap Fund - Direct Plan - Growth,SBI Mutual Fund,Open Ended Schemes,Equity Scheme - Small Cap Fund,2024-08-06,199.0114,2026-06-23T05:29:58.847318+00:00,https://api.mfapi.in/mf/125497
125497,HDFC Top 100 Direct,125497,SBI Small Cap Fund - Direct Plan - Growth,SBI Mutual Fund,Open Ended Schemes,Equity Scheme - Small Cap Fund,2024-08-05,199.5619,2026-06-23T05:29:58.847318+00:00,https://api.mfapi.in/mf/125497
125497,HDFC Top 100 Direct,125497,SBI Small Cap Fund - Direct Plan - Growth,SBI Mutual Fund,Open Ended Schemes,Equity Scheme - Small Cap Fund,2024-08-02,206.2035,2026-06-23T05:29:58.847318+00:00,https://api.mfapi.in/mf/125497
125497,HDFC Top 100 Direct,125497,SBI Small Cap Fund - Direct Plan - Growth,SBI Mutual Fund,Open Ended Schemes,Equity Scheme - Small Cap Fund,2024-08-01,207.8403,2026-06-23T05:29:58.847318+00:00,https://api.mfapi.in/mf/125497
125497,HDFC Top 100 Direct,125497,SBI Small Cap Fund - Direct Plan - Growth,SBI Mutual Fund,Open Ended Schemes,Equity Scheme - Small Cap Fund,2024-07-31,208.4358,2026-06-23T05:29:58.847318+00:00,https://api.mfapi.in/mf/125497
125497,HDFC Top 100 Direct,125497,SBI Small Cap Fund - Direct Plan - Growth,SBI Mutual Fund,Open Ended Schemes,Equity Scheme - Small Cap Fund,2024-07-30,208.6912,2026-06-23T05:29:58.847318+00:00,https://api.mfapi.in/mf/125497
125497,HDFC Top 100 Direct,125497,SBI Small Cap Fund - Direct Plan - Growth,SBI Mutual Fund,Open Ended Schemes,Equity Scheme - Small Cap Fund,2024-07-29,208.2548,2026-06-23T05:29:58.847318+00:00,https://api.mfapi.in/mf/125497
125497,HDFC Top 100 Direct,125497,SBI Small Cap Fund - Direct Plan - Growth,SBI Mutual Fund,Open Ended Schemes,Equity Scheme - Small Cap Fund,2024-07-26,205.4205,2026-06-23T05:29:58.847318+00:00,https://api.mfapi.in/mf/125497
125497,HDFC Top 100 Direct,125497,SBI Small Cap Fund - Direct Plan - Growth,SBI Mutual Fund,Open Ended Schemes,Equity Scheme - Small Cap Fund,2024-07-25,203.7419,2026-06-23T05:29:58.847318+00:00,https://api.mfapi.in/mf/125497
125497,HDFC Top 100 Direct,125497,SBI Small Cap Fund - Direct Plan - Growth,SBI Mutual Fund,Open Ended Schemes,Equity Scheme - Small Cap Fund,2024-07-24,204.4677,2026-06-23T05:29:58.847318+00:00,https://api.mfapi.in/mf/125497
125497,HDFC Top 100 Direct,125497,SBI Small Cap Fund - Direct Plan - Growth,SBI Mutual Fund,Open Ended Schemes,Equity Scheme - Small Cap Fund,2024-07-23,201.7018,2026-06-23T05:29:58.847318+00:00,https://api.mfapi.in/mf/125497
125497,HDFC Top 100 Direct,125497,SBI Small Cap Fund - Direct Plan - Growth,SBI Mutual Fund,Open Ended Schemes,Equity Scheme - Small Cap Fund,2024-07-22,202.0355,2026-06-23T05:29:58.847318+00:00,https://api.mfapi.in/mf/125497
125497,HDFC Top 100 Direct,125497,SBI Small Cap Fund - Direct Plan - Growth,SBI Mutual Fund,Open Ended Schemes,Equity Scheme - Small Cap Fund,2024-07-19,200.7347,2026-06-23T05:29:58.847318+00:00,https://api.mfapi.in/mf/125497
125497,HDFC Top 100 Direct,125497,SBI Small Cap Fund - Direct Plan - Growth,SBI Mutual Fund,Open Ended Schemes,Equity Scheme - Small Cap Fund,2024-07-18,203.6047,2026-06-23T05:29:58.847318+00:00,https://api.mfapi.in/mf/125497
125497,HDFC Top 100 Direct,125497,SBI Small Cap Fund - Direct Plan - Growth,SBI Mutual Fund,Open Ended Schemes,Equity Scheme - Small Cap Fund,2024-07-16,204.6439,2026-06-23T05:29:58.847318+00:00,https://api.mfapi.in/mf/125497
125497,HDFC Top 100 Direct,125497,SBI Small Cap Fund - Direct Plan - Growth,SBI Mutual Fund,Open Ended Schemes,Equity Scheme - Small Cap Fund,2024-07-15,204.2651,2026-06-23T05:29:58.847318+00:00,https://api.mfapi.in/mf/125497
125497,HDFC Top 100 Direct,125497,SBI Small Cap Fund - Direct Plan - Growth,SBI Mutual Fund,Open Ended Schemes,Equity Scheme - Small Cap Fund,2024-07-12,204.3766,2026-06-23T05:29:58.847318+00:00,https://api.mfapi.in/mf/125497
125497,HDFC Top 100 Direct,125497,SBI Small Cap Fund - Direct Plan - Growth,SBI Mutual Fund,Open Ended Schemes,Equity Scheme - Small Cap Fund,2024-07-11,205.3326,2026-06-23T05:29:58.847318+00:00,https://api.mfapi.in/mf/125497
125497,HDFC Top 100 Direct,125497,SBI Small Cap Fund - Direct Plan - Growth,SBI Mutual Fund,Open Ended Schemes,Equity Scheme - Small Cap Fund,2024-07-10,204.005,2026-06-23T05:29:58.847318+00:00,https://api.mfapi.in/mf/125497
125497,HDFC Top 100 Direct,125497,SBI Small Cap Fund - Direct Plan - Growth,SBI Mutual Fund,Open Ended Schemes,Equity Scheme - Small Cap Fund,2024-07-09,204.7434,2026-06-23T05:29:58.847318+00:00,https://api.mfapi.in/mf/125497
125497,HDFC Top 100 Direct,125497,SBI Small Cap Fund - Direct Plan - Growth,SBI Mutual Fund,Open Ended Schemes,Equity Scheme - Small Cap Fund,2024-07-08,203.9505,2026-06-23T05:29:58.847318+00:00,https://api.mfapi.in/mf/125497
125497,HDFC Top 100 Direct,125497,SBI Small Cap Fund - Direct Plan - Growth,SBI Mutual Fund,Open Ended Schemes,Equity Scheme - Small Cap Fund,2024-07-05,204.8921,2026-06-23T05:29:58.847318+00:00,https://api.mfapi.in/mf/125497
125497,HDFC Top 100 Direct,125497,SBI Small Cap Fund - Direct Plan - Growth,SBI Mutual Fund,Open Ended Schemes,Equity Scheme - Small Cap Fund,2024-07-04,203.5723,2026-06-23T05:29:58.847318+00:00,https://api.mfapi.in/mf/125497
125497,HDFC Top 100 Direct,125497,SBI Small Cap Fund - Direct Plan - Growth,SBI Mutual Fund,Open Ended Schemes,Equity Scheme - Small Cap Fund,2024-07-03,202.9049,2026-06-23T05:29:58.847318+00:00,https://api.mfapi.in/mf/125497
125497,HDFC Top 100 Direct,125497,SBI Small Cap Fund - Direct Plan - Growth,SBI Mutual Fund,Open Ended Schemes,Equity Scheme - Small Cap Fund,2024-07-02,200.5912,2026-06-23T05:29:58.847318+00:00,https://api.mfapi.in/mf/125497
125497,HDFC Top 100 Direct,125497,SBI Small Cap Fund - Direct Plan - Growth,SBI Mutual Fund,Open Ended Schemes,Equity Scheme - Small Cap Fund,2024-07-01,200.4556,2026-06-23T05:29:58.847318+00:00,https://api.mfapi.in/mf/125497
125497,HDFC Top 100 Direct,125497,SBI Small Cap Fund - Direct Plan - Growth,SBI Mutual Fund,Open Ended Schemes,Equity Scheme - Small Cap Fund,2024-06-30,197.8755,2026-06-23T05:29:58.847318+00:00,https://api.mfapi.in/mf/125497
125497,HDFC Top 100 Direct,125497,SBI Small Cap Fund - Direct Plan - Growth,SBI Mutual Fund,Open Ended Schemes,Equity Scheme - Small Cap Fund,2024-06-28,197.8746,2026-06-23T05:29:58.847318+00:00,https://api.mfapi.in/mf/125497
125497,HDFC Top 100 Direct,125497,SBI Small Cap Fund - Direct Plan - Growth,SBI Mutual Fund,Open Ended Schemes,Equity Scheme - Small Cap Fund,2024-06-27,197.541,2026-06-23T05:29:58.847318+00:00,https://api.mfapi.in/mf/125497
125497,HDFC Top 100 Direct,125497,SBI Small Cap Fund - Direct Plan - Growth,SBI Mutual Fund,Open Ended Schemes,Equity Scheme - Small Cap Fund,2024-06-26,198.6826,2026-06-23T05:29:58.847318+00:00,https://api.mfapi.in/mf/125497
125497,HDFC Top 100 Direct,125497,SBI Small Cap Fund - Direct Plan - Growth,SBI Mutual Fund,Open Ended Schemes,Equity Scheme - Small Cap Fund,2024-06-25,199.2888,2026-06-23T05:29:58.847318+00:00,https://api.mfapi.in/mf/125497
125497,HDFC Top 100 Direct,125497,SBI Small Cap Fund - Direct Plan - Growth,SBI Mutual Fund,Open Ended Schemes,Equity Scheme - Small Cap Fund,2024-06-24,198.9645,2026-06-23T05:29:58.847318+00:00,https://api.mfapi.in/mf/125497
125497,HDFC Top 100 Direct,125497,SBI Small Cap Fund - Direct Plan - Growth,SBI Mutual Fund,Open Ended Schemes,Equity Scheme - Small Cap Fund,2024-06-21,198.8453,2026-06-23T05:29:58.847318+00:00,https://api.mfapi.in/mf/125497
125497,HDFC Top 100 Direct,125497,SBI Small Cap Fund - Direct Plan - Growth,SBI Mutual Fund,Open Ended Schemes,Equity Scheme - Small Cap Fund,2024-06-20,198.7321,2026-06-23T05:29:58.847318+00:00,https://api.mfapi.in/mf/125497
125497,HDFC Top 100 Direct,125497,SBI Small Cap Fund - Direct Plan - Growth,SBI Mutual Fund,Open Ended Schemes,Equity Scheme - Small Cap Fund,2024-06-19,197.8645,2026-06-23T05:29:58.847318+00:00,https://api.mfapi.in/mf/125497
125497,HDFC Top 100 Direct,125497,SBI Small Cap Fund - Direct Plan - Growth,SBI Mutual Fund,Open Ended Schemes,Equity Scheme - Small Cap Fund,2024-06-18,198.2516,2026-06-23T05:29:58.847318+00:00,https://api.mfapi.in/mf/125497
125497,HDFC Top 100 Direct,125497,SBI Small Cap Fund - Direct Plan - Growth,SBI Mutual Fund,Open Ended Schemes,Equity Scheme - Small Cap Fund,2024-06-14,198.1281,2026-06-23T05:29:58.847318+00:00,https://api.mfapi.in/mf/125497
125497,HDFC Top 100 Direct,125497,SBI Small Cap Fund - Direct Plan - Growth,SBI Mutual Fund,Open Ended Schemes,Equity Scheme - Small Cap Fund,2024-06-13,196.4383,2026-06-23T05:29:58.847318+00:00,https://api.mfapi.in/mf/125497
125497,HDFC Top 100 Direct,125497,SBI Small Cap Fund - Direct Plan - Growth,SBI Mutual Fund,Open Ended Schemes,Equity Scheme - Small Cap Fund,2024-06-12,195.4415,2026-06-23T05:29:58.847318+00:00,https://api.mfapi.in/mf/125497
125497,HDFC Top 100 Direct,125497,SBI Small Cap Fund - Direct Plan - Growth,SBI Mutual Fund,Open Ended Schemes,Equity Scheme - Small Cap Fund,2024-06-11,193.7358,2026-06-23T05:29:58.847318+00:00,https://api.mfapi.in/mf/125497
125497,HDFC Top 100 Direct,125497,SBI Small Cap Fund - Direct Plan - Growth,SBI Mutual Fund,Open Ended Schemes,Equity Scheme - Small Cap Fund,2024-06-10,192.3518,2026-06-23T05:29:58.847318+00:00,https://api.mfapi.in/mf/125497
125497,HDFC Top 100 Direct,125497,SBI Small Cap Fund - Direct Plan - Growth,SBI Mutual Fund,Open Ended Schemes,Equity Scheme - Small Cap Fund,2024-06-07,189.5698,2026-06-23T05:29:58.847318+00:00,https://api.mfapi.in/mf/125497
125497,HDFC Top 100 Direct,125497,SBI Small Cap Fund - Direct Plan - Growth,SBI Mutual Fund,Open Ended Schemes,Equity Scheme - Small Cap Fund,2024-06-06,186.5083,2026-06-23T05:29:58.847318+00:00,https://api.mfapi.in/mf/125497
125497,HDFC Top 100 Direct,125497,SBI Small Cap Fund - Direct Plan - Growth,SBI Mutual Fund,Open Ended Schemes,Equity Scheme - Small Cap Fund,2024-06-05,183.0496,2026-06-23T05:29:58.847318+00:00,https://api.mfapi.in/mf/125497
125497,HDFC Top 100 Direct,125497,SBI Small Cap Fund - Direct Plan - Growth,SBI Mutual Fund,Open Ended Schemes,Equity Scheme - Small Cap Fund,2024-06-04,178.3591,2026-06-23T05:29:58.847318+00:00,https://api.mfapi.in/mf/125497
125497,HDFC Top 100 Direct,125497,SBI Small Cap Fund - Direct Plan - Growth,SBI Mutual Fund,Open Ended Schemes,Equity Scheme - Small Cap Fund,2024-06-03,186.9155,2026-06-23T05:29:58.847318+00:00,https://api.mfapi.in/mf/125497
125497,HDFC Top 100 Direct,125497,SBI Small Cap Fund - Direct Plan - Growth,SBI Mutual Fund,Open Ended Schemes,Equity Scheme - Small Cap Fund,2024-05-31,183.555,2026-06-23T05:29:58.847318+00:00,https://api.mfapi.in/mf/125497
125497,HDFC Top 100 Direct,125497,SBI Small Cap Fund - Direct Plan - Growth,SBI Mutual Fund,Open Ended Schemes,Equity Scheme - Small Cap Fund,2024-05-30,181.9907,2026-06-23T05:29:58.847318+00:00,https://api.mfapi.in/mf/125497
125497,HDFC Top 100 Direct,125497,SBI Small Cap Fund - Direct Plan - Growth,SBI Mutual Fund,Open Ended Schemes,Equity Scheme - Small Cap Fund,2024-05-29,183.9199,2026-06-23T05:29:58.847318+00:00,https://api.mfapi.in/mf/125497
125497,HDFC Top 100 Direct,125497,SBI Small Cap Fund - Direct Plan - Growth,SBI Mutual Fund,Open Ended Schemes,Equity Scheme - Small Cap Fund,2024-05-28,183.2963,2026-06-23T05:29:58.847318+00:00,https://api.mfapi.in/mf/125497
125497,HDFC Top 100 Direct,125497,SBI Small Cap Fund - Direct Plan - Growth,SBI Mutual Fund,Open Ended Schemes,Equity Scheme - Small Cap Fund,2024-05-27,183.9672,2026-06-23T05:29:58.847318+00:00,https://api.mfapi.in/mf/125497
125497,HDFC Top 100 Direct,125497,SBI Small Cap Fund - Direct Plan - Growth,SBI Mutual Fund,Open Ended Schemes,Equity Scheme - Small Cap Fund,2024-05-24,184.2296,2026-06-23T05:29:58.847318+00:00,https://api.mfapi.in/mf/125497
125497,HDFC Top 100 Direct,125497,SBI Small Cap Fund - Direct Plan - Growth,SBI Mutual Fund,Open Ended Schemes,Equity Scheme - Small Cap Fund,2024-05-23,184.8647,2026-06-23T05:29:58.847318+00:00,https://api.mfapi.in/mf/125497
125497,HDFC Top 100 Direct,125497,SBI Small Cap Fund - Direct Plan - Growth,SBI Mutual Fund,Open Ended Schemes,Equity Scheme - Small Cap Fund,2024-05-22,185.1718,2026-06-23T05:29:58.847318+00:00,https://api.mfapi.in/mf/125497
125497,HDFC Top 100 Direct,125497,SBI Small Cap Fund - Direct Plan - Growth,SBI Mutual Fund,Open Ended Schemes,Equity Scheme - Small Cap Fund,2024-05-21,184.7749,2026-06-23T05:29:58.847318+00:00,https://api.mfapi.in/mf/125497
125497,HDFC Top 100 Direct,125497,SBI Small Cap Fund - Direct Plan - Growth,SBI Mutual Fund,Open Ended Schemes,Equity Scheme - Small Cap Fund,2024-05-17,183.6697,2026-06-23T05:29:58.847318+00:00,https://api.mfapi.in/mf/125497
125497,HDFC Top 100 Direct,125497,SBI Small Cap Fund - Direct Plan - Growth,SBI Mutual Fund,Open Ended Schemes,Equity Scheme - Small Cap Fund,2024-05-16,181.9138,2026-06-23T05:29:58.847318+00:00,https://api.mfapi.in/mf/125497
125497,HDFC Top 100 Direct,125497,SBI Small Cap Fund - Direct Plan - Growth,SBI Mutual Fund,Open Ended Schemes,Equity Scheme - Small Cap Fund,2024-05-15,179.5407,2026-06-23T05:29:58.847318+00:00,https://api.mfapi.in/mf/125497
125497,HDFC Top 100 Direct,125497,SBI Small Cap Fund - Direct Plan - Growth,SBI Mutual Fund,Open Ended Schemes,Equity Scheme - Small Cap Fund,2024-05-14,177.7655,2026-06-23T05:29:58.847318+00:00,https://api.mfapi.in/mf/125497
125497,HDFC Top 100 Direct,125497,SBI Small Cap Fund - Direct Plan - Growth,SBI Mutual Fund,Open Ended Schemes,Equity Scheme - Small Cap Fund,2024-05-13,175.8048,2026-06-23T05:29:58.847318+00:00,https://api.mfapi.in/mf/125497
125497,HDFC Top 100 Direct,125497,SBI Small Cap Fund - Direct Plan - Growth,SBI Mutual Fund,Open Ended Schemes,Equity Scheme - Small Cap Fund,2024-05-10,175.7796,2026-06-23T05:29:58.847318+00:00,https://api.mfapi.in/mf/125497
125497,HDFC Top 100 Direct,125497,SBI Small Cap Fund - Direct Plan - Growth,SBI Mutual Fund,Open Ended Schemes,Equity Scheme - Small Cap Fund,2024-05-09,174.9782,2026-06-23T05:29:58.847318+00:00,https://api.mfapi.in/mf/125497
125497,HDFC Top 100 Direct,125497,SBI Small Cap Fund - Direct Plan - Growth,SBI Mutual Fund,Open Ended Schemes,Equity Scheme - Small Cap Fund,2024-05-08,179.0846,2026-06-23T05:29:58.847318+00:00,https://api.mfapi.in/mf/125497
125497,HDFC Top 100 Direct,125497,SBI Small Cap Fund - Direct Plan - Growth,SBI Mutual Fund,Open Ended Schemes,Equity Scheme - Small Cap Fund,2024-05-07,178.2565,2026-06-23T05:29:58.847318+00:00,https://api.mfapi.in/mf/125497
125497,HDFC Top 100 Direct,125497,SBI Small Cap Fund - Direct Plan - Growth,SBI Mutual Fund,Open Ended Schemes,Equity Scheme - Small Cap Fund,2024-05-06,179.8196,2026-06-23T05:29:58.847318+00:00,https://api.mfapi.in/mf/125497
125497,HDFC Top 100 Direct,125497,SBI Small Cap Fund - Direct Plan - Growth,SBI Mutual Fund,Open Ended Schemes,Equity Scheme - Small Cap Fund,2024-05-03,180.5829,2026-06-23T05:29:58.847318+00:00,https://api.mfapi.in/mf/125497
125497,HDFC Top 100 Direct,125497,SBI Small Cap Fund - Direct Plan - Growth,SBI Mutual Fund,Open Ended Schemes,Equity Scheme - Small Cap Fund,2024-05-02,181.828,2026-06-23T05:29:58.847318+00:00,https://api.mfapi.in/mf/125497
125497,HDFC Top 100 Direct,125497,SBI Small Cap Fund - Direct Plan - Growth,SBI Mutual Fund,Open Ended Schemes,Equity Scheme - Small Cap Fund,2024-04-30,181.4347,2026-06-23T05:29:58.847318+00:00,https://api.mfapi.in/mf/125497
125497,HDFC Top 100 Direct,125497,SBI Small Cap Fund - Direct Plan - Growth,SBI Mutual Fund,Open Ended Schemes,Equity Scheme - Small Cap Fund,2024-04-29,181.053,2026-06-23T05:29:58.847318+00:00,https://api.mfapi.in/mf/125497
125497,HDFC Top 100 Direct,125497,SBI Small Cap Fund - Direct Plan - Growth,SBI Mutual Fund,Open Ended Schemes,Equity Scheme - Small Cap Fund,2024-04-26,180.425,2026-06-23T05:29:58.847318+00:00,https://api.mfapi.in/mf/125497
125497,HDFC Top 100 Direct,125497,SBI Small Cap Fund - Direct Plan - Growth,SBI Mutual Fund,Open Ended Schemes,Equity Scheme - Small Cap Fund,2024-04-25,180.4345,2026-06-23T05:29:58.847318+00:00,https://api.mfapi.in/mf/125497
125497,HDFC Top 100 Direct,125497,SBI Small Cap Fund - Direct Plan - Growth,SBI Mutual Fund,Open Ended Schemes,Equity Scheme - Small Cap Fund,2024-04-24,179.5328,2026-06-23T05:29:58.847318+00:00,https://api.mfapi.in/mf/125497
125497,HDFC Top 100 Direct,125497,SBI Small Cap Fund - Direct Plan - Growth,SBI Mutual Fund,Open Ended Schemes,Equity Scheme - Small Cap Fund,2024-04-23,178.2084,2026-06-23T05:29:58.847318+00:00,https://api.mfapi.in/mf/125497
125497,HDFC Top 100 Direct,125497,SBI Small Cap Fund - Direct Plan - Growth,SBI Mutual Fund,Open Ended Schemes,Equity Scheme - Small Cap Fund,2024-04-22,177.2586,2026-06-23T05:29:58.847318+00:00,https://api.mfapi.in/mf/125497
125497,HDFC Top 100 Direct,125497,SBI Small Cap Fund - Direct Plan - Growth,SBI Mutual Fund,Open Ended Schemes,Equity Scheme - Small Cap Fund,2024-04-19,175.6445,2026-06-23T05:29:58.847318+00:00,https://api.mfapi.in/mf/125497
125497,HDFC Top 100 Direct,125497,SBI Small Cap Fund - Direct Plan - Growth,SBI Mutual Fund,Open Ended Schemes,Equity Scheme - Small Cap Fund,2024-04-18,174.7465,2026-06-23T05:29:58.847318+00:00,https://api.mfapi.in/mf/125497
125497,HDFC Top 100 Direct,125497,SBI Small Cap Fund - Direct Plan - Growth,SBI Mutual Fund,Open Ended Schemes,Equity Scheme - Small Cap Fund,2024-04-16,174.6419,2026-06-23T05:29:58.847318+00:00,https://api.mfapi.in/mf/125497
125497,HDFC Top 100 Direct,125497,SBI Small Cap Fund - Direct Plan - Growth,SBI Mutual Fund,Open Ended Schemes,Equity Scheme - Small Cap Fund,2024-04-15,174.1554,2026-06-23T05:29:58.847318+00:00,https://api.mfapi.in/mf/125497
125497,HDFC Top 100 Direct,125497,SBI Small Cap Fund - Direct Plan - Growth,SBI Mutual Fund,Open Ended Schemes,Equity Scheme - Small Cap Fund,2024-04-12,175.8047,2026-06-23T05:29:58.847318+00:00,https://api.mfapi.in/mf/125497
125497,HDFC Top 100 Direct,125497,SBI Small Cap Fund - Direct Plan - Growth,SBI Mutual Fund,Open Ended Schemes,Equity Scheme - Small Cap Fund,2024-04-10,176.9202,2026-06-23T05:29:58.847318+00:00,https://api.mfapi.in/mf/125497
125497,HDFC Top 100 Direct,125497,SBI Small Cap Fund - Direct Plan - Growth,SBI Mutual Fund,Open Ended Schemes,Equity Scheme - Small Cap Fund,2024-04-09,175.3061,2026-06-23T05:29:58.847318+00:00,https://api.mfapi.in/mf/125497
125497,HDFC Top 100 Direct,125497,SBI Small Cap Fund - Direct Plan - Growth,SBI Mutual Fund,Open Ended Schemes,Equity Scheme - Small Cap Fund,2024-04-08,175.5646,2026-06-23T05:29:58.847318+00:00,https://api.mfapi.in/mf/125497
125497,HDFC Top 100 Direct,125497,SBI Small Cap Fund - Direct Plan - Growth,SBI Mutual Fund,Open Ended Schemes,Equity Scheme - Small Cap Fund,2024-04-05,175.3538,2026-06-23T05:29:58.847318+00:00,https://api.mfapi.in/mf/125497
125497,HDFC Top 100 Direct,125497,SBI Small Cap Fund - Direct Plan - Growth,SBI Mutual Fund,Open Ended Schemes,Equity Scheme - Small Cap Fund,2024-04-04,174.6364,2026-06-23T05:29:58.847318+00:00,https://api.mfapi.in/mf/125497
125497,HDFC Top 100 Direct,125497,SBI Small Cap Fund - Direct Plan - Growth,SBI Mutual Fund,Open Ended Schemes,Equity Scheme - Small Cap Fund,2024-04-03,173.6926,2026-06-23T05:29:58.847318+00:00,https://api.mfapi.in/mf/125497
125497,HDFC Top 100 Direct,125497,SBI Small Cap Fund - Direct Plan - Growth,SBI Mutual Fund,Open Ended Schemes,Equity Scheme - Small Cap Fund,2024-04-02,172.3272,2026-06-23T05:29:58.847318+00:00,https://api.mfapi.in/mf/125497
125497,HDFC Top 100 Direct,125497,SBI Small Cap Fund - Direct Plan - Growth,SBI Mutual Fund,Open Ended Schemes,Equity Scheme - Small Cap Fund,2024-04-01,171.3184,2026-06-23T05:29:58.847318+00:00,https://api.mfapi.in/mf/125497
125497,HDFC Top 100 Direct,125497,SBI Small Cap Fund - Direct Plan - Growth,SBI Mutual Fund,Open Ended Schemes,Equity Scheme - Small Cap Fund,2024-03-31,167.8136,2026-06-23T05:29:58.847318+00:00,https://api.mfapi.in/mf/125497
125497,HDFC Top 100 Direct,125497,SBI Small Cap Fund - Direct Plan - Growth,SBI Mutual Fund,Open Ended Schemes,Equity Scheme - Small Cap Fund,2024-03-28,167.8139,2026-06-23T05:29:58.847318+00:00,https://api.mfapi.in/mf/125497
125497,HDFC Top 100 Direct,125497,SBI Small Cap Fund - Direct Plan - Growth,SBI Mutual Fund,Open Ended Schemes,Equity Scheme - Small Cap Fund,2024-03-27,167.1819,2026-06-23T05:29:58.847318+00:00,https://api.mfapi.in/mf/125497
125497,HDFC Top 100 Direct,125497,SBI Small Cap Fund - Direct Plan - Growth,SBI Mutual Fund,Open Ended Schemes,Equity Scheme - Small Cap Fund,2024-03-26,166.3844,2026-06-23T05:29:58.847318+00:00,https://api.mfapi.in/mf/125497
125497,HDFC Top 100 Direct,125497,SBI Small Cap Fund - Direct Plan - Growth,SBI Mutual Fund,Open Ended Schemes,Equity Scheme - Small Cap Fund,2024-03-22,166.5897,2026-06-23T05:29:58.847318+00:00,https://api.mfapi.in/mf/125497
125497,HDFC Top 100 Direct,125497,SBI Small Cap Fund - Direct Plan - Growth,SBI Mutual Fund,Open Ended Schemes,Equity Scheme - Small Cap Fund,2024-03-21,165.0148,2026-06-23T05:29:58.847318+00:00,https://api.mfapi.in/mf/125497
125497,HDFC Top 100 Direct,125497,SBI Small Cap Fund - Direct Plan - Growth,SBI Mutual Fund,Open Ended Schemes,Equity Scheme - Small Cap Fund,2024-03-20,162.0769,2026-06-23T05:29:58.847318+00:00,https://api.mfapi.in/mf/125497
125497,HDFC Top 100 Direct,125497,SBI Small Cap Fund - Direct Plan - Growth,SBI Mutual Fund,Open Ended Schemes,Equity Scheme - Small Cap Fund,2024-03-19,162.3885,2026-06-23T05:29:58.847318+00:00,https://api.mfapi.in/mf/125497
125497,HDFC Top 100 Direct,125497,SBI Small Cap Fund - Direct Plan - Growth,SBI Mutual Fund,Open Ended Schemes,Equity Scheme - Small Cap Fund,2024-03-18,163.1055,2026-06-23T05:29:58.847318+00:00,https://api.mfapi.in/mf/125497
125497,HDFC Top 100 Direct,125497,SBI Small Cap Fund - Direct Plan - Growth,SBI Mutual Fund,Open Ended Schemes,Equity Scheme - Small Cap Fund,2024-03-15,162.6157,2026-06-23T05:29:58.847318+00:00,https://api.mfapi.in/mf/125497
125497,HDFC Top 100 Direct,125497,SBI Small Cap Fund - Direct Plan - Growth,SBI Mutual Fund,Open Ended Schemes,Equity Scheme - Small Cap Fund,2024-03-14,162.5619,2026-06-23T05:29:58.847318+00:00,https://api.mfapi.in/mf/125497
125497,HDFC Top 100 Direct,125497,SBI Small Cap Fund - Direct Plan - Growth,SBI Mutual Fund,Open Ended Schemes,Equity Scheme - Small Cap Fund,2024-03-13,160.5835,2026-06-23T05:29:58.847318+00:00,https://api.mfapi.in/mf/125497
125497,HDFC Top 100 Direct,125497,SBI Small Cap Fund - Direct Plan - Growth,SBI Mutual Fund,Open Ended Schemes,Equity Scheme - Small Cap Fund,2024-03-12,166.2062,2026-06-23T05:29:58.847318+00:00,https://api.mfapi.in/mf/125497
125497,HDFC Top 100 Direct,125497,SBI Small Cap Fund - Direct Plan - Growth,SBI Mutual Fund,Open Ended Schemes,Equity Scheme - Small Cap Fund,2024-03-11,168.4794,2026-06-23T05:29:58.847318+00:00,https://api.mfapi.in/mf/125497
125497,HDFC Top 100 Direct,125497,SBI Small Cap Fund - Direct Plan - Growth,SBI Mutual Fund,Open Ended Schemes,Equity Scheme - Small Cap Fund,2024-03-07,169.9846,2026-06-23T05:29:58.847318+00:00,https://api.mfapi.in/mf/125497
125497,HDFC Top 100 Direct,125497,SBI Small Cap Fund - Direct Plan - Growth,SBI Mutual Fund,Open Ended Schemes,Equity Scheme - Small Cap Fund,2024-03-06,168.7803,2026-06-23T05:29:58.847318+00:00,https://api.mfapi.in/mf/125497
125497,HDFC Top 100 Direct,125497,SBI Small Cap Fund - Direct Plan - Growth,SBI Mutual Fund,Open Ended Schemes,Equity Scheme - Small Cap Fund,2024-03-05,171.4449,2026-06-23T05:29:58.847318+00:00,https://api.mfapi.in/mf/125497
125497,HDFC Top 100 Direct,125497,SBI Small Cap Fund - Direct Plan - Growth,SBI Mutual Fund,Open Ended Schemes,Equity Scheme - Small Cap Fund,2024-03-04,172.0116,2026-06-23T05:29:58.847318+00:00,https://api.mfapi.in/mf/125497
125497,HDFC Top 100 Direct,125497,SBI Small Cap Fund - Direct Plan - Growth,SBI Mutual Fund,Open Ended Schemes,Equity Scheme - Small Cap Fund,2024-03-01,171.3862,2026-06-23T05:29:58.847318+00:00,https://api.mfapi.in/mf/125497
125497,HDFC Top 100 Direct,125497,SBI Small Cap Fund - Direct Plan - Growth,SBI Mutual Fund,Open Ended Schemes,Equity Scheme - Small Cap Fund,2024-02-29,169.9634,2026-06-23T05:29:58.847318+00:00,https://api.mfapi.in/mf/125497
125497,HDFC Top 100 Direct,125497,SBI Small Cap Fund - Direct Plan - Growth,SBI Mutual Fund,Open Ended Schemes,Equity Scheme - Small Cap Fund,2024-02-28,169.6781,2026-06-23T05:29:58.847318+00:00,https://api.mfapi.in/mf/125497
125497,HDFC Top 100 Direct,125497,SBI Small Cap Fund - Direct Plan - Growth,SBI Mutual Fund,Open Ended Schemes,Equity Scheme - Small Cap Fund,2024-02-27,171.1506,2026-06-23T05:29:58.847318+00:00,https://api.mfapi.in/mf/125497
125497,HDFC Top 100 Direct,125497,SBI Small Cap Fund - Direct Plan - Growth,SBI Mutual Fund,Open Ended Schemes,Equity Scheme - Small Cap Fund,2024-02-26,170.7723,2026-06-23T05:29:58.847318+00:00,https://api.mfapi.in/mf/125497
125497,HDFC Top 100 Direct,125497,SBI Small Cap Fund - Direct Plan - Growth,SBI Mutual Fund,Open Ended Schemes,Equity Scheme - Small Cap Fund,2024-02-23,170.7513,2026-06-23T05:29:58.847318+00:00,https://api.mfapi.in/mf/125497
125497,HDFC Top 100 Direct,125497,SBI Small Cap Fund - Direct Plan - Growth,SBI Mutual Fund,Open Ended Schemes,Equity Scheme - Small Cap Fund,2024-02-22,169.453,2026-06-23T05:29:58.847318+00:00,https://api.mfapi.in/mf/125497
125497,HDFC Top 100 Direct,125497,SBI Small Cap Fund - Direct Plan - Growth,SBI Mutual Fund,Open Ended Schemes,Equity Scheme - Small Cap Fund,2024-02-21,169.2609,2026-06-23T05:29:58.847318+00:00,https://api.mfapi.in/mf/125497
125497,HDFC Top 100 Direct,125497,SBI Small Cap Fund - Direct Plan - Growth,SBI Mutual Fund,Open Ended Schemes,Equity Scheme - Small Cap Fund,2024-02-20,169.7975,2026-06-23T05:29:58.847318+00:00,https://api.mfapi.in/mf/125497
125497,HDFC Top 100 Direct,125497,SBI Small Cap Fund - Direct Plan - Growth,SBI Mutual Fund,Open Ended Schemes,Equity Scheme - Small Cap Fund,2024-02-19,169.6421,2026-06-23T05:29:58.847318+00:00,https://api.mfapi.in/mf/125497
125497,HDFC Top 100 Direct,125497,SBI Small Cap Fund - Direct Plan - Growth,SBI Mutual Fund,Open Ended Schemes,Equity Scheme - Small Cap Fund,2024-02-16,169.6879,2026-06-23T05:29:58.847318+00:00,https://api.mfapi.in/mf/125497
125497,HDFC Top 100 Direct,125497,SBI Small Cap Fund - Direct Plan - Growth,SBI Mutual Fund,Open Ended Schemes,Equity Scheme - Small Cap Fund,2024-02-15,168.783,2026-06-23T05:29:58.847318+00:00,https://api.mfapi.in/mf/125497
125497,HDFC Top 100 Direct,125497,SBI Small Cap Fund - Direct Plan - Growth,SBI Mutual Fund,Open Ended Schemes,Equity Scheme - Small Cap Fund,2024-02-14,168.0551,2026-06-23T05:29:58.847318+00:00,https://api.mfapi.in/mf/125497
125497,HDFC Top 100 Direct,125497,SBI Small Cap Fund - Direct Plan - Growth,SBI Mutual Fund,Open Ended Schemes,Equity Scheme - Small Cap Fund,2024-02-13,166.3553,2026-06-23T05:29:58.847318+00:00,https://api.mfapi.in/mf/125497
125497,HDFC Top 100 Direct,125497,SBI Small Cap Fund - Direct Plan - Growth,SBI Mutual Fund,Open Ended Schemes,Equity Scheme - Small Cap Fund,2024-02-12,165.3607,2026-06-23T05:29:58.847318+00:00,https://api.mfapi.in/mf/125497
125497,HDFC Top 100 Direct,125497,SBI Small Cap Fund - Direct Plan - Growth,SBI Mutual Fund,Open Ended Schemes,Equity Scheme - Small Cap Fund,2024-02-09,168.0813,2026-06-23T05:29:58.847318+00:00,https://api.mfapi.in/mf/125497
125497,HDFC Top 100 Direct,125497,SBI Small Cap Fund - Direct Plan - Growth,SBI Mutual Fund,Open Ended Schemes,Equity Scheme - Small Cap Fund,2024-02-08,168.6894,2026-06-23T05:29:58.847318+00:00,https://api.mfapi.in/mf/125497
125497,HDFC Top 100 Direct,125497,SBI Small Cap Fund - Direct Plan - Growth,SBI Mutual Fund,Open Ended Schemes,Equity Scheme - Small Cap Fund,2024-02-07,168.7067,2026-06-23T05:29:58.847318+00:00,https://api.mfapi.in/mf/125497
125497,HDFC Top 100 Direct,125497,SBI Small Cap Fund - Direct Plan - Growth,SBI Mutual Fund,Open Ended Schemes,Equity Scheme - Small Cap Fund,2024-02-06,168.0277,2026-06-23T05:29:58.847318+00:00,https://api.mfapi.in/mf/125497
125497,HDFC Top 100 Direct,125497,SBI Small Cap Fund - Direct Plan - Growth,SBI Mutual Fund,Open Ended Schemes,Equity Scheme - Small Cap Fund,2024-02-05,165.8049,2026-06-23T05:29:58.847318+00:00,https://api.mfapi.in/mf/125497
125497,HDFC Top 100 Direct,125497,SBI Small Cap Fund - Direct Plan - Growth,SBI Mutual Fund,Open Ended Schemes,Equity Scheme - Small Cap Fund,2024-02-02,166.8172,2026-06-23T05:29:58.847318+00:00,https://api.mfapi.in/mf/125497
125497,HDFC Top 100 Direct,125497,SBI Small Cap Fund - Direct Plan - Growth,SBI Mutual Fund,Open Ended Schemes,Equity Scheme - Small Cap Fund,2024-02-01,166.5191,2026-06-23T05:29:58.847318+00:00,https://api.mfapi.in/mf/125497
125497,HDFC Top 100 Direct,125497,SBI Small Cap Fund - Direct Plan - Growth,SBI Mutual Fund,Open Ended Schemes,Equity Scheme - Small Cap Fund,2024-01-31,167.0853,2026-06-23T05:29:58.847318+00:00,https://api.mfapi.in/mf/125497
125497,HDFC Top 100 Direct,125497,SBI Small Cap Fund - Direct Plan - Growth,SBI Mutual Fund,Open Ended Schemes,Equity Scheme - Small Cap Fund,2024-01-30,163.8854,2026-06-23T05:29:58.847318+00:00,https://api.mfapi.in/mf/125497
125497,HDFC Top 100 Direct,125497,SBI Small Cap Fund - Direct Plan - Growth,SBI Mutual Fund,Open Ended Schemes,Equity Scheme - Small Cap Fund,2024-01-29,164.243,2026-06-23T05:29:58.847318+00:00,https://api.mfapi.in/mf/125497
125497,HDFC Top 100 Direct,125497,SBI Small Cap Fund - Direct Plan - Growth,SBI Mutual Fund,Open Ended Schemes,Equity Scheme - Small Cap Fund,2024-01-25,163.0642,2026-06-23T05:29:58.847318+00:00,https://api.mfapi.in/mf/125497
125497,HDFC Top 100 Direct,125497,SBI Small Cap Fund - Direct Plan - Growth,SBI Mutual Fund,Open Ended Schemes,Equity Scheme - Small Cap Fund,2024-01-24,162.9044,2026-06-23T05:29:58.847318+00:00,https://api.mfapi.in/mf/125497
125497,HDFC Top 100 Direct,125497,SBI Small Cap Fund - Direct Plan - Growth,SBI Mutual Fund,Open Ended Schemes,Equity Scheme - Small Cap Fund,2024-01-23,161.1305,2026-06-23T05:29:58.847318+00:00,https://api.mfapi.in/mf/125497
125497,HDFC Top 100 Direct,125497,SBI Small Cap Fund - Direct Plan - Growth,SBI Mutual Fund,Open Ended Schemes,Equity Scheme - Small Cap Fund,2024-01-19,162.8323,2026-06-23T05:29:58.847318+00:00,https://api.mfapi.in/mf/125497
125497,HDFC Top 100 Direct,125497,SBI Small Cap Fund - Direct Plan - Growth,SBI Mutual Fund,Open Ended Schemes,Equity Scheme - Small Cap Fund,2024-01-18,162.2609,2026-06-23T05:29:58.847318+00:00,https://api.mfapi.in/mf/125497
125497,HDFC Top 100 Direct,125497,SBI Small Cap Fund - Direct Plan - Growth,SBI Mutual Fund,Open Ended Schemes,Equity Scheme - Small Cap Fund,2024-01-17,162.9031,2026-06-23T05:29:58.847318+00:00,https://api.mfapi.in/mf/125497
125497,HDFC Top 100 Direct,125497,SBI Small Cap Fund - Direct Plan - Growth,SBI Mutual Fund,Open Ended Schemes,Equity Scheme - Small Cap Fund,2024-01-16,164.4321,2026-06-23T05:29:58.847318+00:00,https://api.mfapi.in/mf/125497
125497,HDFC Top 100 Direct,125497,SBI Small Cap Fund - Direct Plan - Growth,SBI Mutual Fund,Open Ended Schemes,Equity Scheme - Small Cap Fund,2024-01-15,165.0183,2026-06-23T05:29:58.847318+00:00,https://api.mfapi.in/mf/125497
125497,HDFC Top 100 Direct,125497,SBI Small Cap Fund - Direct Plan - Growth,SBI Mutual Fund,Open Ended Schemes,Equity Scheme - Small Cap Fund,2024-01-12,164.2106,2026-06-23T05:29:58.847318+00:00,https://api.mfapi.in/mf/125497
125497,HDFC Top 100 Direct,125497,SBI Small Cap Fund - Direct Plan - Growth,SBI Mutual Fund,Open Ended Schemes,Equity Scheme - Small Cap Fund,2024-01-11,163.7165,2026-06-23T05:29:58.847318+00:00,https://api.mfapi.in/mf/125497
125497,HDFC Top 100 Direct,125497,SBI Small Cap Fund - Direct Plan - Growth,SBI Mutual Fund,Open Ended Schemes,Equity Scheme - Small Cap Fund,2024-01-10,162.7562,2026-06-23T05:29:58.847318+00:00,https://api.mfapi.in/mf/125497
125497,HDFC Top 100 Direct,125497,SBI Small Cap Fund - Direct Plan - Growth,SBI Mutual Fund,Open Ended Schemes,Equity Scheme - Small Cap Fund,2024-01-09,162.8311,2026-06-23T05:29:58.847318+00:00,https://api.mfapi.in/mf/125497
125497,HDFC Top 100 Direct,125497,SBI Small Cap Fund - Direct Plan - Growth,SBI Mutual Fund,Open Ended Schemes,Equity Scheme - Small Cap Fund,2024-01-08,162.5916,2026-06-23T05:29:58.847318+00:00,https://api.mfapi.in/mf/125497
125497,HDFC Top 100 Direct,125497,SBI Small Cap Fund - Direct Plan - Growth,SBI Mutual Fund,Open Ended Schemes,Equity Scheme - Small Cap Fund,2024-01-05,163.7499,2026-06-23T05:29:58.847318+00:00,https://api.mfapi.in/mf/125497
125497,HDFC Top 100 Direct,125497,SBI Small Cap Fund - Direct Plan - Growth,SBI Mutual Fund,Open Ended Schemes,Equity Scheme - Small Cap Fund,2024-01-04,162.7609,2026-06-23T05:29:58.847318+00:00,https://api.mfapi.in/mf/125497
125497,HDFC Top 100 Direct,125497,SBI Small Cap Fund - Direct Plan - Growth,SBI Mutual Fund,Open Ended Schemes,Equity Scheme - Small Cap Fund,2024-01-03,162.106,2026-06-23T05:29:58.847318+00:00,https://api.mfapi.in/mf/125497
125497,HDFC Top 100 Direct,125497,SBI Small Cap Fund - Direct Plan - Growth,SBI Mutual Fund,Open Ended Schemes,Equity Scheme - Small Cap Fund,2024-01-02,162.0646,2026-06-23T05:29:58.847318+00:00,https://api.mfapi.in/mf/125497
125497,HDFC Top 100 Direct,125497,SBI Small Cap Fund - Direct Plan - Growth,SBI Mutual Fund,Open Ended Schemes,Equity Scheme - Small Cap Fund,2024-01-01,161.4272,2026-06-23T05:29:58.847318+00:00,https://api.mfapi.in/mf/125497
125497,HDFC Top 100 Direct,125497,SBI Small Cap Fund - Direct Plan - Growth,SBI Mutual Fund,Open Ended Schemes,Equity Scheme - Small Cap Fund,2023-12-29,161.2357,2026-06-23T05:29:58.847318+00:00,https://api.mfapi.in/mf/125497
125497,HDFC Top 100 Direct,125497,SBI Small Cap Fund - Direct Plan - Growth,SBI Mutual Fund,Open Ended Schemes,Equity Scheme - Small Cap Fund,2023-12-28,159.9625,2026-06-23T05:29:58.847318+00:00,https://api.mfapi.in/mf/125497
125497,HDFC Top 100 Direct,125497,SBI Small Cap Fund - Direct Plan - Growth,SBI Mutual Fund,Open Ended Schemes,Equity Scheme - Small Cap Fund,2023-12-27,159.8029,2026-06-23T05:29:58.847318+00:00,https://api.mfapi.in/mf/125497
125497,HDFC Top 100 Direct,125497,SBI Small Cap Fund - Direct Plan - Growth,SBI Mutual Fund,Open Ended Schemes,Equity Scheme - Small Cap Fund,2023-12-26,159.3241,2026-06-23T05:29:58.847318+00:00,https://api.mfapi.in/mf/125497
125497,HDFC Top 100 Direct,125497,SBI Small Cap Fund - Direct Plan - Growth,SBI Mutual Fund,Open Ended Schemes,Equity Scheme - Small Cap Fund,2023-12-22,159.2023,2026-06-23T05:29:58.847318+00:00,https://api.mfapi.in/mf/125497
125497,HDFC Top 100 Direct,125497,SBI Small Cap Fund - Direct Plan - Growth,SBI Mutual Fund,Open Ended Schemes,Equity Scheme - Small Cap Fund,2023-12-21,158.6327,2026-06-23T05:29:58.847318+00:00,https://api.mfapi.in/mf/125497
125497,HDFC Top 100 Direct,125497,SBI Small Cap Fund - Direct Plan - Growth,SBI Mutual Fund,Open Ended Schemes,Equity Scheme - Small Cap Fund,2023-12-20,157.127,2026-06-23T05:29:58.847318+00:00,https://api.mfapi.in/mf/125497
125497,HDFC Top 100 Direct,125497,SBI Small Cap Fund - Direct Plan - Growth,SBI Mutual Fund,Open Ended Schemes,Equity Scheme - Small Cap Fund,2023-12-19,161.0618,2026-06-23T05:29:58.847318+00:00,https://api.mfapi.in/mf/125497
125497,HDFC Top 100 Direct,125497,SBI Small Cap Fund - Direct Plan - Growth,SBI Mutual Fund,Open Ended Schemes,Equity Scheme - Small Cap Fund,2023-12-18,161.4356,2026-06-23T05:29:58.847318+00:00,https://api.mfapi.in/mf/125497
125497,HDFC Top 100 Direct,125497,SBI Small Cap Fund - Direct Plan - Growth,SBI Mutual Fund,Open Ended Schemes,Equity Scheme - Small Cap Fund,2023-12-15,161.5428,2026-06-23T05:29:58.847318+00:00,https://api.mfapi.in/mf/125497
125497,HDFC Top 100 Direct,125497,SBI Small Cap Fund - Direct Plan - Growth,SBI Mutual Fund,Open Ended Schemes,Equity Scheme - Small Cap Fund,2023-12-14,161.0609,2026-06-23T05:29:58.847318+00:00,https://api.mfapi.in/mf/125497
125497,HDFC Top 100 Direct,125497,SBI Small Cap Fund - Direct Plan - Growth,SBI Mutual Fund,Open Ended Schemes,Equity Scheme - Small Cap Fund,2023-12-13,159.9402,2026-06-23T05:29:58.847318+00:00,https://api.mfapi.in/mf/125497
125497,HDFC Top 100 Direct,125497,SBI Small Cap Fund - Direct Plan - Growth,SBI Mutual Fund,Open Ended Schemes,Equity Scheme - Small Cap Fund,2023-12-12,159.4436,2026-06-23T05:29:58.847318+00:00,https://api.mfapi.in/mf/125497
125497,HDFC Top 100 Direct,125497,SBI Small Cap Fund - Direct Plan - Growth,SBI Mutual Fund,Open Ended Schemes,Equity Scheme - Small Cap Fund,2023-12-11,159.7954,2026-06-23T05:29:58.847318+00:00,https://api.mfapi.in/mf/125497
125497,HDFC Top 100 Direct,125497,SBI Small Cap Fund - Direct Plan - Growth,SBI Mutual Fund,Open Ended Schemes,Equity Scheme - Small Cap Fund,2023-12-08,159.5553,2026-06-23T05:29:58.847318+00:00,https://api.mfapi.in/mf/125497
125497,HDFC Top 100 Direct,125497,SBI Small Cap Fund - Direct Plan - Growth,SBI Mutual Fund,Open Ended Schemes,Equity Scheme - Small Cap Fund,2023-12-07,159.9568,2026-06-23T05:29:58.847318+00:00,https://api.mfapi.in/mf/125497
125497,HDFC Top 100 Direct,125497,SBI Small Cap Fund - Direct Plan - Growth,SBI Mutual Fund,Open Ended Schemes,Equity Scheme - Small Cap Fund,2023-12-06,159.4849,2026-06-23T05:29:58.847318+00:00,https://api.mfapi.in/mf/125497
125497,HDFC Top 100 Direct,125497,SBI Small Cap Fund - Direct Plan - Growth,SBI Mutual Fund,Open Ended Schemes,Equity Scheme - Small Cap Fund,2023-12-05,159.5041,2026-06-23T05:29:58.847318+00:00,https://api.mfapi.in/mf/125497
125497,HDFC Top 100 Direct,125497,SBI Small Cap Fund - Direct Plan - Growth,SBI Mutual Fund,Open Ended Schemes,Equity Scheme - Small Cap Fund,2023-12-04,158.8101,2026-06-23T05:29:58.847318+00:00,https://api.mfapi.in/mf/125497
125497,HDFC Top 100 Direct,125497,SBI Small Cap Fund - Direct Plan - Growth,SBI Mutual Fund,Open Ended Schemes,Equity Scheme - Small Cap Fund,2023-12-01,157.4176,2026-06-23T05:29:58.847318+00:00,https://api.mfapi.in/mf/125497
125497,HDFC Top 100 Direct,125497,SBI Small Cap Fund - Direct Plan - Growth,SBI Mutual Fund,Open Ended Schemes,Equity Scheme - Small Cap Fund,2023-11-30,157.4314,2026-06-23T05:29:58.847318+00:00,https://api.mfapi.in/mf/125497
125497,HDFC Top 100 Direct,125497,SBI Small Cap Fund - Direct Plan - Growth,SBI Mutual Fund,Open Ended Schemes,Equity Scheme - Small Cap Fund,2023-11-29,155.7105,2026-06-23T05:29:58.847318+00:00,https://api.mfapi.in/mf/125497
125497,HDFC Top 100 Direct,125497,SBI Small Cap Fund - Direct Plan - Growth,SBI Mutual Fund,Open Ended Schemes,Equity Scheme - Small Cap Fund,2023-11-28,155.6451,2026-06-23T05:29:58.847318+00:00,https://api.mfapi.in/mf/125497
125497,HDFC Top 100 Direct,125497,SBI Small Cap Fund - Direct Plan - Growth,SBI Mutual Fund,Open Ended Schemes,Equity Scheme - Small Cap Fund,2023-11-24,154.683,2026-06-23T05:29:58.847318+00:00,https://api.mfapi.in/mf/125497
125497,HDFC Top 100 Direct,125497,SBI Small Cap Fund - Direct Plan - Growth,SBI Mutual Fund,Open Ended Schemes,Equity Scheme - Small Cap Fund,2023-11-23,154.3926,2026-06-23T05:29:58.847318+00:00,https://api.mfapi.in/mf/125497
125497,HDFC Top 100 Direct,125497,SBI Small Cap Fund - Direct Plan - Growth,SBI Mutual Fund,Open Ended Schemes,Equity Scheme - Small Cap Fund,2023-11-22,154.4341,2026-06-23T05:29:58.847318+00:00,https://api.mfapi.in/mf/125497
125497,HDFC Top 100 Direct,125497,SBI Small Cap Fund - Direct Plan - Growth,SBI Mutual Fund,Open Ended Schemes,Equity Scheme - Small Cap Fund,2023-11-21,154.9701,2026-06-23T05:29:58.847318+00:00,https://api.mfapi.in/mf/125497
125497,HDFC Top 100 Direct,125497,SBI Small Cap Fund - Direct Plan - Growth,SBI Mutual Fund,Open Ended Schemes,Equity Scheme - Small Cap Fund,2023-11-20,153.9873,2026-06-23T05:29:58.847318+00:00,https://api.mfapi.in/mf/125497
125497,HDFC Top 100 Direct,125497,SBI Small Cap Fund - Direct Plan - Growth,SBI Mutual Fund,Open Ended Schemes,Equity Scheme - Small Cap Fund,2023-11-17,153.408,2026-06-23T05:29:58.847318+00:00,https://api.mfapi.in/mf/125497
125497,HDFC Top 100 Direct,125497,SBI Small Cap Fund - Direct Plan - Growth,SBI Mutual Fund,Open Ended Schemes,Equity Scheme - Small Cap Fund,2023-11-16,152.8377,2026-06-23T05:29:58.847318+00:00,https://api.mfapi.in/mf/125497
125497,HDFC Top 100 Direct,125497,SBI Small Cap Fund - Direct Plan - Growth,SBI Mutual Fund,Open Ended Schemes,Equity Scheme - Small Cap Fund,2023-11-15,152.7398,2026-06-23T05:29:58.847318+00:00,https://api.mfapi.in/mf/125497
125497,HDFC Top 100 Direct,125497,SBI Small Cap Fund - Direct Plan - Growth,SBI Mutual Fund,Open Ended Schemes,Equity Scheme - Small Cap Fund,2023-11-13,151.314,2026-06-23T05:29:58.847318+00:00,https://api.mfapi.in/mf/125497
125497,HDFC Top 100 Direct,125497,SBI Small Cap Fund - Direct Plan - Growth,SBI Mutual Fund,Open Ended Schemes,Equity Scheme - Small Cap Fund,2023-11-10,150.5781,2026-06-23T05:29:58.847318+00:00,https://api.mfapi.in/mf/125497
125497,HDFC Top 100 Direct,125497,SBI Small Cap Fund - Direct Plan - Growth,SBI Mutual Fund,Open Ended Schemes,Equity Scheme - Small Cap Fund,2023-11-09,150.3998,2026-06-23T05:29:58.847318+00:00,https://api.mfapi.in/mf/125497
125497,HDFC Top 100 Direct,125497,SBI Small Cap Fund - Direct Plan - Growth,SBI Mutual Fund,Open Ended Schemes,Equity Scheme - Small Cap Fund,2023-11-08,150.5331,2026-06-23T05:29:58.847318+00:00,https://api.mfapi.in/mf/125497
125497,HDFC Top 100 Direct,125497,SBI Small Cap Fund - Direct Plan - Growth,SBI Mutual Fund,Open Ended Schemes,Equity Scheme - Small Cap Fund,2023-11-07,150.0494,2026-06-23T05:29:58.847318+00:00,https://api.mfapi.in/mf/125497
125497,HDFC Top 100 Direct,125497,SBI Small Cap Fund - Direct Plan - Growth,SBI Mutual Fund,Open Ended Schemes,Equity Scheme - Small Cap Fund,2023-11-06,149.592,2026-06-23T05:29:58.847318+00:00,https://api.mfapi.in/mf/125497
125497,HDFC Top 100 Direct,125497,SBI Small Cap Fund - Direct Plan - Growth,SBI Mutual Fund,Open Ended Schemes,Equity Scheme - Small Cap Fund,2023-11-03,148.7205,2026-06-23T05:29:58.847318+00:00,https://api.mfapi.in/mf/125497
125497,HDFC Top 100 Direct,125497,SBI Small Cap Fund - Direct Plan - Growth,SBI Mutual Fund,Open Ended Schemes,Equity Scheme - Small Cap Fund,2023-11-02,147.8192,2026-06-23T05:29:58.847318+00:00,https://api.mfapi.in/mf/125497
125497,HDFC Top 100 Direct,125497,SBI Small Cap Fund - Direct Plan - Growth,SBI Mutual Fund,Open Ended Schemes,Equity Scheme - Small Cap Fund,2023-11-01,147.1546,2026-06-23T05:29:58.847318+00:00,https://api.mfapi.in/mf/125497
125497,HDFC Top 100 Direct,125497,SBI Small Cap Fund - Direct Plan - Growth,SBI Mutual Fund,Open Ended Schemes,Equity Scheme - Small Cap Fund,2023-10-31,147.5626,2026-06-23T05:29:58.847318+00:00,https://api.mfapi.in/mf/125497
125497,HDFC Top 100 Direct,125497,SBI Small Cap Fund - Direct Plan - Growth,SBI Mutual Fund,Open Ended Schemes,Equity Scheme - Small Cap Fund,2023-10-30,147.1974,2026-06-23T05:29:58.847318+00:00,https://api.mfapi.in/mf/125497
125497,HDFC Top 100 Direct,125497,SBI Small Cap Fund - Direct Plan - Growth,SBI Mutual Fund,Open Ended Schemes,Equity Scheme - Small Cap Fund,2023-10-27,147.2793,2026-06-23T05:29:58.847318+00:00,https://api.mfapi.in/mf/125497
125497,HDFC Top 100 Direct,125497,SBI Small Cap Fund - Direct Plan - Growth,SBI Mutual Fund,Open Ended Schemes,Equity Scheme - Small Cap Fund,2023-10-26,145.453,2026-06-23T05:29:58.847318+00:00,https://api.mfapi.in/mf/125497
125497,HDFC Top 100 Direct,125497,SBI Small Cap Fund - Direct Plan - Growth,SBI Mutual Fund,Open Ended Schemes,Equity Scheme - Small Cap Fund,2023-10-25,146.7862,2026-06-23T05:29:58.847318+00:00,https://api.mfapi.in/mf/125497
125497,HDFC Top 100 Direct,125497,SBI Small Cap Fund - Direct Plan - Growth,SBI Mutual Fund,Open Ended Schemes,Equity Scheme - Small Cap Fund,2023-10-23,148.0186,2026-06-23T05:29:58.847318+00:00,https://api.mfapi.in/mf/125497
125497,HDFC Top 100 Direct,125497,SBI Small Cap Fund - Direct Plan - Growth,SBI Mutual Fund,Open Ended Schemes,Equity Scheme - Small Cap Fund,2023-10-20,152.8916,2026-06-23T05:29:58.847318+00:00,https://api.mfapi.in/mf/125497
125497,HDFC Top 100 Direct,125497,SBI Small Cap Fund - Direct Plan - Growth,SBI Mutual Fund,Open Ended Schemes,Equity Scheme - Small Cap Fund,2023-10-19,153.637,2026-06-23T05:29:58.847318+00:00,https://api.mfapi.in/mf/125497
125497,HDFC Top 100 Direct,125497,SBI Small Cap Fund - Direct Plan - Growth,SBI Mutual Fund,Open Ended Schemes,Equity Scheme - Small Cap Fund,2023-10-18,153.6252,2026-06-23T05:29:58.847318+00:00,https://api.mfapi.in/mf/125497
125497,HDFC Top 100 Direct,125497,SBI Small Cap Fund - Direct Plan - Growth,SBI Mutual Fund,Open Ended Schemes,Equity Scheme - Small Cap Fund,2023-10-17,153.4866,2026-06-23T05:29:58.847318+00:00,https://api.mfapi.in/mf/125497
125497,HDFC Top 100 Direct,125497,SBI Small Cap Fund - Direct Plan - Growth,SBI Mutual Fund,Open Ended Schemes,Equity Scheme - Small Cap Fund,2023-10-16,152.9747,2026-06-23T05:29:58.847318+00:00,https://api.mfapi.in/mf/125497
125497,HDFC Top 100 Direct,125497,SBI Small Cap Fund - Direct Plan - Growth,SBI Mutual Fund,Open Ended Schemes,Equity Scheme - Small Cap Fund,2023-10-13,151.9922,2026-06-23T05:29:58.847318+00:00,https://api.mfapi.in/mf/125497
125497,HDFC Top 100 Direct,125497,SBI Small Cap Fund - Direct Plan - Growth,SBI Mutual Fund,Open Ended Schemes,Equity Scheme - Small Cap Fund,2023-10-12,152.0191,2026-06-23T05:29:58.847318+00:00,https://api.mfapi.in/mf/125497
125497,HDFC Top 100 Direct,125497,SBI Small Cap Fund - Direct Plan - Growth,SBI Mutual Fund,Open Ended Schemes,Equity Scheme - Small Cap Fund,2023-10-11,151.7229,2026-06-23T05:29:58.847318+00:00,https://api.mfapi.in/mf/125497
125497,HDFC Top 100 Direct,125497,SBI Small Cap Fund - Direct Plan - Growth,SBI Mutual Fund,Open Ended Schemes,Equity Scheme - Small Cap Fund,2023-10-10,150.8563,2026-06-23T05:29:58.847318+00:00,https://api.mfapi.in/mf/125497
125497,HDFC Top 100 Direct,125497,SBI Small Cap Fund - Direct Plan - Growth,SBI Mutual Fund,Open Ended Schemes,Equity Scheme - Small Cap Fund,2023-10-09,149.6845,2026-06-23T05:29:58.847318+00:00,https://api.mfapi.in/mf/125497
125497,HDFC Top 100 Direct,125497,SBI Small Cap Fund - Direct Plan - Growth,SBI Mutual Fund,Open Ended Schemes,Equity Scheme - Small Cap Fund,2023-10-06,151.72,2026-06-23T05:29:58.847318+00:00,https://api.mfapi.in/mf/125497
125497,HDFC Top 100 Direct,125497,SBI Small Cap Fund - Direct Plan - Growth,SBI Mutual Fund,Open Ended Schemes,Equity Scheme - Small Cap Fund,2023-10-05,151.0584,2026-06-23T05:29:58.847318+00:00,https://api.mfapi.in/mf/125497
125497,HDFC Top 100 Direct,125497,SBI Small Cap Fund - Direct Plan - Growth,SBI Mutual Fund,Open Ended Schemes,Equity Scheme - Small Cap Fund,2023-10-04,150.848,2026-06-23T05:29:58.847318+00:00,https://api.mfapi.in/mf/125497
125497,HDFC Top 100 Direct,125497,SBI Small Cap Fund - Direct Plan - Growth,SBI Mutual Fund,Open Ended Schemes,Equity Scheme - Small Cap Fund,2023-10-03,151.7295,2026-06-23T05:29:58.847318+00:00,https://api.mfapi.in/mf/125497
125497,HDFC Top 100 Direct,125497,SBI Small Cap Fund - Direct Plan - Growth,SBI Mutual Fund,Open Ended Schemes,Equity Scheme - Small Cap Fund,2023-09-29,151.2497,2026-06-23T05:29:58.847318+00:00,https://api.mfapi.in/mf/125497
125497,HDFC Top 100 Direct,125497,SBI Small Cap Fund - Direct Plan - Growth,SBI Mutual Fund,Open Ended Schemes,Equity Scheme - Small Cap Fund,2023-09-27,151.7553,2026-06-23T05:29:58.847318+00:00,https://api.mfapi.in/mf/125497
125497,HDFC Top 100 Direct,125497,SBI Small Cap Fund - Direct Plan - Growth,SBI Mutual Fund,Open Ended Schemes,Equity Scheme - Small Cap Fund,2023-09-26,151.1526,2026-06-23T05:29:58.847318+00:00,https://api.mfapi.in/mf/125497
125497,HDFC Top 100 Direct,125497,SBI Small Cap Fund - Direct Plan - Growth,SBI Mutual Fund,Open Ended Schemes,Equity Scheme - Small Cap Fund,2023-09-25,151.1966,2026-06-23T05:29:58.847318+00:00,https://api.mfapi.in/mf/125497
125497,HDFC Top 100 Direct,125497,SBI Small Cap Fund - Direct Plan - Growth,SBI Mutual Fund,Open Ended Schemes,Equity Scheme - Small Cap Fund,2023-09-22,151.2597,2026-06-23T05:29:58.847318+00:00,https://api.mfapi.in/mf/125497
125497,HDFC Top 100 Direct,125497,SBI Small Cap Fund - Direct Plan - Growth,SBI Mutual Fund,Open Ended Schemes,Equity Scheme - Small Cap Fund,2023-09-21,150.8272,2026-06-23T05:29:58.847318+00:00,https://api.mfapi.in/mf/125497
125497,HDFC Top 100 Direct,125497,SBI Small Cap Fund - Direct Plan - Growth,SBI Mutual Fund,Open Ended Schemes,Equity Scheme - Small Cap Fund,2023-09-20,152.9313,2026-06-23T05:29:58.847318+00:00,https://api.mfapi.in/mf/125497
125497,HDFC Top 100 Direct,125497,SBI Small Cap Fund - Direct Plan - Growth,SBI Mutual Fund,Open Ended Schemes,Equity Scheme - Small Cap Fund,2023-09-18,152.7061,2026-06-23T05:29:58.847318+00:00,https://api.mfapi.in/mf/125497
125497,HDFC Top 100 Direct,125497,SBI Small Cap Fund - Direct Plan - Growth,SBI Mutual Fund,Open Ended Schemes,Equity Scheme - Small Cap Fund,2023-09-15,153.193,2026-06-23T05:29:58.847318+00:00,https://api.mfapi.in/mf/125497
125497,HDFC Top 100 Direct,125497,SBI Small Cap Fund - Direct Plan - Growth,SBI Mutual Fund,Open Ended Schemes,Equity Scheme - Small Cap Fund,2023-09-14,153.1389,2026-06-23T05:29:58.847318+00:00,https://api.mfapi.in/mf/125497
125497,HDFC Top 100 Direct,125497,SBI Small Cap Fund - Direct Plan - Growth,SBI Mutual Fund,Open Ended Schemes,Equity Scheme - Small Cap Fund,2023-09-13,151.9055,2026-06-23T05:29:58.847318+00:00,https://api.mfapi.in/mf/125497
125497,HDFC Top 100 Direct,125497,SBI Small Cap Fund - Direct Plan - Growth,SBI Mutual Fund,Open Ended Schemes,Equity Scheme - Small Cap Fund,2023-09-12,151.6583,2026-06-23T05:29:58.847318+00:00,https://api.mfapi.in/mf/125497
125497,HDFC Top 100 Direct,125497,SBI Small Cap Fund - Direct Plan - Growth,SBI Mutual Fund,Open Ended Schemes,Equity Scheme - Small Cap Fund,2023-09-11,154.9908,2026-06-23T05:29:58.847318+00:00,https://api.mfapi.in/mf/125497
125497,HDFC Top 100 Direct,125497,SBI Small Cap Fund - Direct Plan - Growth,SBI Mutual Fund,Open Ended Schemes,Equity Scheme - Small Cap Fund,2023-09-08,153.8431,2026-06-23T05:29:58.847318+00:00,https://api.mfapi.in/mf/125497
125497,HDFC Top 100 Direct,125497,SBI Small Cap Fund - Direct Plan - Growth,SBI Mutual Fund,Open Ended Schemes,Equity Scheme - Small Cap Fund,2023-09-07,153.151,2026-06-23T05:29:58.847318+00:00,https://api.mfapi.in/mf/125497
125497,HDFC Top 100 Direct,125497,SBI Small Cap Fund - Direct Plan - Growth,SBI Mutual Fund,Open Ended Schemes,Equity Scheme - Small Cap Fund,2023-09-06,151.6147,2026-06-23T05:29:58.847318+00:00,https://api.mfapi.in/mf/125497
125497,HDFC Top 100 Direct,125497,SBI Small Cap Fund - Direct Plan - Growth,SBI Mutual Fund,Open Ended Schemes,Equity Scheme - Small Cap Fund,2023-09-05,151.7655,2026-06-23T05:29:58.847318+00:00,https://api.mfapi.in/mf/125497
125497,HDFC Top 100 Direct,125497,SBI Small Cap Fund - Direct Plan - Growth,SBI Mutual Fund,Open Ended Schemes,Equity Scheme - Small Cap Fund,2023-09-04,151.5748,2026-06-23T05:29:58.847318+00:00,https://api.mfapi.in/mf/125497
125497,HDFC Top 100 Direct,125497,SBI Small Cap Fund - Direct Plan - Growth,SBI Mutual Fund,Open Ended Schemes,Equity Scheme - Small Cap Fund,2023-09-01,150.4126,2026-06-23T05:29:58.847318+00:00,https://api.mfapi.in/mf/125497
125497,HDFC Top 100 Direct,125497,SBI Small Cap Fund - Direct Plan - Growth,SBI Mutual Fund,Open Ended Schemes,Equity Scheme - Small Cap Fund,2023-08-31,150.2306,2026-06-23T05:29:58.847318+00:00,https://api.mfapi.in/mf/125497
125497,HDFC Top 100 Direct,125497,SBI Small Cap Fund - Direct Plan - Growth,SBI Mutual Fund,Open Ended Schemes,Equity Scheme - Small Cap Fund,2023-08-30,149.2884,2026-06-23T05:29:58.847318+00:00,https://api.mfapi.in/mf/125497
125497,HDFC Top 100 Direct,125497,SBI Small Cap Fund - Direct Plan - Growth,SBI Mutual Fund,Open Ended Schemes,Equity Scheme - Small Cap Fund,2023-08-29,148.5692,2026-06-23T05:29:58.847318+00:00,https://api.mfapi.in/mf/125497
125497,HDFC Top 100 Direct,125497,SBI Small Cap Fund - Direct Plan - Growth,SBI Mutual Fund,Open Ended Schemes,Equity Scheme - Small Cap Fund,2023-08-28,148.1074,2026-06-23T05:29:58.847318+00:00,https://api.mfapi.in/mf/125497
125497,HDFC Top 100 Direct,125497,SBI Small Cap Fund - Direct Plan - Growth,SBI Mutual Fund,Open Ended Schemes,Equity Scheme - Small Cap Fund,2023-08-25,147.0885,2026-06-23T05:29:58.847318+00:00,https://api.mfapi.in/mf/125497
125497,HDFC Top 100 Direct,125497,SBI Small Cap Fund - Direct Plan - Growth,SBI Mutual Fund,Open Ended Schemes,Equity Scheme - Small Cap Fund,2023-08-24,147.6233,2026-06-23T05:29:58.847318+00:00,https://api.mfapi.in/mf/125497
125497,HDFC Top 100 Direct,125497,SBI Small Cap Fund - Direct Plan - Growth,SBI Mutual Fund,Open Ended Schemes,Equity Scheme - Small Cap Fund,2023-08-23,147.6666,2026-06-23T05:29:58.847318+00:00,https://api.mfapi.in/mf/125497
125497,HDFC Top 100 Direct,125497,SBI Small Cap Fund - Direct Plan - Growth,SBI Mutual Fund,Open Ended Schemes,Equity Scheme - Small Cap Fund,2023-08-22,147.4207,2026-06-23T05:29:58.847318+00:00,https://api.mfapi.in/mf/125497
125497,HDFC Top 100 Direct,125497,SBI Small Cap Fund - Direct Plan - Growth,SBI Mutual Fund,Open Ended Schemes,Equity Scheme - Small Cap Fund,2023-08-21,145.9692,2026-06-23T05:29:58.847318+00:00,https://api.mfapi.in/mf/125497
125497,HDFC Top 100 Direct,125497,SBI Small Cap Fund - Direct Plan - Growth,SBI Mutual Fund,Open Ended Schemes,Equity Scheme - Small Cap Fund,2023-08-18,145.4976,2026-06-23T05:29:58.847318+00:00,https://api.mfapi.in/mf/125497
125497,HDFC Top 100 Direct,125497,SBI Small Cap Fund - Direct Plan - Growth,SBI Mutual Fund,Open Ended Schemes,Equity Scheme - Small Cap Fund,2023-08-17,145.501,2026-06-23T05:29:58.847318+00:00,https://api.mfapi.in/mf/125497
125497,HDFC Top 100 Direct,125497,SBI Small Cap Fund - Direct Plan - Growth,SBI Mutual Fund,Open Ended Schemes,Equity Scheme - Small Cap Fund,2023-08-16,145.847,2026-06-23T05:29:58.847318+00:00,https://api.mfapi.in/mf/125497
125497,HDFC Top 100 Direct,125497,SBI Small Cap Fund - Direct Plan - Growth,SBI Mutual Fund,Open Ended Schemes,Equity Scheme - Small Cap Fund,2023-08-14,145.3391,2026-06-23T05:29:58.847318+00:00,https://api.mfapi.in/mf/125497
125497,HDFC Top 100 Direct,125497,SBI Small Cap Fund - Direct Plan - Growth,SBI Mutual Fund,Open Ended Schemes,Equity Scheme - Small Cap Fund,2023-08-11,145.5881,2026-06-23T05:29:58.847318+00:00,https://api.mfapi.in/mf/125497
125497,HDFC Top 100 Direct,125497,SBI Small Cap Fund - Direct Plan - Growth,SBI Mutual Fund,Open Ended Schemes,Equity Scheme - Small Cap Fund,2023-08-10,145.4723,2026-06-23T05:29:58.847318+00:00,https://api.mfapi.in/mf/125497
125497,HDFC Top 100 Direct,125497,SBI Small Cap Fund - Direct Plan - Growth,SBI Mutual Fund,Open Ended Schemes,Equity Scheme - Small Cap Fund,2023-08-09,146.3293,2026-06-23T05:29:58.847318+00:00,https://api.mfapi.in/mf/125497
125497,HDFC Top 100 Direct,125497,SBI Small Cap Fund - Direct Plan - Growth,SBI Mutual Fund,Open Ended Schemes,Equity Scheme - Small Cap Fund,2023-08-08,145.5002,2026-06-23T05:29:58.847318+00:00,https://api.mfapi.in/mf/125497
125497,HDFC Top 100 Direct,125497,SBI Small Cap Fund - Direct Plan - Growth,SBI Mutual Fund,Open Ended Schemes,Equity Scheme - Small Cap Fund,2023-08-07,145.7272,2026-06-23T05:29:58.847318+00:00,https://api.mfapi.in/mf/125497
125497,HDFC Top 100 Direct,125497,SBI Small Cap Fund - Direct Plan - Growth,SBI Mutual Fund,Open Ended Schemes,Equity Scheme - Small Cap Fund,2023-08-04,145.7129,2026-06-23T05:29:58.847318+00:00,https://api.mfapi.in/mf/125497
125497,HDFC Top 100 Direct,125497,SBI Small Cap Fund - Direct Plan - Growth,SBI Mutual Fund,Open Ended Schemes,Equity Scheme - Small Cap Fund,2023-08-03,145.0795,2026-06-23T05:29:58.847318+00:00,https://api.mfapi.in/mf/125497
125497,HDFC Top 100 Direct,125497,SBI Small Cap Fund - Direct Plan - Growth,SBI Mutual Fund,Open Ended Schemes,Equity Scheme - Small Cap Fund,2023-08-02,145.4234,2026-06-23T05:29:58.847318+00:00,https://api.mfapi.in/mf/125497
125497,HDFC Top 100 Direct,125497,SBI Small Cap Fund - Direct Plan - Growth,SBI Mutual Fund,Open Ended Schemes,Equity Scheme - Small Cap Fund,2023-08-01,146.7457,2026-06-23T05:29:58.847318+00:00,https://api.mfapi.in/mf/125497
125497,HDFC Top 100 Direct,125497,SBI Small Cap Fund - Direct Plan - Growth,SBI Mutual Fund,Open Ended Schemes,Equity Scheme - Small Cap Fund,2023-07-31,146.1582,2026-06-23T05:29:58.847318+00:00,https://api.mfapi.in/mf/125497
125497,HDFC Top 100 Direct,125497,SBI Small Cap Fund - Direct Plan - Growth,SBI Mutual Fund,Open Ended Schemes,Equity Scheme - Small Cap Fund,2023-07-28,144.5824,2026-06-23T05:29:58.847318+00:00,https://api.mfapi.in/mf/125497
125497,HDFC Top 100 Direct,125497,SBI Small Cap Fund - Direct Plan - Growth,SBI Mutual Fund,Open Ended Schemes,Equity Scheme - Small Cap Fund,2023-07-27,143.8359,2026-06-23T05:29:58.847318+00:00,https://api.mfapi.in/mf/125497
125497,HDFC Top 100 Direct,125497,SBI Small Cap Fund - Direct Plan - Growth,SBI Mutual Fund,Open Ended Schemes,Equity Scheme - Small Cap Fund,2023-07-26,143.6188,2026-06-23T05:29:58.847318+00:00,https://api.mfapi.in/mf/125497
125497,HDFC Top 100 Direct,125497,SBI Small Cap Fund - Direct Plan - Growth,SBI Mutual Fund,Open Ended Schemes,Equity Scheme - Small Cap Fund,2023-07-25,143.1863,2026-06-23T05:29:58.847318+00:00,https://api.mfapi.in/mf/125497
125497,HDFC Top 100 Direct,125497,SBI Small Cap Fund - Direct Plan - Growth,SBI Mutual Fund,Open Ended Schemes,Equity Scheme - Small Cap Fund,2023-07-24,143.1832,2026-06-23T05:29:58.847318+00:00,https://api.mfapi.in/mf/125497
125497,HDFC Top 100 Direct,125497,SBI Small Cap Fund - Direct Plan - Growth,SBI Mutual Fund,Open Ended Schemes,Equity Scheme - Small Cap Fund,2023-07-21,142.8064,2026-06-23T05:29:58.847318+00:00,https://api.mfapi.in/mf/125497
125497,HDFC Top 100 Direct,125497,SBI Small Cap Fund - Direct Plan - Growth,SBI Mutual Fund,Open Ended Schemes,Equity Scheme - Small Cap Fund,2023-07-20,143.0615,2026-06-23T05:29:58.847318+00:00,https://api.mfapi.in/mf/125497
125497,HDFC Top 100 Direct,125497,SBI Small Cap Fund - Direct Plan - Growth,SBI Mutual Fund,Open Ended Schemes,Equity Scheme - Small Cap Fund,2023-07-19,142.4317,2026-06-23T05:29:58.847318+00:00,https://api.mfapi.in/mf/125497
125497,HDFC Top 100 Direct,125497,SBI Small Cap Fund - Direct Plan - Growth,SBI Mutual Fund,Open Ended Schemes,Equity Scheme - Small Cap Fund,2023-07-18,141.8948,2026-06-23T05:29:58.847318+00:00,https://api.mfapi.in/mf/125497
125497,HDFC Top 100 Direct,125497,SBI Small Cap Fund - Direct Plan - Growth,SBI Mutual Fund,Open Ended Schemes,Equity Scheme - Small Cap Fund,2023-07-17,142.205,2026-06-23T05:29:58.847318+00:00,https://api.mfapi.in/mf/125497
125497,HDFC Top 100 Direct,125497,SBI Small Cap Fund - Direct Plan - Growth,SBI Mutual Fund,Open Ended Schemes,Equity Scheme - Small Cap Fund,2023-07-14,141.0983,2026-06-23T05:29:58.847318+00:00,https://api.mfapi.in/mf/125497
125497,HDFC Top 100 Direct,125497,SBI Small Cap Fund - Direct Plan - Growth,SBI Mutual Fund,Open Ended Schemes,Equity Scheme - Small Cap Fund,2023-07-13,140.3448,2026-06-23T05:29:58.847318+00:00,https://api.mfapi.in/mf/125497
125497,HDFC Top 100 Direct,125497,SBI Small Cap Fund - Direct Plan - Growth,SBI Mutual Fund,Open Ended Schemes,Equity Scheme - Small Cap Fund,2023-07-12,140.8036,2026-06-23T05:29:58.847318+00:00,https://api.mfapi.in/mf/125497
125497,HDFC Top 100 Direct,125497,SBI Small Cap Fund - Direct Plan - Growth,SBI Mutual Fund,Open Ended Schemes,Equity Scheme - Small Cap Fund,2023-07-11,139.9054,2026-06-23T05:29:58.847318+00:00,https://api.mfapi.in/mf/125497
125497,HDFC Top 100 Direct,125497,SBI Small Cap Fund - Direct Plan - Growth,SBI Mutual Fund,Open Ended Schemes,Equity Scheme - Small Cap Fund,2023-07-10,139.4743,2026-06-23T05:29:58.847318+00:00,https://api.mfapi.in/mf/125497
125497,HDFC Top 100 Direct,125497,SBI Small Cap Fund - Direct Plan - Growth,SBI Mutual Fund,Open Ended Schemes,Equity Scheme - Small Cap Fund,2023-07-07,139.5112,2026-06-23T05:29:58.847318+00:00,https://api.mfapi.in/mf/125497
125497,HDFC Top 100 Direct,125497,SBI Small Cap Fund - Direct Plan - Growth,SBI Mutual Fund,Open Ended Schemes,Equity Scheme - Small Cap Fund,2023-07-06,139.6278,2026-06-23T05:29:58.847318+00:00,https://api.mfapi.in/mf/125497
125497,HDFC Top 100 Direct,125497,SBI Small Cap Fund - Direct Plan - Growth,SBI Mutual Fund,Open Ended Schemes,Equity Scheme - Small Cap Fund,2023-07-05,138.9579,2026-06-23T05:29:58.847318+00:00,https://api.mfapi.in/mf/125497
125497,HDFC Top 100 Direct,125497,SBI Small Cap Fund - Direct Plan - Growth,SBI Mutual Fund,Open Ended Schemes,Equity Scheme - Small Cap Fund,2023-07-04,138.2876,2026-06-23T05:29:58.847318+00:00,https://api.mfapi.in/mf/125497
125497,HDFC Top 100 Direct,125497,SBI Small Cap Fund - Direct Plan - Growth,SBI Mutual Fund,Open Ended Schemes,Equity Scheme - Small Cap Fund,2023-07-03,138.6742,2026-06-23T05:29:58.847318+00:00,https://api.mfapi.in/mf/125497
125497,HDFC Top 100 Direct,125497,SBI Small Cap Fund - Direct Plan - Growth,SBI Mutual Fund,Open Ended Schemes,Equity Scheme - Small Cap Fund,2023-06-30,138.0883,2026-06-23T05:29:58.847318+00:00,https://api.mfapi.in/mf/125497
125497,HDFC Top 100 Direct,125497,SBI Small Cap Fund - Direct Plan - Growth,SBI Mutual Fund,Open Ended Schemes,Equity Scheme - Small Cap Fund,2023-06-28,137.561,2026-06-23T05:29:58.847318+00:00,https://api.mfapi.in/mf/125497
125497,HDFC Top 100 Direct,125497,SBI Small Cap Fund - Direct Plan - Growth,SBI Mutual Fund,Open Ended Schemes,Equity Scheme - Small Cap Fund,2023-06-27,137.5173,2026-06-23T05:29:58.847318+00:00,https://api.mfapi.in/mf/125497
125497,HDFC Top 100 Direct,125497,SBI Small Cap Fund - Direct Plan - Growth,SBI Mutual Fund,Open Ended Schemes,Equity Scheme - Small Cap Fund,2023-06-26,137.1738,2026-06-23T05:29:58.847318+00:00,https://api.mfapi.in/mf/125497
125497,HDFC Top 100 Direct,125497,SBI Small Cap Fund - Direct Plan - Growth,SBI Mutual Fund,Open Ended Schemes,Equity Scheme - Small Cap Fund,2023-06-23,136.3524,2026-06-23T05:29:58.847318+00:00,https://api.mfapi.in/mf/125497
125497,HDFC Top 100 Direct,125497,SBI Small Cap Fund - Direct Plan - Growth,SBI Mutual Fund,Open Ended Schemes,Equity Scheme - Small Cap Fund,2023-06-22,137.2514,2026-06-23T05:29:58.847318+00:00,https://api.mfapi.in/mf/125497
125497,HDFC Top 100 Direct,125497,SBI Small Cap Fund - Direct Plan - Growth,SBI Mutual Fund,Open Ended Schemes,Equity Scheme - Small Cap Fund,2023-06-21,137.8518,2026-06-23T05:29:58.847318+00:00,https://api.mfapi.in/mf/125497
125497,HDFC Top 100 Direct,125497,SBI Small Cap Fund - Direct Plan - Growth,SBI Mutual Fund,Open Ended Schemes,Equity Scheme - Small Cap Fund,2023-06-20,137.3878,2026-06-23T05:29:58.847318+00:00,https://api.mfapi.in/mf/125497
125497,HDFC Top 100 Direct,125497,SBI Small Cap Fund - Direct Plan - Growth,SBI Mutual Fund,Open Ended Schemes,Equity Scheme - Small Cap Fund,2023-06-19,137.0258,2026-06-23T05:29:58.847318+00:00,https://api.mfapi.in/mf/125497
125497,HDFC Top 100 Direct,125497,SBI Small Cap Fund - Direct Plan - Growth,SBI Mutual Fund,Open Ended Schemes,Equity Scheme - Small Cap Fund,2023-06-16,137.2618,2026-06-23T05:29:58.847318+00:00,https://api.mfapi.in/mf/125497
125497,HDFC Top 100 Direct,125497,SBI Small Cap Fund - Direct Plan - Growth,SBI Mutual Fund,Open Ended Schemes,Equity Scheme - Small Cap Fund,2023-06-15,136.6775,2026-06-23T05:29:58.847318+00:00,https://api.mfapi.in/mf/125497
125497,HDFC Top 100 Direct,125497,SBI Small Cap Fund - Direct Plan - Growth,SBI Mutual Fund,Open Ended Schemes,Equity Scheme - Small Cap Fund,2023-06-14,136.5423,2026-06-23T05:29:58.847318+00:00,https://api.mfapi.in/mf/125497
125497,HDFC Top 100 Direct,125497,SBI Small Cap Fund - Direct Plan - Growth,SBI Mutual Fund,Open Ended Schemes,Equity Scheme - Small Cap Fund,2023-06-13,135.9844,2026-06-23T05:29:58.847318+00:00,https://api.mfapi.in/mf/125497
125497,HDFC Top 100 Direct,125497,SBI Small Cap Fund - Direct Plan - Growth,SBI Mutual Fund,Open Ended Schemes,Equity Scheme - Small Cap Fund,2023-06-12,134.7018,2026-06-23T05:29:58.847318+00:00,https://api.mfapi.in/mf/125497
125497,HDFC Top 100 Direct,125497,SBI Small Cap Fund - Direct Plan - Growth,SBI Mutual Fund,Open Ended Schemes,Equity Scheme - Small Cap Fund,2023-06-09,134.1118,2026-06-23T05:29:58.847318+00:00,https://api.mfapi.in/mf/125497
125497,HDFC Top 100 Direct,125497,SBI Small Cap Fund - Direct Plan - Growth,SBI Mutual Fund,Open Ended Schemes,Equity Scheme - Small Cap Fund,2023-06-08,134.5646,2026-06-23T05:29:58.847318+00:00,https://api.mfapi.in/mf/125497
125497,HDFC Top 100 Direct,125497,SBI Small Cap Fund - Direct Plan - Growth,SBI Mutual Fund,Open Ended Schemes,Equity Scheme - Small Cap Fund,2023-06-07,134.9855,2026-06-23T05:29:58.847318+00:00,https://api.mfapi.in/mf/125497
125497,HDFC Top 100 Direct,125497,SBI Small Cap Fund - Direct Plan - Growth,SBI Mutual Fund,Open Ended Schemes,Equity Scheme - Small Cap Fund,2023-06-06,133.5734,2026-06-23T05:29:58.847318+00:00,https://api.mfapi.in/mf/125497
125497,HDFC Top 100 Direct,125497,SBI Small Cap Fund - Direct Plan - Growth,SBI Mutual Fund,Open Ended Schemes,Equity Scheme - Small Cap Fund,2023-06-05,133.1177,2026-06-23T05:29:58.847318+00:00,https://api.mfapi.in/mf/125497
125497,HDFC Top 100 Direct,125497,SBI Small Cap Fund - Direct Plan - Growth,SBI Mutual Fund,Open Ended Schemes,Equity Scheme - Small Cap Fund,2023-06-02,132.614,2026-06-23T05:29:58.847318+00:00,https://api.mfapi.in/mf/125497
125497,HDFC Top 100 Direct,125497,SBI Small Cap Fund - Direct Plan - Growth,SBI Mutual Fund,Open Ended Schemes,Equity Scheme - Small Cap Fund,2023-06-01,132.3341,2026-06-23T05:29:58.847318+00:00,https://api.mfapi.in/mf/125497
125497,HDFC Top 100 Direct,125497,SBI Small Cap Fund - Direct Plan - Growth,SBI Mutual Fund,Open Ended Schemes,Equity Scheme - Small Cap Fund,2023-05-31,132.2913,2026-06-23T05:29:58.847318+00:00,https://api.mfapi.in/mf/125497
125497,HDFC Top 100 Direct,125497,SBI Small Cap Fund - Direct Plan - Growth,SBI Mutual Fund,Open Ended Schemes,Equity Scheme - Small Cap Fund,2023-05-30,131.9012,2026-06-23T05:29:58.847318+00:00,https://api.mfapi.in/mf/125497
125497,HDFC Top 100 Direct,125497,SBI Small Cap Fund - Direct Plan - Growth,SBI Mutual Fund,Open Ended Schemes,Equity Scheme - Small Cap Fund,2023-05-29,131.7139,2026-06-23T05:29:58.847318+00:00,https://api.mfapi.in/mf/125497
125497,HDFC Top 100 Direct,125497,SBI Small Cap Fund - Direct Plan - Growth,SBI Mutual Fund,Open Ended Schemes,Equity Scheme - Small Cap Fund,2023-05-26,131.5821,2026-06-23T05:29:58.847318+00:00,https://api.mfapi.in/mf/125497
125497,HDFC Top 100 Direct,125497,SBI Small Cap Fund - Direct Plan - Growth,SBI Mutual Fund,Open Ended Schemes,Equity Scheme - Small Cap Fund,2023-05-25,131.1635,2026-06-23T05:29:58.847318+00:00,https://api.mfapi.in/mf/125497
125497,HDFC Top 100 Direct,125497,SBI Small Cap Fund - Direct Plan - Growth,SBI Mutual Fund,Open Ended Schemes,Equity Scheme - Small Cap Fund,2023-05-24,130.9864,2026-06-23T05:29:58.847318+00:00,https://api.mfapi.in/mf/125497
125497,HDFC Top 100 Direct,125497,SBI Small Cap Fund - Direct Plan - Growth,SBI Mutual Fund,Open Ended Schemes,Equity Scheme - Small Cap Fund,2023-05-23,130.87,2026-06-23T05:29:58.847318+00:00,https://api.mfapi.in/mf/125497
125497,HDFC Top 100 Direct,125497,SBI Small Cap Fund - Direct Plan - Growth,SBI Mutual Fund,Open Ended Schemes,Equity Scheme - Small Cap Fund,2023-05-22,131.1264,2026-06-23T05:29:58.847318+00:00,https://api.mfapi.in/mf/125497
125497,HDFC Top 100 Direct,125497,SBI Small Cap Fund - Direct Plan - Growth,SBI Mutual Fund,Open Ended Schemes,Equity Scheme - Small Cap Fund,2023-05-19,130.2383,2026-06-23T05:29:58.847318+00:00,https://api.mfapi.in/mf/125497
125497,HDFC Top 100 Direct,125497,SBI Small Cap Fund - Direct Plan - Growth,SBI Mutual Fund,Open Ended Schemes,Equity Scheme - Small Cap Fund,2023-05-18,130.6447,2026-06-23T05:29:58.847318+00:00,https://api.mfapi.in/mf/125497
125497,HDFC Top 100 Direct,125497,SBI Small Cap Fund - Direct Plan - Growth,SBI Mutual Fund,Open Ended Schemes,Equity Scheme - Small Cap Fund,2023-05-17,130.5682,2026-06-23T05:29:58.847318+00:00,https://api.mfapi.in/mf/125497
125497,HDFC Top 100 Direct,125497,SBI Small Cap Fund - Direct Plan - Growth,SBI Mutual Fund,Open Ended Schemes,Equity Scheme - Small Cap Fund,2023-05-16,130.8127,2026-06-23T05:29:58.847318+00:00,https://api.mfapi.in/mf/125497
125497,HDFC Top 100 Direct,125497,SBI Small Cap Fund - Direct Plan - Growth,SBI Mutual Fund,Open Ended Schemes,Equity Scheme - Small Cap Fund,2023-05-15,130.5259,2026-06-23T05:29:58.847318+00:00,https://api.mfapi.in/mf/125497
125497,HDFC Top 100 Direct,125497,SBI Small Cap Fund - Direct Plan - Growth,SBI Mutual Fund,Open Ended Schemes,Equity Scheme - Small Cap Fund,2023-05-12,130.1433,2026-06-23T05:29:58.847318+00:00,https://api.mfapi.in/mf/125497
125497,HDFC Top 100 Direct,125497,SBI Small Cap Fund - Direct Plan - Growth,SBI Mutual Fund,Open Ended Schemes,Equity Scheme - Small Cap Fund,2023-05-11,130.2851,2026-06-23T05:29:58.847318+00:00,https://api.mfapi.in/mf/125497
125497,HDFC Top 100 Direct,125497,SBI Small Cap Fund - Direct Plan - Growth,SBI Mutual Fund,Open Ended Schemes,Equity Scheme - Small Cap Fund,2023-05-10,129.4546,2026-06-23T05:29:58.847318+00:00,https://api.mfapi.in/mf/125497
125497,HDFC Top 100 Direct,125497,SBI Small Cap Fund - Direct Plan - Growth,SBI Mutual Fund,Open Ended Schemes,Equity Scheme - Small Cap Fund,2023-05-09,128.8274,2026-06-23T05:29:58.847318+00:00,https://api.mfapi.in/mf/125497
125497,HDFC Top 100 Direct,125497,SBI Small Cap Fund - Direct Plan - Growth,SBI Mutual Fund,Open Ended Schemes,Equity Scheme - Small Cap Fund,2023-05-08,128.9877,2026-06-23T05:29:58.847318+00:00,https://api.mfapi.in/mf/125497
125497,HDFC Top 100 Direct,125497,SBI Small Cap Fund - Direct Plan - Growth,SBI Mutual Fund,Open Ended Schemes,Equity Scheme - Small Cap Fund,2023-05-05,127.7371,2026-06-23T05:29:58.847318+00:00,https://api.mfapi.in/mf/125497
125497,HDFC Top 100 Direct,125497,SBI Small Cap Fund - Direct Plan - Growth,SBI Mutual Fund,Open Ended Schemes,Equity Scheme - Small Cap Fund,2023-05-04,128.1846,2026-06-23T05:29:58.847318+00:00,https://api.mfapi.in/mf/125497
125497,HDFC Top 100 Direct,125497,SBI Small Cap Fund - Direct Plan - Growth,SBI Mutual Fund,Open Ended Schemes,Equity Scheme - Small Cap Fund,2023-05-03,127.493,2026-06-23T05:29:58.847318+00:00,https://api.mfapi.in/mf/125497
125497,HDFC Top 100 Direct,125497,SBI Small Cap Fund - Direct Plan - Growth,SBI Mutual Fund,Open Ended Schemes,Equity Scheme - Small Cap Fund,2023-05-02,127.3545,2026-06-23T05:29:58.847318+00:00,https://api.mfapi.in/mf/125497
125497,HDFC Top 100 Direct,125497,SBI Small Cap Fund - Direct Plan - Growth,SBI Mutual Fund,Open Ended Schemes,Equity Scheme - Small Cap Fund,2023-04-28,127.1712,2026-06-23T05:29:58.847318+00:00,https://api.mfapi.in/mf/125497
125497,HDFC Top 100 Direct,125497,SBI Small Cap Fund - Direct Plan - Growth,SBI Mutual Fund,Open Ended Schemes,Equity Scheme - Small Cap Fund,2023-04-27,126.338,2026-06-23T05:29:58.847318+00:00,https://api.mfapi.in/mf/125497
125497,HDFC Top 100 Direct,125497,SBI Small Cap Fund - Direct Plan - Growth,SBI Mutual Fund,Open Ended Schemes,Equity Scheme - Small Cap Fund,2023-04-26,125.8618,2026-06-23T05:29:58.847318+00:00,https://api.mfapi.in/mf/125497
125497,HDFC Top 100 Direct,125497,SBI Small Cap Fund - Direct Plan - Growth,SBI Mutual Fund,Open Ended Schemes,Equity Scheme - Small Cap Fund,2023-04-25,125.3949,2026-06-23T05:29:58.847318+00:00,https://api.mfapi.in/mf/125497
125497,HDFC Top 100 Direct,125497,SBI Small Cap Fund - Direct Plan - Growth,SBI Mutual Fund,Open Ended Schemes,Equity Scheme - Small Cap Fund,2023-04-24,125.372,2026-06-23T05:29:58.847318+00:00,https://api.mfapi.in/mf/125497
125497,HDFC Top 100 Direct,125497,SBI Small Cap Fund - Direct Plan - Growth,SBI Mutual Fund,Open Ended Schemes,Equity Scheme - Small Cap Fund,2023-04-21,125.2284,2026-06-23T05:29:58.847318+00:00,https://api.mfapi.in/mf/125497
125497,HDFC Top 100 Direct,125497,SBI Small Cap Fund - Direct Plan - Growth,SBI Mutual Fund,Open Ended Schemes,Equity Scheme - Small Cap Fund,2023-04-20,125.3792,2026-06-23T05:29:58.847318+00:00,https://api.mfapi.in/mf/125497
125497,HDFC Top 100 Direct,125497,SBI Small Cap Fund - Direct Plan - Growth,SBI Mutual Fund,Open Ended Schemes,Equity Scheme - Small Cap Fund,2023-04-19,124.6246,2026-06-23T05:29:58.847318+00:00,https://api.mfapi.in/mf/125497
125497,HDFC Top 100 Direct,125497,SBI Small Cap Fund - Direct Plan - Growth,SBI Mutual Fund,Open Ended Schemes,Equity Scheme - Small Cap Fund,2023-04-18,124.3244,2026-06-23T05:29:58.847318+00:00,https://api.mfapi.in/mf/125497
125497,HDFC Top 100 Direct,125497,SBI Small Cap Fund - Direct Plan - Growth,SBI Mutual Fund,Open Ended Schemes,Equity Scheme - Small Cap Fund,2023-04-17,124.2728,2026-06-23T05:29:58.847318+00:00,https://api.mfapi.in/mf/125497
125497,HDFC Top 100 Direct,125497,SBI Small Cap Fund - Direct Plan - Growth,SBI Mutual Fund,Open Ended Schemes,Equity Scheme - Small Cap Fund,2023-04-13,123.9911,2026-06-23T05:29:58.847318+00:00,https://api.mfapi.in/mf/125497
125497,HDFC Top 100 Direct,125497,SBI Small Cap Fund - Direct Plan - Growth,SBI Mutual Fund,Open Ended Schemes,Equity Scheme - Small Cap Fund,2023-04-12,123.6808,2026-06-23T05:29:58.847318+00:00,https://api.mfapi.in/mf/125497
125497,HDFC Top 100 Direct,125497,SBI Small Cap Fund - Direct Plan - Growth,SBI Mutual Fund,Open Ended Schemes,Equity Scheme - Small Cap Fund,2023-04-11,123.2215,2026-06-23T05:29:58.847318+00:00,https://api.mfapi.in/mf/125497
125497,HDFC Top 100 Direct,125497,SBI Small Cap Fund - Direct Plan - Growth,SBI Mutual Fund,Open Ended Schemes,Equity Scheme - Small Cap Fund,2023-04-10,122.9416,2026-06-23T05:29:58.847318+00:00,https://api.mfapi.in/mf/125497
125497,HDFC Top 100 Direct,125497,SBI Small Cap Fund - Direct Plan - Growth,SBI Mutual Fund,Open Ended Schemes,Equity Scheme - Small Cap Fund,2023-04-06,122.7811,2026-06-23T05:29:58.847318+00:00,https://api.mfapi.in/mf/125497
125497,HDFC Top 100 Direct,125497,SBI Small Cap Fund - Direct Plan - Growth,SBI Mutual Fund,Open Ended Schemes,Equity Scheme - Small Cap Fund,2023-04-05,122.6212,2026-06-23T05:29:58.847318+00:00,https://api.mfapi.in/mf/125497
125497,HDFC Top 100 Direct,125497,SBI Small Cap Fund - Direct Plan - Growth,SBI Mutual Fund,Open Ended Schemes,Equity Scheme - Small Cap Fund,2023-04-03,122.1271,2026-06-23T05:29:58.847318+00:00,https://api.mfapi.in/mf/125497
125497,HDFC Top 100 Direct,125497,SBI Small Cap Fund - Direct Plan - Growth,SBI Mutual Fund,Open Ended Schemes,Equity Scheme - Small Cap Fund,2023-03-31,121.7144,2026-06-23T05:29:58.847318+00:00,https://api.mfapi.in/mf/125497
125497,HDFC Top 100 Direct,125497,SBI Small Cap Fund - Direct Plan - Growth,SBI Mutual Fund,Open Ended Schemes,Equity Scheme - Small Cap Fund,2023-03-29,120.0371,2026-06-23T05:29:58.847318+00:00,https://api.mfapi.in/mf/125497
125497,HDFC Top 100 Direct,125497,SBI Small Cap Fund - Direct Plan - Growth,SBI Mutual Fund,Open Ended Schemes,Equity Scheme - Small Cap Fund,2023-03-28,118.3058,2026-06-23T05:29:58.847318+00:00,https://api.mfapi.in/mf/125497
125497,HDFC Top 100 Direct,125497,SBI Small Cap Fund - Direct Plan - Growth,SBI Mutual Fund,Open Ended Schemes,Equity Scheme - Small Cap Fund,2023-03-27,119.383,2026-06-23T05:29:58.847318+00:00,https://api.mfapi.in/mf/125497
125497,HDFC Top 100 Direct,125497,SBI Small Cap Fund - Direct Plan - Growth,SBI Mutual Fund,Open Ended Schemes,Equity Scheme - Small Cap Fund,2023-03-24,120.2745,2026-06-23T05:29:58.847318+00:00,https://api.mfapi.in/mf/125497
125497,HDFC Top 100 Direct,125497,SBI Small Cap Fund - Direct Plan - Growth,SBI Mutual Fund,Open Ended Schemes,Equity Scheme - Small Cap Fund,2023-03-23,121.7065,2026-06-23T05:29:58.847318+00:00,https://api.mfapi.in/mf/125497
125497,HDFC Top 100 Direct,125497,SBI Small Cap Fund - Direct Plan - Growth,SBI Mutual Fund,Open Ended Schemes,Equity Scheme - Small Cap Fund,2023-03-22,121.4156,2026-06-23T05:29:58.847318+00:00,https://api.mfapi.in/mf/125497
125497,HDFC Top 100 Direct,125497,SBI Small Cap Fund - Direct Plan - Growth,SBI Mutual Fund,Open Ended Schemes,Equity Scheme - Small Cap Fund,2023-03-21,120.9953,2026-06-23T05:29:58.847318+00:00,https://api.mfapi.in/mf/125497
125497,HDFC Top 100 Direct,125497,SBI Small Cap Fund - Direct Plan - Growth,SBI Mutual Fund,Open Ended Schemes,Equity Scheme - Small Cap Fund,2023-03-20,120.3344,2026-06-23T05:29:58.847318+00:00,https://api.mfapi.in/mf/125497
125497,HDFC Top 100 Direct,125497,SBI Small Cap Fund - Direct Plan - Growth,SBI Mutual Fund,Open Ended Schemes,Equity Scheme - Small Cap Fund,2023-03-17,121.446,2026-06-23T05:29:58.847318+00:00,https://api.mfapi.in/mf/125497
125497,HDFC Top 100 Direct,125497,SBI Small Cap Fund - Direct Plan - Growth,SBI Mutual Fund,Open Ended Schemes,Equity Scheme - Small Cap Fund,2023-03-16,120.9417,2026-06-23T05:29:58.847318+00:00,https://api.mfapi.in/mf/125497
125497,HDFC Top 100 Direct,125497,SBI Small Cap Fund - Direct Plan - Growth,SBI Mutual Fund,Open Ended Schemes,Equity Scheme - Small Cap Fund,2023-03-15,121.8605,2026-06-23T05:29:58.847318+00:00,https://api.mfapi.in/mf/125497
125497,HDFC Top 100 Direct,125497,SBI Small Cap Fund - Direct Plan - Growth,SBI Mutual Fund,Open Ended Schemes,Equity Scheme - Small Cap Fund,2023-03-14,121.7529,2026-06-23T05:29:58.847318+00:00,https://api.mfapi.in/mf/125497
125497,HDFC Top 100 Direct,125497,SBI Small Cap Fund - Direct Plan - Growth,SBI Mutual Fund,Open Ended Schemes,Equity Scheme - Small Cap Fund,2023-03-13,122.7771,2026-06-23T05:29:58.847318+00:00,https://api.mfapi.in/mf/125497
125497,HDFC Top 100 Direct,125497,SBI Small Cap Fund - Direct Plan - Growth,SBI Mutual Fund,Open Ended Schemes,Equity Scheme - Small Cap Fund,2023-03-10,124.211,2026-06-23T05:29:58.847318+00:00,https://api.mfapi.in/mf/125497
125497,HDFC Top 100 Direct,125497,SBI Small Cap Fund - Direct Plan - Growth,SBI Mutual Fund,Open Ended Schemes,Equity Scheme - Small Cap Fund,2023-03-09,124.5502,2026-06-23T05:29:58.847318+00:00,https://api.mfapi.in/mf/125497
125497,HDFC Top 100 Direct,125497,SBI Small Cap Fund - Direct Plan - Growth,SBI Mutual Fund,Open Ended Schemes,Equity Scheme - Small Cap Fund,2023-03-08,124.7469,2026-06-23T05:29:58.847318+00:00,https://api.mfapi.in/mf/125497
125497,HDFC Top 100 Direct,125497,SBI Small Cap Fund - Direct Plan - Growth,SBI Mutual Fund,Open Ended Schemes,Equity Scheme - Small Cap Fund,2023-03-06,124.8339,2026-06-23T05:29:58.847318+00:00,https://api.mfapi.in/mf/125497
125497,HDFC Top 100 Direct,125497,SBI Small Cap Fund - Direct Plan - Growth,SBI Mutual Fund,Open Ended Schemes,Equity Scheme - Small Cap Fund,2023-03-03,123.9481,2026-06-23T05:29:58.847318+00:00,https://api.mfapi.in/mf/125497
125497,HDFC Top 100 Direct,125497,SBI Small Cap Fund - Direct Plan - Growth,SBI Mutual Fund,Open Ended Schemes,Equity Scheme - Small Cap Fund,2023-03-02,123.3993,2026-06-23T05:29:58.847318+00:00,https://api.mfapi.in/mf/125497
125497,HDFC Top 100 Direct,125497,SBI Small Cap Fund - Direct Plan - Growth,SBI Mutual Fund,Open Ended Schemes,Equity Scheme - Small Cap Fund,2023-03-01,123.665,2026-06-23T05:29:58.847318+00:00,https://api.mfapi.in/mf/125497
125497,HDFC Top 100 Direct,125497,SBI Small Cap Fund - Direct Plan - Growth,SBI Mutual Fund,Open Ended Schemes,Equity Scheme - Small Cap Fund,2023-02-28,122.8701,2026-06-23T05:29:58.847318+00:00,https://api.mfapi.in/mf/125497
125497,HDFC Top 100 Direct,125497,SBI Small Cap Fund - Direct Plan - Growth,SBI Mutual Fund,Open Ended Schemes,Equity Scheme - Small Cap Fund,2023-02-27,122.0552,2026-06-23T05:29:58.847318+00:00,https://api.mfapi.in/mf/125497
125497,HDFC Top 100 Direct,125497,SBI Small Cap Fund - Direct Plan - Growth,SBI Mutual Fund,Open Ended Schemes,Equity Scheme - Small Cap Fund,2023-02-24,123.1777,2026-06-23T05:29:58.847318+00:00,https://api.mfapi.in/mf/125497
125497,HDFC Top 100 Direct,125497,SBI Small Cap Fund - Direct Plan - Growth,SBI Mutual Fund,Open Ended Schemes,Equity Scheme - Small Cap Fund,2023-02-23,123.0513,2026-06-23T05:29:58.847318+00:00,https://api.mfapi.in/mf/125497
125497,HDFC Top 100 Direct,125497,SBI Small Cap Fund - Direct Plan - Growth,SBI Mutual Fund,Open Ended Schemes,Equity Scheme - Small Cap Fund,2023-02-22,123.392,2026-06-23T05:29:58.847318+00:00,https://api.mfapi.in/mf/125497
125497,HDFC Top 100 Direct,125497,SBI Small Cap Fund - Direct Plan - Growth,SBI Mutual Fund,Open Ended Schemes,Equity Scheme - Small Cap Fund,2023-02-21,124.5172,2026-06-23T05:29:58.847318+00:00,https://api.mfapi.in/mf/125497
125497,HDFC Top 100 Direct,125497,SBI Small Cap Fund - Direct Plan - Growth,SBI Mutual Fund,Open Ended Schemes,Equity Scheme - Small Cap Fund,2023-02-20,124.9814,2026-06-23T05:29:58.847318+00:00,https://api.mfapi.in/mf/125497
125497,HDFC Top 100 Direct,125497,SBI Small Cap Fund - Direct Plan - Growth,SBI Mutual Fund,Open Ended Schemes,Equity Scheme - Small Cap Fund,2023-02-17,125.1119,2026-06-23T05:29:58.847318+00:00,https://api.mfapi.in/mf/125497
125497,HDFC Top 100 Direct,125497,SBI Small Cap Fund - Direct Plan - Growth,SBI Mutual Fund,Open Ended Schemes,Equity Scheme - Small Cap Fund,2023-02-16,124.9714,2026-06-23T05:29:58.847318+00:00,https://api.mfapi.in/mf/125497
125497,HDFC Top 100 Direct,125497,SBI Small Cap Fund - Direct Plan - Growth,SBI Mutual Fund,Open Ended Schemes,Equity Scheme - Small Cap Fund,2023-02-15,124.4506,2026-06-23T05:29:58.847318+00:00,https://api.mfapi.in/mf/125497
125497,HDFC Top 100 Direct,125497,SBI Small Cap Fund - Direct Plan - Growth,SBI Mutual Fund,Open Ended Schemes,Equity Scheme - Small Cap Fund,2023-02-14,124.0916,2026-06-23T05:29:58.847318+00:00,https://api.mfapi.in/mf/125497
125497,HDFC Top 100 Direct,125497,SBI Small Cap Fund - Direct Plan - Growth,SBI Mutual Fund,Open Ended Schemes,Equity Scheme - Small Cap Fund,2023-02-13,124.4056,2026-06-23T05:29:58.847318+00:00,https://api.mfapi.in/mf/125497
125497,HDFC Top 100 Direct,125497,SBI Small Cap Fund - Direct Plan - Growth,SBI Mutual Fund,Open Ended Schemes,Equity Scheme - Small Cap Fund,2023-02-10,125.1702,2026-06-23T05:29:58.847318+00:00,https://api.mfapi.in/mf/125497
125497,HDFC Top 100 Direct,125497,SBI Small Cap Fund - Direct Plan - Growth,SBI Mutual Fund,Open Ended Schemes,Equity Scheme - Small Cap Fund,2023-02-09,124.7379,2026-06-23T05:29:58.847318+00:00,https://api.mfapi.in/mf/125497
125497,HDFC Top 100 Direct,125497,SBI Small Cap Fund - Direct Plan - Growth,SBI Mutual Fund,Open Ended Schemes,Equity Scheme - Small Cap Fund,2023-02-08,125.1117,2026-06-23T05:29:58.847318+00:00,https://api.mfapi.in/mf/125497
125497,HDFC Top 100 Direct,125497,SBI Small Cap Fund - Direct Plan - Growth,SBI Mutual Fund,Open Ended Schemes,Equity Scheme - Small Cap Fund,2023-02-07,124.4182,2026-06-23T05:29:58.847318+00:00,https://api.mfapi.in/mf/125497
125497,HDFC Top 100 Direct,125497,SBI Small Cap Fund - Direct Plan - Growth,SBI Mutual Fund,Open Ended Schemes,Equity Scheme - Small Cap Fund,2023-02-06,123.9921,2026-06-23T05:29:58.847318+00:00,https://api.mfapi.in/mf/125497
125497,HDFC Top 100 Direct,125497,SBI Small Cap Fund - Direct Plan - Growth,SBI Mutual Fund,Open Ended Schemes,Equity Scheme - Small Cap Fund,2023-02-03,124.2907,2026-06-23T05:29:58.847318+00:00,https://api.mfapi.in/mf/125497
125497,HDFC Top 100 Direct,125497,SBI Small Cap Fund - Direct Plan - Growth,SBI Mutual Fund,Open Ended Schemes,Equity Scheme - Small Cap Fund,2023-02-02,124.0083,2026-06-23T05:29:58.847318+00:00,https://api.mfapi.in/mf/125497
125497,HDFC Top 100 Direct,125497,SBI Small Cap Fund - Direct Plan - Growth,SBI Mutual Fund,Open Ended Schemes,Equity Scheme - Small Cap Fund,2023-02-01,123.4784,2026-06-23T05:29:58.847318+00:00,https://api.mfapi.in/mf/125497
125497,HDFC Top 100 Direct,125497,SBI Small Cap Fund - Direct Plan - Growth,SBI Mutual Fund,Open Ended Schemes,Equity Scheme - Small Cap Fund,2023-01-31,124.3138,2026-06-23T05:29:58.847318+00:00,https://api.mfapi.in/mf/125497
125497,HDFC Top 100 Direct,125497,SBI Small Cap Fund - Direct Plan - Growth,SBI Mutual Fund,Open Ended Schemes,Equity Scheme - Small Cap Fund,2023-01-30,122.3633,2026-06-23T05:29:58.847318+00:00,https://api.mfapi.in/mf/125497
125497,HDFC Top 100 Direct,125497,SBI Small Cap Fund - Direct Plan - Growth,SBI Mutual Fund,Open Ended Schemes,Equity Scheme - Small Cap Fund,2023-01-27,122.6962,2026-06-23T05:29:58.847318+00:00,https://api.mfapi.in/mf/125497
125497,HDFC Top 100 Direct,125497,SBI Small Cap Fund - Direct Plan - Growth,SBI Mutual Fund,Open Ended Schemes,Equity Scheme - Small Cap Fund,2023-01-25,123.7522,2026-06-23T05:29:58.847318+00:00,https://api.mfapi.in/mf/125497
125497,HDFC Top 100 Direct,125497,SBI Small Cap Fund - Direct Plan - Growth,SBI Mutual Fund,Open Ended Schemes,Equity Scheme - Small Cap Fund,2023-01-24,124.1328,2026-06-23T05:29:58.847318+00:00,https://api.mfapi.in/mf/125497
125497,HDFC Top 100 Direct,125497,SBI Small Cap Fund - Direct Plan - Growth,SBI Mutual Fund,Open Ended Schemes,Equity Scheme - Small Cap Fund,2023-01-23,124.425,2026-06-23T05:29:58.847318+00:00,https://api.mfapi.in/mf/125497
125497,HDFC Top 100 Direct,125497,SBI Small Cap Fund - Direct Plan - Growth,SBI Mutual Fund,Open Ended Schemes,Equity Scheme - Small Cap Fund,2023-01-20,124.805,2026-06-23T05:29:58.847318+00:00,https://api.mfapi.in/mf/125497
125497,HDFC Top 100 Direct,125497,SBI Small Cap Fund - Direct Plan - Growth,SBI Mutual Fund,Open Ended Schemes,Equity Scheme - Small Cap Fund,2023-01-19,125.5433,2026-06-23T05:29:58.847318+00:00,https://api.mfapi.in/mf/125497
125497,HDFC Top 100 Direct,125497,SBI Small Cap Fund - Direct Plan - Growth,SBI Mutual Fund,Open Ended Schemes,Equity Scheme - Small Cap Fund,2023-01-18,125.7186,2026-06-23T05:29:58.847318+00:00,https://api.mfapi.in/mf/125497
125497,HDFC Top 100 Direct,125497,SBI Small Cap Fund - Direct Plan - Growth,SBI Mutual Fund,Open Ended Schemes,Equity Scheme - Small Cap Fund,2023-01-17,125.8074,2026-06-23T05:29:58.847318+00:00,https://api.mfapi.in/mf/125497
125497,HDFC Top 100 Direct,125497,SBI Small Cap Fund - Direct Plan - Growth,SBI Mutual Fund,Open Ended Schemes,Equity Scheme - Small Cap Fund,2023-01-16,125.9832,2026-06-23T05:29:58.847318+00:00,https://api.mfapi.in/mf/125497
125497,HDFC Top 100 Direct,125497,SBI Small Cap Fund - Direct Plan - Growth,SBI Mutual Fund,Open Ended Schemes,Equity Scheme - Small Cap Fund,2023-01-13,126.0588,2026-06-23T05:29:58.847318+00:00,https://api.mfapi.in/mf/125497
125497,HDFC Top 100 Direct,125497,SBI Small Cap Fund - Direct Plan - Growth,SBI Mutual Fund,Open Ended Schemes,Equity Scheme - Small Cap Fund,2023-01-12,126.1964,2026-06-23T05:29:58.847318+00:00,https://api.mfapi.in/mf/125497
125497,HDFC Top 100 Direct,125497,SBI Small Cap Fund - Direct Plan - Growth,SBI Mutual Fund,Open Ended Schemes,Equity Scheme - Small Cap Fund,2023-01-11,125.908,2026-06-23T05:29:58.847318+00:00,https://api.mfapi.in/mf/125497
125497,HDFC Top 100 Direct,125497,SBI Small Cap Fund - Direct Plan - Growth,SBI Mutual Fund,Open Ended Schemes,Equity Scheme - Small Cap Fund,2023-01-10,125.8004,2026-06-23T05:29:58.847318+00:00,https://api.mfapi.in/mf/125497
125497,HDFC Top 100 Direct,125497,SBI Small Cap Fund - Direct Plan - Growth,SBI Mutual Fund,Open Ended Schemes,Equity Scheme - Small Cap Fund,2023-01-09,126.4462,2026-06-23T05:29:58.847318+00:00,https://api.mfapi.in/mf/125497
125497,HDFC Top 100 Direct,125497,SBI Small Cap Fund - Direct Plan - Growth,SBI Mutual Fund,Open Ended Schemes,Equity Scheme - Small Cap Fund,2023-01-06,125.7185,2026-06-23T05:29:58.847318+00:00,https://api.mfapi.in/mf/125497
125497,HDFC Top 100 Direct,125497,SBI Small Cap Fund - Direct Plan - Growth,SBI Mutual Fund,Open Ended Schemes,Equity Scheme - Small Cap Fund,2023-01-05,126.7327,2026-06-23T05:29:58.847318+00:00,https://api.mfapi.in/mf/125497
125497,HDFC Top 100 Direct,125497,SBI Small Cap Fund - Direct Plan - Growth,SBI Mutual Fund,Open Ended Schemes,Equity Scheme - Small Cap Fund,2023-01-04,126.7266,2026-06-23T05:29:58.847318+00:00,https://api.mfapi.in/mf/125497
125497,HDFC Top 100 Direct,125497,SBI Small Cap Fund - Direct Plan - Growth,SBI Mutual Fund,Open Ended Schemes,Equity Scheme - Small Cap Fund,2023-01-03,127.7046,2026-06-23T05:29:58.847318+00:00,https://api.mfapi.in/mf/125497
125497,HDFC Top 100 Direct,125497,SBI Small Cap Fund - Direct Plan - Growth,SBI Mutual Fund,Open Ended Schemes,Equity Scheme - Small Cap Fund,2023-01-02,127.8404,2026-06-23T05:29:58.847318+00:00,https://api.mfapi.in/mf/125497
125497,HDFC Top 100 Direct,125497,SBI Small Cap Fund - Direct Plan - Growth,SBI Mutual Fund,Open Ended Schemes,Equity Scheme - Small Cap Fund,2022-12-30,127.3348,2026-06-23T05:29:58.847318+00:00,https://api.mfapi.in/mf/125497
125497,HDFC Top 100 Direct,125497,SBI Small Cap Fund - Direct Plan - Growth,SBI Mutual Fund,Open Ended Schemes,Equity Scheme - Small Cap Fund,2022-12-29,127.0211,2026-06-23T05:29:58.847318+00:00,https://api.mfapi.in/mf/125497
125497,HDFC Top 100 Direct,125497,SBI Small Cap Fund - Direct Plan - Growth,SBI Mutual Fund,Open Ended Schemes,Equity Scheme - Small Cap Fund,2022-12-28,126.6449,2026-06-23T05:29:58.847318+00:00,https://api.mfapi.in/mf/125497
125497,HDFC Top 100 Direct,125497,SBI Small Cap Fund - Direct Plan - Growth,SBI Mutual Fund,Open Ended Schemes,Equity Scheme - Small Cap Fund,2022-12-27,126.32,2026-06-23T05:29:58.847318+00:00,https://api.mfapi.in/mf/125497
125497,HDFC Top 100 Direct,125497,SBI Small Cap Fund - Direct Plan - Growth,SBI Mutual Fund,Open Ended Schemes,Equity Scheme - Small Cap Fund,2022-12-26,125.3049,2026-06-23T05:29:58.847318+00:00,https://api.mfapi.in/mf/125497
125497,HDFC Top 100 Direct,125497,SBI Small Cap Fund - Direct Plan - Growth,SBI Mutual Fund,Open Ended Schemes,Equity Scheme - Small Cap Fund,2022-12-23,122.5751,2026-06-23T05:29:58.847318+00:00,https://api.mfapi.in/mf/125497
125497,HDFC Top 100 Direct,125497,SBI Small Cap Fund - Direct Plan - Growth,SBI Mutual Fund,Open Ended Schemes,Equity Scheme - Small Cap Fund,2022-12-22,125.9663,2026-06-23T05:29:58.847318+00:00,https://api.mfapi.in/mf/125497
125497,HDFC Top 100 Direct,125497,SBI Small Cap Fund - Direct Plan - Growth,SBI Mutual Fund,Open Ended Schemes,Equity Scheme - Small Cap Fund,2022-12-21,128.1564,2026-06-23T05:29:58.847318+00:00,https://api.mfapi.in/mf/125497
125497,HDFC Top 100 Direct,125497,SBI Small Cap Fund - Direct Plan - Growth,SBI Mutual Fund,Open Ended Schemes,Equity Scheme - Small Cap Fund,2022-12-20,130.2814,2026-06-23T05:29:58.847318+00:00,https://api.mfapi.in/mf/125497
125497,HDFC Top 100 Direct,125497,SBI Small Cap Fund - Direct Plan - Growth,SBI Mutual Fund,Open Ended Schemes,Equity Scheme - Small Cap Fund,2022-12-19,129.9222,2026-06-23T05:29:58.847318+00:00,https://api.mfapi.in/mf/125497
125497,HDFC Top 100 Direct,125497,SBI Small Cap Fund - Direct Plan - Growth,SBI Mutual Fund,Open Ended Schemes,Equity Scheme - Small Cap Fund,2022-12-16,129.8891,2026-06-23T05:29:58.847318+00:00,https://api.mfapi.in/mf/125497
125497,HDFC Top 100 Direct,125497,SBI Small Cap Fund - Direct Plan - Growth,SBI Mutual Fund,Open Ended Schemes,Equity Scheme - Small Cap Fund,2022-12-15,130.9591,2026-06-23T05:29:58.847318+00:00,https://api.mfapi.in/mf/125497
125497,HDFC Top 100 Direct,125497,SBI Small Cap Fund - Direct Plan - Growth,SBI Mutual Fund,Open Ended Schemes,Equity Scheme - Small Cap Fund,2022-12-14,131.9951,2026-06-23T05:29:58.847318+00:00,https://api.mfapi.in/mf/125497
125497,HDFC Top 100 Direct,125497,SBI Small Cap Fund - Direct Plan - Growth,SBI Mutual Fund,Open Ended Schemes,Equity Scheme - Small Cap Fund,2022-12-13,131.0784,2026-06-23T05:29:58.847318+00:00,https://api.mfapi.in/mf/125497
125497,HDFC Top 100 Direct,125497,SBI Small Cap Fund - Direct Plan - Growth,SBI Mutual Fund,Open Ended Schemes,Equity Scheme - Small Cap Fund,2022-12-12,130.6256,2026-06-23T05:29:58.847318+00:00,https://api.mfapi.in/mf/125497
125497,HDFC Top 100 Direct,125497,SBI Small Cap Fund - Direct Plan - Growth,SBI Mutual Fund,Open Ended Schemes,Equity Scheme - Small Cap Fund,2022-12-09,130.5903,2026-06-23T05:29:58.847318+00:00,https://api.mfapi.in/mf/125497
125497,HDFC Top 100 Direct,125497,SBI Small Cap Fund - Direct Plan - Growth,SBI Mutual Fund,Open Ended Schemes,Equity Scheme - Small Cap Fund,2022-12-08,131.3288,2026-06-23T05:29:58.847318+00:00,https://api.mfapi.in/mf/125497
125497,HDFC Top 100 Direct,125497,SBI Small Cap Fund - Direct Plan - Growth,SBI Mutual Fund,Open Ended Schemes,Equity Scheme - Small Cap Fund,2022-12-07,130.6184,2026-06-23T05:29:58.847318+00:00,https://api.mfapi.in/mf/125497
125497,HDFC Top 100 Direct,125497,SBI Small Cap Fund - Direct Plan - Growth,SBI Mutual Fund,Open Ended Schemes,Equity Scheme - Small Cap Fund,2022-12-06,130.9286,2026-06-23T05:29:58.847318+00:00,https://api.mfapi.in/mf/125497
125497,HDFC Top 100 Direct,125497,SBI Small Cap Fund - Direct Plan - Growth,SBI Mutual Fund,Open Ended Schemes,Equity Scheme - Small Cap Fund,2022-12-05,131.0408,2026-06-23T05:29:58.847318+00:00,https://api.mfapi.in/mf/125497
125497,HDFC Top 100 Direct,125497,SBI Small Cap Fund - Direct Plan - Growth,SBI Mutual Fund,Open Ended Schemes,Equity Scheme - Small Cap Fund,2022-12-02,130.6855,2026-06-23T05:29:58.847318+00:00,https://api.mfapi.in/mf/125497
125497,HDFC Top 100 Direct,125497,SBI Small Cap Fund - Direct Plan - Growth,SBI Mutual Fund,Open Ended Schemes,Equity Scheme - Small Cap Fund,2022-12-01,130.2758,2026-06-23T05:29:58.847318+00:00,https://api.mfapi.in/mf/125497
125497,HDFC Top 100 Direct,125497,SBI Small Cap Fund - Direct Plan - Growth,SBI Mutual Fund,Open Ended Schemes,Equity Scheme - Small Cap Fund,2022-11-30,129.5097,2026-06-23T05:29:58.847318+00:00,https://api.mfapi.in/mf/125497
125497,HDFC Top 100 Direct,125497,SBI Small Cap Fund - Direct Plan - Growth,SBI Mutual Fund,Open Ended Schemes,Equity Scheme - Small Cap Fund,2022-11-29,128.544,2026-06-23T05:29:58.847318+00:00,https://api.mfapi.in/mf/125497
125497,HDFC Top 100 Direct,125497,SBI Small Cap Fund - Direct Plan - Growth,SBI Mutual Fund,Open Ended Schemes,Equity Scheme - Small Cap Fund,2022-11-28,129.0166,2026-06-23T05:29:58.847318+00:00,https://api.mfapi.in/mf/125497
125497,HDFC Top 100 Direct,125497,SBI Small Cap Fund - Direct Plan - Growth,SBI Mutual Fund,Open Ended Schemes,Equity Scheme - Small Cap Fund,2022-11-25,128.5562,2026-06-23T05:29:58.847318+00:00,https://api.mfapi.in/mf/125497
125497,HDFC Top 100 Direct,125497,SBI Small Cap Fund - Direct Plan - Growth,SBI Mutual Fund,Open Ended Schemes,Equity Scheme - Small Cap Fund,2022-11-24,128.2567,2026-06-23T05:29:58.847318+00:00,https://api.mfapi.in/mf/125497
125497,HDFC Top 100 Direct,125497,SBI Small Cap Fund - Direct Plan - Growth,SBI Mutual Fund,Open Ended Schemes,Equity Scheme - Small Cap Fund,2022-11-23,127.7493,2026-06-23T05:29:58.847318+00:00,https://api.mfapi.in/mf/125497
125497,HDFC Top 100 Direct,125497,SBI Small Cap Fund - Direct Plan - Growth,SBI Mutual Fund,Open Ended Schemes,Equity Scheme - Small Cap Fund,2022-11-22,127.4269,2026-06-23T05:29:58.847318+00:00,https://api.mfapi.in/mf/125497
125497,HDFC Top 100 Direct,125497,SBI Small Cap Fund - Direct Plan - Growth,SBI Mutual Fund,Open Ended Schemes,Equity Scheme - Small Cap Fund,2022-11-21,127.6535,2026-06-23T05:29:58.847318+00:00,https://api.mfapi.in/mf/125497
125497,HDFC Top 100 Direct,125497,SBI Small Cap Fund - Direct Plan - Growth,SBI Mutual Fund,Open Ended Schemes,Equity Scheme - Small Cap Fund,2022-11-18,127.4022,2026-06-23T05:29:58.847318+00:00,https://api.mfapi.in/mf/125497
125497,HDFC Top 100 Direct,125497,SBI Small Cap Fund - Direct Plan - Growth,SBI Mutual Fund,Open Ended Schemes,Equity Scheme - Small Cap Fund,2022-11-17,128.0744,2026-06-23T05:29:58.847318+00:00,https://api.mfapi.in/mf/125497
125497,HDFC Top 100 Direct,125497,SBI Small Cap Fund - Direct Plan - Growth,SBI Mutual Fund,Open Ended Schemes,Equity Scheme - Small Cap Fund,2022-11-16,128.1135,2026-06-23T05:29:58.847318+00:00,https://api.mfapi.in/mf/125497
125497,HDFC Top 100 Direct,125497,SBI Small Cap Fund - Direct Plan - Growth,SBI Mutual Fund,Open Ended Schemes,Equity Scheme - Small Cap Fund,2022-11-15,127.4028,2026-06-23T05:29:58.847318+00:00,https://api.mfapi.in/mf/125497
125497,HDFC Top 100 Direct,125497,SBI Small Cap Fund - Direct Plan - Growth,SBI Mutual Fund,Open Ended Schemes,Equity Scheme - Small Cap Fund,2022-11-14,127.4932,2026-06-23T05:29:58.847318+00:00,https://api.mfapi.in/mf/125497
125497,HDFC Top 100 Direct,125497,SBI Small Cap Fund - Direct Plan - Growth,SBI Mutual Fund,Open Ended Schemes,Equity Scheme - Small Cap Fund,2022-11-11,127.747,2026-06-23T05:29:58.847318+00:00,https://api.mfapi.in/mf/125497
125497,HDFC Top 100 Direct,125497,SBI Small Cap Fund - Direct Plan - Growth,SBI Mutual Fund,Open Ended Schemes,Equity Scheme - Small Cap Fund,2022-11-10,127.722,2026-06-23T05:29:58.847318+00:00,https://api.mfapi.in/mf/125497
125497,HDFC Top 100 Direct,125497,SBI Small Cap Fund - Direct Plan - Growth,SBI Mutual Fund,Open Ended Schemes,Equity Scheme - Small Cap Fund,2022-11-09,128.443,2026-06-23T05:29:58.847318+00:00,https://api.mfapi.in/mf/125497
125497,HDFC Top 100 Direct,125497,SBI Small Cap Fund - Direct Plan - Growth,SBI Mutual Fund,Open Ended Schemes,Equity Scheme - Small Cap Fund,2022-11-07,128.9903,2026-06-23T05:29:58.847318+00:00,https://api.mfapi.in/mf/125497
125497,HDFC Top 100 Direct,125497,SBI Small Cap Fund - Direct Plan - Growth,SBI Mutual Fund,Open Ended Schemes,Equity Scheme - Small Cap Fund,2022-11-04,128.615,2026-06-23T05:29:58.847318+00:00,https://api.mfapi.in/mf/125497
125497,HDFC Top 100 Direct,125497,SBI Small Cap Fund - Direct Plan - Growth,SBI Mutual Fund,Open Ended Schemes,Equity Scheme - Small Cap Fund,2022-11-03,128.4345,2026-06-23T05:29:58.847318+00:00,https://api.mfapi.in/mf/125497
125497,HDFC Top 100 Direct,125497,SBI Small Cap Fund - Direct Plan - Growth,SBI Mutual Fund,Open Ended Schemes,Equity Scheme - Small Cap Fund,2022-11-02,128.4568,2026-06-23T05:29:58.847318+00:00,https://api.mfapi.in/mf/125497
125497,HDFC Top 100 Direct,125497,SBI Small Cap Fund - Direct Plan - Growth,SBI Mutual Fund,Open Ended Schemes,Equity Scheme - Small Cap Fund,2022-11-01,127.8603,2026-06-23T05:29:58.847318+00:00,https://api.mfapi.in/mf/125497
125497,HDFC Top 100 Direct,125497,SBI Small Cap Fund - Direct Plan - Growth,SBI Mutual Fund,Open Ended Schemes,Equity Scheme - Small Cap Fund,2022-10-31,127.6411,2026-06-23T05:29:58.847318+00:00,https://api.mfapi.in/mf/125497
125497,HDFC Top 100 Direct,125497,SBI Small Cap Fund - Direct Plan - Growth,SBI Mutual Fund,Open Ended Schemes,Equity Scheme - Small Cap Fund,2022-10-28,127.8495,2026-06-23T05:29:58.847318+00:00,https://api.mfapi.in/mf/125497
125497,HDFC Top 100 Direct,125497,SBI Small Cap Fund - Direct Plan - Growth,SBI Mutual Fund,Open Ended Schemes,Equity Scheme - Small Cap Fund,2022-10-27,128.5742,2026-06-23T05:29:58.847318+00:00,https://api.mfapi.in/mf/125497
125497,HDFC Top 100 Direct,125497,SBI Small Cap Fund - Direct Plan - Growth,SBI Mutual Fund,Open Ended Schemes,Equity Scheme - Small Cap Fund,2022-10-25,128.1443,2026-06-23T05:29:58.847318+00:00,https://api.mfapi.in/mf/125497
125497,HDFC Top 100 Direct,125497,SBI Small Cap Fund - Direct Plan - Growth,SBI Mutual Fund,Open Ended Schemes,Equity Scheme - Small Cap Fund,2022-10-21,127.685,2026-06-23T05:29:58.847318+00:00,https://api.mfapi.in/mf/125497
125497,HDFC Top 100 Direct,125497,SBI Small Cap Fund - Direct Plan - Growth,SBI Mutual Fund,Open Ended Schemes,Equity Scheme - Small Cap Fund,2022-10-20,128.7159,2026-06-23T05:29:58.847318+00:00,https://api.mfapi.in/mf/125497
125497,HDFC Top 100 Direct,125497,SBI Small Cap Fund - Direct Plan - Growth,SBI Mutual Fund,Open Ended Schemes,Equity Scheme - Small Cap Fund,2022-10-19,128.6649,2026-06-23T05:29:58.847318+00:00,https://api.mfapi.in/mf/125497
125497,HDFC Top 100 Direct,125497,SBI Small Cap Fund - Direct Plan - Growth,SBI Mutual Fund,Open Ended Schemes,Equity Scheme - Small Cap Fund,2022-10-18,128.0846,2026-06-23T05:29:58.847318+00:00,https://api.mfapi.in/mf/125497
125497,HDFC Top 100 Direct,125497,SBI Small Cap Fund - Direct Plan - Growth,SBI Mutual Fund,Open Ended Schemes,Equity Scheme - Small Cap Fund,2022-10-17,127.4936,2026-06-23T05:29:58.847318+00:00,https://api.mfapi.in/mf/125497
125497,HDFC Top 100 Direct,125497,SBI Small Cap Fund - Direct Plan - Growth,SBI Mutual Fund,Open Ended Schemes,Equity Scheme - Small Cap Fund,2022-10-14,127.3371,2026-06-23T05:29:58.847318+00:00,https://api.mfapi.in/mf/125497
125497,HDFC Top 100 Direct,125497,SBI Small Cap Fund - Direct Plan - Growth,SBI Mutual Fund,Open Ended Schemes,Equity Scheme - Small Cap Fund,2022-10-13,127.0832,2026-06-23T05:29:58.847318+00:00,https://api.mfapi.in/mf/125497
125497,HDFC Top 100 Direct,125497,SBI Small Cap Fund - Direct Plan - Growth,SBI Mutual Fund,Open Ended Schemes,Equity Scheme - Small Cap Fund,2022-10-12,127.8117,2026-06-23T05:29:58.847318+00:00,https://api.mfapi.in/mf/125497
125497,HDFC Top 100 Direct,125497,SBI Small Cap Fund - Direct Plan - Growth,SBI Mutual Fund,Open Ended Schemes,Equity Scheme - Small Cap Fund,2022-10-11,127.5503,2026-06-23T05:29:58.847318+00:00,https://api.mfapi.in/mf/125497
125497,HDFC Top 100 Direct,125497,SBI Small Cap Fund - Direct Plan - Growth,SBI Mutual Fund,Open Ended Schemes,Equity Scheme - Small Cap Fund,2022-10-10,128.2879,2026-06-23T05:29:58.847318+00:00,https://api.mfapi.in/mf/125497
125497,HDFC Top 100 Direct,125497,SBI Small Cap Fund - Direct Plan - Growth,SBI Mutual Fund,Open Ended Schemes,Equity Scheme - Small Cap Fund,2022-10-07,129.3889,2026-06-23T05:29:58.847318+00:00,https://api.mfapi.in/mf/125497
125497,HDFC Top 100 Direct,125497,SBI Small Cap Fund - Direct Plan - Growth,SBI Mutual Fund,Open Ended Schemes,Equity Scheme - Small Cap Fund,2022-10-06,128.8844,2026-06-23T05:29:58.847318+00:00,https://api.mfapi.in/mf/125497
125497,HDFC Top 100 Direct,125497,SBI Small Cap Fund - Direct Plan - Growth,SBI Mutual Fund,Open Ended Schemes,Equity Scheme - Small Cap Fund,2022-10-04,128.2436,2026-06-23T05:29:58.847318+00:00,https://api.mfapi.in/mf/125497
125497,HDFC Top 100 Direct,125497,SBI Small Cap Fund - Direct Plan - Growth,SBI Mutual Fund,Open Ended Schemes,Equity Scheme - Small Cap Fund,2022-10-03,127.1351,2026-06-23T05:29:58.847318+00:00,https://api.mfapi.in/mf/125497
125497,HDFC Top 100 Direct,125497,SBI Small Cap Fund - Direct Plan - Growth,SBI Mutual Fund,Open Ended Schemes,Equity Scheme - Small Cap Fund,2022-09-30,126.7384,2026-06-23T05:29:58.847318+00:00,https://api.mfapi.in/mf/125497
125497,HDFC Top 100 Direct,125497,SBI Small Cap Fund - Direct Plan - Growth,SBI Mutual Fund,Open Ended Schemes,Equity Scheme - Small Cap Fund,2022-09-29,125.2023,2026-06-23T05:29:58.847318+00:00,https://api.mfapi.in/mf/125497
125497,HDFC Top 100 Direct,125497,SBI Small Cap Fund - Direct Plan - Growth,SBI Mutual Fund,Open Ended Schemes,Equity Scheme - Small Cap Fund,2022-09-28,124.4319,2026-06-23T05:29:58.847318+00:00,https://api.mfapi.in/mf/125497
125497,HDFC Top 100 Direct,125497,SBI Small Cap Fund - Direct Plan - Growth,SBI Mutual Fund,Open Ended Schemes,Equity Scheme - Small Cap Fund,2022-09-27,124.6406,2026-06-23T05:29:58.847318+00:00,https://api.mfapi.in/mf/125497
125497,HDFC Top 100 Direct,125497,SBI Small Cap Fund - Direct Plan - Growth,SBI Mutual Fund,Open Ended Schemes,Equity Scheme - Small Cap Fund,2022-09-26,123.8437,2026-06-23T05:29:58.847318+00:00,https://api.mfapi.in/mf/125497
125497,HDFC Top 100 Direct,125497,SBI Small Cap Fund - Direct Plan - Growth,SBI Mutual Fund,Open Ended Schemes,Equity Scheme - Small Cap Fund,2022-09-23,126.9671,2026-06-23T05:29:58.847318+00:00,https://api.mfapi.in/mf/125497
125497,HDFC Top 100 Direct,125497,SBI Small Cap Fund - Direct Plan - Growth,SBI Mutual Fund,Open Ended Schemes,Equity Scheme - Small Cap Fund,2022-09-22,128.606,2026-06-23T05:29:58.847318+00:00,https://api.mfapi.in/mf/125497
125497,HDFC Top 100 Direct,125497,SBI Small Cap Fund - Direct Plan - Growth,SBI Mutual Fund,Open Ended Schemes,Equity Scheme - Small Cap Fund,2022-09-21,128.623,2026-06-23T05:29:58.847318+00:00,https://api.mfapi.in/mf/125497
125497,HDFC Top 100 Direct,125497,SBI Small Cap Fund - Direct Plan - Growth,SBI Mutual Fund,Open Ended Schemes,Equity Scheme - Small Cap Fund,2022-09-20,128.8983,2026-06-23T05:29:58.847318+00:00,https://api.mfapi.in/mf/125497
125497,HDFC Top 100 Direct,125497,SBI Small Cap Fund - Direct Plan - Growth,SBI Mutual Fund,Open Ended Schemes,Equity Scheme - Small Cap Fund,2022-09-19,127.8166,2026-06-23T05:29:58.847318+00:00,https://api.mfapi.in/mf/125497
125497,HDFC Top 100 Direct,125497,SBI Small Cap Fund - Direct Plan - Growth,SBI Mutual Fund,Open Ended Schemes,Equity Scheme - Small Cap Fund,2022-09-16,128.0029,2026-06-23T05:29:58.847318+00:00,https://api.mfapi.in/mf/125497
125497,HDFC Top 100 Direct,125497,SBI Small Cap Fund - Direct Plan - Growth,SBI Mutual Fund,Open Ended Schemes,Equity Scheme - Small Cap Fund,2022-09-15,130.8477,2026-06-23T05:29:58.847318+00:00,https://api.mfapi.in/mf/125497
125497,HDFC Top 100 Direct,125497,SBI Small Cap Fund - Direct Plan - Growth,SBI Mutual Fund,Open Ended Schemes,Equity Scheme - Small Cap Fund,2022-09-14,131.5105,2026-06-23T05:29:58.847318+00:00,https://api.mfapi.in/mf/125497
125497,HDFC Top 100 Direct,125497,SBI Small Cap Fund - Direct Plan - Growth,SBI Mutual Fund,Open Ended Schemes,Equity Scheme - Small Cap Fund,2022-09-13,130.9984,2026-06-23T05:29:58.847318+00:00,https://api.mfapi.in/mf/125497
125497,HDFC Top 100 Direct,125497,SBI Small Cap Fund - Direct Plan - Growth,SBI Mutual Fund,Open Ended Schemes,Equity Scheme - Small Cap Fund,2022-09-12,131.2711,2026-06-23T05:29:58.847318+00:00,https://api.mfapi.in/mf/125497
125497,HDFC Top 100 Direct,125497,SBI Small Cap Fund - Direct Plan - Growth,SBI Mutual Fund,Open Ended Schemes,Equity Scheme - Small Cap Fund,2022-09-09,130.1662,2026-06-23T05:29:58.847318+00:00,https://api.mfapi.in/mf/125497
125497,HDFC Top 100 Direct,125497,SBI Small Cap Fund - Direct Plan - Growth,SBI Mutual Fund,Open Ended Schemes,Equity Scheme - Small Cap Fund,2022-09-08,129.8388,2026-06-23T05:29:58.847318+00:00,https://api.mfapi.in/mf/125497
125497,HDFC Top 100 Direct,125497,SBI Small Cap Fund - Direct Plan - Growth,SBI Mutual Fund,Open Ended Schemes,Equity Scheme - Small Cap Fund,2022-09-07,128.9903,2026-06-23T05:29:58.847318+00:00,https://api.mfapi.in/mf/125497
125497,HDFC Top 100 Direct,125497,SBI Small Cap Fund - Direct Plan - Growth,SBI Mutual Fund,Open Ended Schemes,Equity Scheme - Small Cap Fund,2022-09-06,127.812,2026-06-23T05:29:58.847318+00:00,https://api.mfapi.in/mf/125497
125497,HDFC Top 100 Direct,125497,SBI Small Cap Fund - Direct Plan - Growth,SBI Mutual Fund,Open Ended Schemes,Equity Scheme - Small Cap Fund,2022-09-05,126.9883,2026-06-23T05:29:58.847318+00:00,https://api.mfapi.in/mf/125497
125497,HDFC Top 100 Direct,125497,SBI Small Cap Fund - Direct Plan - Growth,SBI Mutual Fund,Open Ended Schemes,Equity Scheme - Small Cap Fund,2022-09-02,126.1091,2026-06-23T05:29:58.847318+00:00,https://api.mfapi.in/mf/125497
125497,HDFC Top 100 Direct,125497,SBI Small Cap Fund - Direct Plan - Growth,SBI Mutual Fund,Open Ended Schemes,Equity Scheme - Small Cap Fund,2022-09-01,124.8265,2026-06-23T05:29:58.847318+00:00,https://api.mfapi.in/mf/125497
125497,HDFC Top 100 Direct,125497,SBI Small Cap Fund - Direct Plan - Growth,SBI Mutual Fund,Open Ended Schemes,Equity Scheme - Small Cap Fund,2022-08-30,124.7127,2026-06-23T05:29:58.847318+00:00,https://api.mfapi.in/mf/125497
125497,HDFC Top 100 Direct,125497,SBI Small Cap Fund - Direct Plan - Growth,SBI Mutual Fund,Open Ended Schemes,Equity Scheme - Small Cap Fund,2022-08-29,123.2418,2026-06-23T05:29:58.847318+00:00,https://api.mfapi.in/mf/125497
125497,HDFC Top 100 Direct,125497,SBI Small Cap Fund - Direct Plan - Growth,SBI Mutual Fund,Open Ended Schemes,Equity Scheme - Small Cap Fund,2022-08-26,123.6562,2026-06-23T05:29:58.847318+00:00,https://api.mfapi.in/mf/125497
125497,HDFC Top 100 Direct,125497,SBI Small Cap Fund - Direct Plan - Growth,SBI Mutual Fund,Open Ended Schemes,Equity Scheme - Small Cap Fund,2022-08-25,123.2572,2026-06-23T05:29:58.847318+00:00,https://api.mfapi.in/mf/125497
125497,HDFC Top 100 Direct,125497,SBI Small Cap Fund - Direct Plan - Growth,SBI Mutual Fund,Open Ended Schemes,Equity Scheme - Small Cap Fund,2022-08-24,122.9131,2026-06-23T05:29:58.847318+00:00,https://api.mfapi.in/mf/125497
125497,HDFC Top 100 Direct,125497,SBI Small Cap Fund - Direct Plan - Growth,SBI Mutual Fund,Open Ended Schemes,Equity Scheme - Small Cap Fund,2022-08-23,122.1378,2026-06-23T05:29:58.847318+00:00,https://api.mfapi.in/mf/125497
125497,HDFC Top 100 Direct,125497,SBI Small Cap Fund - Direct Plan - Growth,SBI Mutual Fund,Open Ended Schemes,Equity Scheme - Small Cap Fund,2022-08-22,121.1594,2026-06-23T05:29:58.847318+00:00,https://api.mfapi.in/mf/125497
125497,HDFC Top 100 Direct,125497,SBI Small Cap Fund - Direct Plan - Growth,SBI Mutual Fund,Open Ended Schemes,Equity Scheme - Small Cap Fund,2022-08-19,121.8963,2026-06-23T05:29:58.847318+00:00,https://api.mfapi.in/mf/125497
125497,HDFC Top 100 Direct,125497,SBI Small Cap Fund - Direct Plan - Growth,SBI Mutual Fund,Open Ended Schemes,Equity Scheme - Small Cap Fund,2022-08-18,123.1031,2026-06-23T05:29:58.847318+00:00,https://api.mfapi.in/mf/125497
125497,HDFC Top 100 Direct,125497,SBI Small Cap Fund - Direct Plan - Growth,SBI Mutual Fund,Open Ended Schemes,Equity Scheme - Small Cap Fund,2022-08-17,122.7003,2026-06-23T05:29:58.847318+00:00,https://api.mfapi.in/mf/125497
125497,HDFC Top 100 Direct,125497,SBI Small Cap Fund - Direct Plan - Growth,SBI Mutual Fund,Open Ended Schemes,Equity Scheme - Small Cap Fund,2022-08-16,122.5798,2026-06-23T05:29:58.847318+00:00,https://api.mfapi.in/mf/125497
125497,HDFC Top 100 Direct,125497,SBI Small Cap Fund - Direct Plan - Growth,SBI Mutual Fund,Open Ended Schemes,Equity Scheme - Small Cap Fund,2022-08-12,122.1465,2026-06-23T05:29:58.847318+00:00,https://api.mfapi.in/mf/125497
125497,HDFC Top 100 Direct,125497,SBI Small Cap Fund - Direct Plan - Growth,SBI Mutual Fund,Open Ended Schemes,Equity Scheme - Small Cap Fund,2022-08-11,122.0436,2026-06-23T05:29:58.847318+00:00,https://api.mfapi.in/mf/125497
125497,HDFC Top 100 Direct,125497,SBI Small Cap Fund - Direct Plan - Growth,SBI Mutual Fund,Open Ended Schemes,Equity Scheme - Small Cap Fund,2022-08-10,121.7895,2026-06-23T05:29:58.847318+00:00,https://api.mfapi.in/mf/125497
125497,HDFC Top 100 Direct,125497,SBI Small Cap Fund - Direct Plan - Growth,SBI Mutual Fund,Open Ended Schemes,Equity Scheme - Small Cap Fund,2022-08-08,120.8529,2026-06-23T05:29:58.847318+00:00,https://api.mfapi.in/mf/125497
125497,HDFC Top 100 Direct,125497,SBI Small Cap Fund - Direct Plan - Growth,SBI Mutual Fund,Open Ended Schemes,Equity Scheme - Small Cap Fund,2022-08-05,119.5001,2026-06-23T05:29:58.847318+00:00,https://api.mfapi.in/mf/125497
125497,HDFC Top 100 Direct,125497,SBI Small Cap Fund - Direct Plan - Growth,SBI Mutual Fund,Open Ended Schemes,Equity Scheme - Small Cap Fund,2022-08-04,119.5351,2026-06-23T05:29:58.847318+00:00,https://api.mfapi.in/mf/125497
125497,HDFC Top 100 Direct,125497,SBI Small Cap Fund - Direct Plan - Growth,SBI Mutual Fund,Open Ended Schemes,Equity Scheme - Small Cap Fund,2022-08-03,119.3671,2026-06-23T05:29:58.847318+00:00,https://api.mfapi.in/mf/125497
125497,HDFC Top 100 Direct,125497,SBI Small Cap Fund - Direct Plan - Growth,SBI Mutual Fund,Open Ended Schemes,Equity Scheme - Small Cap Fund,2022-08-02,119.6709,2026-06-23T05:29:58.847318+00:00,https://api.mfapi.in/mf/125497
125497,HDFC Top 100 Direct,125497,SBI Small Cap Fund - Direct Plan - Growth,SBI Mutual Fund,Open Ended Schemes,Equity Scheme - Small Cap Fund,2022-08-01,118.4285,2026-06-23T05:29:58.847318+00:00,https://api.mfapi.in/mf/125497
125497,HDFC Top 100 Direct,125497,SBI Small Cap Fund - Direct Plan - Growth,SBI Mutual Fund,Open Ended Schemes,Equity Scheme - Small Cap Fund,2022-07-29,115.8262,2026-06-23T05:29:58.847318+00:00,https://api.mfapi.in/mf/125497
125497,HDFC Top 100 Direct,125497,SBI Small Cap Fund - Direct Plan - Growth,SBI Mutual Fund,Open Ended Schemes,Equity Scheme - Small Cap Fund,2022-07-28,115.4212,2026-06-23T05:29:58.847318+00:00,https://api.mfapi.in/mf/125497
125497,HDFC Top 100 Direct,125497,SBI Small Cap Fund - Direct Plan - Growth,SBI Mutual Fund,Open Ended Schemes,Equity Scheme - Small Cap Fund,2022-07-27,114.2238,2026-06-23T05:29:58.847318+00:00,https://api.mfapi.in/mf/125497
125497,HDFC Top 100 Direct,125497,SBI Small Cap Fund - Direct Plan - Growth,SBI Mutual Fund,Open Ended Schemes,Equity Scheme - Small Cap Fund,2022-07-26,113.9363,2026-06-23T05:29:58.847318+00:00,https://api.mfapi.in/mf/125497
125497,HDFC Top 100 Direct,125497,SBI Small Cap Fund - Direct Plan - Growth,SBI Mutual Fund,Open Ended Schemes,Equity Scheme - Small Cap Fund,2022-07-25,114.3251,2026-06-23T05:29:58.847318+00:00,https://api.mfapi.in/mf/125497
125497,HDFC Top 100 Direct,125497,SBI Small Cap Fund - Direct Plan - Growth,SBI Mutual Fund,Open Ended Schemes,Equity Scheme - Small Cap Fund,2022-07-22,114.09,2026-06-23T05:29:58.847318+00:00,https://api.mfapi.in/mf/125497
125497,HDFC Top 100 Direct,125497,SBI Small Cap Fund - Direct Plan - Growth,SBI Mutual Fund,Open Ended Schemes,Equity Scheme - Small Cap Fund,2022-07-21,113.4094,2026-06-23T05:29:58.847318+00:00,https://api.mfapi.in/mf/125497
125497,HDFC Top 100 Direct,125497,SBI Small Cap Fund - Direct Plan - Growth,SBI Mutual Fund,Open Ended Schemes,Equity Scheme - Small Cap Fund,2022-07-20,112.9868,2026-06-23T05:29:58.847318+00:00,https://api.mfapi.in/mf/125497
125497,HDFC Top 100 Direct,125497,SBI Small Cap Fund - Direct Plan - Growth,SBI Mutual Fund,Open Ended Schemes,Equity Scheme - Small Cap Fund,2022-07-19,112.8046,2026-06-23T05:29:58.847318+00:00,https://api.mfapi.in/mf/125497
125497,HDFC Top 100 Direct,125497,SBI Small Cap Fund - Direct Plan - Growth,SBI Mutual Fund,Open Ended Schemes,Equity Scheme - Small Cap Fund,2022-07-18,111.9322,2026-06-23T05:29:58.847318+00:00,https://api.mfapi.in/mf/125497
125497,HDFC Top 100 Direct,125497,SBI Small Cap Fund - Direct Plan - Growth,SBI Mutual Fund,Open Ended Schemes,Equity Scheme - Small Cap Fund,2022-07-15,111.1987,2026-06-23T05:29:58.847318+00:00,https://api.mfapi.in/mf/125497
125497,HDFC Top 100 Direct,125497,SBI Small Cap Fund - Direct Plan - Growth,SBI Mutual Fund,Open Ended Schemes,Equity Scheme - Small Cap Fund,2022-07-14,110.5523,2026-06-23T05:29:58.847318+00:00,https://api.mfapi.in/mf/125497
125497,HDFC Top 100 Direct,125497,SBI Small Cap Fund - Direct Plan - Growth,SBI Mutual Fund,Open Ended Schemes,Equity Scheme - Small Cap Fund,2022-07-13,110.6876,2026-06-23T05:29:58.847318+00:00,https://api.mfapi.in/mf/125497
125497,HDFC Top 100 Direct,125497,SBI Small Cap Fund - Direct Plan - Growth,SBI Mutual Fund,Open Ended Schemes,Equity Scheme - Small Cap Fund,2022-07-12,110.5217,2026-06-23T05:29:58.847318+00:00,https://api.mfapi.in/mf/125497
125497,HDFC Top 100 Direct,125497,SBI Small Cap Fund - Direct Plan - Growth,SBI Mutual Fund,Open Ended Schemes,Equity Scheme - Small Cap Fund,2022-07-11,111.3735,2026-06-23T05:29:58.847318+00:00,https://api.mfapi.in/mf/125497
125497,HDFC Top 100 Direct,125497,SBI Small Cap Fund - Direct Plan - Growth,SBI Mutual Fund,Open Ended Schemes,Equity Scheme - Small Cap Fund,2022-07-08,110.3205,2026-06-23T05:29:58.847318+00:00,https://api.mfapi.in/mf/125497
125497,HDFC Top 100 Direct,125497,SBI Small Cap Fund - Direct Plan - Growth,SBI Mutual Fund,Open Ended Schemes,Equity Scheme - Small Cap Fund,2022-07-07,110.0959,2026-06-23T05:29:58.847318+00:00,https://api.mfapi.in/mf/125497
125497,HDFC Top 100 Direct,125497,SBI Small Cap Fund - Direct Plan - Growth,SBI Mutual Fund,Open Ended Schemes,Equity Scheme - Small Cap Fund,2022-07-06,109.4531,2026-06-23T05:29:58.847318+00:00,https://api.mfapi.in/mf/125497
125497,HDFC Top 100 Direct,125497,SBI Small Cap Fund - Direct Plan - Growth,SBI Mutual Fund,Open Ended Schemes,Equity Scheme - Small Cap Fund,2022-07-05,108.9019,2026-06-23T05:29:58.847318+00:00,https://api.mfapi.in/mf/125497
125497,HDFC Top 100 Direct,125497,SBI Small Cap Fund - Direct Plan - Growth,SBI Mutual Fund,Open Ended Schemes,Equity Scheme - Small Cap Fund,2022-07-04,108.086,2026-06-23T05:29:58.847318+00:00,https://api.mfapi.in/mf/125497
125497,HDFC Top 100 Direct,125497,SBI Small Cap Fund - Direct Plan - Growth,SBI Mutual Fund,Open Ended Schemes,Equity Scheme - Small Cap Fund,2022-07-01,107.2511,2026-06-23T05:29:58.847318+00:00,https://api.mfapi.in/mf/125497
125497,HDFC Top 100 Direct,125497,SBI Small Cap Fund - Direct Plan - Growth,SBI Mutual Fund,Open Ended Schemes,Equity Scheme - Small Cap Fund,2022-06-30,107.3447,2026-06-23T05:29:58.847318+00:00,https://api.mfapi.in/mf/125497
125497,HDFC Top 100 Direct,125497,SBI Small Cap Fund - Direct Plan - Growth,SBI Mutual Fund,Open Ended Schemes,Equity Scheme - Small Cap Fund,2022-06-29,107.5298,2026-06-23T05:29:58.847318+00:00,https://api.mfapi.in/mf/125497
125497,HDFC Top 100 Direct,125497,SBI Small Cap Fund - Direct Plan - Growth,SBI Mutual Fund,Open Ended Schemes,Equity Scheme - Small Cap Fund,2022-06-28,107.8457,2026-06-23T05:29:58.847318+00:00,https://api.mfapi.in/mf/125497
125497,HDFC Top 100 Direct,125497,SBI Small Cap Fund - Direct Plan - Growth,SBI Mutual Fund,Open Ended Schemes,Equity Scheme - Small Cap Fund,2022-06-27,107.743,2026-06-23T05:29:58.847318+00:00,https://api.mfapi.in/mf/125497
125497,HDFC Top 100 Direct,125497,SBI Small Cap Fund - Direct Plan - Growth,SBI Mutual Fund,Open Ended Schemes,Equity Scheme - Small Cap Fund,2022-06-24,106.563,2026-06-23T05:29:58.847318+00:00,https://api.mfapi.in/mf/125497
125497,HDFC Top 100 Direct,125497,SBI Small Cap Fund - Direct Plan - Growth,SBI Mutual Fund,Open Ended Schemes,Equity Scheme - Small Cap Fund,2022-06-23,105.5826,2026-06-23T05:29:58.847318+00:00,https://api.mfapi.in/mf/125497
125497,HDFC Top 100 Direct,125497,SBI Small Cap Fund - Direct Plan - Growth,SBI Mutual Fund,Open Ended Schemes,Equity Scheme - Small Cap Fund,2022-06-22,104.2718,2026-06-23T05:29:58.847318+00:00,https://api.mfapi.in/mf/125497
125497,HDFC Top 100 Direct,125497,SBI Small Cap Fund - Direct Plan - Growth,SBI Mutual Fund,Open Ended Schemes,Equity Scheme - Small Cap Fund,2022-06-21,104.8701,2026-06-23T05:29:58.847318+00:00,https://api.mfapi.in/mf/125497
125497,HDFC Top 100 Direct,125497,SBI Small Cap Fund - Direct Plan - Growth,SBI Mutual Fund,Open Ended Schemes,Equity Scheme - Small Cap Fund,2022-06-20,103.2049,2026-06-23T05:29:58.847318+00:00,https://api.mfapi.in/mf/125497
125497,HDFC Top 100 Direct,125497,SBI Small Cap Fund - Direct Plan - Growth,SBI Mutual Fund,Open Ended Schemes,Equity Scheme - Small Cap Fund,2022-06-17,104.8911,2026-06-23T05:29:58.847318+00:00,https://api.mfapi.in/mf/125497
125497,HDFC Top 100 Direct,125497,SBI Small Cap Fund - Direct Plan - Growth,SBI Mutual Fund,Open Ended Schemes,Equity Scheme - Small Cap Fund,2022-06-16,105.836,2026-06-23T05:29:58.847318+00:00,https://api.mfapi.in/mf/125497
125497,HDFC Top 100 Direct,125497,SBI Small Cap Fund - Direct Plan - Growth,SBI Mutual Fund,Open Ended Schemes,Equity Scheme - Small Cap Fund,2022-06-15,107.9569,2026-06-23T05:29:58.847318+00:00,https://api.mfapi.in/mf/125497
125497,HDFC Top 100 Direct,125497,SBI Small Cap Fund - Direct Plan - Growth,SBI Mutual Fund,Open Ended Schemes,Equity Scheme - Small Cap Fund,2022-06-14,107.7655,2026-06-23T05:29:58.847318+00:00,https://api.mfapi.in/mf/125497
125497,HDFC Top 100 Direct,125497,SBI Small Cap Fund - Direct Plan - Growth,SBI Mutual Fund,Open Ended Schemes,Equity Scheme - Small Cap Fund,2022-06-13,108.1973,2026-06-23T05:29:58.847318+00:00,https://api.mfapi.in/mf/125497
125497,HDFC Top 100 Direct,125497,SBI Small Cap Fund - Direct Plan - Growth,SBI Mutual Fund,Open Ended Schemes,Equity Scheme - Small Cap Fund,2022-06-10,110.3611,2026-06-23T05:29:58.847318+00:00,https://api.mfapi.in/mf/125497
125497,HDFC Top 100 Direct,125497,SBI Small Cap Fund - Direct Plan - Growth,SBI Mutual Fund,Open Ended Schemes,Equity Scheme - Small Cap Fund,2022-06-09,110.773,2026-06-23T05:29:58.847318+00:00,https://api.mfapi.in/mf/125497
125497,HDFC Top 100 Direct,125497,SBI Small Cap Fund - Direct Plan - Growth,SBI Mutual Fund,Open Ended Schemes,Equity Scheme - Small Cap Fund,2022-06-08,110.696,2026-06-23T05:29:58.847318+00:00,https://api.mfapi.in/mf/125497
125497,HDFC Top 100 Direct,125497,SBI Small Cap Fund - Direct Plan - Growth,SBI Mutual Fund,Open Ended Schemes,Equity Scheme - Small Cap Fund,2022-06-07,110.8741,2026-06-23T05:29:58.847318+00:00,https://api.mfapi.in/mf/125497
125497,HDFC Top 100 Direct,125497,SBI Small Cap Fund - Direct Plan - Growth,SBI Mutual Fund,Open Ended Schemes,Equity Scheme - Small Cap Fund,2022-06-06,111.468,2026-06-23T05:29:58.847318+00:00,https://api.mfapi.in/mf/125497
125497,HDFC Top 100 Direct,125497,SBI Small Cap Fund - Direct Plan - Growth,SBI Mutual Fund,Open Ended Schemes,Equity Scheme - Small Cap Fund,2022-06-03,111.6854,2026-06-23T05:29:58.847318+00:00,https://api.mfapi.in/mf/125497
125497,HDFC Top 100 Direct,125497,SBI Small Cap Fund - Direct Plan - Growth,SBI Mutual Fund,Open Ended Schemes,Equity Scheme - Small Cap Fund,2022-06-02,113.0447,2026-06-23T05:29:58.847318+00:00,https://api.mfapi.in/mf/125497
125497,HDFC Top 100 Direct,125497,SBI Small Cap Fund - Direct Plan - Growth,SBI Mutual Fund,Open Ended Schemes,Equity Scheme - Small Cap Fund,2022-06-01,113.0469,2026-06-23T05:29:58.847318+00:00,https://api.mfapi.in/mf/125497
125497,HDFC Top 100 Direct,125497,SBI Small Cap Fund - Direct Plan - Growth,SBI Mutual Fund,Open Ended Schemes,Equity Scheme - Small Cap Fund,2022-05-31,111.3985,2026-06-23T05:29:58.847318+00:00,https://api.mfapi.in/mf/125497
125497,HDFC Top 100 Direct,125497,SBI Small Cap Fund - Direct Plan - Growth,SBI Mutual Fund,Open Ended Schemes,Equity Scheme - Small Cap Fund,2022-05-30,110.8854,2026-06-23T05:29:58.847318+00:00,https://api.mfapi.in/mf/125497
125497,HDFC Top 100 Direct,125497,SBI Small Cap Fund - Direct Plan - Growth,SBI Mutual Fund,Open Ended Schemes,Equity Scheme - Small Cap Fund,2022-05-27,109.1239,2026-06-23T05:29:58.847318+00:00,https://api.mfapi.in/mf/125497
125497,HDFC Top 100 Direct,125497,SBI Small Cap Fund - Direct Plan - Growth,SBI Mutual Fund,Open Ended Schemes,Equity Scheme - Small Cap Fund,2022-05-26,109.0641,2026-06-23T05:29:58.847318+00:00,https://api.mfapi.in/mf/125497
125497,HDFC Top 100 Direct,125497,SBI Small Cap Fund - Direct Plan - Growth,SBI Mutual Fund,Open Ended Schemes,Equity Scheme - Small Cap Fund,2022-05-25,108.4736,2026-06-23T05:29:58.847318+00:00,https://api.mfapi.in/mf/125497
125497,HDFC Top 100 Direct,125497,SBI Small Cap Fund - Direct Plan - Growth,SBI Mutual Fund,Open Ended Schemes,Equity Scheme - Small Cap Fund,2022-05-24,110.3592,2026-06-23T05:29:58.847318+00:00,https://api.mfapi.in/mf/125497
125497,HDFC Top 100 Direct,125497,SBI Small Cap Fund - Direct Plan - Growth,SBI Mutual Fund,Open Ended Schemes,Equity Scheme - Small Cap Fund,2022-05-23,110.7194,2026-06-23T05:29:58.847318+00:00,https://api.mfapi.in/mf/125497
125497,HDFC Top 100 Direct,125497,SBI Small Cap Fund - Direct Plan - Growth,SBI Mutual Fund,Open Ended Schemes,Equity Scheme - Small Cap Fund,2022-05-20,110.5206,2026-06-23T05:29:58.847318+00:00,https://api.mfapi.in/mf/125497
125497,HDFC Top 100 Direct,125497,SBI Small Cap Fund - Direct Plan - Growth,SBI Mutual Fund,Open Ended Schemes,Equity Scheme - Small Cap Fund,2022-05-19,109.1737,2026-06-23T05:29:58.847318+00:00,https://api.mfapi.in/mf/125497
125497,HDFC Top 100 Direct,125497,SBI Small Cap Fund - Direct Plan - Growth,SBI Mutual Fund,Open Ended Schemes,Equity Scheme - Small Cap Fund,2022-05-18,110.4242,2026-06-23T05:29:58.847318+00:00,https://api.mfapi.in/mf/125497
125497,HDFC Top 100 Direct,125497,SBI Small Cap Fund - Direct Plan - Growth,SBI Mutual Fund,Open Ended Schemes,Equity Scheme - Small Cap Fund,2022-05-17,110.5126,2026-06-23T05:29:58.847318+00:00,https://api.mfapi.in/mf/125497
125497,HDFC Top 100 Direct,125497,SBI Small Cap Fund - Direct Plan - Growth,SBI Mutual Fund,Open Ended Schemes,Equity Scheme - Small Cap Fund,2022-05-16,108.381,2026-06-23T05:29:58.847318+00:00,https://api.mfapi.in/mf/125497
125497,HDFC Top 100 Direct,125497,SBI Small Cap Fund - Direct Plan - Growth,SBI Mutual Fund,Open Ended Schemes,Equity Scheme - Small Cap Fund,2022-05-13,107.0481,2026-06-23T05:29:58.847318+00:00,https://api.mfapi.in/mf/125497
125497,HDFC Top 100 Direct,125497,SBI Small Cap Fund - Direct Plan - Growth,SBI Mutual Fund,Open Ended Schemes,Equity Scheme - Small Cap Fund,2022-05-12,106.8265,2026-06-23T05:29:58.847318+00:00,https://api.mfapi.in/mf/125497
125497,HDFC Top 100 Direct,125497,SBI Small Cap Fund - Direct Plan - Growth,SBI Mutual Fund,Open Ended Schemes,Equity Scheme - Small Cap Fund,2022-05-11,108.1924,2026-06-23T05:29:58.847318+00:00,https://api.mfapi.in/mf/125497
125497,HDFC Top 100 Direct,125497,SBI Small Cap Fund - Direct Plan - Growth,SBI Mutual Fund,Open Ended Schemes,Equity Scheme - Small Cap Fund,2022-05-10,109.6278,2026-06-23T05:29:58.847318+00:00,https://api.mfapi.in/mf/125497
125497,HDFC Top 100 Direct,125497,SBI Small Cap Fund - Direct Plan - Growth,SBI Mutual Fund,Open Ended Schemes,Equity Scheme - Small Cap Fund,2022-05-09,111.1072,2026-06-23T05:29:58.847318+00:00,https://api.mfapi.in/mf/125497
125497,HDFC Top 100 Direct,125497,SBI Small Cap Fund - Direct Plan - Growth,SBI Mutual Fund,Open Ended Schemes,Equity Scheme - Small Cap Fund,2022-05-06,111.917,2026-06-23T05:29:58.847318+00:00,https://api.mfapi.in/mf/125497
125497,HDFC Top 100 Direct,125497,SBI Small Cap Fund - Direct Plan - Growth,SBI Mutual Fund,Open Ended Schemes,Equity Scheme - Small Cap Fund,2022-05-05,113.3928,2026-06-23T05:29:58.847318+00:00,https://api.mfapi.in/mf/125497
125497,HDFC Top 100 Direct,125497,SBI Small Cap Fund - Direct Plan - Growth,SBI Mutual Fund,Open Ended Schemes,Equity Scheme - Small Cap Fund,2022-05-04,113.5479,2026-06-23T05:29:58.847318+00:00,https://api.mfapi.in/mf/125497
125497,HDFC Top 100 Direct,125497,SBI Small Cap Fund - Direct Plan - Growth,SBI Mutual Fund,Open Ended Schemes,Equity Scheme - Small Cap Fund,2022-05-02,115.6675,2026-06-23T05:29:58.847318+00:00,https://api.mfapi.in/mf/125497
125497,HDFC Top 100 Direct,125497,SBI Small Cap Fund - Direct Plan - Growth,SBI Mutual Fund,Open Ended Schemes,Equity Scheme - Small Cap Fund,2022-04-29,116.4371,2026-06-23T05:29:58.847318+00:00,https://api.mfapi.in/mf/125497
125497,HDFC Top 100 Direct,125497,SBI Small Cap Fund - Direct Plan - Growth,SBI Mutual Fund,Open Ended Schemes,Equity Scheme - Small Cap Fund,2022-04-28,117.2654,2026-06-23T05:29:58.847318+00:00,https://api.mfapi.in/mf/125497
125497,HDFC Top 100 Direct,125497,SBI Small Cap Fund - Direct Plan - Growth,SBI Mutual Fund,Open Ended Schemes,Equity Scheme - Small Cap Fund,2022-04-27,116.3239,2026-06-23T05:29:58.847318+00:00,https://api.mfapi.in/mf/125497
125497,HDFC Top 100 Direct,125497,SBI Small Cap Fund - Direct Plan - Growth,SBI Mutual Fund,Open Ended Schemes,Equity Scheme - Small Cap Fund,2022-04-26,116.5381,2026-06-23T05:29:58.847318+00:00,https://api.mfapi.in/mf/125497
125497,HDFC Top 100 Direct,125497,SBI Small Cap Fund - Direct Plan - Growth,SBI Mutual Fund,Open Ended Schemes,Equity Scheme - Small Cap Fund,2022-04-25,115.7364,2026-06-23T05:29:58.847318+00:00,https://api.mfapi.in/mf/125497
125497,HDFC Top 100 Direct,125497,SBI Small Cap Fund - Direct Plan - Growth,SBI Mutual Fund,Open Ended Schemes,Equity Scheme - Small Cap Fund,2022-04-22,116.9877,2026-06-23T05:29:58.847318+00:00,https://api.mfapi.in/mf/125497
125497,HDFC Top 100 Direct,125497,SBI Small Cap Fund - Direct Plan - Growth,SBI Mutual Fund,Open Ended Schemes,Equity Scheme - Small Cap Fund,2022-04-21,117.0681,2026-06-23T05:29:58.847318+00:00,https://api.mfapi.in/mf/125497
125497,HDFC Top 100 Direct,125497,SBI Small Cap Fund - Direct Plan - Growth,SBI Mutual Fund,Open Ended Schemes,Equity Scheme - Small Cap Fund,2022-04-20,116.0793,2026-06-23T05:29:58.847318+00:00,https://api.mfapi.in/mf/125497
125497,HDFC Top 100 Direct,125497,SBI Small Cap Fund - Direct Plan - Growth,SBI Mutual Fund,Open Ended Schemes,Equity Scheme - Small Cap Fund,2022-04-19,116.0671,2026-06-23T05:29:58.847318+00:00,https://api.mfapi.in/mf/125497
125497,HDFC Top 100 Direct,125497,SBI Small Cap Fund - Direct Plan - Growth,SBI Mutual Fund,Open Ended Schemes,Equity Scheme - Small Cap Fund,2022-04-18,117.0086,2026-06-23T05:29:58.847318+00:00,https://api.mfapi.in/mf/125497
125497,HDFC Top 100 Direct,125497,SBI Small Cap Fund - Direct Plan - Growth,SBI Mutual Fund,Open Ended Schemes,Equity Scheme - Small Cap Fund,2022-04-13,117.5522,2026-06-23T05:29:58.847318+00:00,https://api.mfapi.in/mf/125497
125497,HDFC Top 100 Direct,125497,SBI Small Cap Fund - Direct Plan - Growth,SBI Mutual Fund,Open Ended Schemes,Equity Scheme - Small Cap Fund,2022-04-12,117.6272,2026-06-23T05:29:58.847318+00:00,https://api.mfapi.in/mf/125497
125497,HDFC Top 100 Direct,125497,SBI Small Cap Fund - Direct Plan - Growth,SBI Mutual Fund,Open Ended Schemes,Equity Scheme - Small Cap Fund,2022-04-11,118.7434,2026-06-23T05:29:58.847318+00:00,https://api.mfapi.in/mf/125497
125497,HDFC Top 100 Direct,125497,SBI Small Cap Fund - Direct Plan - Growth,SBI Mutual Fund,Open Ended Schemes,Equity Scheme - Small Cap Fund,2022-04-08,118.159,2026-06-23T05:29:58.847318+00:00,https://api.mfapi.in/mf/125497
125497,HDFC Top 100 Direct,125497,SBI Small Cap Fund - Direct Plan - Growth,SBI Mutual Fund,Open Ended Schemes,Equity Scheme - Small Cap Fund,2022-04-07,117.3808,2026-06-23T05:29:58.847318+00:00,https://api.mfapi.in/mf/125497
125497,HDFC Top 100 Direct,125497,SBI Small Cap Fund - Direct Plan - Growth,SBI Mutual Fund,Open Ended Schemes,Equity Scheme - Small Cap Fund,2022-04-06,117.9615,2026-06-23T05:29:58.847318+00:00,https://api.mfapi.in/mf/125497
125497,HDFC Top 100 Direct,125497,SBI Small Cap Fund - Direct Plan - Growth,SBI Mutual Fund,Open Ended Schemes,Equity Scheme - Small Cap Fund,2022-04-05,117.6729,2026-06-23T05:29:58.847318+00:00,https://api.mfapi.in/mf/125497
125497,HDFC Top 100 Direct,125497,SBI Small Cap Fund - Direct Plan - Growth,SBI Mutual Fund,Open Ended Schemes,Equity Scheme - Small Cap Fund,2022-04-04,116.1819,2026-06-23T05:29:58.847318+00:00,https://api.mfapi.in/mf/125497
125497,HDFC Top 100 Direct,125497,SBI Small Cap Fund - Direct Plan - Growth,SBI Mutual Fund,Open Ended Schemes,Equity Scheme - Small Cap Fund,2022-04-01,114.8655,2026-06-23T05:29:58.847318+00:00,https://api.mfapi.in/mf/125497
125497,HDFC Top 100 Direct,125497,SBI Small Cap Fund - Direct Plan - Growth,SBI Mutual Fund,Open Ended Schemes,Equity Scheme - Small Cap Fund,2022-03-31,113.3881,2026-06-23T05:29:58.847318+00:00,https://api.mfapi.in/mf/125497
125497,HDFC Top 100 Direct,125497,SBI Small Cap Fund - Direct Plan - Growth,SBI Mutual Fund,Open Ended Schemes,Equity Scheme - Small Cap Fund,2022-03-30,113.3938,2026-06-23T05:29:58.847318+00:00,https://api.mfapi.in/mf/125497
125497,HDFC Top 100 Direct,125497,SBI Small Cap Fund - Direct Plan - Growth,SBI Mutual Fund,Open Ended Schemes,Equity Scheme - Small Cap Fund,2022-03-29,112.833,2026-06-23T05:29:58.847318+00:00,https://api.mfapi.in/mf/125497
125497,HDFC Top 100 Direct,125497,SBI Small Cap Fund - Direct Plan - Growth,SBI Mutual Fund,Open Ended Schemes,Equity Scheme - Small Cap Fund,2022-03-28,111.3773,2026-06-23T05:29:58.847318+00:00,https://api.mfapi.in/mf/125497
125497,HDFC Top 100 Direct,125497,SBI Small Cap Fund - Direct Plan - Growth,SBI Mutual Fund,Open Ended Schemes,Equity Scheme - Small Cap Fund,2022-03-25,111.8414,2026-06-23T05:29:58.847318+00:00,https://api.mfapi.in/mf/125497
125497,HDFC Top 100 Direct,125497,SBI Small Cap Fund - Direct Plan - Growth,SBI Mutual Fund,Open Ended Schemes,Equity Scheme - Small Cap Fund,2022-03-24,112.129,2026-06-23T05:29:58.847318+00:00,https://api.mfapi.in/mf/125497
125497,HDFC Top 100 Direct,125497,SBI Small Cap Fund - Direct Plan - Growth,SBI Mutual Fund,Open Ended Schemes,Equity Scheme - Small Cap Fund,2022-03-23,112.0594,2026-06-23T05:29:58.847318+00:00,https://api.mfapi.in/mf/125497
125497,HDFC Top 100 Direct,125497,SBI Small Cap Fund - Direct Plan - Growth,SBI Mutual Fund,Open Ended Schemes,Equity Scheme - Small Cap Fund,2022-03-22,111.8136,2026-06-23T05:29:58.847318+00:00,https://api.mfapi.in/mf/125497
125497,HDFC Top 100 Direct,125497,SBI Small Cap Fund - Direct Plan - Growth,SBI Mutual Fund,Open Ended Schemes,Equity Scheme - Small Cap Fund,2022-03-21,111.8034,2026-06-23T05:29:58.847318+00:00,https://api.mfapi.in/mf/125497
125497,HDFC Top 100 Direct,125497,SBI Small Cap Fund - Direct Plan - Growth,SBI Mutual Fund,Open Ended Schemes,Equity Scheme - Small Cap Fund,2022-03-17,112.1278,2026-06-23T05:29:58.847318+00:00,https://api.mfapi.in/mf/125497
125497,HDFC Top 100 Direct,125497,SBI Small Cap Fund - Direct Plan - Growth,SBI Mutual Fund,Open Ended Schemes,Equity Scheme - Small Cap Fund,2022-03-16,111.4996,2026-06-23T05:29:58.847318+00:00,https://api.mfapi.in/mf/125497
125497,HDFC Top 100 Direct,125497,SBI Small Cap Fund - Direct Plan - Growth,SBI Mutual Fund,Open Ended Schemes,Equity Scheme - Small Cap Fund,2022-03-15,110.7915,2026-06-23T05:29:58.847318+00:00,https://api.mfapi.in/mf/125497
125497,HDFC Top 100 Direct,125497,SBI Small Cap Fund - Direct Plan - Growth,SBI Mutual Fund,Open Ended Schemes,Equity Scheme - Small Cap Fund,2022-03-14,111.3776,2026-06-23T05:29:58.847318+00:00,https://api.mfapi.in/mf/125497
125497,HDFC Top 100 Direct,125497,SBI Small Cap Fund - Direct Plan - Growth,SBI Mutual Fund,Open Ended Schemes,Equity Scheme - Small Cap Fund,2022-03-11,110.3959,2026-06-23T05:29:58.847318+00:00,https://api.mfapi.in/mf/125497
125497,HDFC Top 100 Direct,125497,SBI Small Cap Fund - Direct Plan - Growth,SBI Mutual Fund,Open Ended Schemes,Equity Scheme - Small Cap Fund,2022-03-10,109.8399,2026-06-23T05:29:58.847318+00:00,https://api.mfapi.in/mf/125497
125497,HDFC Top 100 Direct,125497,SBI Small Cap Fund - Direct Plan - Growth,SBI Mutual Fund,Open Ended Schemes,Equity Scheme - Small Cap Fund,2022-03-09,108.7536,2026-06-23T05:29:58.847318+00:00,https://api.mfapi.in/mf/125497
125497,HDFC Top 100 Direct,125497,SBI Small Cap Fund - Direct Plan - Growth,SBI Mutual Fund,Open Ended Schemes,Equity Scheme - Small Cap Fund,2022-03-08,107.1074,2026-06-23T05:29:58.847318+00:00,https://api.mfapi.in/mf/125497
125497,HDFC Top 100 Direct,125497,SBI Small Cap Fund - Direct Plan - Growth,SBI Mutual Fund,Open Ended Schemes,Equity Scheme - Small Cap Fund,2022-03-07,106.6562,2026-06-23T05:29:58.847318+00:00,https://api.mfapi.in/mf/125497
125497,HDFC Top 100 Direct,125497,SBI Small Cap Fund - Direct Plan - Growth,SBI Mutual Fund,Open Ended Schemes,Equity Scheme - Small Cap Fund,2022-03-04,108.4432,2026-06-23T05:29:58.847318+00:00,https://api.mfapi.in/mf/125497
125497,HDFC Top 100 Direct,125497,SBI Small Cap Fund - Direct Plan - Growth,SBI Mutual Fund,Open Ended Schemes,Equity Scheme - Small Cap Fund,2022-03-03,109.9523,2026-06-23T05:29:58.847318+00:00,https://api.mfapi.in/mf/125497
125497,HDFC Top 100 Direct,125497,SBI Small Cap Fund - Direct Plan - Growth,SBI Mutual Fund,Open Ended Schemes,Equity Scheme - Small Cap Fund,2022-03-02,109.7898,2026-06-23T05:29:58.847318+00:00,https://api.mfapi.in/mf/125497
125497,HDFC Top 100 Direct,125497,SBI Small Cap Fund - Direct Plan - Growth,SBI Mutual Fund,Open Ended Schemes,Equity Scheme - Small Cap Fund,2022-02-28,109.8735,2026-06-23T05:29:58.847318+00:00,https://api.mfapi.in/mf/125497
125497,HDFC Top 100 Direct,125497,SBI Small Cap Fund - Direct Plan - Growth,SBI Mutual Fund,Open Ended Schemes,Equity Scheme - Small Cap Fund,2022-02-25,109.1447,2026-06-23T05:29:58.847318+00:00,https://api.mfapi.in/mf/125497
125497,HDFC Top 100 Direct,125497,SBI Small Cap Fund - Direct Plan - Growth,SBI Mutual Fund,Open Ended Schemes,Equity Scheme - Small Cap Fund,2022-02-24,105.5919,2026-06-23T05:29:58.847318+00:00,https://api.mfapi.in/mf/125497
125497,HDFC Top 100 Direct,125497,SBI Small Cap Fund - Direct Plan - Growth,SBI Mutual Fund,Open Ended Schemes,Equity Scheme - Small Cap Fund,2022-02-23,109.8892,2026-06-23T05:29:58.847318+00:00,https://api.mfapi.in/mf/125497
125497,HDFC Top 100 Direct,125497,SBI Small Cap Fund - Direct Plan - Growth,SBI Mutual Fund,Open Ended Schemes,Equity Scheme - Small Cap Fund,2022-02-22,109.2415,2026-06-23T05:29:58.847318+00:00,https://api.mfapi.in/mf/125497
125497,HDFC Top 100 Direct,125497,SBI Small Cap Fund - Direct Plan - Growth,SBI Mutual Fund,Open Ended Schemes,Equity Scheme - Small Cap Fund,2022-02-21,110.5555,2026-06-23T05:29:58.847318+00:00,https://api.mfapi.in/mf/125497
125497,HDFC Top 100 Direct,125497,SBI Small Cap Fund - Direct Plan - Growth,SBI Mutual Fund,Open Ended Schemes,Equity Scheme - Small Cap Fund,2022-02-18,112.6163,2026-06-23T05:29:58.847318+00:00,https://api.mfapi.in/mf/125497
125497,HDFC Top 100 Direct,125497,SBI Small Cap Fund - Direct Plan - Growth,SBI Mutual Fund,Open Ended Schemes,Equity Scheme - Small Cap Fund,2022-02-17,113.0094,2026-06-23T05:29:58.847318+00:00,https://api.mfapi.in/mf/125497
125497,HDFC Top 100 Direct,125497,SBI Small Cap Fund - Direct Plan - Growth,SBI Mutual Fund,Open Ended Schemes,Equity Scheme - Small Cap Fund,2022-02-16,113.4702,2026-06-23T05:29:58.847318+00:00,https://api.mfapi.in/mf/125497
125497,HDFC Top 100 Direct,125497,SBI Small Cap Fund - Direct Plan - Growth,SBI Mutual Fund,Open Ended Schemes,Equity Scheme - Small Cap Fund,2022-02-15,112.2859,2026-06-23T05:29:58.847318+00:00,https://api.mfapi.in/mf/125497
125497,HDFC Top 100 Direct,125497,SBI Small Cap Fund - Direct Plan - Growth,SBI Mutual Fund,Open Ended Schemes,Equity Scheme - Small Cap Fund,2022-02-14,111.1649,2026-06-23T05:29:58.847318+00:00,https://api.mfapi.in/mf/125497
125497,HDFC Top 100 Direct,125497,SBI Small Cap Fund - Direct Plan - Growth,SBI Mutual Fund,Open Ended Schemes,Equity Scheme - Small Cap Fund,2022-02-11,114.5805,2026-06-23T05:29:58.847318+00:00,https://api.mfapi.in/mf/125497
125497,HDFC Top 100 Direct,125497,SBI Small Cap Fund - Direct Plan - Growth,SBI Mutual Fund,Open Ended Schemes,Equity Scheme - Small Cap Fund,2022-02-10,116.361,2026-06-23T05:29:58.847318+00:00,https://api.mfapi.in/mf/125497
125497,HDFC Top 100 Direct,125497,SBI Small Cap Fund - Direct Plan - Growth,SBI Mutual Fund,Open Ended Schemes,Equity Scheme - Small Cap Fund,2022-02-09,116.6628,2026-06-23T05:29:58.847318+00:00,https://api.mfapi.in/mf/125497
125497,HDFC Top 100 Direct,125497,SBI Small Cap Fund - Direct Plan - Growth,SBI Mutual Fund,Open Ended Schemes,Equity Scheme - Small Cap Fund,2022-02-08,116.9897,2026-06-23T05:29:58.847318+00:00,https://api.mfapi.in/mf/125497
125497,HDFC Top 100 Direct,125497,SBI Small Cap Fund - Direct Plan - Growth,SBI Mutual Fund,Open Ended Schemes,Equity Scheme - Small Cap Fund,2022-02-07,118.1213,2026-06-23T05:29:58.847318+00:00,https://api.mfapi.in/mf/125497
125497,HDFC Top 100 Direct,125497,SBI Small Cap Fund - Direct Plan - Growth,SBI Mutual Fund,Open Ended Schemes,Equity Scheme - Small Cap Fund,2022-02-04,118.1779,2026-06-23T05:29:58.847318+00:00,https://api.mfapi.in/mf/125497
125497,HDFC Top 100 Direct,125497,SBI Small Cap Fund - Direct Plan - Growth,SBI Mutual Fund,Open Ended Schemes,Equity Scheme - Small Cap Fund,2022-02-03,117.9384,2026-06-23T05:29:58.847318+00:00,https://api.mfapi.in/mf/125497
125497,HDFC Top 100 Direct,125497,SBI Small Cap Fund - Direct Plan - Growth,SBI Mutual Fund,Open Ended Schemes,Equity Scheme - Small Cap Fund,2022-02-02,118.2925,2026-06-23T05:29:58.847318+00:00,https://api.mfapi.in/mf/125497
125497,HDFC Top 100 Direct,125497,SBI Small Cap Fund - Direct Plan - Growth,SBI Mutual Fund,Open Ended Schemes,Equity Scheme - Small Cap Fund,2022-02-01,116.8615,2026-06-23T05:29:58.847318+00:00,https://api.mfapi.in/mf/125497
125497,HDFC Top 100 Direct,125497,SBI Small Cap Fund - Direct Plan - Growth,SBI Mutual Fund,Open Ended Schemes,Equity Scheme - Small Cap Fund,2022-01-31,115.1383,2026-06-23T05:29:58.847318+00:00,https://api.mfapi.in/mf/125497
125497,HDFC Top 100 Direct,125497,SBI Small Cap Fund - Direct Plan - Growth,SBI Mutual Fund,Open Ended Schemes,Equity Scheme - Small Cap Fund,2022-01-28,113.7542,2026-06-23T05:29:58.847318+00:00,https://api.mfapi.in/mf/125497
125497,HDFC Top 100 Direct,125497,SBI Small Cap Fund - Direct Plan - Growth,SBI Mutual Fund,Open Ended Schemes,Equity Scheme - Small Cap Fund,2022-01-27,113.4644,2026-06-23T05:29:58.847318+00:00,https://api.mfapi.in/mf/125497
125497,HDFC Top 100 Direct,125497,SBI Small Cap Fund - Direct Plan - Growth,SBI Mutual Fund,Open Ended Schemes,Equity Scheme - Small Cap Fund,2022-01-25,114.9265,2026-06-23T05:29:58.847318+00:00,https://api.mfapi.in/mf/125497
125497,HDFC Top 100 Direct,125497,SBI Small Cap Fund - Direct Plan - Growth,SBI Mutual Fund,Open Ended Schemes,Equity Scheme - Small Cap Fund,2022-01-24,113.8388,2026-06-23T05:29:58.847318+00:00,https://api.mfapi.in/mf/125497
125497,HDFC Top 100 Direct,125497,SBI Small Cap Fund - Direct Plan - Growth,SBI Mutual Fund,Open Ended Schemes,Equity Scheme - Small Cap Fund,2022-01-21,118.8871,2026-06-23T05:29:58.847318+00:00,https://api.mfapi.in/mf/125497
125497,HDFC Top 100 Direct,125497,SBI Small Cap Fund - Direct Plan - Growth,SBI Mutual Fund,Open Ended Schemes,Equity Scheme - Small Cap Fund,2022-01-20,120.1311,2026-06-23T05:29:58.847318+00:00,https://api.mfapi.in/mf/125497
125497,HDFC Top 100 Direct,125497,SBI Small Cap Fund - Direct Plan - Growth,SBI Mutual Fund,Open Ended Schemes,Equity Scheme - Small Cap Fund,2022-01-19,120.1682,2026-06-23T05:29:58.847318+00:00,https://api.mfapi.in/mf/125497
125497,HDFC Top 100 Direct,125497,SBI Small Cap Fund - Direct Plan - Growth,SBI Mutual Fund,Open Ended Schemes,Equity Scheme - Small Cap Fund,2022-01-18,120.3738,2026-06-23T05:29:58.847318+00:00,https://api.mfapi.in/mf/125497
125497,HDFC Top 100 Direct,125497,SBI Small Cap Fund - Direct Plan - Growth,SBI Mutual Fund,Open Ended Schemes,Equity Scheme - Small Cap Fund,2022-01-17,121.889,2026-06-23T05:29:58.847318+00:00,https://api.mfapi.in/mf/125497
125497,HDFC Top 100 Direct,125497,SBI Small Cap Fund - Direct Plan - Growth,SBI Mutual Fund,Open Ended Schemes,Equity Scheme - Small Cap Fund,2022-01-14,121.5144,2026-06-23T05:29:58.847318+00:00,https://api.mfapi.in/mf/125497
125497,HDFC Top 100 Direct,125497,SBI Small Cap Fund - Direct Plan - Growth,SBI Mutual Fund,Open Ended Schemes,Equity Scheme - Small Cap Fund,2022-01-13,120.6145,2026-06-23T05:29:58.847318+00:00,https://api.mfapi.in/mf/125497
125497,HDFC Top 100 Direct,125497,SBI Small Cap Fund - Direct Plan - Growth,SBI Mutual Fund,Open Ended Schemes,Equity Scheme - Small Cap Fund,2022-01-12,120.503,2026-06-23T05:29:58.847318+00:00,https://api.mfapi.in/mf/125497
125497,HDFC Top 100 Direct,125497,SBI Small Cap Fund - Direct Plan - Growth,SBI Mutual Fund,Open Ended Schemes,Equity Scheme - Small Cap Fund,2022-01-11,119.2122,2026-06-23T05:29:58.847318+00:00,https://api.mfapi.in/mf/125497
125497,HDFC Top 100 Direct,125497,SBI Small Cap Fund - Direct Plan - Growth,SBI Mutual Fund,Open Ended Schemes,Equity Scheme - Small Cap Fund,2022-01-10,119.259,2026-06-23T05:29:58.847318+00:00,https://api.mfapi.in/mf/125497
125497,HDFC Top 100 Direct,125497,SBI Small Cap Fund - Direct Plan - Growth,SBI Mutual Fund,Open Ended Schemes,Equity Scheme - Small Cap Fund,2022-01-07,118.0578,2026-06-23T05:29:58.847318+00:00,https://api.mfapi.in/mf/125497
125497,HDFC Top 100 Direct,125497,SBI Small Cap Fund - Direct Plan - Growth,SBI Mutual Fund,Open Ended Schemes,Equity Scheme - Small Cap Fund,2022-01-06,118.078,2026-06-23T05:29:58.847318+00:00,https://api.mfapi.in/mf/125497
125497,HDFC Top 100 Direct,125497,SBI Small Cap Fund - Direct Plan - Growth,SBI Mutual Fund,Open Ended Schemes,Equity Scheme - Small Cap Fund,2022-01-05,117.8449,2026-06-23T05:29:58.847318+00:00,https://api.mfapi.in/mf/125497
125497,HDFC Top 100 Direct,125497,SBI Small Cap Fund - Direct Plan - Growth,SBI Mutual Fund,Open Ended Schemes,Equity Scheme - Small Cap Fund,2022-01-04,117.9937,2026-06-23T05:29:58.847318+00:00,https://api.mfapi.in/mf/125497
125497,HDFC Top 100 Direct,125497,SBI Small Cap Fund - Direct Plan - Growth,SBI Mutual Fund,Open Ended Schemes,Equity Scheme - Small Cap Fund,2022-01-03,117.8295,2026-06-23T05:29:58.847318+00:00,https://api.mfapi.in/mf/125497
125497,HDFC Top 100 Direct,125497,SBI Small Cap Fund - Direct Plan - Growth,SBI Mutual Fund,Open Ended Schemes,Equity Scheme - Small Cap Fund,2021-12-31,116.5135,2026-06-23T05:29:58.847318+00:00,https://api.mfapi.in/mf/125497
125497,HDFC Top 100 Direct,125497,SBI Small Cap Fund - Direct Plan - Growth,SBI Mutual Fund,Open Ended Schemes,Equity Scheme - Small Cap Fund,2021-12-30,115.0392,2026-06-23T05:29:58.847318+00:00,https://api.mfapi.in/mf/125497
125497,HDFC Top 100 Direct,125497,SBI Small Cap Fund - Direct Plan - Growth,SBI Mutual Fund,Open Ended Schemes,Equity Scheme - Small Cap Fund,2021-12-29,115.107,2026-06-23T05:29:58.847318+00:00,https://api.mfapi.in/mf/125497
125497,HDFC Top 100 Direct,125497,SBI Small Cap Fund - Direct Plan - Growth,SBI Mutual Fund,Open Ended Schemes,Equity Scheme - Small Cap Fund,2021-12-28,114.187,2026-06-23T05:29:58.847318+00:00,https://api.mfapi.in/mf/125497
125497,HDFC Top 100 Direct,125497,SBI Small Cap Fund - Direct Plan - Growth,SBI Mutual Fund,Open Ended Schemes,Equity Scheme - Small Cap Fund,2021-12-27,113.1013,2026-06-23T05:29:58.847318+00:00,https://api.mfapi.in/mf/125497
125497,HDFC Top 100 Direct,125497,SBI Small Cap Fund - Direct Plan - Growth,SBI Mutual Fund,Open Ended Schemes,Equity Scheme - Small Cap Fund,2021-12-24,113.0034,2026-06-23T05:29:58.847318+00:00,https://api.mfapi.in/mf/125497
125497,HDFC Top 100 Direct,125497,SBI Small Cap Fund - Direct Plan - Growth,SBI Mutual Fund,Open Ended Schemes,Equity Scheme - Small Cap Fund,2021-12-23,114.0603,2026-06-23T05:29:58.847318+00:00,https://api.mfapi.in/mf/125497
125497,HDFC Top 100 Direct,125497,SBI Small Cap Fund - Direct Plan - Growth,SBI Mutual Fund,Open Ended Schemes,Equity Scheme - Small Cap Fund,2021-12-22,113.5008,2026-06-23T05:29:58.847318+00:00,https://api.mfapi.in/mf/125497
125497,HDFC Top 100 Direct,125497,SBI Small Cap Fund - Direct Plan - Growth,SBI Mutual Fund,Open Ended Schemes,Equity Scheme - Small Cap Fund,2021-12-21,112.1347,2026-06-23T05:29:58.847318+00:00,https://api.mfapi.in/mf/125497
125497,HDFC Top 100 Direct,125497,SBI Small Cap Fund - Direct Plan - Growth,SBI Mutual Fund,Open Ended Schemes,Equity Scheme - Small Cap Fund,2021-12-20,111.4291,2026-06-23T05:29:58.847318+00:00,https://api.mfapi.in/mf/125497
125497,HDFC Top 100 Direct,125497,SBI Small Cap Fund - Direct Plan - Growth,SBI Mutual Fund,Open Ended Schemes,Equity Scheme - Small Cap Fund,2021-12-17,114.4182,2026-06-23T05:29:58.847318+00:00,https://api.mfapi.in/mf/125497
125497,HDFC Top 100 Direct,125497,SBI Small Cap Fund - Direct Plan - Growth,SBI Mutual Fund,Open Ended Schemes,Equity Scheme - Small Cap Fund,2021-12-16,115.5621,2026-06-23T05:29:58.847318+00:00,https://api.mfapi.in/mf/125497
125497,HDFC Top 100 Direct,125497,SBI Small Cap Fund - Direct Plan - Growth,SBI Mutual Fund,Open Ended Schemes,Equity Scheme - Small Cap Fund,2021-12-15,116.7334,2026-06-23T05:29:58.847318+00:00,https://api.mfapi.in/mf/125497
125497,HDFC Top 100 Direct,125497,SBI Small Cap Fund - Direct Plan - Growth,SBI Mutual Fund,Open Ended Schemes,Equity Scheme - Small Cap Fund,2021-12-14,116.5661,2026-06-23T05:29:58.847318+00:00,https://api.mfapi.in/mf/125497
125497,HDFC Top 100 Direct,125497,SBI Small Cap Fund - Direct Plan - Growth,SBI Mutual Fund,Open Ended Schemes,Equity Scheme - Small Cap Fund,2021-12-13,116.6731,2026-06-23T05:29:58.847318+00:00,https://api.mfapi.in/mf/125497
125497,HDFC Top 100 Direct,125497,SBI Small Cap Fund - Direct Plan - Growth,SBI Mutual Fund,Open Ended Schemes,Equity Scheme - Small Cap Fund,2021-12-10,117.0295,2026-06-23T05:29:58.847318+00:00,https://api.mfapi.in/mf/125497
125497,HDFC Top 100 Direct,125497,SBI Small Cap Fund - Direct Plan - Growth,SBI Mutual Fund,Open Ended Schemes,Equity Scheme - Small Cap Fund,2021-12-09,116.4189,2026-06-23T05:29:58.847318+00:00,https://api.mfapi.in/mf/125497
125497,HDFC Top 100 Direct,125497,SBI Small Cap Fund - Direct Plan - Growth,SBI Mutual Fund,Open Ended Schemes,Equity Scheme - Small Cap Fund,2021-12-08,115.9955,2026-06-23T05:29:58.847318+00:00,https://api.mfapi.in/mf/125497
125497,HDFC Top 100 Direct,125497,SBI Small Cap Fund - Direct Plan - Growth,SBI Mutual Fund,Open Ended Schemes,Equity Scheme - Small Cap Fund,2021-12-07,115.5693,2026-06-23T05:29:58.847318+00:00,https://api.mfapi.in/mf/125497
125497,HDFC Top 100 Direct,125497,SBI Small Cap Fund - Direct Plan - Growth,SBI Mutual Fund,Open Ended Schemes,Equity Scheme - Small Cap Fund,2021-12-06,114.2375,2026-06-23T05:29:58.847318+00:00,https://api.mfapi.in/mf/125497
125497,HDFC Top 100 Direct,125497,SBI Small Cap Fund - Direct Plan - Growth,SBI Mutual Fund,Open Ended Schemes,Equity Scheme - Small Cap Fund,2021-12-03,115.4989,2026-06-23T05:29:58.847318+00:00,https://api.mfapi.in/mf/125497
125497,HDFC Top 100 Direct,125497,SBI Small Cap Fund - Direct Plan - Growth,SBI Mutual Fund,Open Ended Schemes,Equity Scheme - Small Cap Fund,2021-12-02,115.1803,2026-06-23T05:29:58.847318+00:00,https://api.mfapi.in/mf/125497
125497,HDFC Top 100 Direct,125497,SBI Small Cap Fund - Direct Plan - Growth,SBI Mutual Fund,Open Ended Schemes,Equity Scheme - Small Cap Fund,2021-12-01,114.5225,2026-06-23T05:29:58.847318+00:00,https://api.mfapi.in/mf/125497
125497,HDFC Top 100 Direct,125497,SBI Small Cap Fund - Direct Plan - Growth,SBI Mutual Fund,Open Ended Schemes,Equity Scheme - Small Cap Fund,2021-11-30,114.6061,2026-06-23T05:29:58.847318+00:00,https://api.mfapi.in/mf/125497
125497,HDFC Top 100 Direct,125497,SBI Small Cap Fund - Direct Plan - Growth,SBI Mutual Fund,Open Ended Schemes,Equity Scheme - Small Cap Fund,2021-11-29,112.0406,2026-06-23T05:29:58.847318+00:00,https://api.mfapi.in/mf/125497
125497,HDFC Top 100 Direct,125497,SBI Small Cap Fund - Direct Plan - Growth,SBI Mutual Fund,Open Ended Schemes,Equity Scheme - Small Cap Fund,2021-11-26,113.7581,2026-06-23T05:29:58.847318+00:00,https://api.mfapi.in/mf/125497
125497,HDFC Top 100 Direct,125497,SBI Small Cap Fund - Direct Plan - Growth,SBI Mutual Fund,Open Ended Schemes,Equity Scheme - Small Cap Fund,2021-11-25,117.3365,2026-06-23T05:29:58.847318+00:00,https://api.mfapi.in/mf/125497
125497,HDFC Top 100 Direct,125497,SBI Small Cap Fund - Direct Plan - Growth,SBI Mutual Fund,Open Ended Schemes,Equity Scheme - Small Cap Fund,2021-11-24,116.9382,2026-06-23T05:29:58.847318+00:00,https://api.mfapi.in/mf/125497
125497,HDFC Top 100 Direct,125497,SBI Small Cap Fund - Direct Plan - Growth,SBI Mutual Fund,Open Ended Schemes,Equity Scheme - Small Cap Fund,2021-11-23,115.7625,2026-06-23T05:29:58.847318+00:00,https://api.mfapi.in/mf/125497
125497,HDFC Top 100 Direct,125497,SBI Small Cap Fund - Direct Plan - Growth,SBI Mutual Fund,Open Ended Schemes,Equity Scheme - Small Cap Fund,2021-11-22,114.5634,2026-06-23T05:29:58.847318+00:00,https://api.mfapi.in/mf/125497
125497,HDFC Top 100 Direct,125497,SBI Small Cap Fund - Direct Plan - Growth,SBI Mutual Fund,Open Ended Schemes,Equity Scheme - Small Cap Fund,2021-11-18,116.9958,2026-06-23T05:29:58.847318+00:00,https://api.mfapi.in/mf/125497
125497,HDFC Top 100 Direct,125497,SBI Small Cap Fund - Direct Plan - Growth,SBI Mutual Fund,Open Ended Schemes,Equity Scheme - Small Cap Fund,2021-11-17,118.1513,2026-06-23T05:29:58.847318+00:00,https://api.mfapi.in/mf/125497
125497,HDFC Top 100 Direct,125497,SBI Small Cap Fund - Direct Plan - Growth,SBI Mutual Fund,Open Ended Schemes,Equity Scheme - Small Cap Fund,2021-11-16,118.6213,2026-06-23T05:29:58.847318+00:00,https://api.mfapi.in/mf/125497
125497,HDFC Top 100 Direct,125497,SBI Small Cap Fund - Direct Plan - Growth,SBI Mutual Fund,Open Ended Schemes,Equity Scheme - Small Cap Fund,2021-11-15,119.239,2026-06-23T05:29:58.847318+00:00,https://api.mfapi.in/mf/125497
125497,HDFC Top 100 Direct,125497,SBI Small Cap Fund - Direct Plan - Growth,SBI Mutual Fund,Open Ended Schemes,Equity Scheme - Small Cap Fund,2021-11-12,119.2912,2026-06-23T05:29:58.847318+00:00,https://api.mfapi.in/mf/125497
125497,HDFC Top 100 Direct,125497,SBI Small Cap Fund - Direct Plan - Growth,SBI Mutual Fund,Open Ended Schemes,Equity Scheme - Small Cap Fund,2021-11-11,118.4235,2026-06-23T05:29:58.847318+00:00,https://api.mfapi.in/mf/125497
125497,HDFC Top 100 Direct,125497,SBI Small Cap Fund - Direct Plan - Growth,SBI Mutual Fund,Open Ended Schemes,Equity Scheme - Small Cap Fund,2021-11-10,117.9059,2026-06-23T05:29:58.847318+00:00,https://api.mfapi.in/mf/125497
125497,HDFC Top 100 Direct,125497,SBI Small Cap Fund - Direct Plan - Growth,SBI Mutual Fund,Open Ended Schemes,Equity Scheme - Small Cap Fund,2021-11-09,117.9077,2026-06-23T05:29:58.847318+00:00,https://api.mfapi.in/mf/125497
125497,HDFC Top 100 Direct,125497,SBI Small Cap Fund - Direct Plan - Growth,SBI Mutual Fund,Open Ended Schemes,Equity Scheme - Small Cap Fund,2021-11-08,117.3055,2026-06-23T05:29:58.847318+00:00,https://api.mfapi.in/mf/125497
125497,HDFC Top 100 Direct,125497,SBI Small Cap Fund - Direct Plan - Growth,SBI Mutual Fund,Open Ended Schemes,Equity Scheme - Small Cap Fund,2021-11-03,115.5222,2026-06-23T05:29:58.847318+00:00,https://api.mfapi.in/mf/125497
125497,HDFC Top 100 Direct,125497,SBI Small Cap Fund - Direct Plan - Growth,SBI Mutual Fund,Open Ended Schemes,Equity Scheme - Small Cap Fund,2021-11-02,115.5178,2026-06-23T05:29:58.847318+00:00,https://api.mfapi.in/mf/125497
125497,HDFC Top 100 Direct,125497,SBI Small Cap Fund - Direct Plan - Growth,SBI Mutual Fund,Open Ended Schemes,Equity Scheme - Small Cap Fund,2021-11-01,114.2579,2026-06-23T05:29:58.847318+00:00,https://api.mfapi.in/mf/125497
125497,HDFC Top 100 Direct,125497,SBI Small Cap Fund - Direct Plan - Growth,SBI Mutual Fund,Open Ended Schemes,Equity Scheme - Small Cap Fund,2021-10-29,113.6715,2026-06-23T05:29:58.847318+00:00,https://api.mfapi.in/mf/125497
125497,HDFC Top 100 Direct,125497,SBI Small Cap Fund - Direct Plan - Growth,SBI Mutual Fund,Open Ended Schemes,Equity Scheme - Small Cap Fund,2021-10-28,113.475,2026-06-23T05:29:58.847318+00:00,https://api.mfapi.in/mf/125497
125497,HDFC Top 100 Direct,125497,SBI Small Cap Fund - Direct Plan - Growth,SBI Mutual Fund,Open Ended Schemes,Equity Scheme - Small Cap Fund,2021-10-27,114.1178,2026-06-23T05:29:58.847318+00:00,https://api.mfapi.in/mf/125497
125497,HDFC Top 100 Direct,125497,SBI Small Cap Fund - Direct Plan - Growth,SBI Mutual Fund,Open Ended Schemes,Equity Scheme - Small Cap Fund,2021-10-26,113.5163,2026-06-23T05:29:58.847318+00:00,https://api.mfapi.in/mf/125497
125497,HDFC Top 100 Direct,125497,SBI Small Cap Fund - Direct Plan - Growth,SBI Mutual Fund,Open Ended Schemes,Equity Scheme - Small Cap Fund,2021-10-25,111.9962,2026-06-23T05:29:58.847318+00:00,https://api.mfapi.in/mf/125497
125497,HDFC Top 100 Direct,125497,SBI Small Cap Fund - Direct Plan - Growth,SBI Mutual Fund,Open Ended Schemes,Equity Scheme - Small Cap Fund,2021-10-22,113.4348,2026-06-23T05:29:58.847318+00:00,https://api.mfapi.in/mf/125497
125497,HDFC Top 100 Direct,125497,SBI Small Cap Fund - Direct Plan - Growth,SBI Mutual Fund,Open Ended Schemes,Equity Scheme - Small Cap Fund,2021-10-21,113.8861,2026-06-23T05:29:58.847318+00:00,https://api.mfapi.in/mf/125497
125497,HDFC Top 100 Direct,125497,SBI Small Cap Fund - Direct Plan - Growth,SBI Mutual Fund,Open Ended Schemes,Equity Scheme - Small Cap Fund,2021-10-20,113.4912,2026-06-23T05:29:58.847318+00:00,https://api.mfapi.in/mf/125497
125497,HDFC Top 100 Direct,125497,SBI Small Cap Fund - Direct Plan - Growth,SBI Mutual Fund,Open Ended Schemes,Equity Scheme - Small Cap Fund,2021-10-19,116.2545,2026-06-23T05:29:58.847318+00:00,https://api.mfapi.in/mf/125497
125497,HDFC Top 100 Direct,125497,SBI Small Cap Fund - Direct Plan - Growth,SBI Mutual Fund,Open Ended Schemes,Equity Scheme - Small Cap Fund,2021-10-18,117.5222,2026-06-23T05:29:58.847318+00:00,https://api.mfapi.in/mf/125497
125497,HDFC Top 100 Direct,125497,SBI Small Cap Fund - Direct Plan - Growth,SBI Mutual Fund,Open Ended Schemes,Equity Scheme - Small Cap Fund,2021-10-14,116.6919,2026-06-23T05:29:58.847318+00:00,https://api.mfapi.in/mf/125497
125497,HDFC Top 100 Direct,125497,SBI Small Cap Fund - Direct Plan - Growth,SBI Mutual Fund,Open Ended Schemes,Equity Scheme - Small Cap Fund,2021-10-13,116.4436,2026-06-23T05:29:58.847318+00:00,https://api.mfapi.in/mf/125497
125497,HDFC Top 100 Direct,125497,SBI Small Cap Fund - Direct Plan - Growth,SBI Mutual Fund,Open Ended Schemes,Equity Scheme - Small Cap Fund,2021-10-12,115.2274,2026-06-23T05:29:58.847318+00:00,https://api.mfapi.in/mf/125497
125497,HDFC Top 100 Direct,125497,SBI Small Cap Fund - Direct Plan - Growth,SBI Mutual Fund,Open Ended Schemes,Equity Scheme - Small Cap Fund,2021-10-11,115.1336,2026-06-23T05:29:58.847318+00:00,https://api.mfapi.in/mf/125497
125497,HDFC Top 100 Direct,125497,SBI Small Cap Fund - Direct Plan - Growth,SBI Mutual Fund,Open Ended Schemes,Equity Scheme - Small Cap Fund,2021-10-08,114.3972,2026-06-23T05:29:58.847318+00:00,https://api.mfapi.in/mf/125497
125497,HDFC Top 100 Direct,125497,SBI Small Cap Fund - Direct Plan - Growth,SBI Mutual Fund,Open Ended Schemes,Equity Scheme - Small Cap Fund,2021-10-07,113.9512,2026-06-23T05:29:58.847318+00:00,https://api.mfapi.in/mf/125497
125497,HDFC Top 100 Direct,125497,SBI Small Cap Fund - Direct Plan - Growth,SBI Mutual Fund,Open Ended Schemes,Equity Scheme - Small Cap Fund,2021-10-06,112.5383,2026-06-23T05:29:58.847318+00:00,https://api.mfapi.in/mf/125497
125497,HDFC Top 100 Direct,125497,SBI Small Cap Fund - Direct Plan - Growth,SBI Mutual Fund,Open Ended Schemes,Equity Scheme - Small Cap Fund,2021-10-05,112.8715,2026-06-23T05:29:58.847318+00:00,https://api.mfapi.in/mf/125497
125497,HDFC Top 100 Direct,125497,SBI Small Cap Fund - Direct Plan - Growth,SBI Mutual Fund,Open Ended Schemes,Equity Scheme - Small Cap Fund,2021-10-04,112.8335,2026-06-23T05:29:58.847318+00:00,https://api.mfapi.in/mf/125497
125497,HDFC Top 100 Direct,125497,SBI Small Cap Fund - Direct Plan - Growth,SBI Mutual Fund,Open Ended Schemes,Equity Scheme - Small Cap Fund,2021-10-01,110.9385,2026-06-23T05:29:58.847318+00:00,https://api.mfapi.in/mf/125497
125497,HDFC Top 100 Direct,125497,SBI Small Cap Fund - Direct Plan - Growth,SBI Mutual Fund,Open Ended Schemes,Equity Scheme - Small Cap Fund,2021-09-30,110.1672,2026-06-23T05:29:58.847318+00:00,https://api.mfapi.in/mf/125497
125497,HDFC Top 100 Direct,125497,SBI Small Cap Fund - Direct Plan - Growth,SBI Mutual Fund,Open Ended Schemes,Equity Scheme - Small Cap Fund,2021-09-29,109.4882,2026-06-23T05:29:58.847318+00:00,https://api.mfapi.in/mf/125497
125497,HDFC Top 100 Direct,125497,SBI Small Cap Fund - Direct Plan - Growth,SBI Mutual Fund,Open Ended Schemes,Equity Scheme - Small Cap Fund,2021-09-28,109.4454,2026-06-23T05:29:58.847318+00:00,https://api.mfapi.in/mf/125497
125497,HDFC Top 100 Direct,125497,SBI Small Cap Fund - Direct Plan - Growth,SBI Mutual Fund,Open Ended Schemes,Equity Scheme - Small Cap Fund,2021-09-27,109.313,2026-06-23T05:29:58.847318+00:00,https://api.mfapi.in/mf/125497
125497,HDFC Top 100 Direct,125497,SBI Small Cap Fund - Direct Plan - Growth,SBI Mutual Fund,Open Ended Schemes,Equity Scheme - Small Cap Fund,2021-09-24,109.5436,2026-06-23T05:29:58.847318+00:00,https://api.mfapi.in/mf/125497
125497,HDFC Top 100 Direct,125497,SBI Small Cap Fund - Direct Plan - Growth,SBI Mutual Fund,Open Ended Schemes,Equity Scheme - Small Cap Fund,2021-09-23,110.2011,2026-06-23T05:29:58.847318+00:00,https://api.mfapi.in/mf/125497
125497,HDFC Top 100 Direct,125497,SBI Small Cap Fund - Direct Plan - Growth,SBI Mutual Fund,Open Ended Schemes,Equity Scheme - Small Cap Fund,2021-09-22,109.0144,2026-06-23T05:29:58.847318+00:00,https://api.mfapi.in/mf/125497
125497,HDFC Top 100 Direct,125497,SBI Small Cap Fund - Direct Plan - Growth,SBI Mutual Fund,Open Ended Schemes,Equity Scheme - Small Cap Fund,2021-09-21,107.9811,2026-06-23T05:29:58.847318+00:00,https://api.mfapi.in/mf/125497
125497,HDFC Top 100 Direct,125497,SBI Small Cap Fund - Direct Plan - Growth,SBI Mutual Fund,Open Ended Schemes,Equity Scheme - Small Cap Fund,2021-09-20,107.5332,2026-06-23T05:29:58.847318+00:00,https://api.mfapi.in/mf/125497
125497,HDFC Top 100 Direct,125497,SBI Small Cap Fund - Direct Plan - Growth,SBI Mutual Fund,Open Ended Schemes,Equity Scheme - Small Cap Fund,2021-09-17,109.0842,2026-06-23T05:29:58.847318+00:00,https://api.mfapi.in/mf/125497
125497,HDFC Top 100 Direct,125497,SBI Small Cap Fund - Direct Plan - Growth,SBI Mutual Fund,Open Ended Schemes,Equity Scheme - Small Cap Fund,2021-09-16,110.188,2026-06-23T05:29:58.847318+00:00,https://api.mfapi.in/mf/125497
125497,HDFC Top 100 Direct,125497,SBI Small Cap Fund - Direct Plan - Growth,SBI Mutual Fund,Open Ended Schemes,Equity Scheme - Small Cap Fund,2021-09-15,110.3295,2026-06-23T05:29:58.847318+00:00,https://api.mfapi.in/mf/125497
125497,HDFC Top 100 Direct,125497,SBI Small Cap Fund - Direct Plan - Growth,SBI Mutual Fund,Open Ended Schemes,Equity Scheme - Small Cap Fund,2021-09-14,109.5639,2026-06-23T05:29:58.847318+00:00,https://api.mfapi.in/mf/125497
125497,HDFC Top 100 Direct,125497,SBI Small Cap Fund - Direct Plan - Growth,SBI Mutual Fund,Open Ended Schemes,Equity Scheme - Small Cap Fund,2021-09-13,108.3557,2026-06-23T05:29:58.847318+00:00,https://api.mfapi.in/mf/125497
125497,HDFC Top 100 Direct,125497,SBI Small Cap Fund - Direct Plan - Growth,SBI Mutual Fund,Open Ended Schemes,Equity Scheme - Small Cap Fund,2021-09-09,108.1289,2026-06-23T05:29:58.847318+00:00,https://api.mfapi.in/mf/125497
125497,HDFC Top 100 Direct,125497,SBI Small Cap Fund - Direct Plan - Growth,SBI Mutual Fund,Open Ended Schemes,Equity Scheme - Small Cap Fund,2021-09-08,107.1416,2026-06-23T05:29:58.847318+00:00,https://api.mfapi.in/mf/125497
125497,HDFC Top 100 Direct,125497,SBI Small Cap Fund - Direct Plan - Growth,SBI Mutual Fund,Open Ended Schemes,Equity Scheme - Small Cap Fund,2021-09-07,106.9263,2026-06-23T05:29:58.847318+00:00,https://api.mfapi.in/mf/125497
125497,HDFC Top 100 Direct,125497,SBI Small Cap Fund - Direct Plan - Growth,SBI Mutual Fund,Open Ended Schemes,Equity Scheme - Small Cap Fund,2021-09-06,107.1149,2026-06-23T05:29:58.847318+00:00,https://api.mfapi.in/mf/125497
125497,HDFC Top 100 Direct,125497,SBI Small Cap Fund - Direct Plan - Growth,SBI Mutual Fund,Open Ended Schemes,Equity Scheme - Small Cap Fund,2021-09-03,106.5171,2026-06-23T05:29:58.847318+00:00,https://api.mfapi.in/mf/125497
125497,HDFC Top 100 Direct,125497,SBI Small Cap Fund - Direct Plan - Growth,SBI Mutual Fund,Open Ended Schemes,Equity Scheme - Small Cap Fund,2021-09-02,106.4916,2026-06-23T05:29:58.847318+00:00,https://api.mfapi.in/mf/125497
125497,HDFC Top 100 Direct,125497,SBI Small Cap Fund - Direct Plan - Growth,SBI Mutual Fund,Open Ended Schemes,Equity Scheme - Small Cap Fund,2021-09-01,105.6616,2026-06-23T05:29:58.847318+00:00,https://api.mfapi.in/mf/125497
125497,HDFC Top 100 Direct,125497,SBI Small Cap Fund - Direct Plan - Growth,SBI Mutual Fund,Open Ended Schemes,Equity Scheme - Small Cap Fund,2021-08-31,105.6214,2026-06-23T05:29:58.847318+00:00,https://api.mfapi.in/mf/125497
125497,HDFC Top 100 Direct,125497,SBI Small Cap Fund - Direct Plan - Growth,SBI Mutual Fund,Open Ended Schemes,Equity Scheme - Small Cap Fund,2021-08-30,104.648,2026-06-23T05:29:58.847318+00:00,https://api.mfapi.in/mf/125497
125497,HDFC Top 100 Direct,125497,SBI Small Cap Fund - Direct Plan - Growth,SBI Mutual Fund,Open Ended Schemes,Equity Scheme - Small Cap Fund,2021-08-27,102.8137,2026-06-23T05:29:58.847318+00:00,https://api.mfapi.in/mf/125497
125497,HDFC Top 100 Direct,125497,SBI Small Cap Fund - Direct Plan - Growth,SBI Mutual Fund,Open Ended Schemes,Equity Scheme - Small Cap Fund,2021-08-26,102.162,2026-06-23T05:29:58.847318+00:00,https://api.mfapi.in/mf/125497
125497,HDFC Top 100 Direct,125497,SBI Small Cap Fund - Direct Plan - Growth,SBI Mutual Fund,Open Ended Schemes,Equity Scheme - Small Cap Fund,2021-08-25,101.532,2026-06-23T05:29:58.847318+00:00,https://api.mfapi.in/mf/125497
125497,HDFC Top 100 Direct,125497,SBI Small Cap Fund - Direct Plan - Growth,SBI Mutual Fund,Open Ended Schemes,Equity Scheme - Small Cap Fund,2021-08-24,101.0715,2026-06-23T05:29:58.847318+00:00,https://api.mfapi.in/mf/125497
125497,HDFC Top 100 Direct,125497,SBI Small Cap Fund - Direct Plan - Growth,SBI Mutual Fund,Open Ended Schemes,Equity Scheme - Small Cap Fund,2021-08-23,100.065,2026-06-23T05:29:58.847318+00:00,https://api.mfapi.in/mf/125497
125497,HDFC Top 100 Direct,125497,SBI Small Cap Fund - Direct Plan - Growth,SBI Mutual Fund,Open Ended Schemes,Equity Scheme - Small Cap Fund,2021-08-20,101.3154,2026-06-23T05:29:58.847318+00:00,https://api.mfapi.in/mf/125497
125497,HDFC Top 100 Direct,125497,SBI Small Cap Fund - Direct Plan - Growth,SBI Mutual Fund,Open Ended Schemes,Equity Scheme - Small Cap Fund,2021-08-18,102.7792,2026-06-23T05:29:58.847318+00:00,https://api.mfapi.in/mf/125497
125497,HDFC Top 100 Direct,125497,SBI Small Cap Fund - Direct Plan - Growth,SBI Mutual Fund,Open Ended Schemes,Equity Scheme - Small Cap Fund,2021-08-17,102.9948,2026-06-23T05:29:58.847318+00:00,https://api.mfapi.in/mf/125497
125497,HDFC Top 100 Direct,125497,SBI Small Cap Fund - Direct Plan - Growth,SBI Mutual Fund,Open Ended Schemes,Equity Scheme - Small Cap Fund,2021-08-16,102.6818,2026-06-23T05:29:58.847318+00:00,https://api.mfapi.in/mf/125497
125497,HDFC Top 100 Direct,125497,SBI Small Cap Fund - Direct Plan - Growth,SBI Mutual Fund,Open Ended Schemes,Equity Scheme - Small Cap Fund,2021-08-13,103.1156,2026-06-23T05:29:58.847318+00:00,https://api.mfapi.in/mf/125497
125497,HDFC Top 100 Direct,125497,SBI Small Cap Fund - Direct Plan - Growth,SBI Mutual Fund,Open Ended Schemes,Equity Scheme - Small Cap Fund,2021-08-12,102.8351,2026-06-23T05:29:58.847318+00:00,https://api.mfapi.in/mf/125497
125497,HDFC Top 100 Direct,125497,SBI Small Cap Fund - Direct Plan - Growth,SBI Mutual Fund,Open Ended Schemes,Equity Scheme - Small Cap Fund,2021-08-11,101.5778,2026-06-23T05:29:58.847318+00:00,https://api.mfapi.in/mf/125497
125497,HDFC Top 100 Direct,125497,SBI Small Cap Fund - Direct Plan - Growth,SBI Mutual Fund,Open Ended Schemes,Equity Scheme - Small Cap Fund,2021-08-10,102.739,2026-06-23T05:29:58.847318+00:00,https://api.mfapi.in/mf/125497
125497,HDFC Top 100 Direct,125497,SBI Small Cap Fund - Direct Plan - Growth,SBI Mutual Fund,Open Ended Schemes,Equity Scheme - Small Cap Fund,2021-08-09,104.2697,2026-06-23T05:29:58.847318+00:00,https://api.mfapi.in/mf/125497
125497,HDFC Top 100 Direct,125497,SBI Small Cap Fund - Direct Plan - Growth,SBI Mutual Fund,Open Ended Schemes,Equity Scheme - Small Cap Fund,2021-08-06,104.8069,2026-06-23T05:29:58.847318+00:00,https://api.mfapi.in/mf/125497
125497,HDFC Top 100 Direct,125497,SBI Small Cap Fund - Direct Plan - Growth,SBI Mutual Fund,Open Ended Schemes,Equity Scheme - Small Cap Fund,2021-08-05,104.998,2026-06-23T05:29:58.847318+00:00,https://api.mfapi.in/mf/125497
125497,HDFC Top 100 Direct,125497,SBI Small Cap Fund - Direct Plan - Growth,SBI Mutual Fund,Open Ended Schemes,Equity Scheme - Small Cap Fund,2021-08-04,105.4579,2026-06-23T05:29:58.847318+00:00,https://api.mfapi.in/mf/125497
125497,HDFC Top 100 Direct,125497,SBI Small Cap Fund - Direct Plan - Growth,SBI Mutual Fund,Open Ended Schemes,Equity Scheme - Small Cap Fund,2021-08-03,106.3929,2026-06-23T05:29:58.847318+00:00,https://api.mfapi.in/mf/125497
125497,HDFC Top 100 Direct,125497,SBI Small Cap Fund - Direct Plan - Growth,SBI Mutual Fund,Open Ended Schemes,Equity Scheme - Small Cap Fund,2021-08-02,106.1017,2026-06-23T05:29:58.847318+00:00,https://api.mfapi.in/mf/125497
125497,HDFC Top 100 Direct,125497,SBI Small Cap Fund - Direct Plan - Growth,SBI Mutual Fund,Open Ended Schemes,Equity Scheme - Small Cap Fund,2021-07-30,105.3714,2026-06-23T05:29:58.847318+00:00,https://api.mfapi.in/mf/125497
125497,HDFC Top 100 Direct,125497,SBI Small Cap Fund - Direct Plan - Growth,SBI Mutual Fund,Open Ended Schemes,Equity Scheme - Small Cap Fund,2021-07-29,104.8903,2026-06-23T05:29:58.847318+00:00,https://api.mfapi.in/mf/125497
125497,HDFC Top 100 Direct,125497,SBI Small Cap Fund - Direct Plan - Growth,SBI Mutual Fund,Open Ended Schemes,Equity Scheme - Small Cap Fund,2021-07-28,103.617,2026-06-23T05:29:58.847318+00:00,https://api.mfapi.in/mf/125497
125497,HDFC Top 100 Direct,125497,SBI Small Cap Fund - Direct Plan - Growth,SBI Mutual Fund,Open Ended Schemes,Equity Scheme - Small Cap Fund,2021-07-27,103.8914,2026-06-23T05:29:58.847318+00:00,https://api.mfapi.in/mf/125497
125497,HDFC Top 100 Direct,125497,SBI Small Cap Fund - Direct Plan - Growth,SBI Mutual Fund,Open Ended Schemes,Equity Scheme - Small Cap Fund,2021-07-26,104.4083,2026-06-23T05:29:58.847318+00:00,https://api.mfapi.in/mf/125497
125497,HDFC Top 100 Direct,125497,SBI Small Cap Fund - Direct Plan - Growth,SBI Mutual Fund,Open Ended Schemes,Equity Scheme - Small Cap Fund,2021-07-23,104.3972,2026-06-23T05:29:58.847318+00:00,https://api.mfapi.in/mf/125497
125497,HDFC Top 100 Direct,125497,SBI Small Cap Fund - Direct Plan - Growth,SBI Mutual Fund,Open Ended Schemes,Equity Scheme - Small Cap Fund,2021-07-22,104.1531,2026-06-23T05:29:58.847318+00:00,https://api.mfapi.in/mf/125497
125497,HDFC Top 100 Direct,125497,SBI Small Cap Fund - Direct Plan - Growth,SBI Mutual Fund,Open Ended Schemes,Equity Scheme - Small Cap Fund,2021-07-20,103.3603,2026-06-23T05:29:58.847318+00:00,https://api.mfapi.in/mf/125497
125497,HDFC Top 100 Direct,125497,SBI Small Cap Fund - Direct Plan - Growth,SBI Mutual Fund,Open Ended Schemes,Equity Scheme - Small Cap Fund,2021-07-19,104.8046,2026-06-23T05:29:58.847318+00:00,https://api.mfapi.in/mf/125497
125497,HDFC Top 100 Direct,125497,SBI Small Cap Fund - Direct Plan - Growth,SBI Mutual Fund,Open Ended Schemes,Equity Scheme - Small Cap Fund,2021-07-16,104.9914,2026-06-23T05:29:58.847318+00:00,https://api.mfapi.in/mf/125497
125497,HDFC Top 100 Direct,125497,SBI Small Cap Fund - Direct Plan - Growth,SBI Mutual Fund,Open Ended Schemes,Equity Scheme - Small Cap Fund,2021-07-15,105.0695,2026-06-23T05:29:58.847318+00:00,https://api.mfapi.in/mf/125497
125497,HDFC Top 100 Direct,125497,SBI Small Cap Fund - Direct Plan - Growth,SBI Mutual Fund,Open Ended Schemes,Equity Scheme - Small Cap Fund,2021-07-14,105.2564,2026-06-23T05:29:58.847318+00:00,https://api.mfapi.in/mf/125497
125497,HDFC Top 100 Direct,125497,SBI Small Cap Fund - Direct Plan - Growth,SBI Mutual Fund,Open Ended Schemes,Equity Scheme - Small Cap Fund,2021-07-13,104.6746,2026-06-23T05:29:58.847318+00:00,https://api.mfapi.in/mf/125497
125497,HDFC Top 100 Direct,125497,SBI Small Cap Fund - Direct Plan - Growth,SBI Mutual Fund,Open Ended Schemes,Equity Scheme - Small Cap Fund,2021-07-12,104.1041,2026-06-23T05:29:58.847318+00:00,https://api.mfapi.in/mf/125497
125497,HDFC Top 100 Direct,125497,SBI Small Cap Fund - Direct Plan - Growth,SBI Mutual Fund,Open Ended Schemes,Equity Scheme - Small Cap Fund,2021-07-09,103.1664,2026-06-23T05:29:58.847318+00:00,https://api.mfapi.in/mf/125497
125497,HDFC Top 100 Direct,125497,SBI Small Cap Fund - Direct Plan - Growth,SBI Mutual Fund,Open Ended Schemes,Equity Scheme - Small Cap Fund,2021-07-08,103.0963,2026-06-23T05:29:58.847318+00:00,https://api.mfapi.in/mf/125497
125497,HDFC Top 100 Direct,125497,SBI Small Cap Fund - Direct Plan - Growth,SBI Mutual Fund,Open Ended Schemes,Equity Scheme - Small Cap Fund,2021-07-07,103.5981,2026-06-23T05:29:58.847318+00:00,https://api.mfapi.in/mf/125497
125497,HDFC Top 100 Direct,125497,SBI Small Cap Fund - Direct Plan - Growth,SBI Mutual Fund,Open Ended Schemes,Equity Scheme - Small Cap Fund,2021-07-06,102.8988,2026-06-23T05:29:58.847318+00:00,https://api.mfapi.in/mf/125497
125497,HDFC Top 100 Direct,125497,SBI Small Cap Fund - Direct Plan - Growth,SBI Mutual Fund,Open Ended Schemes,Equity Scheme - Small Cap Fund,2021-07-05,102.4792,2026-06-23T05:29:58.847318+00:00,https://api.mfapi.in/mf/125497
125497,HDFC Top 100 Direct,125497,SBI Small Cap Fund - Direct Plan - Growth,SBI Mutual Fund,Open Ended Schemes,Equity Scheme - Small Cap Fund,2021-07-02,101.8067,2026-06-23T05:29:58.847318+00:00,https://api.mfapi.in/mf/125497
125497,HDFC Top 100 Direct,125497,SBI Small Cap Fund - Direct Plan - Growth,SBI Mutual Fund,Open Ended Schemes,Equity Scheme - Small Cap Fund,2021-07-01,101.142,2026-06-23T05:29:58.847318+00:00,https://api.mfapi.in/mf/125497
125497,HDFC Top 100 Direct,125497,SBI Small Cap Fund - Direct Plan - Growth,SBI Mutual Fund,Open Ended Schemes,Equity Scheme - Small Cap Fund,2021-06-30,100.9756,2026-06-23T05:29:58.847318+00:00,https://api.mfapi.in/mf/125497
125497,HDFC Top 100 Direct,125497,SBI Small Cap Fund - Direct Plan - Growth,SBI Mutual Fund,Open Ended Schemes,Equity Scheme - Small Cap Fund,2021-06-29,100.5042,2026-06-23T05:29:58.847318+00:00,https://api.mfapi.in/mf/125497
125497,HDFC Top 100 Direct,125497,SBI Small Cap Fund - Direct Plan - Growth,SBI Mutual Fund,Open Ended Schemes,Equity Scheme - Small Cap Fund,2021-06-28,100.7862,2026-06-23T05:29:58.847318+00:00,https://api.mfapi.in/mf/125497
125497,HDFC Top 100 Direct,125497,SBI Small Cap Fund - Direct Plan - Growth,SBI Mutual Fund,Open Ended Schemes,Equity Scheme - Small Cap Fund,2021-06-25,100.1155,2026-06-23T05:29:58.847318+00:00,https://api.mfapi.in/mf/125497
125497,HDFC Top 100 Direct,125497,SBI Small Cap Fund - Direct Plan - Growth,SBI Mutual Fund,Open Ended Schemes,Equity Scheme - Small Cap Fund,2021-06-24,99.7729,2026-06-23T05:29:58.847318+00:00,https://api.mfapi.in/mf/125497
125497,HDFC Top 100 Direct,125497,SBI Small Cap Fund - Direct Plan - Growth,SBI Mutual Fund,Open Ended Schemes,Equity Scheme - Small Cap Fund,2021-06-23,99.71,2026-06-23T05:29:58.847318+00:00,https://api.mfapi.in/mf/125497
125497,HDFC Top 100 Direct,125497,SBI Small Cap Fund - Direct Plan - Growth,SBI Mutual Fund,Open Ended Schemes,Equity Scheme - Small Cap Fund,2021-06-22,99.366,2026-06-23T05:29:58.847318+00:00,https://api.mfapi.in/mf/125497
125497,HDFC Top 100 Direct,125497,SBI Small Cap Fund - Direct Plan - Growth,SBI Mutual Fund,Open Ended Schemes,Equity Scheme - Small Cap Fund,2021-06-21,98.8195,2026-06-23T05:29:58.847318+00:00,https://api.mfapi.in/mf/125497
125497,HDFC Top 100 Direct,125497,SBI Small Cap Fund - Direct Plan - Growth,SBI Mutual Fund,Open Ended Schemes,Equity Scheme - Small Cap Fund,2021-06-18,98.4344,2026-06-23T05:29:58.847318+00:00,https://api.mfapi.in/mf/125497
125497,HDFC Top 100 Direct,125497,SBI Small Cap Fund - Direct Plan - Growth,SBI Mutual Fund,Open Ended Schemes,Equity Scheme - Small Cap Fund,2021-06-17,98.6026,2026-06-23T05:29:58.847318+00:00,https://api.mfapi.in/mf/125497
125497,HDFC Top 100 Direct,125497,SBI Small Cap Fund - Direct Plan - Growth,SBI Mutual Fund,Open Ended Schemes,Equity Scheme - Small Cap Fund,2021-06-16,99.1338,2026-06-23T05:29:58.847318+00:00,https://api.mfapi.in/mf/125497
125497,HDFC Top 100 Direct,125497,SBI Small Cap Fund - Direct Plan - Growth,SBI Mutual Fund,Open Ended Schemes,Equity Scheme - Small Cap Fund,2021-06-15,99.6014,2026-06-23T05:29:58.847318+00:00,https://api.mfapi.in/mf/125497
125497,HDFC Top 100 Direct,125497,SBI Small Cap Fund - Direct Plan - Growth,SBI Mutual Fund,Open Ended Schemes,Equity Scheme - Small Cap Fund,2021-06-14,99.2339,2026-06-23T05:29:58.847318+00:00,https://api.mfapi.in/mf/125497
125497,HDFC Top 100 Direct,125497,SBI Small Cap Fund - Direct Plan - Growth,SBI Mutual Fund,Open Ended Schemes,Equity Scheme - Small Cap Fund,2021-06-11,99.8345,2026-06-23T05:29:58.847318+00:00,https://api.mfapi.in/mf/125497
125497,HDFC Top 100 Direct,125497,SBI Small Cap Fund - Direct Plan - Growth,SBI Mutual Fund,Open Ended Schemes,Equity Scheme - Small Cap Fund,2021-06-10,99.9654,2026-06-23T05:29:58.847318+00:00,https://api.mfapi.in/mf/125497
125497,HDFC Top 100 Direct,125497,SBI Small Cap Fund - Direct Plan - Growth,SBI Mutual Fund,Open Ended Schemes,Equity Scheme - Small Cap Fund,2021-06-09,99.0036,2026-06-23T05:29:58.847318+00:00,https://api.mfapi.in/mf/125497
125497,HDFC Top 100 Direct,125497,SBI Small Cap Fund - Direct Plan - Growth,SBI Mutual Fund,Open Ended Schemes,Equity Scheme - Small Cap Fund,2021-06-08,100.1122,2026-06-23T05:29:58.847318+00:00,https://api.mfapi.in/mf/125497
125497,HDFC Top 100 Direct,125497,SBI Small Cap Fund - Direct Plan - Growth,SBI Mutual Fund,Open Ended Schemes,Equity Scheme - Small Cap Fund,2021-06-07,99.9491,2026-06-23T05:29:58.847318+00:00,https://api.mfapi.in/mf/125497
125497,HDFC Top 100 Direct,125497,SBI Small Cap Fund - Direct Plan - Growth,SBI Mutual Fund,Open Ended Schemes,Equity Scheme - Small Cap Fund,2021-06-04,98.8539,2026-06-23T05:29:58.847318+00:00,https://api.mfapi.in/mf/125497
125497,HDFC Top 100 Direct,125497,SBI Small Cap Fund - Direct Plan - Growth,SBI Mutual Fund,Open Ended Schemes,Equity Scheme - Small Cap Fund,2021-06-03,98.125,2026-06-23T05:29:58.847318+00:00,https://api.mfapi.in/mf/125497
125497,HDFC Top 100 Direct,125497,SBI Small Cap Fund - Direct Plan - Growth,SBI Mutual Fund,Open Ended Schemes,Equity Scheme - Small Cap Fund,2021-06-02,98.0796,2026-06-23T05:29:58.847318+00:00,https://api.mfapi.in/mf/125497
125497,HDFC Top 100 Direct,125497,SBI Small Cap Fund - Direct Plan - Growth,SBI Mutual Fund,Open Ended Schemes,Equity Scheme - Small Cap Fund,2021-06-01,97.2044,2026-06-23T05:29:58.847318+00:00,https://api.mfapi.in/mf/125497
125497,HDFC Top 100 Direct,125497,SBI Small Cap Fund - Direct Plan - Growth,SBI Mutual Fund,Open Ended Schemes,Equity Scheme - Small Cap Fund,2021-05-31,97.38,2026-06-23T05:29:58.847318+00:00,https://api.mfapi.in/mf/125497
125497,HDFC Top 100 Direct,125497,SBI Small Cap Fund - Direct Plan - Growth,SBI Mutual Fund,Open Ended Schemes,Equity Scheme - Small Cap Fund,2021-05-28,97.2483,2026-06-23T05:29:58.847318+00:00,https://api.mfapi.in/mf/125497
125497,HDFC Top 100 Direct,125497,SBI Small Cap Fund - Direct Plan - Growth,SBI Mutual Fund,Open Ended Schemes,Equity Scheme - Small Cap Fund,2021-05-27,97.9063,2026-06-23T05:29:58.847318+00:00,https://api.mfapi.in/mf/125497
125497,HDFC Top 100 Direct,125497,SBI Small Cap Fund - Direct Plan - Growth,SBI Mutual Fund,Open Ended Schemes,Equity Scheme - Small Cap Fund,2021-05-26,97.3437,2026-06-23T05:29:58.847318+00:00,https://api.mfapi.in/mf/125497
125497,HDFC Top 100 Direct,125497,SBI Small Cap Fund - Direct Plan - Growth,SBI Mutual Fund,Open Ended Schemes,Equity Scheme - Small Cap Fund,2021-05-25,96.8992,2026-06-23T05:29:58.847318+00:00,https://api.mfapi.in/mf/125497
125497,HDFC Top 100 Direct,125497,SBI Small Cap Fund - Direct Plan - Growth,SBI Mutual Fund,Open Ended Schemes,Equity Scheme - Small Cap Fund,2021-05-24,96.0305,2026-06-23T05:29:58.847318+00:00,https://api.mfapi.in/mf/125497
125497,HDFC Top 100 Direct,125497,SBI Small Cap Fund - Direct Plan - Growth,SBI Mutual Fund,Open Ended Schemes,Equity Scheme - Small Cap Fund,2021-05-21,95.3914,2026-06-23T05:29:58.847318+00:00,https://api.mfapi.in/mf/125497
125497,HDFC Top 100 Direct,125497,SBI Small Cap Fund - Direct Plan - Growth,SBI Mutual Fund,Open Ended Schemes,Equity Scheme - Small Cap Fund,2021-05-20,95.0316,2026-06-23T05:29:58.847318+00:00,https://api.mfapi.in/mf/125497
125497,HDFC Top 100 Direct,125497,SBI Small Cap Fund - Direct Plan - Growth,SBI Mutual Fund,Open Ended Schemes,Equity Scheme - Small Cap Fund,2021-05-19,94.7558,2026-06-23T05:29:58.847318+00:00,https://api.mfapi.in/mf/125497
125497,HDFC Top 100 Direct,125497,SBI Small Cap Fund - Direct Plan - Growth,SBI Mutual Fund,Open Ended Schemes,Equity Scheme - Small Cap Fund,2021-05-18,93.9225,2026-06-23T05:29:58.847318+00:00,https://api.mfapi.in/mf/125497
125497,HDFC Top 100 Direct,125497,SBI Small Cap Fund - Direct Plan - Growth,SBI Mutual Fund,Open Ended Schemes,Equity Scheme - Small Cap Fund,2021-05-17,92.9585,2026-06-23T05:29:58.847318+00:00,https://api.mfapi.in/mf/125497
125497,HDFC Top 100 Direct,125497,SBI Small Cap Fund - Direct Plan - Growth,SBI Mutual Fund,Open Ended Schemes,Equity Scheme - Small Cap Fund,2021-05-14,92.2765,2026-06-23T05:29:58.847318+00:00,https://api.mfapi.in/mf/125497
125497,HDFC Top 100 Direct,125497,SBI Small Cap Fund - Direct Plan - Growth,SBI Mutual Fund,Open Ended Schemes,Equity Scheme - Small Cap Fund,2021-05-12,92.9124,2026-06-23T05:29:58.847318+00:00,https://api.mfapi.in/mf/125497
125497,HDFC Top 100 Direct,125497,SBI Small Cap Fund - Direct Plan - Growth,SBI Mutual Fund,Open Ended Schemes,Equity Scheme - Small Cap Fund,2021-05-11,93.5737,2026-06-23T05:29:58.847318+00:00,https://api.mfapi.in/mf/125497
125497,HDFC Top 100 Direct,125497,SBI Small Cap Fund - Direct Plan - Growth,SBI Mutual Fund,Open Ended Schemes,Equity Scheme - Small Cap Fund,2021-05-10,92.846,2026-06-23T05:29:58.847318+00:00,https://api.mfapi.in/mf/125497
125497,HDFC Top 100 Direct,125497,SBI Small Cap Fund - Direct Plan - Growth,SBI Mutual Fund,Open Ended Schemes,Equity Scheme - Small Cap Fund,2021-05-07,92.2135,2026-06-23T05:29:58.847318+00:00,https://api.mfapi.in/mf/125497
125497,HDFC Top 100 Direct,125497,SBI Small Cap Fund - Direct Plan - Growth,SBI Mutual Fund,Open Ended Schemes,Equity Scheme - Small Cap Fund,2021-05-06,92.1186,2026-06-23T05:29:58.847318+00:00,https://api.mfapi.in/mf/125497
125497,HDFC Top 100 Direct,125497,SBI Small Cap Fund - Direct Plan - Growth,SBI Mutual Fund,Open Ended Schemes,Equity Scheme - Small Cap Fund,2021-05-05,92.0577,2026-06-23T05:29:58.847318+00:00,https://api.mfapi.in/mf/125497
125497,HDFC Top 100 Direct,125497,SBI Small Cap Fund - Direct Plan - Growth,SBI Mutual Fund,Open Ended Schemes,Equity Scheme - Small Cap Fund,2021-05-04,91.3626,2026-06-23T05:29:58.847318+00:00,https://api.mfapi.in/mf/125497
125497,HDFC Top 100 Direct,125497,SBI Small Cap Fund - Direct Plan - Growth,SBI Mutual Fund,Open Ended Schemes,Equity Scheme - Small Cap Fund,2021-05-03,91.3828,2026-06-23T05:29:58.847318+00:00,https://api.mfapi.in/mf/125497
125497,HDFC Top 100 Direct,125497,SBI Small Cap Fund - Direct Plan - Growth,SBI Mutual Fund,Open Ended Schemes,Equity Scheme - Small Cap Fund,2021-04-30,90.4752,2026-06-23T05:29:58.847318+00:00,https://api.mfapi.in/mf/125497
125497,HDFC Top 100 Direct,125497,SBI Small Cap Fund - Direct Plan - Growth,SBI Mutual Fund,Open Ended Schemes,Equity Scheme - Small Cap Fund,2021-04-29,90.6173,2026-06-23T05:29:58.847318+00:00,https://api.mfapi.in/mf/125497
125497,HDFC Top 100 Direct,125497,SBI Small Cap Fund - Direct Plan - Growth,SBI Mutual Fund,Open Ended Schemes,Equity Scheme - Small Cap Fund,2021-04-28,90.332,2026-06-23T05:29:58.847318+00:00,https://api.mfapi.in/mf/125497
125497,HDFC Top 100 Direct,125497,SBI Small Cap Fund - Direct Plan - Growth,SBI Mutual Fund,Open Ended Schemes,Equity Scheme - Small Cap Fund,2021-04-27,89.5712,2026-06-23T05:29:58.847318+00:00,https://api.mfapi.in/mf/125497
125497,HDFC Top 100 Direct,125497,SBI Small Cap Fund - Direct Plan - Growth,SBI Mutual Fund,Open Ended Schemes,Equity Scheme - Small Cap Fund,2021-04-26,88.5558,2026-06-23T05:29:58.847318+00:00,https://api.mfapi.in/mf/125497
125497,HDFC Top 100 Direct,125497,SBI Small Cap Fund - Direct Plan - Growth,SBI Mutual Fund,Open Ended Schemes,Equity Scheme - Small Cap Fund,2021-04-23,87.9149,2026-06-23T05:29:58.847318+00:00,https://api.mfapi.in/mf/125497
125497,HDFC Top 100 Direct,125497,SBI Small Cap Fund - Direct Plan - Growth,SBI Mutual Fund,Open Ended Schemes,Equity Scheme - Small Cap Fund,2021-04-22,87.767,2026-06-23T05:29:58.847318+00:00,https://api.mfapi.in/mf/125497
125497,HDFC Top 100 Direct,125497,SBI Small Cap Fund - Direct Plan - Growth,SBI Mutual Fund,Open Ended Schemes,Equity Scheme - Small Cap Fund,2021-04-20,87.1948,2026-06-23T05:29:58.847318+00:00,https://api.mfapi.in/mf/125497
125497,HDFC Top 100 Direct,125497,SBI Small Cap Fund - Direct Plan - Growth,SBI Mutual Fund,Open Ended Schemes,Equity Scheme - Small Cap Fund,2021-04-19,86.7783,2026-06-23T05:29:58.847318+00:00,https://api.mfapi.in/mf/125497
125497,HDFC Top 100 Direct,125497,SBI Small Cap Fund - Direct Plan - Growth,SBI Mutual Fund,Open Ended Schemes,Equity Scheme - Small Cap Fund,2021-04-16,87.3888,2026-06-23T05:29:58.847318+00:00,https://api.mfapi.in/mf/125497
125497,HDFC Top 100 Direct,125497,SBI Small Cap Fund - Direct Plan - Growth,SBI Mutual Fund,Open Ended Schemes,Equity Scheme - Small Cap Fund,2021-04-15,87.1259,2026-06-23T05:29:58.847318+00:00,https://api.mfapi.in/mf/125497
125497,HDFC Top 100 Direct,125497,SBI Small Cap Fund - Direct Plan - Growth,SBI Mutual Fund,Open Ended Schemes,Equity Scheme - Small Cap Fund,2021-04-13,86.9516,2026-06-23T05:29:58.847318+00:00,https://api.mfapi.in/mf/125497
125497,HDFC Top 100 Direct,125497,SBI Small Cap Fund - Direct Plan - Growth,SBI Mutual Fund,Open Ended Schemes,Equity Scheme - Small Cap Fund,2021-04-12,86.272,2026-06-23T05:29:58.847318+00:00,https://api.mfapi.in/mf/125497
125497,HDFC Top 100 Direct,125497,SBI Small Cap Fund - Direct Plan - Growth,SBI Mutual Fund,Open Ended Schemes,Equity Scheme - Small Cap Fund,2021-04-09,90.0091,2026-06-23T05:29:58.847318+00:00,https://api.mfapi.in/mf/125497
125497,HDFC Top 100 Direct,125497,SBI Small Cap Fund - Direct Plan - Growth,SBI Mutual Fund,Open Ended Schemes,Equity Scheme - Small Cap Fund,2021-04-08,89.9964,2026-06-23T05:29:58.847318+00:00,https://api.mfapi.in/mf/125497
125497,HDFC Top 100 Direct,125497,SBI Small Cap Fund - Direct Plan - Growth,SBI Mutual Fund,Open Ended Schemes,Equity Scheme - Small Cap Fund,2021-04-07,88.9063,2026-06-23T05:29:58.847318+00:00,https://api.mfapi.in/mf/125497
125497,HDFC Top 100 Direct,125497,SBI Small Cap Fund - Direct Plan - Growth,SBI Mutual Fund,Open Ended Schemes,Equity Scheme - Small Cap Fund,2021-04-06,88.3419,2026-06-23T05:29:58.847318+00:00,https://api.mfapi.in/mf/125497
125497,HDFC Top 100 Direct,125497,SBI Small Cap Fund - Direct Plan - Growth,SBI Mutual Fund,Open Ended Schemes,Equity Scheme - Small Cap Fund,2021-04-05,87.5976,2026-06-23T05:29:58.847318+00:00,https://api.mfapi.in/mf/125497
125497,HDFC Top 100 Direct,125497,SBI Small Cap Fund - Direct Plan - Growth,SBI Mutual Fund,Open Ended Schemes,Equity Scheme - Small Cap Fund,2021-04-01,88.4903,2026-06-23T05:29:58.847318+00:00,https://api.mfapi.in/mf/125497
125497,HDFC Top 100 Direct,125497,SBI Small Cap Fund - Direct Plan - Growth,SBI Mutual Fund,Open Ended Schemes,Equity Scheme - Small Cap Fund,2021-03-31,87.4737,2026-06-23T05:29:58.847318+00:00,https://api.mfapi.in/mf/125497
125497,HDFC Top 100 Direct,125497,SBI Small Cap Fund - Direct Plan - Growth,SBI Mutual Fund,Open Ended Schemes,Equity Scheme - Small Cap Fund,2021-03-30,86.6977,2026-06-23T05:29:58.847318+00:00,https://api.mfapi.in/mf/125497
125497,HDFC Top 100 Direct,125497,SBI Small Cap Fund - Direct Plan - Growth,SBI Mutual Fund,Open Ended Schemes,Equity Scheme - Small Cap Fund,2021-03-26,85.5087,2026-06-23T05:29:58.847318+00:00,https://api.mfapi.in/mf/125497
125497,HDFC Top 100 Direct,125497,SBI Small Cap Fund - Direct Plan - Growth,SBI Mutual Fund,Open Ended Schemes,Equity Scheme - Small Cap Fund,2021-03-25,84.6698,2026-06-23T05:29:58.847318+00:00,https://api.mfapi.in/mf/125497
125497,HDFC Top 100 Direct,125497,SBI Small Cap Fund - Direct Plan - Growth,SBI Mutual Fund,Open Ended Schemes,Equity Scheme - Small Cap Fund,2021-03-24,86.1717,2026-06-23T05:29:58.847318+00:00,https://api.mfapi.in/mf/125497
125497,HDFC Top 100 Direct,125497,SBI Small Cap Fund - Direct Plan - Growth,SBI Mutual Fund,Open Ended Schemes,Equity Scheme - Small Cap Fund,2021-03-23,87.5212,2026-06-23T05:29:58.847318+00:00,https://api.mfapi.in/mf/125497
125497,HDFC Top 100 Direct,125497,SBI Small Cap Fund - Direct Plan - Growth,SBI Mutual Fund,Open Ended Schemes,Equity Scheme - Small Cap Fund,2021-03-22,86.4156,2026-06-23T05:29:58.847318+00:00,https://api.mfapi.in/mf/125497
125497,HDFC Top 100 Direct,125497,SBI Small Cap Fund - Direct Plan - Growth,SBI Mutual Fund,Open Ended Schemes,Equity Scheme - Small Cap Fund,2021-03-19,85.7498,2026-06-23T05:29:58.847318+00:00,https://api.mfapi.in/mf/125497
125497,HDFC Top 100 Direct,125497,SBI Small Cap Fund - Direct Plan - Growth,SBI Mutual Fund,Open Ended Schemes,Equity Scheme - Small Cap Fund,2021-03-18,86.0465,2026-06-23T05:29:58.847318+00:00,https://api.mfapi.in/mf/125497
125497,HDFC Top 100 Direct,125497,SBI Small Cap Fund - Direct Plan - Growth,SBI Mutual Fund,Open Ended Schemes,Equity Scheme - Small Cap Fund,2021-03-17,87.2732,2026-06-23T05:29:58.847318+00:00,https://api.mfapi.in/mf/125497
125497,HDFC Top 100 Direct,125497,SBI Small Cap Fund - Direct Plan - Growth,SBI Mutual Fund,Open Ended Schemes,Equity Scheme - Small Cap Fund,2021-03-16,88.5682,2026-06-23T05:29:58.847318+00:00,https://api.mfapi.in/mf/125497
125497,HDFC Top 100 Direct,125497,SBI Small Cap Fund - Direct Plan - Growth,SBI Mutual Fund,Open Ended Schemes,Equity Scheme - Small Cap Fund,2021-03-15,88.5963,2026-06-23T05:29:58.847318+00:00,https://api.mfapi.in/mf/125497
125497,HDFC Top 100 Direct,125497,SBI Small Cap Fund - Direct Plan - Growth,SBI Mutual Fund,Open Ended Schemes,Equity Scheme - Small Cap Fund,2021-03-12,88.9315,2026-06-23T05:29:58.847318+00:00,https://api.mfapi.in/mf/125497
125497,HDFC Top 100 Direct,125497,SBI Small Cap Fund - Direct Plan - Growth,SBI Mutual Fund,Open Ended Schemes,Equity Scheme - Small Cap Fund,2021-03-10,88.6966,2026-06-23T05:29:58.847318+00:00,https://api.mfapi.in/mf/125497
125497,HDFC Top 100 Direct,125497,SBI Small Cap Fund - Direct Plan - Growth,SBI Mutual Fund,Open Ended Schemes,Equity Scheme - Small Cap Fund,2021-03-09,88.3161,2026-06-23T05:29:58.847318+00:00,https://api.mfapi.in/mf/125497
125497,HDFC Top 100 Direct,125497,SBI Small Cap Fund - Direct Plan - Growth,SBI Mutual Fund,Open Ended Schemes,Equity Scheme - Small Cap Fund,2021-03-08,88.5876,2026-06-23T05:29:58.847318+00:00,https://api.mfapi.in/mf/125497
125497,HDFC Top 100 Direct,125497,SBI Small Cap Fund - Direct Plan - Growth,SBI Mutual Fund,Open Ended Schemes,Equity Scheme - Small Cap Fund,2021-03-05,88.2252,2026-06-23T05:29:58.847318+00:00,https://api.mfapi.in/mf/125497
125497,HDFC Top 100 Direct,125497,SBI Small Cap Fund - Direct Plan - Growth,SBI Mutual Fund,Open Ended Schemes,Equity Scheme - Small Cap Fund,2021-03-04,88.9623,2026-06-23T05:29:58.847318+00:00,https://api.mfapi.in/mf/125497
125497,HDFC Top 100 Direct,125497,SBI Small Cap Fund - Direct Plan - Growth,SBI Mutual Fund,Open Ended Schemes,Equity Scheme - Small Cap Fund,2021-03-03,88.4923,2026-06-23T05:29:58.847318+00:00,https://api.mfapi.in/mf/125497
125497,HDFC Top 100 Direct,125497,SBI Small Cap Fund - Direct Plan - Growth,SBI Mutual Fund,Open Ended Schemes,Equity Scheme - Small Cap Fund,2021-03-02,87.7662,2026-06-23T05:29:58.847318+00:00,https://api.mfapi.in/mf/125497
125497,HDFC Top 100 Direct,125497,SBI Small Cap Fund - Direct Plan - Growth,SBI Mutual Fund,Open Ended Schemes,Equity Scheme - Small Cap Fund,2021-03-01,86.8947,2026-06-23T05:29:58.847318+00:00,https://api.mfapi.in/mf/125497
125497,HDFC Top 100 Direct,125497,SBI Small Cap Fund - Direct Plan - Growth,SBI Mutual Fund,Open Ended Schemes,Equity Scheme - Small Cap Fund,2021-02-26,85.7878,2026-06-23T05:29:58.847318+00:00,https://api.mfapi.in/mf/125497
125497,HDFC Top 100 Direct,125497,SBI Small Cap Fund - Direct Plan - Growth,SBI Mutual Fund,Open Ended Schemes,Equity Scheme - Small Cap Fund,2021-02-25,86.3588,2026-06-23T05:29:58.847318+00:00,https://api.mfapi.in/mf/125497
125497,HDFC Top 100 Direct,125497,SBI Small Cap Fund - Direct Plan - Growth,SBI Mutual Fund,Open Ended Schemes,Equity Scheme - Small Cap Fund,2021-02-24,84.7936,2026-06-23T05:29:58.847318+00:00,https://api.mfapi.in/mf/125497
125497,HDFC Top 100 Direct,125497,SBI Small Cap Fund - Direct Plan - Growth,SBI Mutual Fund,Open Ended Schemes,Equity Scheme - Small Cap Fund,2021-02-23,84.0135,2026-06-23T05:29:58.847318+00:00,https://api.mfapi.in/mf/125497
125497,HDFC Top 100 Direct,125497,SBI Small Cap Fund - Direct Plan - Growth,SBI Mutual Fund,Open Ended Schemes,Equity Scheme - Small Cap Fund,2021-02-22,83.6608,2026-06-23T05:29:58.847318+00:00,https://api.mfapi.in/mf/125497
125497,HDFC Top 100 Direct,125497,SBI Small Cap Fund - Direct Plan - Growth,SBI Mutual Fund,Open Ended Schemes,Equity Scheme - Small Cap Fund,2021-02-19,84.9273,2026-06-23T05:29:58.847318+00:00,https://api.mfapi.in/mf/125497
125497,HDFC Top 100 Direct,125497,SBI Small Cap Fund - Direct Plan - Growth,SBI Mutual Fund,Open Ended Schemes,Equity Scheme - Small Cap Fund,2021-02-18,85.5317,2026-06-23T05:29:58.847318+00:00,https://api.mfapi.in/mf/125497
125497,HDFC Top 100 Direct,125497,SBI Small Cap Fund - Direct Plan - Growth,SBI Mutual Fund,Open Ended Schemes,Equity Scheme - Small Cap Fund,2021-02-17,84.8193,2026-06-23T05:29:58.847318+00:00,https://api.mfapi.in/mf/125497
125497,HDFC Top 100 Direct,125497,SBI Small Cap Fund - Direct Plan - Growth,SBI Mutual Fund,Open Ended Schemes,Equity Scheme - Small Cap Fund,2021-02-16,84.5871,2026-06-23T05:29:58.847318+00:00,https://api.mfapi.in/mf/125497
125497,HDFC Top 100 Direct,125497,SBI Small Cap Fund - Direct Plan - Growth,SBI Mutual Fund,Open Ended Schemes,Equity Scheme - Small Cap Fund,2021-02-15,85.0276,2026-06-23T05:29:58.847318+00:00,https://api.mfapi.in/mf/125497
125497,HDFC Top 100 Direct,125497,SBI Small Cap Fund - Direct Plan - Growth,SBI Mutual Fund,Open Ended Schemes,Equity Scheme - Small Cap Fund,2021-02-12,84.5864,2026-06-23T05:29:58.847318+00:00,https://api.mfapi.in/mf/125497
125497,HDFC Top 100 Direct,125497,SBI Small Cap Fund - Direct Plan - Growth,SBI Mutual Fund,Open Ended Schemes,Equity Scheme - Small Cap Fund,2021-02-11,84.1694,2026-06-23T05:29:58.847318+00:00,https://api.mfapi.in/mf/125497
125497,HDFC Top 100 Direct,125497,SBI Small Cap Fund - Direct Plan - Growth,SBI Mutual Fund,Open Ended Schemes,Equity Scheme - Small Cap Fund,2021-02-10,83.3864,2026-06-23T05:29:58.847318+00:00,https://api.mfapi.in/mf/125497
125497,HDFC Top 100 Direct,125497,SBI Small Cap Fund - Direct Plan - Growth,SBI Mutual Fund,Open Ended Schemes,Equity Scheme - Small Cap Fund,2021-02-09,83.1303,2026-06-23T05:29:58.847318+00:00,https://api.mfapi.in/mf/125497
125497,HDFC Top 100 Direct,125497,SBI Small Cap Fund - Direct Plan - Growth,SBI Mutual Fund,Open Ended Schemes,Equity Scheme - Small Cap Fund,2021-02-08,83.4924,2026-06-23T05:29:58.847318+00:00,https://api.mfapi.in/mf/125497
125497,HDFC Top 100 Direct,125497,SBI Small Cap Fund - Direct Plan - Growth,SBI Mutual Fund,Open Ended Schemes,Equity Scheme - Small Cap Fund,2021-02-05,82.6153,2026-06-23T05:29:58.847318+00:00,https://api.mfapi.in/mf/125497
125497,HDFC Top 100 Direct,125497,SBI Small Cap Fund - Direct Plan - Growth,SBI Mutual Fund,Open Ended Schemes,Equity Scheme - Small Cap Fund,2021-02-04,82.4453,2026-06-23T05:29:58.847318+00:00,https://api.mfapi.in/mf/125497
125497,HDFC Top 100 Direct,125497,SBI Small Cap Fund - Direct Plan - Growth,SBI Mutual Fund,Open Ended Schemes,Equity Scheme - Small Cap Fund,2021-02-03,81.6538,2026-06-23T05:29:58.847318+00:00,https://api.mfapi.in/mf/125497
125497,HDFC Top 100 Direct,125497,SBI Small Cap Fund - Direct Plan - Growth,SBI Mutual Fund,Open Ended Schemes,Equity Scheme - Small Cap Fund,2021-02-02,80.6225,2026-06-23T05:29:58.847318+00:00,https://api.mfapi.in/mf/125497
125497,HDFC Top 100 Direct,125497,SBI Small Cap Fund - Direct Plan - Growth,SBI Mutual Fund,Open Ended Schemes,Equity Scheme - Small Cap Fund,2021-02-01,79.4344,2026-06-23T05:29:58.847318+00:00,https://api.mfapi.in/mf/125497
125497,HDFC Top 100 Direct,125497,SBI Small Cap Fund - Direct Plan - Growth,SBI Mutual Fund,Open Ended Schemes,Equity Scheme - Small Cap Fund,2021-01-29,77.8537,2026-06-23T05:29:58.847318+00:00,https://api.mfapi.in/mf/125497
125497,HDFC Top 100 Direct,125497,SBI Small Cap Fund - Direct Plan - Growth,SBI Mutual Fund,Open Ended Schemes,Equity Scheme - Small Cap Fund,2021-01-28,77.7009,2026-06-23T05:29:58.847318+00:00,https://api.mfapi.in/mf/125497
125497,HDFC Top 100 Direct,125497,SBI Small Cap Fund - Direct Plan - Growth,SBI Mutual Fund,Open Ended Schemes,Equity Scheme - Small Cap Fund,2021-01-27,78.2494,2026-06-23T05:29:58.847318+00:00,https://api.mfapi.in/mf/125497
125497,HDFC Top 100 Direct,125497,SBI Small Cap Fund - Direct Plan - Growth,SBI Mutual Fund,Open Ended Schemes,Equity Scheme - Small Cap Fund,2021-01-25,78.9867,2026-06-23T05:29:58.847318+00:00,https://api.mfapi.in/mf/125497
125497,HDFC Top 100 Direct,125497,SBI Small Cap Fund - Direct Plan - Growth,SBI Mutual Fund,Open Ended Schemes,Equity Scheme - Small Cap Fund,2021-01-22,79.6084,2026-06-23T05:29:58.847318+00:00,https://api.mfapi.in/mf/125497
125497,HDFC Top 100 Direct,125497,SBI Small Cap Fund - Direct Plan - Growth,SBI Mutual Fund,Open Ended Schemes,Equity Scheme - Small Cap Fund,2021-01-21,80.5094,2026-06-23T05:29:58.847318+00:00,https://api.mfapi.in/mf/125497
125497,HDFC Top 100 Direct,125497,SBI Small Cap Fund - Direct Plan - Growth,SBI Mutual Fund,Open Ended Schemes,Equity Scheme - Small Cap Fund,2021-01-20,80.6259,2026-06-23T05:29:58.847318+00:00,https://api.mfapi.in/mf/125497
125497,HDFC Top 100 Direct,125497,SBI Small Cap Fund - Direct Plan - Growth,SBI Mutual Fund,Open Ended Schemes,Equity Scheme - Small Cap Fund,2021-01-19,80.6173,2026-06-23T05:29:58.847318+00:00,https://api.mfapi.in/mf/125497
125497,HDFC Top 100 Direct,125497,SBI Small Cap Fund - Direct Plan - Growth,SBI Mutual Fund,Open Ended Schemes,Equity Scheme - Small Cap Fund,2021-01-18,79.4401,2026-06-23T05:29:58.847318+00:00,https://api.mfapi.in/mf/125497
125497,HDFC Top 100 Direct,125497,SBI Small Cap Fund - Direct Plan - Growth,SBI Mutual Fund,Open Ended Schemes,Equity Scheme - Small Cap Fund,2021-01-15,80.5302,2026-06-23T05:29:58.847318+00:00,https://api.mfapi.in/mf/125497
125497,HDFC Top 100 Direct,125497,SBI Small Cap Fund - Direct Plan - Growth,SBI Mutual Fund,Open Ended Schemes,Equity Scheme - Small Cap Fund,2021-01-14,81.0944,2026-06-23T05:29:58.847318+00:00,https://api.mfapi.in/mf/125497
125497,HDFC Top 100 Direct,125497,SBI Small Cap Fund - Direct Plan - Growth,SBI Mutual Fund,Open Ended Schemes,Equity Scheme - Small Cap Fund,2021-01-13,81.6065,2026-06-23T05:29:58.847318+00:00,https://api.mfapi.in/mf/125497
125497,HDFC Top 100 Direct,125497,SBI Small Cap Fund - Direct Plan - Growth,SBI Mutual Fund,Open Ended Schemes,Equity Scheme - Small Cap Fund,2021-01-12,81.9853,2026-06-23T05:29:58.847318+00:00,https://api.mfapi.in/mf/125497
125497,HDFC Top 100 Direct,125497,SBI Small Cap Fund - Direct Plan - Growth,SBI Mutual Fund,Open Ended Schemes,Equity Scheme - Small Cap Fund,2021-01-11,82.0949,2026-06-23T05:29:58.847318+00:00,https://api.mfapi.in/mf/125497
125497,HDFC Top 100 Direct,125497,SBI Small Cap Fund - Direct Plan - Growth,SBI Mutual Fund,Open Ended Schemes,Equity Scheme - Small Cap Fund,2021-01-08,82.4047,2026-06-23T05:29:58.847318+00:00,https://api.mfapi.in/mf/125497
125497,HDFC Top 100 Direct,125497,SBI Small Cap Fund - Direct Plan - Growth,SBI Mutual Fund,Open Ended Schemes,Equity Scheme - Small Cap Fund,2021-01-07,81.8689,2026-06-23T05:29:58.847318+00:00,https://api.mfapi.in/mf/125497
125497,HDFC Top 100 Direct,125497,SBI Small Cap Fund - Direct Plan - Growth,SBI Mutual Fund,Open Ended Schemes,Equity Scheme - Small Cap Fund,2021-01-06,80.8795,2026-06-23T05:29:58.847318+00:00,https://api.mfapi.in/mf/125497
125497,HDFC Top 100 Direct,125497,SBI Small Cap Fund - Direct Plan - Growth,SBI Mutual Fund,Open Ended Schemes,Equity Scheme - Small Cap Fund,2021-01-05,80.6897,2026-06-23T05:29:58.847318+00:00,https://api.mfapi.in/mf/125497
125497,HDFC Top 100 Direct,125497,SBI Small Cap Fund - Direct Plan - Growth,SBI Mutual Fund,Open Ended Schemes,Equity Scheme - Small Cap Fund,2021-01-04,79.9178,2026-06-23T05:29:58.847318+00:00,https://api.mfapi.in/mf/125497
125497,HDFC Top 100 Direct,125497,SBI Small Cap Fund - Direct Plan - Growth,SBI Mutual Fund,Open Ended Schemes,Equity Scheme - Small Cap Fund,2021-01-01,78.961,2026-06-23T05:29:58.847318+00:00,https://api.mfapi.in/mf/125497
125497,HDFC Top 100 Direct,125497,SBI Small Cap Fund - Direct Plan - Growth,SBI Mutual Fund,Open Ended Schemes,Equity Scheme - Small Cap Fund,2020-12-31,78.1396,2026-06-23T05:29:58.847318+00:00,https://api.mfapi.in/mf/125497
125497,HDFC Top 100 Direct,125497,SBI Small Cap Fund - Direct Plan - Growth,SBI Mutual Fund,Open Ended Schemes,Equity Scheme - Small Cap Fund,2020-12-30,78.1608,2026-06-23T05:29:58.847318+00:00,https://api.mfapi.in/mf/125497
125497,HDFC Top 100 Direct,125497,SBI Small Cap Fund - Direct Plan - Growth,SBI Mutual Fund,Open Ended Schemes,Equity Scheme - Small Cap Fund,2020-12-29,77.9378,2026-06-23T05:29:58.847318+00:00,https://api.mfapi.in/mf/125497
125497,HDFC Top 100 Direct,125497,SBI Small Cap Fund - Direct Plan - Growth,SBI Mutual Fund,Open Ended Schemes,Equity Scheme - Small Cap Fund,2020-12-28,77.201,2026-06-23T05:29:58.847318+00:00,https://api.mfapi.in/mf/125497
125497,HDFC Top 100 Direct,125497,SBI Small Cap Fund - Direct Plan - Growth,SBI Mutual Fund,Open Ended Schemes,Equity Scheme - Small Cap Fund,2020-12-24,76.2652,2026-06-23T05:29:58.847318+00:00,https://api.mfapi.in/mf/125497
125497,HDFC Top 100 Direct,125497,SBI Small Cap Fund - Direct Plan - Growth,SBI Mutual Fund,Open Ended Schemes,Equity Scheme - Small Cap Fund,2020-12-23,75.995,2026-06-23T05:29:58.847318+00:00,https://api.mfapi.in/mf/125497
125497,HDFC Top 100 Direct,125497,SBI Small Cap Fund - Direct Plan - Growth,SBI Mutual Fund,Open Ended Schemes,Equity Scheme - Small Cap Fund,2020-12-22,74.4438,2026-06-23T05:29:58.847318+00:00,https://api.mfapi.in/mf/125497
125497,HDFC Top 100 Direct,125497,SBI Small Cap Fund - Direct Plan - Growth,SBI Mutual Fund,Open Ended Schemes,Equity Scheme - Small Cap Fund,2020-12-21,74.3431,2026-06-23T05:29:58.847318+00:00,https://api.mfapi.in/mf/125497
125497,HDFC Top 100 Direct,125497,SBI Small Cap Fund - Direct Plan - Growth,SBI Mutual Fund,Open Ended Schemes,Equity Scheme - Small Cap Fund,2020-12-18,76.6351,2026-06-23T05:29:58.847318+00:00,https://api.mfapi.in/mf/125497
125497,HDFC Top 100 Direct,125497,SBI Small Cap Fund - Direct Plan - Growth,SBI Mutual Fund,Open Ended Schemes,Equity Scheme - Small Cap Fund,2020-12-17,76.9464,2026-06-23T05:29:58.847318+00:00,https://api.mfapi.in/mf/125497
125497,HDFC Top 100 Direct,125497,SBI Small Cap Fund - Direct Plan - Growth,SBI Mutual Fund,Open Ended Schemes,Equity Scheme - Small Cap Fund,2020-12-16,77.1352,2026-06-23T05:29:58.847318+00:00,https://api.mfapi.in/mf/125497
125497,HDFC Top 100 Direct,125497,SBI Small Cap Fund - Direct Plan - Growth,SBI Mutual Fund,Open Ended Schemes,Equity Scheme - Small Cap Fund,2020-12-15,76.8527,2026-06-23T05:29:58.847318+00:00,https://api.mfapi.in/mf/125497
125497,HDFC Top 100 Direct,125497,SBI Small Cap Fund - Direct Plan - Growth,SBI Mutual Fund,Open Ended Schemes,Equity Scheme - Small Cap Fund,2020-12-14,76.7302,2026-06-23T05:29:58.847318+00:00,https://api.mfapi.in/mf/125497
125497,HDFC Top 100 Direct,125497,SBI Small Cap Fund - Direct Plan - Growth,SBI Mutual Fund,Open Ended Schemes,Equity Scheme - Small Cap Fund,2020-12-11,76.1897,2026-06-23T05:29:58.847318+00:00,https://api.mfapi.in/mf/125497
125497,HDFC Top 100 Direct,125497,SBI Small Cap Fund - Direct Plan - Growth,SBI Mutual Fund,Open Ended Schemes,Equity Scheme - Small Cap Fund,2020-12-10,76.0258,2026-06-23T05:29:58.847318+00:00,https://api.mfapi.in/mf/125497
125497,HDFC Top 100 Direct,125497,SBI Small Cap Fund - Direct Plan - Growth,SBI Mutual Fund,Open Ended Schemes,Equity Scheme - Small Cap Fund,2020-12-09,76.3633,2026-06-23T05:29:58.847318+00:00,https://api.mfapi.in/mf/125497
125497,HDFC Top 100 Direct,125497,SBI Small Cap Fund - Direct Plan - Growth,SBI Mutual Fund,Open Ended Schemes,Equity Scheme - Small Cap Fund,2020-12-08,76.0347,2026-06-23T05:29:58.847318+00:00,https://api.mfapi.in/mf/125497
125497,HDFC Top 100 Direct,125497,SBI Small Cap Fund - Direct Plan - Growth,SBI Mutual Fund,Open Ended Schemes,Equity Scheme - Small Cap Fund,2020-12-07,76.2757,2026-06-23T05:29:58.847318+00:00,https://api.mfapi.in/mf/125497
125497,HDFC Top 100 Direct,125497,SBI Small Cap Fund - Direct Plan - Growth,SBI Mutual Fund,Open Ended Schemes,Equity Scheme - Small Cap Fund,2020-12-04,75.2531,2026-06-23T05:29:58.847318+00:00,https://api.mfapi.in/mf/125497
125497,HDFC Top 100 Direct,125497,SBI Small Cap Fund - Direct Plan - Growth,SBI Mutual Fund,Open Ended Schemes,Equity Scheme - Small Cap Fund,2020-12-03,74.5188,2026-06-23T05:29:58.847318+00:00,https://api.mfapi.in/mf/125497
125497,HDFC Top 100 Direct,125497,SBI Small Cap Fund - Direct Plan - Growth,SBI Mutual Fund,Open Ended Schemes,Equity Scheme - Small Cap Fund,2020-12-02,74.0961,2026-06-23T05:29:58.847318+00:00,https://api.mfapi.in/mf/125497
125497,HDFC Top 100 Direct,125497,SBI Small Cap Fund - Direct Plan - Growth,SBI Mutual Fund,Open Ended Schemes,Equity Scheme - Small Cap Fund,2020-12-01,73.9151,2026-06-23T05:29:58.847318+00:00,https://api.mfapi.in/mf/125497
125497,HDFC Top 100 Direct,125497,SBI Small Cap Fund - Direct Plan - Growth,SBI Mutual Fund,Open Ended Schemes,Equity Scheme - Small Cap Fund,2020-11-27,73.1105,2026-06-23T05:29:58.847318+00:00,https://api.mfapi.in/mf/125497
125497,HDFC Top 100 Direct,125497,SBI Small Cap Fund - Direct Plan - Growth,SBI Mutual Fund,Open Ended Schemes,Equity Scheme - Small Cap Fund,2020-11-26,71.4394,2026-06-23T05:29:58.847318+00:00,https://api.mfapi.in/mf/125497
125497,HDFC Top 100 Direct,125497,SBI Small Cap Fund - Direct Plan - Growth,SBI Mutual Fund,Open Ended Schemes,Equity Scheme - Small Cap Fund,2020-11-25,71.2859,2026-06-23T05:29:58.847318+00:00,https://api.mfapi.in/mf/125497
125497,HDFC Top 100 Direct,125497,SBI Small Cap Fund - Direct Plan - Growth,SBI Mutual Fund,Open Ended Schemes,Equity Scheme - Small Cap Fund,2020-11-24,72.0394,2026-06-23T05:29:58.847318+00:00,https://api.mfapi.in/mf/125497
125497,HDFC Top 100 Direct,125497,SBI Small Cap Fund - Direct Plan - Growth,SBI Mutual Fund,Open Ended Schemes,Equity Scheme - Small Cap Fund,2020-11-23,71.3108,2026-06-23T05:29:58.847318+00:00,https://api.mfapi.in/mf/125497
125497,HDFC Top 100 Direct,125497,SBI Small Cap Fund - Direct Plan - Growth,SBI Mutual Fund,Open Ended Schemes,Equity Scheme - Small Cap Fund,2020-11-20,70.6897,2026-06-23T05:29:58.847318+00:00,https://api.mfapi.in/mf/125497
125497,HDFC Top 100 Direct,125497,SBI Small Cap Fund - Direct Plan - Growth,SBI Mutual Fund,Open Ended Schemes,Equity Scheme - Small Cap Fund,2020-11-19,70.3257,2026-06-23T05:29:58.847318+00:00,https://api.mfapi.in/mf/125497
125497,HDFC Top 100 Direct,125497,SBI Small Cap Fund - Direct Plan - Growth,SBI Mutual Fund,Open Ended Schemes,Equity Scheme - Small Cap Fund,2020-11-18,70.0787,2026-06-23T05:29:58.847318+00:00,https://api.mfapi.in/mf/125497
125497,HDFC Top 100 Direct,125497,SBI Small Cap Fund - Direct Plan - Growth,SBI Mutual Fund,Open Ended Schemes,Equity Scheme - Small Cap Fund,2020-11-17,69.2585,2026-06-23T05:29:58.847318+00:00,https://api.mfapi.in/mf/125497
125497,HDFC Top 100 Direct,125497,SBI Small Cap Fund - Direct Plan - Growth,SBI Mutual Fund,Open Ended Schemes,Equity Scheme - Small Cap Fund,2020-11-13,67.8975,2026-06-23T05:29:58.847318+00:00,https://api.mfapi.in/mf/125497
125497,HDFC Top 100 Direct,125497,SBI Small Cap Fund - Direct Plan - Growth,SBI Mutual Fund,Open Ended Schemes,Equity Scheme - Small Cap Fund,2020-11-12,67.0874,2026-06-23T05:29:58.847318+00:00,https://api.mfapi.in/mf/125497
125497,HDFC Top 100 Direct,125497,SBI Small Cap Fund - Direct Plan - Growth,SBI Mutual Fund,Open Ended Schemes,Equity Scheme - Small Cap Fund,2020-11-11,66.6685,2026-06-23T05:29:58.847318+00:00,https://api.mfapi.in/mf/125497
125497,HDFC Top 100 Direct,125497,SBI Small Cap Fund - Direct Plan - Growth,SBI Mutual Fund,Open Ended Schemes,Equity Scheme - Small Cap Fund,2020-11-10,66.4961,2026-06-23T05:29:58.847318+00:00,https://api.mfapi.in/mf/125497
125497,HDFC Top 100 Direct,125497,SBI Small Cap Fund - Direct Plan - Growth,SBI Mutual Fund,Open Ended Schemes,Equity Scheme - Small Cap Fund,2020-11-09,66.5707,2026-06-23T05:29:58.847318+00:00,https://api.mfapi.in/mf/125497
125497,HDFC Top 100 Direct,125497,SBI Small Cap Fund - Direct Plan - Growth,SBI Mutual Fund,Open Ended Schemes,Equity Scheme - Small Cap Fund,2020-11-06,65.761,2026-06-23T05:29:58.847318+00:00,https://api.mfapi.in/mf/125497
125497,HDFC Top 100 Direct,125497,SBI Small Cap Fund - Direct Plan - Growth,SBI Mutual Fund,Open Ended Schemes,Equity Scheme - Small Cap Fund,2020-11-05,65.3632,2026-06-23T05:29:58.847318+00:00,https://api.mfapi.in/mf/125497
125497,HDFC Top 100 Direct,125497,SBI Small Cap Fund - Direct Plan - Growth,SBI Mutual Fund,Open Ended Schemes,Equity Scheme - Small Cap Fund,2020-11-04,64.6703,2026-06-23T05:29:58.847318+00:00,https://api.mfapi.in/mf/125497
125497,HDFC Top 100 Direct,125497,SBI Small Cap Fund - Direct Plan - Growth,SBI Mutual Fund,Open Ended Schemes,Equity Scheme - Small Cap Fund,2020-11-03,64.2757,2026-06-23T05:29:58.847318+00:00,https://api.mfapi.in/mf/125497
125497,HDFC Top 100 Direct,125497,SBI Small Cap Fund - Direct Plan - Growth,SBI Mutual Fund,Open Ended Schemes,Equity Scheme - Small Cap Fund,2020-11-02,63.9582,2026-06-23T05:29:58.847318+00:00,https://api.mfapi.in/mf/125497
125497,HDFC Top 100 Direct,125497,SBI Small Cap Fund - Direct Plan - Growth,SBI Mutual Fund,Open Ended Schemes,Equity Scheme - Small Cap Fund,2020-10-30,64.0422,2026-06-23T05:29:58.847318+00:00,https://api.mfapi.in/mf/125497
125497,HDFC Top 100 Direct,125497,SBI Small Cap Fund - Direct Plan - Growth,SBI Mutual Fund,Open Ended Schemes,Equity Scheme - Small Cap Fund,2020-10-29,63.8738,2026-06-23T05:29:58.847318+00:00,https://api.mfapi.in/mf/125497
125497,HDFC Top 100 Direct,125497,SBI Small Cap Fund - Direct Plan - Growth,SBI Mutual Fund,Open Ended Schemes,Equity Scheme - Small Cap Fund,2020-10-28,64.1264,2026-06-23T05:29:58.847318+00:00,https://api.mfapi.in/mf/125497
125497,HDFC Top 100 Direct,125497,SBI Small Cap Fund - Direct Plan - Growth,SBI Mutual Fund,Open Ended Schemes,Equity Scheme - Small Cap Fund,2020-10-27,64.2905,2026-06-23T05:29:58.847318+00:00,https://api.mfapi.in/mf/125497
125497,HDFC Top 100 Direct,125497,SBI Small Cap Fund - Direct Plan - Growth,SBI Mutual Fund,Open Ended Schemes,Equity Scheme - Small Cap Fund,2020-10-26,64.1467,2026-06-23T05:29:58.847318+00:00,https://api.mfapi.in/mf/125497
125497,HDFC Top 100 Direct,125497,SBI Small Cap Fund - Direct Plan - Growth,SBI Mutual Fund,Open Ended Schemes,Equity Scheme - Small Cap Fund,2020-10-23,64.4167,2026-06-23T05:29:58.847318+00:00,https://api.mfapi.in/mf/125497
125497,HDFC Top 100 Direct,125497,SBI Small Cap Fund - Direct Plan - Growth,SBI Mutual Fund,Open Ended Schemes,Equity Scheme - Small Cap Fund,2020-10-22,63.9264,2026-06-23T05:29:58.847318+00:00,https://api.mfapi.in/mf/125497
125497,HDFC Top 100 Direct,125497,SBI Small Cap Fund - Direct Plan - Growth,SBI Mutual Fund,Open Ended Schemes,Equity Scheme - Small Cap Fund,2020-10-21,63.7626,2026-06-23T05:29:58.847318+00:00,https://api.mfapi.in/mf/125497
125497,HDFC Top 100 Direct,125497,SBI Small Cap Fund - Direct Plan - Growth,SBI Mutual Fund,Open Ended Schemes,Equity Scheme - Small Cap Fund,2020-10-20,63.7148,2026-06-23T05:29:58.847318+00:00,https://api.mfapi.in/mf/125497
125497,HDFC Top 100 Direct,125497,SBI Small Cap Fund - Direct Plan - Growth,SBI Mutual Fund,Open Ended Schemes,Equity Scheme - Small Cap Fund,2020-10-19,63.7933,2026-06-23T05:29:58.847318+00:00,https://api.mfapi.in/mf/125497
125497,HDFC Top 100 Direct,125497,SBI Small Cap Fund - Direct Plan - Growth,SBI Mutual Fund,Open Ended Schemes,Equity Scheme - Small Cap Fund,2020-10-16,63.2883,2026-06-23T05:29:58.847318+00:00,https://api.mfapi.in/mf/125497
125497,HDFC Top 100 Direct,125497,SBI Small Cap Fund - Direct Plan - Growth,SBI Mutual Fund,Open Ended Schemes,Equity Scheme - Small Cap Fund,2020-10-15,62.5586,2026-06-23T05:29:58.847318+00:00,https://api.mfapi.in/mf/125497
125497,HDFC Top 100 Direct,125497,SBI Small Cap Fund - Direct Plan - Growth,SBI Mutual Fund,Open Ended Schemes,Equity Scheme - Small Cap Fund,2020-10-14,63.4637,2026-06-23T05:29:58.847318+00:00,https://api.mfapi.in/mf/125497
125497,HDFC Top 100 Direct,125497,SBI Small Cap Fund - Direct Plan - Growth,SBI Mutual Fund,Open Ended Schemes,Equity Scheme - Small Cap Fund,2020-10-13,62.8658,2026-06-23T05:29:58.847318+00:00,https://api.mfapi.in/mf/125497
125497,HDFC Top 100 Direct,125497,SBI Small Cap Fund - Direct Plan - Growth,SBI Mutual Fund,Open Ended Schemes,Equity Scheme - Small Cap Fund,2020-10-12,62.7597,2026-06-23T05:29:58.847318+00:00,https://api.mfapi.in/mf/125497
125497,HDFC Top 100 Direct,125497,SBI Small Cap Fund - Direct Plan - Growth,SBI Mutual Fund,Open Ended Schemes,Equity Scheme - Small Cap Fund,2020-10-09,63.2906,2026-06-23T05:29:58.847318+00:00,https://api.mfapi.in/mf/125497
125497,HDFC Top 100 Direct,125497,SBI Small Cap Fund - Direct Plan - Growth,SBI Mutual Fund,Open Ended Schemes,Equity Scheme - Small Cap Fund,2020-10-08,63.4817,2026-06-23T05:29:58.847318+00:00,https://api.mfapi.in/mf/125497
125497,HDFC Top 100 Direct,125497,SBI Small Cap Fund - Direct Plan - Growth,SBI Mutual Fund,Open Ended Schemes,Equity Scheme - Small Cap Fund,2020-10-07,64.1025,2026-06-23T05:29:58.847318+00:00,https://api.mfapi.in/mf/125497
125497,HDFC Top 100 Direct,125497,SBI Small Cap Fund - Direct Plan - Growth,SBI Mutual Fund,Open Ended Schemes,Equity Scheme - Small Cap Fund,2020-10-06,64.2617,2026-06-23T05:29:58.847318+00:00,https://api.mfapi.in/mf/125497
125497,HDFC Top 100 Direct,125497,SBI Small Cap Fund - Direct Plan - Growth,SBI Mutual Fund,Open Ended Schemes,Equity Scheme - Small Cap Fund,2020-10-05,64.3535,2026-06-23T05:29:58.847318+00:00,https://api.mfapi.in/mf/125497
125497,HDFC Top 100 Direct,125497,SBI Small Cap Fund - Direct Plan - Growth,SBI Mutual Fund,Open Ended Schemes,Equity Scheme - Small Cap Fund,2020-10-01,64.1093,2026-06-23T05:29:58.847318+00:00,https://api.mfapi.in/mf/125497
125497,HDFC Top 100 Direct,125497,SBI Small Cap Fund - Direct Plan - Growth,SBI Mutual Fund,Open Ended Schemes,Equity Scheme - Small Cap Fund,2020-09-30,63.8023,2026-06-23T05:29:58.847318+00:00,https://api.mfapi.in/mf/125497
125497,HDFC Top 100 Direct,125497,SBI Small Cap Fund - Direct Plan - Growth,SBI Mutual Fund,Open Ended Schemes,Equity Scheme - Small Cap Fund,2020-09-29,63.6305,2026-06-23T05:29:58.847318+00:00,https://api.mfapi.in/mf/125497
125497,HDFC Top 100 Direct,125497,SBI Small Cap Fund - Direct Plan - Growth,SBI Mutual Fund,Open Ended Schemes,Equity Scheme - Small Cap Fund,2020-09-28,63.5663,2026-06-23T05:29:58.847318+00:00,https://api.mfapi.in/mf/125497
125497,HDFC Top 100 Direct,125497,SBI Small Cap Fund - Direct Plan - Growth,SBI Mutual Fund,Open Ended Schemes,Equity Scheme - Small Cap Fund,2020-09-25,62.4845,2026-06-23T05:29:58.847318+00:00,https://api.mfapi.in/mf/125497
125497,HDFC Top 100 Direct,125497,SBI Small Cap Fund - Direct Plan - Growth,SBI Mutual Fund,Open Ended Schemes,Equity Scheme - Small Cap Fund,2020-09-24,61.6467,2026-06-23T05:29:58.847318+00:00,https://api.mfapi.in/mf/125497
125497,HDFC Top 100 Direct,125497,SBI Small Cap Fund - Direct Plan - Growth,SBI Mutual Fund,Open Ended Schemes,Equity Scheme - Small Cap Fund,2020-09-23,62.7063,2026-06-23T05:29:58.847318+00:00,https://api.mfapi.in/mf/125497
125497,HDFC Top 100 Direct,125497,SBI Small Cap Fund - Direct Plan - Growth,SBI Mutual Fund,Open Ended Schemes,Equity Scheme - Small Cap Fund,2020-09-22,62.8153,2026-06-23T05:29:58.847318+00:00,https://api.mfapi.in/mf/125497
125497,HDFC Top 100 Direct,125497,SBI Small Cap Fund - Direct Plan - Growth,SBI Mutual Fund,Open Ended Schemes,Equity Scheme - Small Cap Fund,2020-09-21,63.9585,2026-06-23T05:29:58.847318+00:00,https://api.mfapi.in/mf/125497
125497,HDFC Top 100 Direct,125497,SBI Small Cap Fund - Direct Plan - Growth,SBI Mutual Fund,Open Ended Schemes,Equity Scheme - Small Cap Fund,2020-09-18,65.7147,2026-06-23T05:29:58.847318+00:00,https://api.mfapi.in/mf/125497
125497,HDFC Top 100 Direct,125497,SBI Small Cap Fund - Direct Plan - Growth,SBI Mutual Fund,Open Ended Schemes,Equity Scheme - Small Cap Fund,2020-09-17,66.2742,2026-06-23T05:29:58.847318+00:00,https://api.mfapi.in/mf/125497
125497,HDFC Top 100 Direct,125497,SBI Small Cap Fund - Direct Plan - Growth,SBI Mutual Fund,Open Ended Schemes,Equity Scheme - Small Cap Fund,2020-09-16,66.7009,2026-06-23T05:29:58.847318+00:00,https://api.mfapi.in/mf/125497
125497,HDFC Top 100 Direct,125497,SBI Small Cap Fund - Direct Plan - Growth,SBI Mutual Fund,Open Ended Schemes,Equity Scheme - Small Cap Fund,2020-09-15,66.5188,2026-06-23T05:29:58.847318+00:00,https://api.mfapi.in/mf/125497
125497,HDFC Top 100 Direct,125497,SBI Small Cap Fund - Direct Plan - Growth,SBI Mutual Fund,Open Ended Schemes,Equity Scheme - Small Cap Fund,2020-09-14,65.8331,2026-06-23T05:29:58.847318+00:00,https://api.mfapi.in/mf/125497
125497,HDFC Top 100 Direct,125497,SBI Small Cap Fund - Direct Plan - Growth,SBI Mutual Fund,Open Ended Schemes,Equity Scheme - Small Cap Fund,2020-09-11,62.9364,2026-06-23T05:29:58.847318+00:00,https://api.mfapi.in/mf/125497
125497,HDFC Top 100 Direct,125497,SBI Small Cap Fund - Direct Plan - Growth,SBI Mutual Fund,Open Ended Schemes,Equity Scheme - Small Cap Fund,2020-09-10,62.9838,2026-06-23T05:29:58.847318+00:00,https://api.mfapi.in/mf/125497
125497,HDFC Top 100 Direct,125497,SBI Small Cap Fund - Direct Plan - Growth,SBI Mutual Fund,Open Ended Schemes,Equity Scheme - Small Cap Fund,2020-09-09,61.9976,2026-06-23T05:29:58.847318+00:00,https://api.mfapi.in/mf/125497
125497,HDFC Top 100 Direct,125497,SBI Small Cap Fund - Direct Plan - Growth,SBI Mutual Fund,Open Ended Schemes,Equity Scheme - Small Cap Fund,2020-09-08,62.6925,2026-06-23T05:29:58.847318+00:00,https://api.mfapi.in/mf/125497
125497,HDFC Top 100 Direct,125497,SBI Small Cap Fund - Direct Plan - Growth,SBI Mutual Fund,Open Ended Schemes,Equity Scheme - Small Cap Fund,2020-09-07,63.1455,2026-06-23T05:29:58.847318+00:00,https://api.mfapi.in/mf/125497
125497,HDFC Top 100 Direct,125497,SBI Small Cap Fund - Direct Plan - Growth,SBI Mutual Fund,Open Ended Schemes,Equity Scheme - Small Cap Fund,2020-09-04,63.0449,2026-06-23T05:29:58.847318+00:00,https://api.mfapi.in/mf/125497
125497,HDFC Top 100 Direct,125497,SBI Small Cap Fund - Direct Plan - Growth,SBI Mutual Fund,Open Ended Schemes,Equity Scheme - Small Cap Fund,2020-09-03,63.6277,2026-06-23T05:29:58.847318+00:00,https://api.mfapi.in/mf/125497
125497,HDFC Top 100 Direct,125497,SBI Small Cap Fund - Direct Plan - Growth,SBI Mutual Fund,Open Ended Schemes,Equity Scheme - Small Cap Fund,2020-09-02,63.5433,2026-06-23T05:29:58.847318+00:00,https://api.mfapi.in/mf/125497
125497,HDFC Top 100 Direct,125497,SBI Small Cap Fund - Direct Plan - Growth,SBI Mutual Fund,Open Ended Schemes,Equity Scheme - Small Cap Fund,2020-09-01,62.3265,2026-06-23T05:29:58.847318+00:00,https://api.mfapi.in/mf/125497
125497,HDFC Top 100 Direct,125497,SBI Small Cap Fund - Direct Plan - Growth,SBI Mutual Fund,Open Ended Schemes,Equity Scheme - Small Cap Fund,2020-08-31,62.3588,2026-06-23T05:29:58.847318+00:00,https://api.mfapi.in/mf/125497
125497,HDFC Top 100 Direct,125497,SBI Small Cap Fund - Direct Plan - Growth,SBI Mutual Fund,Open Ended Schemes,Equity Scheme - Small Cap Fund,2020-08-28,65.0345,2026-06-23T05:29:58.847318+00:00,https://api.mfapi.in/mf/125497
125497,HDFC Top 100 Direct,125497,SBI Small Cap Fund - Direct Plan - Growth,SBI Mutual Fund,Open Ended Schemes,Equity Scheme - Small Cap Fund,2020-08-27,65.0304,2026-06-23T05:29:58.847318+00:00,https://api.mfapi.in/mf/125497
125497,HDFC Top 100 Direct,125497,SBI Small Cap Fund - Direct Plan - Growth,SBI Mutual Fund,Open Ended Schemes,Equity Scheme - Small Cap Fund,2020-08-26,64.6439,2026-06-23T05:29:58.847318+00:00,https://api.mfapi.in/mf/125497
125497,HDFC Top 100 Direct,125497,SBI Small Cap Fund - Direct Plan - Growth,SBI Mutual Fund,Open Ended Schemes,Equity Scheme - Small Cap Fund,2020-08-25,64.2012,2026-06-23T05:29:58.847318+00:00,https://api.mfapi.in/mf/125497
125497,HDFC Top 100 Direct,125497,SBI Small Cap Fund - Direct Plan - Growth,SBI Mutual Fund,Open Ended Schemes,Equity Scheme - Small Cap Fund,2020-08-24,64.2166,2026-06-23T05:29:58.847318+00:00,https://api.mfapi.in/mf/125497
125497,HDFC Top 100 Direct,125497,SBI Small Cap Fund - Direct Plan - Growth,SBI Mutual Fund,Open Ended Schemes,Equity Scheme - Small Cap Fund,2020-08-21,63.2056,2026-06-23T05:29:58.847318+00:00,https://api.mfapi.in/mf/125497
125497,HDFC Top 100 Direct,125497,SBI Small Cap Fund - Direct Plan - Growth,SBI Mutual Fund,Open Ended Schemes,Equity Scheme - Small Cap Fund,2020-08-20,62.3087,2026-06-23T05:29:58.847318+00:00,https://api.mfapi.in/mf/125497
125497,HDFC Top 100 Direct,125497,SBI Small Cap Fund - Direct Plan - Growth,SBI Mutual Fund,Open Ended Schemes,Equity Scheme - Small Cap Fund,2020-08-19,61.7767,2026-06-23T05:29:58.847318+00:00,https://api.mfapi.in/mf/125497
125497,HDFC Top 100 Direct,125497,SBI Small Cap Fund - Direct Plan - Growth,SBI Mutual Fund,Open Ended Schemes,Equity Scheme - Small Cap Fund,2020-08-18,61.5686,2026-06-23T05:29:58.847318+00:00,https://api.mfapi.in/mf/125497
125497,HDFC Top 100 Direct,125497,SBI Small Cap Fund - Direct Plan - Growth,SBI Mutual Fund,Open Ended Schemes,Equity Scheme - Small Cap Fund,2020-08-17,61.0084,2026-06-23T05:29:58.847318+00:00,https://api.mfapi.in/mf/125497
125497,HDFC Top 100 Direct,125497,SBI Small Cap Fund - Direct Plan - Growth,SBI Mutual Fund,Open Ended Schemes,Equity Scheme - Small Cap Fund,2020-08-14,60.8519,2026-06-23T05:29:58.847318+00:00,https://api.mfapi.in/mf/125497
125497,HDFC Top 100 Direct,125497,SBI Small Cap Fund - Direct Plan - Growth,SBI Mutual Fund,Open Ended Schemes,Equity Scheme - Small Cap Fund,2020-08-13,60.7092,2026-06-23T05:29:58.847318+00:00,https://api.mfapi.in/mf/125497
125497,HDFC Top 100 Direct,125497,SBI Small Cap Fund - Direct Plan - Growth,SBI Mutual Fund,Open Ended Schemes,Equity Scheme - Small Cap Fund,2020-08-12,59.2859,2026-06-23T05:29:58.847318+00:00,https://api.mfapi.in/mf/125497
125497,HDFC Top 100 Direct,125497,SBI Small Cap Fund - Direct Plan - Growth,SBI Mutual Fund,Open Ended Schemes,Equity Scheme - Small Cap Fund,2020-08-11,58.9922,2026-06-23T05:29:58.847318+00:00,https://api.mfapi.in/mf/125497
125497,HDFC Top 100 Direct,125497,SBI Small Cap Fund - Direct Plan - Growth,SBI Mutual Fund,Open Ended Schemes,Equity Scheme - Small Cap Fund,2020-08-10,58.7216,2026-06-23T05:29:58.847318+00:00,https://api.mfapi.in/mf/125497
125497,HDFC Top 100 Direct,125497,SBI Small Cap Fund - Direct Plan - Growth,SBI Mutual Fund,Open Ended Schemes,Equity Scheme - Small Cap Fund,2020-08-07,57.9724,2026-06-23T05:29:58.847318+00:00,https://api.mfapi.in/mf/125497
125497,HDFC Top 100 Direct,125497,SBI Small Cap Fund - Direct Plan - Growth,SBI Mutual Fund,Open Ended Schemes,Equity Scheme - Small Cap Fund,2020-08-06,57.6979,2026-06-23T05:29:58.847318+00:00,https://api.mfapi.in/mf/125497
125497,HDFC Top 100 Direct,125497,SBI Small Cap Fund - Direct Plan - Growth,SBI Mutual Fund,Open Ended Schemes,Equity Scheme - Small Cap Fund,2020-08-05,57.0065,2026-06-23T05:29:58.847318+00:00,https://api.mfapi.in/mf/125497
125497,HDFC Top 100 Direct,125497,SBI Small Cap Fund - Direct Plan - Growth,SBI Mutual Fund,Open Ended Schemes,Equity Scheme - Small Cap Fund,2020-08-04,56.5565,2026-06-23T05:29:58.847318+00:00,https://api.mfapi.in/mf/125497
125497,HDFC Top 100 Direct,125497,SBI Small Cap Fund - Direct Plan - Growth,SBI Mutual Fund,Open Ended Schemes,Equity Scheme - Small Cap Fund,2020-08-03,56.0147,2026-06-23T05:29:58.847318+00:00,https://api.mfapi.in/mf/125497
125497,HDFC Top 100 Direct,125497,SBI Small Cap Fund - Direct Plan - Growth,SBI Mutual Fund,Open Ended Schemes,Equity Scheme - Small Cap Fund,2020-07-31,55.3008,2026-06-23T05:29:58.847318+00:00,https://api.mfapi.in/mf/125497
125497,HDFC Top 100 Direct,125497,SBI Small Cap Fund - Direct Plan - Growth,SBI Mutual Fund,Open Ended Schemes,Equity Scheme - Small Cap Fund,2020-07-30,55.0194,2026-06-23T05:29:58.847318+00:00,https://api.mfapi.in/mf/125497
125497,HDFC Top 100 Direct,125497,SBI Small Cap Fund - Direct Plan - Growth,SBI Mutual Fund,Open Ended Schemes,Equity Scheme - Small Cap Fund,2020-07-29,55.1299,2026-06-23T05:29:58.847318+00:00,https://api.mfapi.in/mf/125497
125497,HDFC Top 100 Direct,125497,SBI Small Cap Fund - Direct Plan - Growth,SBI Mutual Fund,Open Ended Schemes,Equity Scheme - Small Cap Fund,2020-07-28,55.2362,2026-06-23T05:29:58.847318+00:00,https://api.mfapi.in/mf/125497
125497,HDFC Top 100 Direct,125497,SBI Small Cap Fund - Direct Plan - Growth,SBI Mutual Fund,Open Ended Schemes,Equity Scheme - Small Cap Fund,2020-07-27,55.5097,2026-06-23T05:29:58.847318+00:00,https://api.mfapi.in/mf/125497
125497,HDFC Top 100 Direct,125497,SBI Small Cap Fund - Direct Plan - Growth,SBI Mutual Fund,Open Ended Schemes,Equity Scheme - Small Cap Fund,2020-07-24,56.1087,2026-06-23T05:29:58.847318+00:00,https://api.mfapi.in/mf/125497
125497,HDFC Top 100 Direct,125497,SBI Small Cap Fund - Direct Plan - Growth,SBI Mutual Fund,Open Ended Schemes,Equity Scheme - Small Cap Fund,2020-07-23,55.9901,2026-06-23T05:29:58.847318+00:00,https://api.mfapi.in/mf/125497
125497,HDFC Top 100 Direct,125497,SBI Small Cap Fund - Direct Plan - Growth,SBI Mutual Fund,Open Ended Schemes,Equity Scheme - Small Cap Fund,2020-07-22,55.5652,2026-06-23T05:29:58.847318+00:00,https://api.mfapi.in/mf/125497
125497,HDFC Top 100 Direct,125497,SBI Small Cap Fund - Direct Plan - Growth,SBI Mutual Fund,Open Ended Schemes,Equity Scheme - Small Cap Fund,2020-07-21,55.4238,2026-06-23T05:29:58.847318+00:00,https://api.mfapi.in/mf/125497
125497,HDFC Top 100 Direct,125497,SBI Small Cap Fund - Direct Plan - Growth,SBI Mutual Fund,Open Ended Schemes,Equity Scheme - Small Cap Fund,2020-07-20,54.9045,2026-06-23T05:29:58.847318+00:00,https://api.mfapi.in/mf/125497
125497,HDFC Top 100 Direct,125497,SBI Small Cap Fund - Direct Plan - Growth,SBI Mutual Fund,Open Ended Schemes,Equity Scheme - Small Cap Fund,2020-07-17,54.546,2026-06-23T05:29:58.847318+00:00,https://api.mfapi.in/mf/125497
125497,HDFC Top 100 Direct,125497,SBI Small Cap Fund - Direct Plan - Growth,SBI Mutual Fund,Open Ended Schemes,Equity Scheme - Small Cap Fund,2020-07-16,54.2633,2026-06-23T05:29:58.847318+00:00,https://api.mfapi.in/mf/125497
125497,HDFC Top 100 Direct,125497,SBI Small Cap Fund - Direct Plan - Growth,SBI Mutual Fund,Open Ended Schemes,Equity Scheme - Small Cap Fund,2020-07-15,54.4579,2026-06-23T05:29:58.847318+00:00,https://api.mfapi.in/mf/125497
125497,HDFC Top 100 Direct,125497,SBI Small Cap Fund - Direct Plan - Growth,SBI Mutual Fund,Open Ended Schemes,Equity Scheme - Small Cap Fund,2020-07-14,54.2574,2026-06-23T05:29:58.847318+00:00,https://api.mfapi.in/mf/125497
125497,HDFC Top 100 Direct,125497,SBI Small Cap Fund - Direct Plan - Growth,SBI Mutual Fund,Open Ended Schemes,Equity Scheme - Small Cap Fund,2020-07-13,54.5398,2026-06-23T05:29:58.847318+00:00,https://api.mfapi.in/mf/125497
125497,HDFC Top 100 Direct,125497,SBI Small Cap Fund - Direct Plan - Growth,SBI Mutual Fund,Open Ended Schemes,Equity Scheme - Small Cap Fund,2020-07-10,54.9376,2026-06-23T05:29:58.847318+00:00,https://api.mfapi.in/mf/125497
125497,HDFC Top 100 Direct,125497,SBI Small Cap Fund - Direct Plan - Growth,SBI Mutual Fund,Open Ended Schemes,Equity Scheme - Small Cap Fund,2020-07-09,54.9956,2026-06-23T05:29:58.847318+00:00,https://api.mfapi.in/mf/125497
125497,HDFC Top 100 Direct,125497,SBI Small Cap Fund - Direct Plan - Growth,SBI Mutual Fund,Open Ended Schemes,Equity Scheme - Small Cap Fund,2020-07-08,54.5073,2026-06-23T05:29:58.847318+00:00,https://api.mfapi.in/mf/125497
125497,HDFC Top 100 Direct,125497,SBI Small Cap Fund - Direct Plan - Growth,SBI Mutual Fund,Open Ended Schemes,Equity Scheme - Small Cap Fund,2020-07-07,54.932,2026-06-23T05:29:58.847318+00:00,https://api.mfapi.in/mf/125497
125497,HDFC Top 100 Direct,125497,SBI Small Cap Fund - Direct Plan - Growth,SBI Mutual Fund,Open Ended Schemes,Equity Scheme - Small Cap Fund,2020-07-06,54.7915,2026-06-23T05:29:58.847318+00:00,https://api.mfapi.in/mf/125497
125497,HDFC Top 100 Direct,125497,SBI Small Cap Fund - Direct Plan - Growth,SBI Mutual Fund,Open Ended Schemes,Equity Scheme - Small Cap Fund,2020-07-03,53.9367,2026-06-23T05:29:58.847318+00:00,https://api.mfapi.in/mf/125497
125497,HDFC Top 100 Direct,125497,SBI Small Cap Fund - Direct Plan - Growth,SBI Mutual Fund,Open Ended Schemes,Equity Scheme - Small Cap Fund,2020-07-02,53.4633,2026-06-23T05:29:58.847318+00:00,https://api.mfapi.in/mf/125497
125497,HDFC Top 100 Direct,125497,SBI Small Cap Fund - Direct Plan - Growth,SBI Mutual Fund,Open Ended Schemes,Equity Scheme - Small Cap Fund,2020-07-01,53.0526,2026-06-23T05:29:58.847318+00:00,https://api.mfapi.in/mf/125497
125497,HDFC Top 100 Direct,125497,SBI Small Cap Fund - Direct Plan - Growth,SBI Mutual Fund,Open Ended Schemes,Equity Scheme - Small Cap Fund,2020-06-30,52.8219,2026-06-23T05:29:58.847318+00:00,https://api.mfapi.in/mf/125497
125497,HDFC Top 100 Direct,125497,SBI Small Cap Fund - Direct Plan - Growth,SBI Mutual Fund,Open Ended Schemes,Equity Scheme - Small Cap Fund,2020-06-29,52.9446,2026-06-23T05:29:58.847318+00:00,https://api.mfapi.in/mf/125497
125497,HDFC Top 100 Direct,125497,SBI Small Cap Fund - Direct Plan - Growth,SBI Mutual Fund,Open Ended Schemes,Equity Scheme - Small Cap Fund,2020-06-26,53.4577,2026-06-23T05:29:58.847318+00:00,https://api.mfapi.in/mf/125497
125497,HDFC Top 100 Direct,125497,SBI Small Cap Fund - Direct Plan - Growth,SBI Mutual Fund,Open Ended Schemes,Equity Scheme - Small Cap Fund,2020-06-25,53.1915,2026-06-23T05:29:58.847318+00:00,https://api.mfapi.in/mf/125497
125497,HDFC Top 100 Direct,125497,SBI Small Cap Fund - Direct Plan - Growth,SBI Mutual Fund,Open Ended Schemes,Equity Scheme - Small Cap Fund,2020-06-24,53.2495,2026-06-23T05:29:58.847318+00:00,https://api.mfapi.in/mf/125497
125497,HDFC Top 100 Direct,125497,SBI Small Cap Fund - Direct Plan - Growth,SBI Mutual Fund,Open Ended Schemes,Equity Scheme - Small Cap Fund,2020-06-23,53.6129,2026-06-23T05:29:58.847318+00:00,https://api.mfapi.in/mf/125497
125497,HDFC Top 100 Direct,125497,SBI Small Cap Fund - Direct Plan - Growth,SBI Mutual Fund,Open Ended Schemes,Equity Scheme - Small Cap Fund,2020-06-22,53.2647,2026-06-23T05:29:58.847318+00:00,https://api.mfapi.in/mf/125497
125497,HDFC Top 100 Direct,125497,SBI Small Cap Fund - Direct Plan - Growth,SBI Mutual Fund,Open Ended Schemes,Equity Scheme - Small Cap Fund,2020-06-19,52.3501,2026-06-23T05:29:58.847318+00:00,https://api.mfapi.in/mf/125497
125497,HDFC Top 100 Direct,125497,SBI Small Cap Fund - Direct Plan - Growth,SBI Mutual Fund,Open Ended Schemes,Equity Scheme - Small Cap Fund,2020-06-18,51.5685,2026-06-23T05:29:58.847318+00:00,https://api.mfapi.in/mf/125497
125497,HDFC Top 100 Direct,125497,SBI Small Cap Fund - Direct Plan - Growth,SBI Mutual Fund,Open Ended Schemes,Equity Scheme - Small Cap Fund,2020-06-17,50.9734,2026-06-23T05:29:58.847318+00:00,https://api.mfapi.in/mf/125497
125497,HDFC Top 100 Direct,125497,SBI Small Cap Fund - Direct Plan - Growth,SBI Mutual Fund,Open Ended Schemes,Equity Scheme - Small Cap Fund,2020-06-16,50.7675,2026-06-23T05:29:58.847318+00:00,https://api.mfapi.in/mf/125497
125497,HDFC Top 100 Direct,125497,SBI Small Cap Fund - Direct Plan - Growth,SBI Mutual Fund,Open Ended Schemes,Equity Scheme - Small Cap Fund,2020-06-15,51.0041,2026-06-23T05:29:58.847318+00:00,https://api.mfapi.in/mf/125497
125497,HDFC Top 100 Direct,125497,SBI Small Cap Fund - Direct Plan - Growth,SBI Mutual Fund,Open Ended Schemes,Equity Scheme - Small Cap Fund,2020-06-12,50.8648,2026-06-23T05:29:58.847318+00:00,https://api.mfapi.in/mf/125497
125497,HDFC Top 100 Direct,125497,SBI Small Cap Fund - Direct Plan - Growth,SBI Mutual Fund,Open Ended Schemes,Equity Scheme - Small Cap Fund,2020-06-11,50.6426,2026-06-23T05:29:58.847318+00:00,https://api.mfapi.in/mf/125497
125497,HDFC Top 100 Direct,125497,SBI Small Cap Fund - Direct Plan - Growth,SBI Mutual Fund,Open Ended Schemes,Equity Scheme - Small Cap Fund,2020-06-10,51.4119,2026-06-23T05:29:58.847318+00:00,https://api.mfapi.in/mf/125497
125497,HDFC Top 100 Direct,125497,SBI Small Cap Fund - Direct Plan - Growth,SBI Mutual Fund,Open Ended Schemes,Equity Scheme - Small Cap Fund,2020-06-09,51.1714,2026-06-23T05:29:58.847318+00:00,https://api.mfapi.in/mf/125497
125497,HDFC Top 100 Direct,125497,SBI Small Cap Fund - Direct Plan - Growth,SBI Mutual Fund,Open Ended Schemes,Equity Scheme - Small Cap Fund,2020-06-08,51.7451,2026-06-23T05:29:58.847318+00:00,https://api.mfapi.in/mf/125497
125497,HDFC Top 100 Direct,125497,SBI Small Cap Fund - Direct Plan - Growth,SBI Mutual Fund,Open Ended Schemes,Equity Scheme - Small Cap Fund,2020-06-05,51.3008,2026-06-23T05:29:58.847318+00:00,https://api.mfapi.in/mf/125497
125497,HDFC Top 100 Direct,125497,SBI Small Cap Fund - Direct Plan - Growth,SBI Mutual Fund,Open Ended Schemes,Equity Scheme - Small Cap Fund,2020-06-04,50.798,2026-06-23T05:29:58.847318+00:00,https://api.mfapi.in/mf/125497
125497,HDFC Top 100 Direct,125497,SBI Small Cap Fund - Direct Plan - Growth,SBI Mutual Fund,Open Ended Schemes,Equity Scheme - Small Cap Fund,2020-06-03,50.9722,2026-06-23T05:29:58.847318+00:00,https://api.mfapi.in/mf/125497
125497,HDFC Top 100 Direct,125497,SBI Small Cap Fund - Direct Plan - Growth,SBI Mutual Fund,Open Ended Schemes,Equity Scheme - Small Cap Fund,2020-06-02,50.232,2026-06-23T05:29:58.847318+00:00,https://api.mfapi.in/mf/125497
125497,HDFC Top 100 Direct,125497,SBI Small Cap Fund - Direct Plan - Growth,SBI Mutual Fund,Open Ended Schemes,Equity Scheme - Small Cap Fund,2020-06-01,49.3635,2026-06-23T05:29:58.847318+00:00,https://api.mfapi.in/mf/125497
125497,HDFC Top 100 Direct,125497,SBI Small Cap Fund - Direct Plan - Growth,SBI Mutual Fund,Open Ended Schemes,Equity Scheme - Small Cap Fund,2020-05-29,47.8748,2026-06-23T05:29:58.847318+00:00,https://api.mfapi.in/mf/125497
125497,HDFC Top 100 Direct,125497,SBI Small Cap Fund - Direct Plan - Growth,SBI Mutual Fund,Open Ended Schemes,Equity Scheme - Small Cap Fund,2020-05-28,47.1434,2026-06-23T05:29:58.847318+00:00,https://api.mfapi.in/mf/125497
125497,HDFC Top 100 Direct,125497,SBI Small Cap Fund - Direct Plan - Growth,SBI Mutual Fund,Open Ended Schemes,Equity Scheme - Small Cap Fund,2020-05-27,46.5354,2026-06-23T05:29:58.847318+00:00,https://api.mfapi.in/mf/125497
125497,HDFC Top 100 Direct,125497,SBI Small Cap Fund - Direct Plan - Growth,SBI Mutual Fund,Open Ended Schemes,Equity Scheme - Small Cap Fund,2020-05-26,46.4193,2026-06-23T05:29:58.847318+00:00,https://api.mfapi.in/mf/125497
125497,HDFC Top 100 Direct,125497,SBI Small Cap Fund - Direct Plan - Growth,SBI Mutual Fund,Open Ended Schemes,Equity Scheme - Small Cap Fund,2020-05-22,46.2132,2026-06-23T05:29:58.847318+00:00,https://api.mfapi.in/mf/125497
125497,HDFC Top 100 Direct,125497,SBI Small Cap Fund - Direct Plan - Growth,SBI Mutual Fund,Open Ended Schemes,Equity Scheme - Small Cap Fund,2020-05-21,46.5947,2026-06-23T05:29:58.847318+00:00,https://api.mfapi.in/mf/125497
125497,HDFC Top 100 Direct,125497,SBI Small Cap Fund - Direct Plan - Growth,SBI Mutual Fund,Open Ended Schemes,Equity Scheme - Small Cap Fund,2020-05-20,46.2563,2026-06-23T05:29:58.847318+00:00,https://api.mfapi.in/mf/125497
125497,HDFC Top 100 Direct,125497,SBI Small Cap Fund - Direct Plan - Growth,SBI Mutual Fund,Open Ended Schemes,Equity Scheme - Small Cap Fund,2020-05-19,45.725,2026-06-23T05:29:58.847318+00:00,https://api.mfapi.in/mf/125497
125497,HDFC Top 100 Direct,125497,SBI Small Cap Fund - Direct Plan - Growth,SBI Mutual Fund,Open Ended Schemes,Equity Scheme - Small Cap Fund,2020-05-18,45.8781,2026-06-23T05:29:58.847318+00:00,https://api.mfapi.in/mf/125497
125497,HDFC Top 100 Direct,125497,SBI Small Cap Fund - Direct Plan - Growth,SBI Mutual Fund,Open Ended Schemes,Equity Scheme - Small Cap Fund,2020-05-15,46.9331,2026-06-23T05:29:58.847318+00:00,https://api.mfapi.in/mf/125497
125497,HDFC Top 100 Direct,125497,SBI Small Cap Fund - Direct Plan - Growth,SBI Mutual Fund,Open Ended Schemes,Equity Scheme - Small Cap Fund,2020-05-14,46.8328,2026-06-23T05:29:58.847318+00:00,https://api.mfapi.in/mf/125497
125497,HDFC Top 100 Direct,125497,SBI Small Cap Fund - Direct Plan - Growth,SBI Mutual Fund,Open Ended Schemes,Equity Scheme - Small Cap Fund,2020-05-13,47.5349,2026-06-23T05:29:58.847318+00:00,https://api.mfapi.in/mf/125497
125497,HDFC Top 100 Direct,125497,SBI Small Cap Fund - Direct Plan - Growth,SBI Mutual Fund,Open Ended Schemes,Equity Scheme - Small Cap Fund,2020-05-12,46.6427,2026-06-23T05:29:58.847318+00:00,https://api.mfapi.in/mf/125497
125497,HDFC Top 100 Direct,125497,SBI Small Cap Fund - Direct Plan - Growth,SBI Mutual Fund,Open Ended Schemes,Equity Scheme - Small Cap Fund,2020-05-11,46.9345,2026-06-23T05:29:58.847318+00:00,https://api.mfapi.in/mf/125497
125497,HDFC Top 100 Direct,125497,SBI Small Cap Fund - Direct Plan - Growth,SBI Mutual Fund,Open Ended Schemes,Equity Scheme - Small Cap Fund,2020-05-08,47.0197,2026-06-23T05:29:58.847318+00:00,https://api.mfapi.in/mf/125497
125497,HDFC Top 100 Direct,125497,SBI Small Cap Fund - Direct Plan - Growth,SBI Mutual Fund,Open Ended Schemes,Equity Scheme - Small Cap Fund,2020-05-07,47.4015,2026-06-23T05:29:58.847318+00:00,https://api.mfapi.in/mf/125497
125497,HDFC Top 100 Direct,125497,SBI Small Cap Fund - Direct Plan - Growth,SBI Mutual Fund,Open Ended Schemes,Equity Scheme - Small Cap Fund,2020-05-06,47.5508,2026-06-23T05:29:58.847318+00:00,https://api.mfapi.in/mf/125497
125497,HDFC Top 100 Direct,125497,SBI Small Cap Fund - Direct Plan - Growth,SBI Mutual Fund,Open Ended Schemes,Equity Scheme - Small Cap Fund,2020-05-05,47.5152,2026-06-23T05:29:58.847318+00:00,https://api.mfapi.in/mf/125497
125497,HDFC Top 100 Direct,125497,SBI Small Cap Fund - Direct Plan - Growth,SBI Mutual Fund,Open Ended Schemes,Equity Scheme - Small Cap Fund,2020-05-04,48.0018,2026-06-23T05:29:58.847318+00:00,https://api.mfapi.in/mf/125497
125497,HDFC Top 100 Direct,125497,SBI Small Cap Fund - Direct Plan - Growth,SBI Mutual Fund,Open Ended Schemes,Equity Scheme - Small Cap Fund,2020-04-30,49.4021,2026-06-23T05:29:58.847318+00:00,https://api.mfapi.in/mf/125497
125497,HDFC Top 100 Direct,125497,SBI Small Cap Fund - Direct Plan - Growth,SBI Mutual Fund,Open Ended Schemes,Equity Scheme - Small Cap Fund,2020-04-29,48.915,2026-06-23T05:29:58.847318+00:00,https://api.mfapi.in/mf/125497
125497,HDFC Top 100 Direct,125497,SBI Small Cap Fund - Direct Plan - Growth,SBI Mutual Fund,Open Ended Schemes,Equity Scheme - Small Cap Fund,2020-04-28,48.4286,2026-06-23T05:29:58.847318+00:00,https://api.mfapi.in/mf/125497
125497,HDFC Top 100 Direct,125497,SBI Small Cap Fund - Direct Plan - Growth,SBI Mutual Fund,Open Ended Schemes,Equity Scheme - Small Cap Fund,2020-04-27,48.0846,2026-06-23T05:29:58.847318+00:00,https://api.mfapi.in/mf/125497
125497,HDFC Top 100 Direct,125497,SBI Small Cap Fund - Direct Plan - Growth,SBI Mutual Fund,Open Ended Schemes,Equity Scheme - Small Cap Fund,2020-04-24,47.8799,2026-06-23T05:29:58.847318+00:00,https://api.mfapi.in/mf/125497
125497,HDFC Top 100 Direct,125497,SBI Small Cap Fund - Direct Plan - Growth,SBI Mutual Fund,Open Ended Schemes,Equity Scheme - Small Cap Fund,2020-04-23,48.6464,2026-06-23T05:29:58.847318+00:00,https://api.mfapi.in/mf/125497
125497,HDFC Top 100 Direct,125497,SBI Small Cap Fund - Direct Plan - Growth,SBI Mutual Fund,Open Ended Schemes,Equity Scheme - Small Cap Fund,2020-04-22,48.307,2026-06-23T05:29:58.847318+00:00,https://api.mfapi.in/mf/125497
125497,HDFC Top 100 Direct,125497,SBI Small Cap Fund - Direct Plan - Growth,SBI Mutual Fund,Open Ended Schemes,Equity Scheme - Small Cap Fund,2020-04-21,47.7874,2026-06-23T05:29:58.847318+00:00,https://api.mfapi.in/mf/125497
125497,HDFC Top 100 Direct,125497,SBI Small Cap Fund - Direct Plan - Growth,SBI Mutual Fund,Open Ended Schemes,Equity Scheme - Small Cap Fund,2020-04-20,48.8951,2026-06-23T05:29:58.847318+00:00,https://api.mfapi.in/mf/125497
125497,HDFC Top 100 Direct,125497,SBI Small Cap Fund - Direct Plan - Growth,SBI Mutual Fund,Open Ended Schemes,Equity Scheme - Small Cap Fund,2020-04-17,47.9462,2026-06-23T05:29:58.847318+00:00,https://api.mfapi.in/mf/125497
125497,HDFC Top 100 Direct,125497,SBI Small Cap Fund - Direct Plan - Growth,SBI Mutual Fund,Open Ended Schemes,Equity Scheme - Small Cap Fund,2020-04-16,47.0044,2026-06-23T05:29:58.847318+00:00,https://api.mfapi.in/mf/125497
125497,HDFC Top 100 Direct,125497,SBI Small Cap Fund - Direct Plan - Growth,SBI Mutual Fund,Open Ended Schemes,Equity Scheme - Small Cap Fund,2020-04-15,46.6621,2026-06-23T05:29:58.847318+00:00,https://api.mfapi.in/mf/125497
125497,HDFC Top 100 Direct,125497,SBI Small Cap Fund - Direct Plan - Growth,SBI Mutual Fund,Open Ended Schemes,Equity Scheme - Small Cap Fund,2020-04-13,46.3737,2026-06-23T05:29:58.847318+00:00,https://api.mfapi.in/mf/125497
125497,HDFC Top 100 Direct,125497,SBI Small Cap Fund - Direct Plan - Growth,SBI Mutual Fund,Open Ended Schemes,Equity Scheme - Small Cap Fund,2020-04-09,46.7891,2026-06-23T05:29:58.847318+00:00,https://api.mfapi.in/mf/125497
125497,HDFC Top 100 Direct,125497,SBI Small Cap Fund - Direct Plan - Growth,SBI Mutual Fund,Open Ended Schemes,Equity Scheme - Small Cap Fund,2020-04-08,45.7678,2026-06-23T05:29:58.847318+00:00,https://api.mfapi.in/mf/125497
125497,HDFC Top 100 Direct,125497,SBI Small Cap Fund - Direct Plan - Growth,SBI Mutual Fund,Open Ended Schemes,Equity Scheme - Small Cap Fund,2020-04-07,45.121,2026-06-23T05:29:58.847318+00:00,https://api.mfapi.in/mf/125497
125497,HDFC Top 100 Direct,125497,SBI Small Cap Fund - Direct Plan - Growth,SBI Mutual Fund,Open Ended Schemes,Equity Scheme - Small Cap Fund,2020-04-03,43.6981,2026-06-23T05:29:58.847318+00:00,https://api.mfapi.in/mf/125497
125497,HDFC Top 100 Direct,125497,SBI Small Cap Fund - Direct Plan - Growth,SBI Mutual Fund,Open Ended Schemes,Equity Scheme - Small Cap Fund,2020-04-01,43.7773,2026-06-23T05:29:58.847318+00:00,https://api.mfapi.in/mf/125497
125497,HDFC Top 100 Direct,125497,SBI Small Cap Fund - Direct Plan - Growth,SBI Mutual Fund,Open Ended Schemes,Equity Scheme - Small Cap Fund,2020-03-31,44.2998,2026-06-23T05:29:58.847318+00:00,https://api.mfapi.in/mf/125497
125497,HDFC Top 100 Direct,125497,SBI Small Cap Fund - Direct Plan - Growth,SBI Mutual Fund,Open Ended Schemes,Equity Scheme - Small Cap Fund,2020-03-30,43.1613,2026-06-23T05:29:58.847318+00:00,https://api.mfapi.in/mf/125497
125497,HDFC Top 100 Direct,125497,SBI Small Cap Fund - Direct Plan - Growth,SBI Mutual Fund,Open Ended Schemes,Equity Scheme - Small Cap Fund,2020-03-27,44.2552,2026-06-23T05:29:58.847318+00:00,https://api.mfapi.in/mf/125497
125497,HDFC Top 100 Direct,125497,SBI Small Cap Fund - Direct Plan - Growth,SBI Mutual Fund,Open Ended Schemes,Equity Scheme - Small Cap Fund,2020-03-26,43.7048,2026-06-23T05:29:58.847318+00:00,https://api.mfapi.in/mf/125497
125497,HDFC Top 100 Direct,125497,SBI Small Cap Fund - Direct Plan - Growth,SBI Mutual Fund,Open Ended Schemes,Equity Scheme - Small Cap Fund,2020-03-25,42.2905,2026-06-23T05:29:58.847318+00:00,https://api.mfapi.in/mf/125497
125497,HDFC Top 100 Direct,125497,SBI Small Cap Fund - Direct Plan - Growth,SBI Mutual Fund,Open Ended Schemes,Equity Scheme - Small Cap Fund,2020-03-24,41.26,2026-06-23T05:29:58.847318+00:00,https://api.mfapi.in/mf/125497
125497,HDFC Top 100 Direct,125497,SBI Small Cap Fund - Direct Plan - Growth,SBI Mutual Fund,Open Ended Schemes,Equity Scheme - Small Cap Fund,2020-03-23,41.311,2026-06-23T05:29:58.847318+00:00,https://api.mfapi.in/mf/125497
125497,HDFC Top 100 Direct,125497,SBI Small Cap Fund - Direct Plan - Growth,SBI Mutual Fund,Open Ended Schemes,Equity Scheme - Small Cap Fund,2020-03-20,45.7468,2026-06-23T05:29:58.847318+00:00,https://api.mfapi.in/mf/125497
125497,HDFC Top 100 Direct,125497,SBI Small Cap Fund - Direct Plan - Growth,SBI Mutual Fund,Open Ended Schemes,Equity Scheme - Small Cap Fund,2020-03-19,45.2642,2026-06-23T05:29:58.847318+00:00,https://api.mfapi.in/mf/125497
125497,HDFC Top 100 Direct,125497,SBI Small Cap Fund - Direct Plan - Growth,SBI Mutual Fund,Open Ended Schemes,Equity Scheme - Small Cap Fund,2020-03-18,47.0783,2026-06-23T05:29:58.847318+00:00,https://api.mfapi.in/mf/125497
125497,HDFC Top 100 Direct,125497,SBI Small Cap Fund - Direct Plan - Growth,SBI Mutual Fund,Open Ended Schemes,Equity Scheme - Small Cap Fund,2020-03-17,49.9371,2026-06-23T05:29:58.847318+00:00,https://api.mfapi.in/mf/125497
125497,HDFC Top 100 Direct,125497,SBI Small Cap Fund - Direct Plan - Growth,SBI Mutual Fund,Open Ended Schemes,Equity Scheme - Small Cap Fund,2020-03-16,50.8999,2026-06-23T05:29:58.847318+00:00,https://api.mfapi.in/mf/125497
125497,HDFC Top 100 Direct,125497,SBI Small Cap Fund - Direct Plan - Growth,SBI Mutual Fund,Open Ended Schemes,Equity Scheme - Small Cap Fund,2020-03-13,53.1576,2026-06-23T05:29:58.847318+00:00,https://api.mfapi.in/mf/125497
125497,HDFC Top 100 Direct,125497,SBI Small Cap Fund - Direct Plan - Growth,SBI Mutual Fund,Open Ended Schemes,Equity Scheme - Small Cap Fund,2020-03-12,53.1617,2026-06-23T05:29:58.847318+00:00,https://api.mfapi.in/mf/125497
125497,HDFC Top 100 Direct,125497,SBI Small Cap Fund - Direct Plan - Growth,SBI Mutual Fund,Open Ended Schemes,Equity Scheme - Small Cap Fund,2020-03-11,56.6672,2026-06-23T05:29:58.847318+00:00,https://api.mfapi.in/mf/125497
125497,HDFC Top 100 Direct,125497,SBI Small Cap Fund - Direct Plan - Growth,SBI Mutual Fund,Open Ended Schemes,Equity Scheme - Small Cap Fund,2020-03-09,56.7701,2026-06-23T05:29:58.847318+00:00,https://api.mfapi.in/mf/125497
125497,HDFC Top 100 Direct,125497,SBI Small Cap Fund - Direct Plan - Growth,SBI Mutual Fund,Open Ended Schemes,Equity Scheme - Small Cap Fund,2020-03-06,58.5236,2026-06-23T05:29:58.847318+00:00,https://api.mfapi.in/mf/125497
125497,HDFC Top 100 Direct,125497,SBI Small Cap Fund - Direct Plan - Growth,SBI Mutual Fund,Open Ended Schemes,Equity Scheme - Small Cap Fund,2020-03-05,59.2727,2026-06-23T05:29:58.847318+00:00,https://api.mfapi.in/mf/125497
125497,HDFC Top 100 Direct,125497,SBI Small Cap Fund - Direct Plan - Growth,SBI Mutual Fund,Open Ended Schemes,Equity Scheme - Small Cap Fund,2020-03-04,58.8308,2026-06-23T05:29:58.847318+00:00,https://api.mfapi.in/mf/125497
125497,HDFC Top 100 Direct,125497,SBI Small Cap Fund - Direct Plan - Growth,SBI Mutual Fund,Open Ended Schemes,Equity Scheme - Small Cap Fund,2020-03-03,59.7023,2026-06-23T05:29:58.847318+00:00,https://api.mfapi.in/mf/125497
125497,HDFC Top 100 Direct,125497,SBI Small Cap Fund - Direct Plan - Growth,SBI Mutual Fund,Open Ended Schemes,Equity Scheme - Small Cap Fund,2020-03-02,59.4357,2026-06-23T05:29:58.847318+00:00,https://api.mfapi.in/mf/125497
125497,HDFC Top 100 Direct,125497,SBI Small Cap Fund - Direct Plan - Growth,SBI Mutual Fund,Open Ended Schemes,Equity Scheme - Small Cap Fund,2020-02-28,59.45,2026-06-23T05:29:58.847318+00:00,https://api.mfapi.in/mf/125497
125497,HDFC Top 100 Direct,125497,SBI Small Cap Fund - Direct Plan - Growth,SBI Mutual Fund,Open Ended Schemes,Equity Scheme - Small Cap Fund,2020-02-27,61.0899,2026-06-23T05:29:58.847318+00:00,https://api.mfapi.in/mf/125497
125497,HDFC Top 100 Direct,125497,SBI Small Cap Fund - Direct Plan - Growth,SBI Mutual Fund,Open Ended Schemes,Equity Scheme - Small Cap Fund,2020-02-26,61.1649,2026-06-23T05:29:58.847318+00:00,https://api.mfapi.in/mf/125497
125497,HDFC Top 100 Direct,125497,SBI Small Cap Fund - Direct Plan - Growth,SBI Mutual Fund,Open Ended Schemes,Equity Scheme - Small Cap Fund,2020-02-25,61.6015,2026-06-23T05:29:58.847318+00:00,https://api.mfapi.in/mf/125497
125497,HDFC Top 100 Direct,125497,SBI Small Cap Fund - Direct Plan - Growth,SBI Mutual Fund,Open Ended Schemes,Equity Scheme - Small Cap Fund,2020-02-24,61.7942,2026-06-23T05:29:58.847318+00:00,https://api.mfapi.in/mf/125497
125497,HDFC Top 100 Direct,125497,SBI Small Cap Fund - Direct Plan - Growth,SBI Mutual Fund,Open Ended Schemes,Equity Scheme - Small Cap Fund,2020-02-20,62.3727,2026-06-23T05:29:58.847318+00:00,https://api.mfapi.in/mf/125497
125497,HDFC Top 100 Direct,125497,SBI Small Cap Fund - Direct Plan - Growth,SBI Mutual Fund,Open Ended Schemes,Equity Scheme - Small Cap Fund,2020-02-19,62.26,2026-06-23T05:29:58.847318+00:00,https://api.mfapi.in/mf/125497
125497,HDFC Top 100 Direct,125497,SBI Small Cap Fund - Direct Plan - Growth,SBI Mutual Fund,Open Ended Schemes,Equity Scheme - Small Cap Fund,2020-02-18,61.5595,2026-06-23T05:29:58.847318+00:00,https://api.mfapi.in/mf/125497
125497,HDFC Top 100 Direct,125497,SBI Small Cap Fund - Direct Plan - Growth,SBI Mutual Fund,Open Ended Schemes,Equity Scheme - Small Cap Fund,2020-02-17,62.0469,2026-06-23T05:29:58.847318+00:00,https://api.mfapi.in/mf/125497
125497,HDFC Top 100 Direct,125497,SBI Small Cap Fund - Direct Plan - Growth,SBI Mutual Fund,Open Ended Schemes,Equity Scheme - Small Cap Fund,2020-02-14,62.2419,2026-06-23T05:29:58.847318+00:00,https://api.mfapi.in/mf/125497
125497,HDFC Top 100 Direct,125497,SBI Small Cap Fund - Direct Plan - Growth,SBI Mutual Fund,Open Ended Schemes,Equity Scheme - Small Cap Fund,2020-02-13,62.2181,2026-06-23T05:29:58.847318+00:00,https://api.mfapi.in/mf/125497
125497,HDFC Top 100 Direct,125497,SBI Small Cap Fund - Direct Plan - Growth,SBI Mutual Fund,Open Ended Schemes,Equity Scheme - Small Cap Fund,2020-02-12,62.2058,2026-06-23T05:29:58.847318+00:00,https://api.mfapi.in/mf/125497
125497,HDFC Top 100 Direct,125497,SBI Small Cap Fund - Direct Plan - Growth,SBI Mutual Fund,Open Ended Schemes,Equity Scheme - Small Cap Fund,2020-02-11,62.1921,2026-06-23T05:29:58.847318+00:00,https://api.mfapi.in/mf/125497
125497,HDFC Top 100 Direct,125497,SBI Small Cap Fund - Direct Plan - Growth,SBI Mutual Fund,Open Ended Schemes,Equity Scheme - Small Cap Fund,2020-02-10,61.9086,2026-06-23T05:29:58.847318+00:00,https://api.mfapi.in/mf/125497
125497,HDFC Top 100 Direct,125497,SBI Small Cap Fund - Direct Plan - Growth,SBI Mutual Fund,Open Ended Schemes,Equity Scheme - Small Cap Fund,2020-02-07,62.3167,2026-06-23T05:29:58.847318+00:00,https://api.mfapi.in/mf/125497
125497,HDFC Top 100 Direct,125497,SBI Small Cap Fund - Direct Plan - Growth,SBI Mutual Fund,Open Ended Schemes,Equity Scheme - Small Cap Fund,2020-02-06,62.089,2026-06-23T05:29:58.847318+00:00,https://api.mfapi.in/mf/125497
125497,HDFC Top 100 Direct,125497,SBI Small Cap Fund - Direct Plan - Growth,SBI Mutual Fund,Open Ended Schemes,Equity Scheme - Small Cap Fund,2020-02-05,62.0606,2026-06-23T05:29:58.847318+00:00,https://api.mfapi.in/mf/125497
125497,HDFC Top 100 Direct,125497,SBI Small Cap Fund - Direct Plan - Growth,SBI Mutual Fund,Open Ended Schemes,Equity Scheme - Small Cap Fund,2020-02-04,61.7883,2026-06-23T05:29:58.847318+00:00,https://api.mfapi.in/mf/125497
125497,HDFC Top 100 Direct,125497,SBI Small Cap Fund - Direct Plan - Growth,SBI Mutual Fund,Open Ended Schemes,Equity Scheme - Small Cap Fund,2020-02-03,60.8872,2026-06-23T05:29:58.847318+00:00,https://api.mfapi.in/mf/125497
125497,HDFC Top 100 Direct,125497,SBI Small Cap Fund - Direct Plan - Growth,SBI Mutual Fund,Open Ended Schemes,Equity Scheme - Small Cap Fund,2020-01-31,61.7543,2026-06-23T05:29:58.847318+00:00,https://api.mfapi.in/mf/125497
125497,HDFC Top 100 Direct,125497,SBI Small Cap Fund - Direct Plan - Growth,SBI Mutual Fund,Open Ended Schemes,Equity Scheme - Small Cap Fund,2020-01-30,61.8134,2026-06-23T05:29:58.847318+00:00,https://api.mfapi.in/mf/125497
125497,HDFC Top 100 Direct,125497,SBI Small Cap Fund - Direct Plan - Growth,SBI Mutual Fund,Open Ended Schemes,Equity Scheme - Small Cap Fund,2020-01-29,62.1324,2026-06-23T05:29:58.847318+00:00,https://api.mfapi.in/mf/125497
125497,HDFC Top 100 Direct,125497,SBI Small Cap Fund - Direct Plan - Growth,SBI Mutual Fund,Open Ended Schemes,Equity Scheme - Small Cap Fund,2020-01-28,62.0886,2026-06-23T05:29:58.847318+00:00,https://api.mfapi.in/mf/125497
125497,HDFC Top 100 Direct,125497,SBI Small Cap Fund - Direct Plan - Growth,SBI Mutual Fund,Open Ended Schemes,Equity Scheme - Small Cap Fund,2020-01-27,61.9656,2026-06-23T05:29:58.847318+00:00,https://api.mfapi.in/mf/125497
125497,HDFC Top 100 Direct,125497,SBI Small Cap Fund - Direct Plan - Growth,SBI Mutual Fund,Open Ended Schemes,Equity Scheme - Small Cap Fund,2020-01-24,61.8393,2026-06-23T05:29:58.847318+00:00,https://api.mfapi.in/mf/125497
125497,HDFC Top 100 Direct,125497,SBI Small Cap Fund - Direct Plan - Growth,SBI Mutual Fund,Open Ended Schemes,Equity Scheme - Small Cap Fund,2020-01-23,61.1488,2026-06-23T05:29:58.847318+00:00,https://api.mfapi.in/mf/125497
125497,HDFC Top 100 Direct,125497,SBI Small Cap Fund - Direct Plan - Growth,SBI Mutual Fund,Open Ended Schemes,Equity Scheme - Small Cap Fund,2020-01-22,60.8469,2026-06-23T05:29:58.847318+00:00,https://api.mfapi.in/mf/125497
125497,HDFC Top 100 Direct,125497,SBI Small Cap Fund - Direct Plan - Growth,SBI Mutual Fund,Open Ended Schemes,Equity Scheme - Small Cap Fund,2020-01-21,60.7275,2026-06-23T05:29:58.847318+00:00,https://api.mfapi.in/mf/125497
125497,HDFC Top 100 Direct,125497,SBI Small Cap Fund - Direct Plan - Growth,SBI Mutual Fund,Open Ended Schemes,Equity Scheme - Small Cap Fund,2020-01-20,60.9709,2026-06-23T05:29:58.847318+00:00,https://api.mfapi.in/mf/125497
125497,HDFC Top 100 Direct,125497,SBI Small Cap Fund - Direct Plan - Growth,SBI Mutual Fund,Open Ended Schemes,Equity Scheme - Small Cap Fund,2020-01-17,60.8952,2026-06-23T05:29:58.847318+00:00,https://api.mfapi.in/mf/125497
125497,HDFC Top 100 Direct,125497,SBI Small Cap Fund - Direct Plan - Growth,SBI Mutual Fund,Open Ended Schemes,Equity Scheme - Small Cap Fund,2020-01-16,60.2189,2026-06-23T05:29:58.847318+00:00,https://api.mfapi.in/mf/125497
125497,HDFC Top 100 Direct,125497,SBI Small Cap Fund - Direct Plan - Growth,SBI Mutual Fund,Open Ended Schemes,Equity Scheme - Small Cap Fund,2020-01-15,59.6795,2026-06-23T05:29:58.847318+00:00,https://api.mfapi.in/mf/125497
125497,HDFC Top 100 Direct,125497,SBI Small Cap Fund - Direct Plan - Growth,SBI Mutual Fund,Open Ended Schemes,Equity Scheme - Small Cap Fund,2020-01-14,59.2895,2026-06-23T05:29:58.847318+00:00,https://api.mfapi.in/mf/125497
125497,HDFC Top 100 Direct,125497,SBI Small Cap Fund - Direct Plan - Growth,SBI Mutual Fund,Open Ended Schemes,Equity Scheme - Small Cap Fund,2020-01-13,59.1726,2026-06-23T05:29:58.847318+00:00,https://api.mfapi.in/mf/125497
125497,HDFC Top 100 Direct,125497,SBI Small Cap Fund - Direct Plan - Growth,SBI Mutual Fund,Open Ended Schemes,Equity Scheme - Small Cap Fund,2020-01-10,58.9076,2026-06-23T05:29:58.847318+00:00,https://api.mfapi.in/mf/125497
125497,HDFC Top 100 Direct,125497,SBI Small Cap Fund - Direct Plan - Growth,SBI Mutual Fund,Open Ended Schemes,Equity Scheme - Small Cap Fund,2020-01-09,58.6407,2026-06-23T05:29:58.847318+00:00,https://api.mfapi.in/mf/125497
125497,HDFC Top 100 Direct,125497,SBI Small Cap Fund - Direct Plan - Growth,SBI Mutual Fund,Open Ended Schemes,Equity Scheme - Small Cap Fund,2020-01-08,57.9868,2026-06-23T05:29:58.847318+00:00,https://api.mfapi.in/mf/125497
125497,HDFC Top 100 Direct,125497,SBI Small Cap Fund - Direct Plan - Growth,SBI Mutual Fund,Open Ended Schemes,Equity Scheme - Small Cap Fund,2020-01-07,58.2107,2026-06-23T05:29:58.847318+00:00,https://api.mfapi.in/mf/125497
125497,HDFC Top 100 Direct,125497,SBI Small Cap Fund - Direct Plan - Growth,SBI Mutual Fund,Open Ended Schemes,Equity Scheme - Small Cap Fund,2020-01-06,57.7329,2026-06-23T05:29:58.847318+00:00,https://api.mfapi.in/mf/125497
125497,HDFC Top 100 Direct,125497,SBI Small Cap Fund - Direct Plan - Growth,SBI Mutual Fund,Open Ended Schemes,Equity Scheme - Small Cap Fund,2020-01-03,58.6872,2026-06-23T05:29:58.847318+00:00,https://api.mfapi.in/mf/125497
125497,HDFC Top 100 Direct,125497,SBI Small Cap Fund - Direct Plan - Growth,SBI Mutual Fund,Open Ended Schemes,Equity Scheme - Small Cap Fund,2020-01-02,58.3988,2026-06-23T05:29:58.847318+00:00,https://api.mfapi.in/mf/125497
125497,HDFC Top 100 Direct,125497,SBI Small Cap Fund - Direct Plan - Growth,SBI Mutual Fund,Open Ended Schemes,Equity Scheme - Small Cap Fund,2020-01-01,57.886,2026-06-23T05:29:58.847318+00:00,https://api.mfapi.in/mf/125497
125497,HDFC Top 100 Direct,125497,SBI Small Cap Fund - Direct Plan - Growth,SBI Mutual Fund,Open Ended Schemes,Equity Scheme - Small Cap Fund,2019-12-31,57.8093,2026-06-23T05:29:58.847318+00:00,https://api.mfapi.in/mf/125497
125497,HDFC Top 100 Direct,125497,SBI Small Cap Fund - Direct Plan - Growth,SBI Mutual Fund,Open Ended Schemes,Equity Scheme - Small Cap Fund,2019-12-30,57.7981,2026-06-23T05:29:58.847318+00:00,https://api.mfapi.in/mf/125497
125497,HDFC Top 100 Direct,125497,SBI Small Cap Fund - Direct Plan - Growth,SBI Mutual Fund,Open Ended Schemes,Equity Scheme - Small Cap Fund,2019-12-27,57.7682,2026-06-23T05:29:58.847318+00:00,https://api.mfapi.in/mf/125497
125497,HDFC Top 100 Direct,125497,SBI Small Cap Fund - Direct Plan - Growth,SBI Mutual Fund,Open Ended Schemes,Equity Scheme - Small Cap Fund,2019-12-26,57.4846,2026-06-23T05:29:58.847318+00:00,https://api.mfapi.in/mf/125497
125497,HDFC Top 100 Direct,125497,SBI Small Cap Fund - Direct Plan - Growth,SBI Mutual Fund,Open Ended Schemes,Equity Scheme - Small Cap Fund,2019-12-24,57.4196,2026-06-23T05:29:58.847318+00:00,https://api.mfapi.in/mf/125497
125497,HDFC Top 100 Direct,125497,SBI Small Cap Fund - Direct Plan - Growth,SBI Mutual Fund,Open Ended Schemes,Equity Scheme - Small Cap Fund,2019-12-23,57.5756,2026-06-23T05:29:58.847318+00:00,https://api.mfapi.in/mf/125497
125497,HDFC Top 100 Direct,125497,SBI Small Cap Fund - Direct Plan - Growth,SBI Mutual Fund,Open Ended Schemes,Equity Scheme - Small Cap Fund,2019-12-20,57.6649,2026-06-23T05:29:58.847318+00:00,https://api.mfapi.in/mf/125497
125497,HDFC Top 100 Direct,125497,SBI Small Cap Fund - Direct Plan - Growth,SBI Mutual Fund,Open Ended Schemes,Equity Scheme - Small Cap Fund,2019-12-19,57.3051,2026-06-23T05:29:58.847318+00:00,https://api.mfapi.in/mf/125497
125497,HDFC Top 100 Direct,125497,SBI Small Cap Fund - Direct Plan - Growth,SBI Mutual Fund,Open Ended Schemes,Equity Scheme - Small Cap Fund,2019-12-18,57.1274,2026-06-23T05:29:58.847318+00:00,https://api.mfapi.in/mf/125497
125497,HDFC Top 100 Direct,125497,SBI Small Cap Fund - Direct Plan - Growth,SBI Mutual Fund,Open Ended Schemes,Equity Scheme - Small Cap Fund,2019-12-17,57.3155,2026-06-23T05:29:58.847318+00:00,https://api.mfapi.in/mf/125497
125497,HDFC Top 100 Direct,125497,SBI Small Cap Fund - Direct Plan - Growth,SBI Mutual Fund,Open Ended Schemes,Equity Scheme - Small Cap Fund,2019-12-16,56.9909,2026-06-23T05:29:58.847318+00:00,https://api.mfapi.in/mf/125497
125497,HDFC Top 100 Direct,125497,SBI Small Cap Fund - Direct Plan - Growth,SBI Mutual Fund,Open Ended Schemes,Equity Scheme - Small Cap Fund,2019-12-13,57.2957,2026-06-23T05:29:58.847318+00:00,https://api.mfapi.in/mf/125497
125497,HDFC Top 100 Direct,125497,SBI Small Cap Fund - Direct Plan - Growth,SBI Mutual Fund,Open Ended Schemes,Equity Scheme - Small Cap Fund,2019-12-12,56.7141,2026-06-23T05:29:58.847318+00:00,https://api.mfapi.in/mf/125497
125497,HDFC Top 100 Direct,125497,SBI Small Cap Fund - Direct Plan - Growth,SBI Mutual Fund,Open Ended Schemes,Equity Scheme - Small Cap Fund,2019-12-11,56.6208,2026-06-23T05:29:58.847318+00:00,https://api.mfapi.in/mf/125497
125497,HDFC Top 100 Direct,125497,SBI Small Cap Fund - Direct Plan - Growth,SBI Mutual Fund,Open Ended Schemes,Equity Scheme - Small Cap Fund,2019-12-10,56.8176,2026-06-23T05:29:58.847318+00:00,https://api.mfapi.in/mf/125497
125497,HDFC Top 100 Direct,125497,SBI Small Cap Fund - Direct Plan - Growth,SBI Mutual Fund,Open Ended Schemes,Equity Scheme - Small Cap Fund,2019-12-09,57.3044,2026-06-23T05:29:58.847318+00:00,https://api.mfapi.in/mf/125497
125497,HDFC Top 100 Direct,125497,SBI Small Cap Fund - Direct Plan - Growth,SBI Mutual Fund,Open Ended Schemes,Equity Scheme - Small Cap Fund,2019-12-06,57.6323,2026-06-23T05:29:58.847318+00:00,https://api.mfapi.in/mf/125497
125497,HDFC Top 100 Direct,125497,SBI Small Cap Fund - Direct Plan - Growth,SBI Mutual Fund,Open Ended Schemes,Equity Scheme - Small Cap Fund,2019-12-05,58.2459,2026-06-23T05:29:58.847318+00:00,https://api.mfapi.in/mf/125497
125497,HDFC Top 100 Direct,125497,SBI Small Cap Fund - Direct Plan - Growth,SBI Mutual Fund,Open Ended Schemes,Equity Scheme - Small Cap Fund,2019-12-04,58.3397,2026-06-23T05:29:58.847318+00:00,https://api.mfapi.in/mf/125497
125497,HDFC Top 100 Direct,125497,SBI Small Cap Fund - Direct Plan - Growth,SBI Mutual Fund,Open Ended Schemes,Equity Scheme - Small Cap Fund,2019-12-03,57.9542,2026-06-23T05:29:58.847318+00:00,https://api.mfapi.in/mf/125497
125497,HDFC Top 100 Direct,125497,SBI Small Cap Fund - Direct Plan - Growth,SBI Mutual Fund,Open Ended Schemes,Equity Scheme - Small Cap Fund,2019-12-02,58.0533,2026-06-23T05:29:58.847318+00:00,https://api.mfapi.in/mf/125497
125497,HDFC Top 100 Direct,125497,SBI Small Cap Fund - Direct Plan - Growth,SBI Mutual Fund,Open Ended Schemes,Equity Scheme - Small Cap Fund,2019-11-29,57.9839,2026-06-23T05:29:58.847318+00:00,https://api.mfapi.in/mf/125497
125497,HDFC Top 100 Direct,125497,SBI Small Cap Fund - Direct Plan - Growth,SBI Mutual Fund,Open Ended Schemes,Equity Scheme - Small Cap Fund,2019-11-28,57.7441,2026-06-23T05:29:58.847318+00:00,https://api.mfapi.in/mf/125497
125497,HDFC Top 100 Direct,125497,SBI Small Cap Fund - Direct Plan - Growth,SBI Mutual Fund,Open Ended Schemes,Equity Scheme - Small Cap Fund,2019-11-27,57.825,2026-06-23T05:29:58.847318+00:00,https://api.mfapi.in/mf/125497
125497,HDFC Top 100 Direct,125497,SBI Small Cap Fund - Direct Plan - Growth,SBI Mutual Fund,Open Ended Schemes,Equity Scheme - Small Cap Fund,2019-11-26,57.9258,2026-06-23T05:29:58.847318+00:00,https://api.mfapi.in/mf/125497
125497,HDFC Top 100 Direct,125497,SBI Small Cap Fund - Direct Plan - Growth,SBI Mutual Fund,Open Ended Schemes,Equity Scheme - Small Cap Fund,2019-11-25,58.2373,2026-06-23T05:29:58.847318+00:00,https://api.mfapi.in/mf/125497
125497,HDFC Top 100 Direct,125497,SBI Small Cap Fund - Direct Plan - Growth,SBI Mutual Fund,Open Ended Schemes,Equity Scheme - Small Cap Fund,2019-11-22,58.0555,2026-06-23T05:29:58.847318+00:00,https://api.mfapi.in/mf/125497
125497,HDFC Top 100 Direct,125497,SBI Small Cap Fund - Direct Plan - Growth,SBI Mutual Fund,Open Ended Schemes,Equity Scheme - Small Cap Fund,2019-11-21,58.0232,2026-06-23T05:29:58.847318+00:00,https://api.mfapi.in/mf/125497
125497,HDFC Top 100 Direct,125497,SBI Small Cap Fund - Direct Plan - Growth,SBI Mutual Fund,Open Ended Schemes,Equity Scheme - Small Cap Fund,2019-11-20,57.8357,2026-06-23T05:29:58.847318+00:00,https://api.mfapi.in/mf/125497
125497,HDFC Top 100 Direct,125497,SBI Small Cap Fund - Direct Plan - Growth,SBI Mutual Fund,Open Ended Schemes,Equity Scheme - Small Cap Fund,2019-11-19,57.8266,2026-06-23T05:29:58.847318+00:00,https://api.mfapi.in/mf/125497
125497,HDFC Top 100 Direct,125497,SBI Small Cap Fund - Direct Plan - Growth,SBI Mutual Fund,Open Ended Schemes,Equity Scheme - Small Cap Fund,2019-11-18,57.7894,2026-06-23T05:29:58.847318+00:00,https://api.mfapi.in/mf/125497
125497,HDFC Top 100 Direct,125497,SBI Small Cap Fund - Direct Plan - Growth,SBI Mutual Fund,Open Ended Schemes,Equity Scheme - Small Cap Fund,2019-11-15,57.71,2026-06-23T05:29:58.847318+00:00,https://api.mfapi.in/mf/125497
125497,HDFC Top 100 Direct,125497,SBI Small Cap Fund - Direct Plan - Growth,SBI Mutual Fund,Open Ended Schemes,Equity Scheme - Small Cap Fund,2019-11-14,57.8273,2026-06-23T05:29:58.847318+00:00,https://api.mfapi.in/mf/125497
125497,HDFC Top 100 Direct,125497,SBI Small Cap Fund - Direct Plan - Growth,SBI Mutual Fund,Open Ended Schemes,Equity Scheme - Small Cap Fund,2019-11-13,57.9023,2026-06-23T05:29:58.847318+00:00,https://api.mfapi.in/mf/125497
125497,HDFC Top 100 Direct,125497,SBI Small Cap Fund - Direct Plan - Growth,SBI Mutual Fund,Open Ended Schemes,Equity Scheme - Small Cap Fund,2019-11-11,57.692,2026-06-23T05:29:58.847318+00:00,https://api.mfapi.in/mf/125497
125497,HDFC Top 100 Direct,125497,SBI Small Cap Fund - Direct Plan - Growth,SBI Mutual Fund,Open Ended Schemes,Equity Scheme - Small Cap Fund,2019-11-08,57.4537,2026-06-23T05:29:58.847318+00:00,https://api.mfapi.in/mf/125497
125497,HDFC Top 100 Direct,125497,SBI Small Cap Fund - Direct Plan - Growth,SBI Mutual Fund,Open Ended Schemes,Equity Scheme - Small Cap Fund,2019-11-07,57.9074,2026-06-23T05:29:58.847318+00:00,https://api.mfapi.in/mf/125497
125497,HDFC Top 100 Direct,125497,SBI Small Cap Fund - Direct Plan - Growth,SBI Mutual Fund,Open Ended Schemes,Equity Scheme - Small Cap Fund,2019-11-06,57.7536,2026-06-23T05:29:58.847318+00:00,https://api.mfapi.in/mf/125497
125497,HDFC Top 100 Direct,125497,SBI Small Cap Fund - Direct Plan - Growth,SBI Mutual Fund,Open Ended Schemes,Equity Scheme - Small Cap Fund,2019-11-05,58.0708,2026-06-23T05:29:58.847318+00:00,https://api.mfapi.in/mf/125497
125497,HDFC Top 100 Direct,125497,SBI Small Cap Fund - Direct Plan - Growth,SBI Mutual Fund,Open Ended Schemes,Equity Scheme - Small Cap Fund,2019-11-04,58.5157,2026-06-23T05:29:58.847318+00:00,https://api.mfapi.in/mf/125497
125497,HDFC Top 100 Direct,125497,SBI Small Cap Fund - Direct Plan - Growth,SBI Mutual Fund,Open Ended Schemes,Equity Scheme - Small Cap Fund,2019-11-01,57.9809,2026-06-23T05:29:58.847318+00:00,https://api.mfapi.in/mf/125497
125497,HDFC Top 100 Direct,125497,SBI Small Cap Fund - Direct Plan - Growth,SBI Mutual Fund,Open Ended Schemes,Equity Scheme - Small Cap Fund,2019-10-31,57.6615,2026-06-23T05:29:58.847318+00:00,https://api.mfapi.in/mf/125497
125497,HDFC Top 100 Direct,125497,SBI Small Cap Fund - Direct Plan - Growth,SBI Mutual Fund,Open Ended Schemes,Equity Scheme - Small Cap Fund,2019-10-30,57.1831,2026-06-23T05:29:58.847318+00:00,https://api.mfapi.in/mf/125497
125497,HDFC Top 100 Direct,125497,SBI Small Cap Fund - Direct Plan - Growth,SBI Mutual Fund,Open Ended Schemes,Equity Scheme - Small Cap Fund,2019-10-29,57.0785,2026-06-23T05:29:58.847318+00:00,https://api.mfapi.in/mf/125497
125497,HDFC Top 100 Direct,125497,SBI Small Cap Fund - Direct Plan - Growth,SBI Mutual Fund,Open Ended Schemes,Equity Scheme - Small Cap Fund,2019-10-25,56.3768,2026-06-23T05:29:58.847318+00:00,https://api.mfapi.in/mf/125497
125497,HDFC Top 100 Direct,125497,SBI Small Cap Fund - Direct Plan - Growth,SBI Mutual Fund,Open Ended Schemes,Equity Scheme - Small Cap Fund,2019-10-24,56.4878,2026-06-23T05:29:58.847318+00:00,https://api.mfapi.in/mf/125497
125497,HDFC Top 100 Direct,125497,SBI Small Cap Fund - Direct Plan - Growth,SBI Mutual Fund,Open Ended Schemes,Equity Scheme - Small Cap Fund,2019-10-23,56.394,2026-06-23T05:29:58.847318+00:00,https://api.mfapi.in/mf/125497
125497,HDFC Top 100 Direct,125497,SBI Small Cap Fund - Direct Plan - Growth,SBI Mutual Fund,Open Ended Schemes,Equity Scheme - Small Cap Fund,2019-10-22,56.3394,2026-06-23T05:29:58.847318+00:00,https://api.mfapi.in/mf/125497
125497,HDFC Top 100 Direct,125497,SBI Small Cap Fund - Direct Plan - Growth,SBI Mutual Fund,Open Ended Schemes,Equity Scheme - Small Cap Fund,2019-10-18,56.3596,2026-06-23T05:29:58.847318+00:00,https://api.mfapi.in/mf/125497
125497,HDFC Top 100 Direct,125497,SBI Small Cap Fund - Direct Plan - Growth,SBI Mutual Fund,Open Ended Schemes,Equity Scheme - Small Cap Fund,2019-10-17,55.2661,2026-06-23T05:29:58.847318+00:00,https://api.mfapi.in/mf/125497
125497,HDFC Top 100 Direct,125497,SBI Small Cap Fund - Direct Plan - Growth,SBI Mutual Fund,Open Ended Schemes,Equity Scheme - Small Cap Fund,2019-10-16,54.9299,2026-06-23T05:29:58.847318+00:00,https://api.mfapi.in/mf/125497
125497,HDFC Top 100 Direct,125497,SBI Small Cap Fund - Direct Plan - Growth,SBI Mutual Fund,Open Ended Schemes,Equity Scheme - Small Cap Fund,2019-10-15,55.0504,2026-06-23T05:29:58.847318+00:00,https://api.mfapi.in/mf/125497
125497,HDFC Top 100 Direct,125497,SBI Small Cap Fund - Direct Plan - Growth,SBI Mutual Fund,Open Ended Schemes,Equity Scheme - Small Cap Fund,2019-10-14,54.9658,2026-06-23T05:29:58.847318+00:00,https://api.mfapi.in/mf/125497
125497,HDFC Top 100 Direct,125497,SBI Small Cap Fund - Direct Plan - Growth,SBI Mutual Fund,Open Ended Schemes,Equity Scheme - Small Cap Fund,2019-10-11,54.8222,2026-06-23T05:29:58.847318+00:00,https://api.mfapi.in/mf/125497
125497,HDFC Top 100 Direct,125497,SBI Small Cap Fund - Direct Plan - Growth,SBI Mutual Fund,Open Ended Schemes,Equity Scheme - Small Cap Fund,2019-10-10,54.7665,2026-06-23T05:29:58.847318+00:00,https://api.mfapi.in/mf/125497
125497,HDFC Top 100 Direct,125497,SBI Small Cap Fund - Direct Plan - Growth,SBI Mutual Fund,Open Ended Schemes,Equity Scheme - Small Cap Fund,2019-10-09,55.0566,2026-06-23T05:29:58.847318+00:00,https://api.mfapi.in/mf/125497
125497,HDFC Top 100 Direct,125497,SBI Small Cap Fund - Direct Plan - Growth,SBI Mutual Fund,Open Ended Schemes,Equity Scheme - Small Cap Fund,2019-10-07,54.8053,2026-06-23T05:29:58.847318+00:00,https://api.mfapi.in/mf/125497
125497,HDFC Top 100 Direct,125497,SBI Small Cap Fund - Direct Plan - Growth,SBI Mutual Fund,Open Ended Schemes,Equity Scheme - Small Cap Fund,2019-10-04,54.9464,2026-06-23T05:29:58.847318+00:00,https://api.mfapi.in/mf/125497
125497,HDFC Top 100 Direct,125497,SBI Small Cap Fund - Direct Plan - Growth,SBI Mutual Fund,Open Ended Schemes,Equity Scheme - Small Cap Fund,2019-10-03,55.399,2026-06-23T05:29:58.847318+00:00,https://api.mfapi.in/mf/125497
125497,HDFC Top 100 Direct,125497,SBI Small Cap Fund - Direct Plan - Growth,SBI Mutual Fund,Open Ended Schemes,Equity Scheme - Small Cap Fund,2019-10-01,55.6556,2026-06-23T05:29:58.847318+00:00,https://api.mfapi.in/mf/125497
125497,HDFC Top 100 Direct,125497,SBI Small Cap Fund - Direct Plan - Growth,SBI Mutual Fund,Open Ended Schemes,Equity Scheme - Small Cap Fund,2019-09-30,56.147,2026-06-23T05:29:58.847318+00:00,https://api.mfapi.in/mf/125497
125497,HDFC Top 100 Direct,125497,SBI Small Cap Fund - Direct Plan - Growth,SBI Mutual Fund,Open Ended Schemes,Equity Scheme - Small Cap Fund,2019-09-27,56.3843,2026-06-23T05:29:58.847318+00:00,https://api.mfapi.in/mf/125497
125497,HDFC Top 100 Direct,125497,SBI Small Cap Fund - Direct Plan - Growth,SBI Mutual Fund,Open Ended Schemes,Equity Scheme - Small Cap Fund,2019-09-26,56.3859,2026-06-23T05:29:58.847318+00:00,https://api.mfapi.in/mf/125497
125497,HDFC Top 100 Direct,125497,SBI Small Cap Fund - Direct Plan - Growth,SBI Mutual Fund,Open Ended Schemes,Equity Scheme - Small Cap Fund,2019-09-25,55.9413,2026-06-23T05:29:58.847318+00:00,https://api.mfapi.in/mf/125497
125497,HDFC Top 100 Direct,125497,SBI Small Cap Fund - Direct Plan - Growth,SBI Mutual Fund,Open Ended Schemes,Equity Scheme - Small Cap Fund,2019-09-24,56.4498,2026-06-23T05:29:58.847318+00:00,https://api.mfapi.in/mf/125497
125497,HDFC Top 100 Direct,125497,SBI Small Cap Fund - Direct Plan - Growth,SBI Mutual Fund,Open Ended Schemes,Equity Scheme - Small Cap Fund,2019-09-23,56.3502,2026-06-23T05:29:58.847318+00:00,https://api.mfapi.in/mf/125497
125497,HDFC Top 100 Direct,125497,SBI Small Cap Fund - Direct Plan - Growth,SBI Mutual Fund,Open Ended Schemes,Equity Scheme - Small Cap Fund,2019-09-20,54.447,2026-06-23T05:29:58.847318+00:00,https://api.mfapi.in/mf/125497
125497,HDFC Top 100 Direct,125497,SBI Small Cap Fund - Direct Plan - Growth,SBI Mutual Fund,Open Ended Schemes,Equity Scheme - Small Cap Fund,2019-09-19,52.7845,2026-06-23T05:29:58.847318+00:00,https://api.mfapi.in/mf/125497
125497,HDFC Top 100 Direct,125497,SBI Small Cap Fund - Direct Plan - Growth,SBI Mutual Fund,Open Ended Schemes,Equity Scheme - Small Cap Fund,2019-09-18,53.1334,2026-06-23T05:29:58.847318+00:00,https://api.mfapi.in/mf/125497
125497,HDFC Top 100 Direct,125497,SBI Small Cap Fund - Direct Plan - Growth,SBI Mutual Fund,Open Ended Schemes,Equity Scheme - Small Cap Fund,2019-09-17,53.1853,2026-06-23T05:29:58.847318+00:00,https://api.mfapi.in/mf/125497
125497,HDFC Top 100 Direct,125497,SBI Small Cap Fund - Direct Plan - Growth,SBI Mutual Fund,Open Ended Schemes,Equity Scheme - Small Cap Fund,2019-09-16,53.814,2026-06-23T05:29:58.847318+00:00,https://api.mfapi.in/mf/125497
125497,HDFC Top 100 Direct,125497,SBI Small Cap Fund - Direct Plan - Growth,SBI Mutual Fund,Open Ended Schemes,Equity Scheme - Small Cap Fund,2019-09-13,53.6012,2026-06-23T05:29:58.847318+00:00,https://api.mfapi.in/mf/125497
125497,HDFC Top 100 Direct,125497,SBI Small Cap Fund - Direct Plan - Growth,SBI Mutual Fund,Open Ended Schemes,Equity Scheme - Small Cap Fund,2019-09-12,53.6476,2026-06-23T05:29:58.847318+00:00,https://api.mfapi.in/mf/125497
125497,HDFC Top 100 Direct,125497,SBI Small Cap Fund - Direct Plan - Growth,SBI Mutual Fund,Open Ended Schemes,Equity Scheme - Small Cap Fund,2019-09-11,53.7478,2026-06-23T05:29:58.847318+00:00,https://api.mfapi.in/mf/125497
125497,HDFC Top 100 Direct,125497,SBI Small Cap Fund - Direct Plan - Growth,SBI Mutual Fund,Open Ended Schemes,Equity Scheme - Small Cap Fund,2019-09-09,52.9366,2026-06-23T05:29:58.847318+00:00,https://api.mfapi.in/mf/125497
125497,HDFC Top 100 Direct,125497,SBI Small Cap Fund - Direct Plan - Growth,SBI Mutual Fund,Open Ended Schemes,Equity Scheme - Small Cap Fund,2019-09-06,52.6455,2026-06-23T05:29:58.847318+00:00,https://api.mfapi.in/mf/125497
125497,HDFC Top 100 Direct,125497,SBI Small Cap Fund - Direct Plan - Growth,SBI Mutual Fund,Open Ended Schemes,Equity Scheme - Small Cap Fund,2019-09-05,52.2783,2026-06-23T05:29:58.847318+00:00,https://api.mfapi.in/mf/125497
125497,HDFC Top 100 Direct,125497,SBI Small Cap Fund - Direct Plan - Growth,SBI Mutual Fund,Open Ended Schemes,Equity Scheme - Small Cap Fund,2019-09-04,52.1216,2026-06-23T05:29:58.847318+00:00,https://api.mfapi.in/mf/125497
125497,HDFC Top 100 Direct,125497,SBI Small Cap Fund - Direct Plan - Growth,SBI Mutual Fund,Open Ended Schemes,Equity Scheme - Small Cap Fund,2019-09-03,51.9742,2026-06-23T05:29:58.847318+00:00,https://api.mfapi.in/mf/125497
125497,HDFC Top 100 Direct,125497,SBI Small Cap Fund - Direct Plan - Growth,SBI Mutual Fund,Open Ended Schemes,Equity Scheme - Small Cap Fund,2019-08-30,52.3752,2026-06-23T05:29:58.847318+00:00,https://api.mfapi.in/mf/125497
125497,HDFC Top 100 Direct,125497,SBI Small Cap Fund - Direct Plan - Growth,SBI Mutual Fund,Open Ended Schemes,Equity Scheme - Small Cap Fund,2019-08-29,52.0987,2026-06-23T05:29:58.847318+00:00,https://api.mfapi.in/mf/125497
125497,HDFC Top 100 Direct,125497,SBI Small Cap Fund - Direct Plan - Growth,SBI Mutual Fund,Open Ended Schemes,Equity Scheme - Small Cap Fund,2019-08-28,52.4938,2026-06-23T05:29:58.847318+00:00,https://api.mfapi.in/mf/125497
125497,HDFC Top 100 Direct,125497,SBI Small Cap Fund - Direct Plan - Growth,SBI Mutual Fund,Open Ended Schemes,Equity Scheme - Small Cap Fund,2019-08-27,52.5731,2026-06-23T05:29:58.847318+00:00,https://api.mfapi.in/mf/125497
125497,HDFC Top 100 Direct,125497,SBI Small Cap Fund - Direct Plan - Growth,SBI Mutual Fund,Open Ended Schemes,Equity Scheme - Small Cap Fund,2019-08-26,52.0341,2026-06-23T05:29:58.847318+00:00,https://api.mfapi.in/mf/125497
125497,HDFC Top 100 Direct,125497,SBI Small Cap Fund - Direct Plan - Growth,SBI Mutual Fund,Open Ended Schemes,Equity Scheme - Small Cap Fund,2019-08-23,51.3091,2026-06-23T05:29:58.847318+00:00,https://api.mfapi.in/mf/125497
125497,HDFC Top 100 Direct,125497,SBI Small Cap Fund - Direct Plan - Growth,SBI Mutual Fund,Open Ended Schemes,Equity Scheme - Small Cap Fund,2019-08-22,51.038,2026-06-23T05:29:58.847318+00:00,https://api.mfapi.in/mf/125497
125497,HDFC Top 100 Direct,125497,SBI Small Cap Fund - Direct Plan - Growth,SBI Mutual Fund,Open Ended Schemes,Equity Scheme - Small Cap Fund,2019-08-21,51.522,2026-06-23T05:29:58.847318+00:00,https://api.mfapi.in/mf/125497
125497,HDFC Top 100 Direct,125497,SBI Small Cap Fund - Direct Plan - Growth,SBI Mutual Fund,Open Ended Schemes,Equity Scheme - Small Cap Fund,2019-08-20,51.9247,2026-06-23T05:29:58.847318+00:00,https://api.mfapi.in/mf/125497
125497,HDFC Top 100 Direct,125497,SBI Small Cap Fund - Direct Plan - Growth,SBI Mutual Fund,Open Ended Schemes,Equity Scheme - Small Cap Fund,2019-08-19,51.9983,2026-06-23T05:29:58.847318+00:00,https://api.mfapi.in/mf/125497
125497,HDFC Top 100 Direct,125497,SBI Small Cap Fund - Direct Plan - Growth,SBI Mutual Fund,Open Ended Schemes,Equity Scheme - Small Cap Fund,2019-08-16,52.0211,2026-06-23T05:29:58.847318+00:00,https://api.mfapi.in/mf/125497
125497,HDFC Top 100 Direct,125497,SBI Small Cap Fund - Direct Plan - Growth,SBI Mutual Fund,Open Ended Schemes,Equity Scheme - Small Cap Fund,2019-08-14,51.7299,2026-06-23T05:29:58.847318+00:00,https://api.mfapi.in/mf/125497
125497,HDFC Top 100 Direct,125497,SBI Small Cap Fund - Direct Plan - Growth,SBI Mutual Fund,Open Ended Schemes,Equity Scheme - Small Cap Fund,2019-08-13,51.0979,2026-06-23T05:29:58.847318+00:00,https://api.mfapi.in/mf/125497
125497,HDFC Top 100 Direct,125497,SBI Small Cap Fund - Direct Plan - Growth,SBI Mutual Fund,Open Ended Schemes,Equity Scheme - Small Cap Fund,2019-08-09,51.6177,2026-06-23T05:29:58.847318+00:00,https://api.mfapi.in/mf/125497
125497,HDFC Top 100 Direct,125497,SBI Small Cap Fund - Direct Plan - Growth,SBI Mutual Fund,Open Ended Schemes,Equity Scheme - Small Cap Fund,2019-08-08,51.2595,2026-06-23T05:29:58.847318+00:00,https://api.mfapi.in/mf/125497
125497,HDFC Top 100 Direct,125497,SBI Small Cap Fund - Direct Plan - Growth,SBI Mutual Fund,Open Ended Schemes,Equity Scheme - Small Cap Fund,2019-08-07,51.1681,2026-06-23T05:29:58.847318+00:00,https://api.mfapi.in/mf/125497
125497,HDFC Top 100 Direct,125497,SBI Small Cap Fund - Direct Plan - Growth,SBI Mutual Fund,Open Ended Schemes,Equity Scheme - Small Cap Fund,2019-08-06,51.0319,2026-06-23T05:29:58.847318+00:00,https://api.mfapi.in/mf/125497
125497,HDFC Top 100 Direct,125497,SBI Small Cap Fund - Direct Plan - Growth,SBI Mutual Fund,Open Ended Schemes,Equity Scheme - Small Cap Fund,2019-08-05,50.5861,2026-06-23T05:29:58.847318+00:00,https://api.mfapi.in/mf/125497
125497,HDFC Top 100 Direct,125497,SBI Small Cap Fund - Direct Plan - Growth,SBI Mutual Fund,Open Ended Schemes,Equity Scheme - Small Cap Fund,2019-08-02,51.0349,2026-06-23T05:29:58.847318+00:00,https://api.mfapi.in/mf/125497
125497,HDFC Top 100 Direct,125497,SBI Small Cap Fund - Direct Plan - Growth,SBI Mutual Fund,Open Ended Schemes,Equity Scheme - Small Cap Fund,2019-08-01,51.3082,2026-06-23T05:29:58.847318+00:00,https://api.mfapi.in/mf/125497
125497,HDFC Top 100 Direct,125497,SBI Small Cap Fund - Direct Plan - Growth,SBI Mutual Fund,Open Ended Schemes,Equity Scheme - Small Cap Fund,2019-07-31,51.9017,2026-06-23T05:29:58.847318+00:00,https://api.mfapi.in/mf/125497
125497,HDFC Top 100 Direct,125497,SBI Small Cap Fund - Direct Plan - Growth,SBI Mutual Fund,Open Ended Schemes,Equity Scheme - Small Cap Fund,2019-07-30,51.466,2026-06-23T05:29:58.847318+00:00,https://api.mfapi.in/mf/125497
125497,HDFC Top 100 Direct,125497,SBI Small Cap Fund - Direct Plan - Growth,SBI Mutual Fund,Open Ended Schemes,Equity Scheme - Small Cap Fund,2019-07-29,52.1616,2026-06-23T05:29:58.847318+00:00,https://api.mfapi.in/mf/125497
125497,HDFC Top 100 Direct,125497,SBI Small Cap Fund - Direct Plan - Growth,SBI Mutual Fund,Open Ended Schemes,Equity Scheme - Small Cap Fund,2019-07-26,52.5686,2026-06-23T05:29:58.847318+00:00,https://api.mfapi.in/mf/125497
125497,HDFC Top 100 Direct,125497,SBI Small Cap Fund - Direct Plan - Growth,SBI Mutual Fund,Open Ended Schemes,Equity Scheme - Small Cap Fund,2019-07-25,52.5207,2026-06-23T05:29:58.847318+00:00,https://api.mfapi.in/mf/125497
125497,HDFC Top 100 Direct,125497,SBI Small Cap Fund - Direct Plan - Growth,SBI Mutual Fund,Open Ended Schemes,Equity Scheme - Small Cap Fund,2019-07-24,52.7374,2026-06-23T05:29:58.847318+00:00,https://api.mfapi.in/mf/125497
125497,HDFC Top 100 Direct,125497,SBI Small Cap Fund - Direct Plan - Growth,SBI Mutual Fund,Open Ended Schemes,Equity Scheme - Small Cap Fund,2019-07-23,53.155,2026-06-23T05:29:58.847318+00:00,https://api.mfapi.in/mf/125497
125497,HDFC Top 100 Direct,125497,SBI Small Cap Fund - Direct Plan - Growth,SBI Mutual Fund,Open Ended Schemes,Equity Scheme - Small Cap Fund,2019-07-22,53.024,2026-06-23T05:29:58.847318+00:00,https://api.mfapi.in/mf/125497
125497,HDFC Top 100 Direct,125497,SBI Small Cap Fund - Direct Plan - Growth,SBI Mutual Fund,Open Ended Schemes,Equity Scheme - Small Cap Fund,2019-07-19,53.4029,2026-06-23T05:29:58.847318+00:00,https://api.mfapi.in/mf/125497
125497,HDFC Top 100 Direct,125497,SBI Small Cap Fund - Direct Plan - Growth,SBI Mutual Fund,Open Ended Schemes,Equity Scheme - Small Cap Fund,2019-07-18,54.0147,2026-06-23T05:29:58.847318+00:00,https://api.mfapi.in/mf/125497
125497,HDFC Top 100 Direct,125497,SBI Small Cap Fund - Direct Plan - Growth,SBI Mutual Fund,Open Ended Schemes,Equity Scheme - Small Cap Fund,2019-07-17,54.319,2026-06-23T05:29:58.847318+00:00,https://api.mfapi.in/mf/125497
125497,HDFC Top 100 Direct,125497,SBI Small Cap Fund - Direct Plan - Growth,SBI Mutual Fund,Open Ended Schemes,Equity Scheme - Small Cap Fund,2019-07-16,54.0856,2026-06-23T05:29:58.847318+00:00,https://api.mfapi.in/mf/125497
125497,HDFC Top 100 Direct,125497,SBI Small Cap Fund - Direct Plan - Growth,SBI Mutual Fund,Open Ended Schemes,Equity Scheme - Small Cap Fund,2019-07-15,54.1461,2026-06-23T05:29:58.847318+00:00,https://api.mfapi.in/mf/125497
125497,HDFC Top 100 Direct,125497,SBI Small Cap Fund - Direct Plan - Growth,SBI Mutual Fund,Open Ended Schemes,Equity Scheme - Small Cap Fund,2019-07-12,54.2785,2026-06-23T05:29:58.847318+00:00,https://api.mfapi.in/mf/125497
125497,HDFC Top 100 Direct,125497,SBI Small Cap Fund - Direct Plan - Growth,SBI Mutual Fund,Open Ended Schemes,Equity Scheme - Small Cap Fund,2019-07-11,54.0984,2026-06-23T05:29:58.847318+00:00,https://api.mfapi.in/mf/125497
125497,HDFC Top 100 Direct,125497,SBI Small Cap Fund - Direct Plan - Growth,SBI Mutual Fund,Open Ended Schemes,Equity Scheme - Small Cap Fund,2019-07-10,53.8443,2026-06-23T05:29:58.847318+00:00,https://api.mfapi.in/mf/125497
125497,HDFC Top 100 Direct,125497,SBI Small Cap Fund - Direct Plan - Growth,SBI Mutual Fund,Open Ended Schemes,Equity Scheme - Small Cap Fund,2019-07-09,54.0836,2026-06-23T05:29:58.847318+00:00,https://api.mfapi.in/mf/125497
125497,HDFC Top 100 Direct,125497,SBI Small Cap Fund - Direct Plan - Growth,SBI Mutual Fund,Open Ended Schemes,Equity Scheme - Small Cap Fund,2019-07-08,54.1644,2026-06-23T05:29:58.847318+00:00,https://api.mfapi.in/mf/125497
125497,HDFC Top 100 Direct,125497,SBI Small Cap Fund - Direct Plan - Growth,SBI Mutual Fund,Open Ended Schemes,Equity Scheme - Small Cap Fund,2019-07-05,54.8561,2026-06-23T05:29:58.847318+00:00,https://api.mfapi.in/mf/125497
125497,HDFC Top 100 Direct,125497,SBI Small Cap Fund - Direct Plan - Growth,SBI Mutual Fund,Open Ended Schemes,Equity Scheme - Small Cap Fund,2019-07-04,55.4699,2026-06-23T05:29:58.847318+00:00,https://api.mfapi.in/mf/125497
125497,HDFC Top 100 Direct,125497,SBI Small Cap Fund - Direct Plan - Growth,SBI Mutual Fund,Open Ended Schemes,Equity Scheme - Small Cap Fund,2019-07-03,55.3738,2026-06-23T05:29:58.847318+00:00,https://api.mfapi.in/mf/125497
125497,HDFC Top 100 Direct,125497,SBI Small Cap Fund - Direct Plan - Growth,SBI Mutual Fund,Open Ended Schemes,Equity Scheme - Small Cap Fund,2019-07-02,55.456,2026-06-23T05:29:58.847318+00:00,https://api.mfapi.in/mf/125497
125497,HDFC Top 100 Direct,125497,SBI Small Cap Fund - Direct Plan - Growth,SBI Mutual Fund,Open Ended Schemes,Equity Scheme - Small Cap Fund,2019-07-01,55.3031,2026-06-23T05:29:58.847318+00:00,https://api.mfapi.in/mf/125497
125497,HDFC Top 100 Direct,125497,SBI Small Cap Fund - Direct Plan - Growth,SBI Mutual Fund,Open Ended Schemes,Equity Scheme - Small Cap Fund,2019-06-28,55.224,2026-06-23T05:29:58.847318+00:00,https://api.mfapi.in/mf/125497
125497,HDFC Top 100 Direct,125497,SBI Small Cap Fund - Direct Plan - Growth,SBI Mutual Fund,Open Ended Schemes,Equity Scheme - Small Cap Fund,2019-06-27,55.097,2026-06-23T05:29:58.847318+00:00,https://api.mfapi.in/mf/125497
125497,HDFC Top 100 Direct,125497,SBI Small Cap Fund - Direct Plan - Growth,SBI Mutual Fund,Open Ended Schemes,Equity Scheme - Small Cap Fund,2019-06-26,54.9657,2026-06-23T05:29:58.847318+00:00,https://api.mfapi.in/mf/125497
125497,HDFC Top 100 Direct,125497,SBI Small Cap Fund - Direct Plan - Growth,SBI Mutual Fund,Open Ended Schemes,Equity Scheme - Small Cap Fund,2019-06-25,54.4957,2026-06-23T05:29:58.847318+00:00,https://api.mfapi.in/mf/125497
125497,HDFC Top 100 Direct,125497,SBI Small Cap Fund - Direct Plan - Growth,SBI Mutual Fund,Open Ended Schemes,Equity Scheme - Small Cap Fund,2019-06-24,54.1894,2026-06-23T05:29:58.847318+00:00,https://api.mfapi.in/mf/125497
125497,HDFC Top 100 Direct,125497,SBI Small Cap Fund - Direct Plan - Growth,SBI Mutual Fund,Open Ended Schemes,Equity Scheme - Small Cap Fund,2019-06-21,54.4826,2026-06-23T05:29:58.847318+00:00,https://api.mfapi.in/mf/125497
125497,HDFC Top 100 Direct,125497,SBI Small Cap Fund - Direct Plan - Growth,SBI Mutual Fund,Open Ended Schemes,Equity Scheme - Small Cap Fund,2019-06-20,54.4507,2026-06-23T05:29:58.847318+00:00,https://api.mfapi.in/mf/125497
125497,HDFC Top 100 Direct,125497,SBI Small Cap Fund - Direct Plan - Growth,SBI Mutual Fund,Open Ended Schemes,Equity Scheme - Small Cap Fund,2019-06-19,54.0946,2026-06-23T05:29:58.847318+00:00,https://api.mfapi.in/mf/125497
125497,HDFC Top 100 Direct,125497,SBI Small Cap Fund - Direct Plan - Growth,SBI Mutual Fund,Open Ended Schemes,Equity Scheme - Small Cap Fund,2019-06-18,54.3588,2026-06-23T05:29:58.847318+00:00,https://api.mfapi.in/mf/125497
125497,HDFC Top 100 Direct,125497,SBI Small Cap Fund - Direct Plan - Growth,SBI Mutual Fund,Open Ended Schemes,Equity Scheme - Small Cap Fund,2019-06-17,54.651,2026-06-23T05:29:58.847318+00:00,https://api.mfapi.in/mf/125497
125497,HDFC Top 100 Direct,125497,SBI Small Cap Fund - Direct Plan - Growth,SBI Mutual Fund,Open Ended Schemes,Equity Scheme - Small Cap Fund,2019-06-14,55.2265,2026-06-23T05:29:58.847318+00:00,https://api.mfapi.in/mf/125497
125497,HDFC Top 100 Direct,125497,SBI Small Cap Fund - Direct Plan - Growth,SBI Mutual Fund,Open Ended Schemes,Equity Scheme - Small Cap Fund,2019-06-13,55.3583,2026-06-23T05:29:58.847318+00:00,https://api.mfapi.in/mf/125497
125497,HDFC Top 100 Direct,125497,SBI Small Cap Fund - Direct Plan - Growth,SBI Mutual Fund,Open Ended Schemes,Equity Scheme - Small Cap Fund,2019-06-12,55.6663,2026-06-23T05:29:58.847318+00:00,https://api.mfapi.in/mf/125497
125497,HDFC Top 100 Direct,125497,SBI Small Cap Fund - Direct Plan - Growth,SBI Mutual Fund,Open Ended Schemes,Equity Scheme - Small Cap Fund,2019-06-11,55.677,2026-06-23T05:29:58.847318+00:00,https://api.mfapi.in/mf/125497
125497,HDFC Top 100 Direct,125497,SBI Small Cap Fund - Direct Plan - Growth,SBI Mutual Fund,Open Ended Schemes,Equity Scheme - Small Cap Fund,2019-06-10,55.7431,2026-06-23T05:29:58.847318+00:00,https://api.mfapi.in/mf/125497
125497,HDFC Top 100 Direct,125497,SBI Small Cap Fund - Direct Plan - Growth,SBI Mutual Fund,Open Ended Schemes,Equity Scheme - Small Cap Fund,2019-06-07,56.094,2026-06-23T05:29:58.847318+00:00,https://api.mfapi.in/mf/125497
125497,HDFC Top 100 Direct,125497,SBI Small Cap Fund - Direct Plan - Growth,SBI Mutual Fund,Open Ended Schemes,Equity Scheme - Small Cap Fund,2019-06-06,56.1253,2026-06-23T05:29:58.847318+00:00,https://api.mfapi.in/mf/125497
125497,HDFC Top 100 Direct,125497,SBI Small Cap Fund - Direct Plan - Growth,SBI Mutual Fund,Open Ended Schemes,Equity Scheme - Small Cap Fund,2019-06-04,56.7067,2026-06-23T05:29:58.847318+00:00,https://api.mfapi.in/mf/125497
125497,HDFC Top 100 Direct,125497,SBI Small Cap Fund - Direct Plan - Growth,SBI Mutual Fund,Open Ended Schemes,Equity Scheme - Small Cap Fund,2019-06-03,56.7417,2026-06-23T05:29:58.847318+00:00,https://api.mfapi.in/mf/125497
125497,HDFC Top 100 Direct,125497,SBI Small Cap Fund - Direct Plan - Growth,SBI Mutual Fund,Open Ended Schemes,Equity Scheme - Small Cap Fund,2019-05-31,56.4804,2026-06-23T05:29:58.847318+00:00,https://api.mfapi.in/mf/125497
125497,HDFC Top 100 Direct,125497,SBI Small Cap Fund - Direct Plan - Growth,SBI Mutual Fund,Open Ended Schemes,Equity Scheme - Small Cap Fund,2019-05-30,56.1882,2026-06-23T05:29:58.847318+00:00,https://api.mfapi.in/mf/125497
125497,HDFC Top 100 Direct,125497,SBI Small Cap Fund - Direct Plan - Growth,SBI Mutual Fund,Open Ended Schemes,Equity Scheme - Small Cap Fund,2019-05-29,56.3573,2026-06-23T05:29:58.847318+00:00,https://api.mfapi.in/mf/125497
125497,HDFC Top 100 Direct,125497,SBI Small Cap Fund - Direct Plan - Growth,SBI Mutual Fund,Open Ended Schemes,Equity Scheme - Small Cap Fund,2019-05-28,56.5415,2026-06-23T05:29:58.847318+00:00,https://api.mfapi.in/mf/125497
125497,HDFC Top 100 Direct,125497,SBI Small Cap Fund - Direct Plan - Growth,SBI Mutual Fund,Open Ended Schemes,Equity Scheme - Small Cap Fund,2019-05-27,55.9036,2026-06-23T05:29:58.847318+00:00,https://api.mfapi.in/mf/125497
125497,HDFC Top 100 Direct,125497,SBI Small Cap Fund - Direct Plan - Growth,SBI Mutual Fund,Open Ended Schemes,Equity Scheme - Small Cap Fund,2019-05-24,54.9948,2026-06-23T05:29:58.847318+00:00,https://api.mfapi.in/mf/125497
125497,HDFC Top 100 Direct,125497,SBI Small Cap Fund - Direct Plan - Growth,SBI Mutual Fund,Open Ended Schemes,Equity Scheme - Small Cap Fund,2019-05-23,53.9873,2026-06-23T05:29:58.847318+00:00,https://api.mfapi.in/mf/125497
125497,HDFC Top 100 Direct,125497,SBI Small Cap Fund - Direct Plan - Growth,SBI Mutual Fund,Open Ended Schemes,Equity Scheme - Small Cap Fund,2019-05-22,54.0958,2026-06-23T05:29:58.847318+00:00,https://api.mfapi.in/mf/125497
125497,HDFC Top 100 Direct,125497,SBI Small Cap Fund - Direct Plan - Growth,SBI Mutual Fund,Open Ended Schemes,Equity Scheme - Small Cap Fund,2019-05-21,54.0838,2026-06-23T05:29:58.847318+00:00,https://api.mfapi.in/mf/125497
125497,HDFC Top 100 Direct,125497,SBI Small Cap Fund - Direct Plan - Growth,SBI Mutual Fund,Open Ended Schemes,Equity Scheme - Small Cap Fund,2019-05-20,54.4867,2026-06-23T05:29:58.847318+00:00,https://api.mfapi.in/mf/125497
125497,HDFC Top 100 Direct,125497,SBI Small Cap Fund - Direct Plan - Growth,SBI Mutual Fund,Open Ended Schemes,Equity Scheme - Small Cap Fund,2019-05-17,53.073,2026-06-23T05:29:58.847318+00:00,https://api.mfapi.in/mf/125497
125497,HDFC Top 100 Direct,125497,SBI Small Cap Fund - Direct Plan - Growth,SBI Mutual Fund,Open Ended Schemes,Equity Scheme - Small Cap Fund,2019-05-16,52.9338,2026-06-23T05:29:58.847318+00:00,https://api.mfapi.in/mf/125497
125497,HDFC Top 100 Direct,125497,SBI Small Cap Fund - Direct Plan - Growth,SBI Mutual Fund,Open Ended Schemes,Equity Scheme - Small Cap Fund,2019-05-15,53.0303,2026-06-23T05:29:58.847318+00:00,https://api.mfapi.in/mf/125497
125497,HDFC Top 100 Direct,125497,SBI Small Cap Fund - Direct Plan - Growth,SBI Mutual Fund,Open Ended Schemes,Equity Scheme - Small Cap Fund,2019-05-14,53.1004,2026-06-23T05:29:58.847318+00:00,https://api.mfapi.in/mf/125497
125497,HDFC Top 100 Direct,125497,SBI Small Cap Fund - Direct Plan - Growth,SBI Mutual Fund,Open Ended Schemes,Equity Scheme - Small Cap Fund,2019-05-13,52.8389,2026-06-23T05:29:58.847318+00:00,https://api.mfapi.in/mf/125497
125497,HDFC Top 100 Direct,125497,SBI Small Cap Fund - Direct Plan - Growth,SBI Mutual Fund,Open Ended Schemes,Equity Scheme - Small Cap Fund,2019-05-10,53.706,2026-06-23T05:29:58.847318+00:00,https://api.mfapi.in/mf/125497
125497,HDFC Top 100 Direct,125497,SBI Small Cap Fund - Direct Plan - Growth,SBI Mutual Fund,Open Ended Schemes,Equity Scheme - Small Cap Fund,2019-05-09,53.7084,2026-06-23T05:29:58.847318+00:00,https://api.mfapi.in/mf/125497
125497,HDFC Top 100 Direct,125497,SBI Small Cap Fund - Direct Plan - Growth,SBI Mutual Fund,Open Ended Schemes,Equity Scheme - Small Cap Fund,2019-05-08,53.8583,2026-06-23T05:29:58.847318+00:00,https://api.mfapi.in/mf/125497
125497,HDFC Top 100 Direct,125497,SBI Small Cap Fund - Direct Plan - Growth,SBI Mutual Fund,Open Ended Schemes,Equity Scheme - Small Cap Fund,2019-05-07,54.3424,2026-06-23T05:29:58.847318+00:00,https://api.mfapi.in/mf/125497
125497,HDFC Top 100 Direct,125497,SBI Small Cap Fund - Direct Plan - Growth,SBI Mutual Fund,Open Ended Schemes,Equity Scheme - Small Cap Fund,2019-05-06,54.4976,2026-06-23T05:29:58.847318+00:00,https://api.mfapi.in/mf/125497
125497,HDFC Top 100 Direct,125497,SBI Small Cap Fund - Direct Plan - Growth,SBI Mutual Fund,Open Ended Schemes,Equity Scheme - Small Cap Fund,2019-05-03,54.897,2026-06-23T05:29:58.847318+00:00,https://api.mfapi.in/mf/125497
125497,HDFC Top 100 Direct,125497,SBI Small Cap Fund - Direct Plan - Growth,SBI Mutual Fund,Open Ended Schemes,Equity Scheme - Small Cap Fund,2019-05-02,55.0024,2026-06-23T05:29:58.847318+00:00,https://api.mfapi.in/mf/125497
125497,HDFC Top 100 Direct,125497,SBI Small Cap Fund - Direct Plan - Growth,SBI Mutual Fund,Open Ended Schemes,Equity Scheme - Small Cap Fund,2019-04-30,55.083,2026-06-23T05:29:58.847318+00:00,https://api.mfapi.in/mf/125497
125497,HDFC Top 100 Direct,125497,SBI Small Cap Fund - Direct Plan - Growth,SBI Mutual Fund,Open Ended Schemes,Equity Scheme - Small Cap Fund,2019-04-26,55.3187,2026-06-23T05:29:58.847318+00:00,https://api.mfapi.in/mf/125497
125497,HDFC Top 100 Direct,125497,SBI Small Cap Fund - Direct Plan - Growth,SBI Mutual Fund,Open Ended Schemes,Equity Scheme - Small Cap Fund,2019-04-25,55.3592,2026-06-23T05:29:58.847318+00:00,https://api.mfapi.in/mf/125497
125497,HDFC Top 100 Direct,125497,SBI Small Cap Fund - Direct Plan - Growth,SBI Mutual Fund,Open Ended Schemes,Equity Scheme - Small Cap Fund,2019-04-24,55.2723,2026-06-23T05:29:58.847318+00:00,https://api.mfapi.in/mf/125497
125497,HDFC Top 100 Direct,125497,SBI Small Cap Fund - Direct Plan - Growth,SBI Mutual Fund,Open Ended Schemes,Equity Scheme - Small Cap Fund,2019-04-23,55.0555,2026-06-23T05:29:58.847318+00:00,https://api.mfapi.in/mf/125497
125497,HDFC Top 100 Direct,125497,SBI Small Cap Fund - Direct Plan - Growth,SBI Mutual Fund,Open Ended Schemes,Equity Scheme - Small Cap Fund,2019-04-22,54.9458,2026-06-23T05:29:58.847318+00:00,https://api.mfapi.in/mf/125497
125497,HDFC Top 100 Direct,125497,SBI Small Cap Fund - Direct Plan - Growth,SBI Mutual Fund,Open Ended Schemes,Equity Scheme - Small Cap Fund,2019-04-18,55.7232,2026-06-23T05:29:58.847318+00:00,https://api.mfapi.in/mf/125497
125497,HDFC Top 100 Direct,125497,SBI Small Cap Fund - Direct Plan - Growth,SBI Mutual Fund,Open Ended Schemes,Equity Scheme - Small Cap Fund,2019-04-16,56.1267,2026-06-23T05:29:58.847318+00:00,https://api.mfapi.in/mf/125497
125497,HDFC Top 100 Direct,125497,SBI Small Cap Fund - Direct Plan - Growth,SBI Mutual Fund,Open Ended Schemes,Equity Scheme - Small Cap Fund,2019-04-15,56.1536,2026-06-23T05:29:58.847318+00:00,https://api.mfapi.in/mf/125497
125497,HDFC Top 100 Direct,125497,SBI Small Cap Fund - Direct Plan - Growth,SBI Mutual Fund,Open Ended Schemes,Equity Scheme - Small Cap Fund,2019-04-12,55.9226,2026-06-23T05:29:58.847318+00:00,https://api.mfapi.in/mf/125497
125497,HDFC Top 100 Direct,125497,SBI Small Cap Fund - Direct Plan - Growth,SBI Mutual Fund,Open Ended Schemes,Equity Scheme - Small Cap Fund,2019-04-11,55.7987,2026-06-23T05:29:58.847318+00:00,https://api.mfapi.in/mf/125497
125497,HDFC Top 100 Direct,125497,SBI Small Cap Fund - Direct Plan - Growth,SBI Mutual Fund,Open Ended Schemes,Equity Scheme - Small Cap Fund,2019-04-10,55.6388,2026-06-23T05:29:58.847318+00:00,https://api.mfapi.in/mf/125497
125497,HDFC Top 100 Direct,125497,SBI Small Cap Fund - Direct Plan - Growth,SBI Mutual Fund,Open Ended Schemes,Equity Scheme - Small Cap Fund,2019-04-09,55.6612,2026-06-23T05:29:58.847318+00:00,https://api.mfapi.in/mf/125497
125497,HDFC Top 100 Direct,125497,SBI Small Cap Fund - Direct Plan - Growth,SBI Mutual Fund,Open Ended Schemes,Equity Scheme - Small Cap Fund,2019-04-08,55.8828,2026-06-23T05:29:58.847318+00:00,https://api.mfapi.in/mf/125497
125497,HDFC Top 100 Direct,125497,SBI Small Cap Fund - Direct Plan - Growth,SBI Mutual Fund,Open Ended Schemes,Equity Scheme - Small Cap Fund,2019-04-05,56.0191,2026-06-23T05:29:58.847318+00:00,https://api.mfapi.in/mf/125497
125497,HDFC Top 100 Direct,125497,SBI Small Cap Fund - Direct Plan - Growth,SBI Mutual Fund,Open Ended Schemes,Equity Scheme - Small Cap Fund,2019-04-04,55.6447,2026-06-23T05:29:58.847318+00:00,https://api.mfapi.in/mf/125497
125497,HDFC Top 100 Direct,125497,SBI Small Cap Fund - Direct Plan - Growth,SBI Mutual Fund,Open Ended Schemes,Equity Scheme - Small Cap Fund,2019-04-03,55.6601,2026-06-23T05:29:58.847318+00:00,https://api.mfapi.in/mf/125497
125497,HDFC Top 100 Direct,125497,SBI Small Cap Fund - Direct Plan - Growth,SBI Mutual Fund,Open Ended Schemes,Equity Scheme - Small Cap Fund,2019-04-02,56.0011,2026-06-23T05:29:58.847318+00:00,https://api.mfapi.in/mf/125497
125497,HDFC Top 100 Direct,125497,SBI Small Cap Fund - Direct Plan - Growth,SBI Mutual Fund,Open Ended Schemes,Equity Scheme - Small Cap Fund,2019-04-01,56.1772,2026-06-23T05:29:58.847318+00:00,https://api.mfapi.in/mf/125497
125497,HDFC Top 100 Direct,125497,SBI Small Cap Fund - Direct Plan - Growth,SBI Mutual Fund,Open Ended Schemes,Equity Scheme - Small Cap Fund,2019-03-29,55.663,2026-06-23T05:29:58.847318+00:00,https://api.mfapi.in/mf/125497
125497,HDFC Top 100 Direct,125497,SBI Small Cap Fund - Direct Plan - Growth,SBI Mutual Fund,Open Ended Schemes,Equity Scheme - Small Cap Fund,2019-03-28,54.7581,2026-06-23T05:29:58.847318+00:00,https://api.mfapi.in/mf/125497
125497,HDFC Top 100 Direct,125497,SBI Small Cap Fund - Direct Plan - Growth,SBI Mutual Fund,Open Ended Schemes,Equity Scheme - Small Cap Fund,2019-03-27,54.46,2026-06-23T05:29:58.847318+00:00,https://api.mfapi.in/mf/125497
125497,HDFC Top 100 Direct,125497,SBI Small Cap Fund - Direct Plan - Growth,SBI Mutual Fund,Open Ended Schemes,Equity Scheme - Small Cap Fund,2019-03-26,54.4065,2026-06-23T05:29:58.847318+00:00,https://api.mfapi.in/mf/125497
125497,HDFC Top 100 Direct,125497,SBI Small Cap Fund - Direct Plan - Growth,SBI Mutual Fund,Open Ended Schemes,Equity Scheme - Small Cap Fund,2019-03-25,54.0256,2026-06-23T05:29:58.847318+00:00,https://api.mfapi.in/mf/125497
125497,HDFC Top 100 Direct,125497,SBI Small Cap Fund - Direct Plan - Growth,SBI Mutual Fund,Open Ended Schemes,Equity Scheme - Small Cap Fund,2019-03-22,54.6498,2026-06-23T05:29:58.847318+00:00,https://api.mfapi.in/mf/125497
125497,HDFC Top 100 Direct,125497,SBI Small Cap Fund - Direct Plan - Growth,SBI Mutual Fund,Open Ended Schemes,Equity Scheme - Small Cap Fund,2019-03-20,54.7637,2026-06-23T05:29:58.847318+00:00,https://api.mfapi.in/mf/125497
125497,HDFC Top 100 Direct,125497,SBI Small Cap Fund - Direct Plan - Growth,SBI Mutual Fund,Open Ended Schemes,Equity Scheme - Small Cap Fund,2019-03-19,55.1238,2026-06-23T05:29:58.847318+00:00,https://api.mfapi.in/mf/125497
125497,HDFC Top 100 Direct,125497,SBI Small Cap Fund - Direct Plan - Growth,SBI Mutual Fund,Open Ended Schemes,Equity Scheme - Small Cap Fund,2019-03-18,54.8356,2026-06-23T05:29:58.847318+00:00,https://api.mfapi.in/mf/125497
125497,HDFC Top 100 Direct,125497,SBI Small Cap Fund - Direct Plan - Growth,SBI Mutual Fund,Open Ended Schemes,Equity Scheme - Small Cap Fund,2019-03-15,54.8323,2026-06-23T05:29:58.847318+00:00,https://api.mfapi.in/mf/125497
125497,HDFC Top 100 Direct,125497,SBI Small Cap Fund - Direct Plan - Growth,SBI Mutual Fund,Open Ended Schemes,Equity Scheme - Small Cap Fund,2019-03-14,55.0181,2026-06-23T05:29:58.847318+00:00,https://api.mfapi.in/mf/125497
125497,HDFC Top 100 Direct,125497,SBI Small Cap Fund - Direct Plan - Growth,SBI Mutual Fund,Open Ended Schemes,Equity Scheme - Small Cap Fund,2019-03-13,55.1959,2026-06-23T05:29:58.847318+00:00,https://api.mfapi.in/mf/125497
125497,HDFC Top 100 Direct,125497,SBI Small Cap Fund - Direct Plan - Growth,SBI Mutual Fund,Open Ended Schemes,Equity Scheme - Small Cap Fund,2019-03-12,55.2773,2026-06-23T05:29:58.847318+00:00,https://api.mfapi.in/mf/125497
125497,HDFC Top 100 Direct,125497,SBI Small Cap Fund - Direct Plan - Growth,SBI Mutual Fund,Open Ended Schemes,Equity Scheme - Small Cap Fund,2019-03-11,54.7406,2026-06-23T05:29:58.847318+00:00,https://api.mfapi.in/mf/125497
125497,HDFC Top 100 Direct,125497,SBI Small Cap Fund - Direct Plan - Growth,SBI Mutual Fund,Open Ended Schemes,Equity Scheme - Small Cap Fund,2019-03-08,53.9401,2026-06-23T05:29:58.847318+00:00,https://api.mfapi.in/mf/125497
125497,HDFC Top 100 Direct,125497,SBI Small Cap Fund - Direct Plan - Growth,SBI Mutual Fund,Open Ended Schemes,Equity Scheme - Small Cap Fund,2019-03-07,53.7052,2026-06-23T05:29:58.847318+00:00,https://api.mfapi.in/mf/125497
125497,HDFC Top 100 Direct,125497,SBI Small Cap Fund - Direct Plan - Growth,SBI Mutual Fund,Open Ended Schemes,Equity Scheme - Small Cap Fund,2019-03-06,53.2436,2026-06-23T05:29:58.847318+00:00,https://api.mfapi.in/mf/125497
125497,HDFC Top 100 Direct,125497,SBI Small Cap Fund - Direct Plan - Growth,SBI Mutual Fund,Open Ended Schemes,Equity Scheme - Small Cap Fund,2019-03-05,52.7007,2026-06-23T05:29:58.847318+00:00,https://api.mfapi.in/mf/125497
125497,HDFC Top 100 Direct,125497,SBI Small Cap Fund - Direct Plan - Growth,SBI Mutual Fund,Open Ended Schemes,Equity Scheme - Small Cap Fund,2019-03-01,51.4418,2026-06-23T05:29:58.847318+00:00,https://api.mfapi.in/mf/125497
125497,HDFC Top 100 Direct,125497,SBI Small Cap Fund - Direct Plan - Growth,SBI Mutual Fund,Open Ended Schemes,Equity Scheme - Small Cap Fund,2019-02-28,50.7717,2026-06-23T05:29:58.847318+00:00,https://api.mfapi.in/mf/125497
125497,HDFC Top 100 Direct,125497,SBI Small Cap Fund - Direct Plan - Growth,SBI Mutual Fund,Open Ended Schemes,Equity Scheme - Small Cap Fund,2019-02-27,50.6695,2026-06-23T05:29:58.847318+00:00,https://api.mfapi.in/mf/125497
125497,HDFC Top 100 Direct,125497,SBI Small Cap Fund - Direct Plan - Growth,SBI Mutual Fund,Open Ended Schemes,Equity Scheme - Small Cap Fund,2019-02-26,50.9392,2026-06-23T05:29:58.847318+00:00,https://api.mfapi.in/mf/125497
125497,HDFC Top 100 Direct,125497,SBI Small Cap Fund - Direct Plan - Growth,SBI Mutual Fund,Open Ended Schemes,Equity Scheme - Small Cap Fund,2019-02-25,51.1544,2026-06-23T05:29:58.847318+00:00,https://api.mfapi.in/mf/125497
125497,HDFC Top 100 Direct,125497,SBI Small Cap Fund - Direct Plan - Growth,SBI Mutual Fund,Open Ended Schemes,Equity Scheme - Small Cap Fund,2019-02-22,51.1164,2026-06-23T05:29:58.847318+00:00,https://api.mfapi.in/mf/125497
125497,HDFC Top 100 Direct,125497,SBI Small Cap Fund - Direct Plan - Growth,SBI Mutual Fund,Open Ended Schemes,Equity Scheme - Small Cap Fund,2019-02-21,50.8863,2026-06-23T05:29:58.847318+00:00,https://api.mfapi.in/mf/125497
125497,HDFC Top 100 Direct,125497,SBI Small Cap Fund - Direct Plan - Growth,SBI Mutual Fund,Open Ended Schemes,Equity Scheme - Small Cap Fund,2019-02-20,50.5134,2026-06-23T05:29:58.847318+00:00,https://api.mfapi.in/mf/125497
125497,HDFC Top 100 Direct,125497,SBI Small Cap Fund - Direct Plan - Growth,SBI Mutual Fund,Open Ended Schemes,Equity Scheme - Small Cap Fund,2019-02-19,50.1932,2026-06-23T05:29:58.847318+00:00,https://api.mfapi.in/mf/125497
125497,HDFC Top 100 Direct,125497,SBI Small Cap Fund - Direct Plan - Growth,SBI Mutual Fund,Open Ended Schemes,Equity Scheme - Small Cap Fund,2019-02-18,49.7231,2026-06-23T05:29:58.847318+00:00,https://api.mfapi.in/mf/125497
125497,HDFC Top 100 Direct,125497,SBI Small Cap Fund - Direct Plan - Growth,SBI Mutual Fund,Open Ended Schemes,Equity Scheme - Small Cap Fund,2019-02-15,49.8363,2026-06-23T05:29:58.847318+00:00,https://api.mfapi.in/mf/125497
125497,HDFC Top 100 Direct,125497,SBI Small Cap Fund - Direct Plan - Growth,SBI Mutual Fund,Open Ended Schemes,Equity Scheme - Small Cap Fund,2019-02-14,50.0246,2026-06-23T05:29:58.847318+00:00,https://api.mfapi.in/mf/125497
125497,HDFC Top 100 Direct,125497,SBI Small Cap Fund - Direct Plan - Growth,SBI Mutual Fund,Open Ended Schemes,Equity Scheme - Small Cap Fund,2019-02-13,49.9159,2026-06-23T05:29:58.847318+00:00,https://api.mfapi.in/mf/125497
125497,HDFC Top 100 Direct,125497,SBI Small Cap Fund - Direct Plan - Growth,SBI Mutual Fund,Open Ended Schemes,Equity Scheme - Small Cap Fund,2019-02-12,49.9865,2026-06-23T05:29:58.847318+00:00,https://api.mfapi.in/mf/125497
125497,HDFC Top 100 Direct,125497,SBI Small Cap Fund - Direct Plan - Growth,SBI Mutual Fund,Open Ended Schemes,Equity Scheme - Small Cap Fund,2019-02-11,50.1417,2026-06-23T05:29:58.847318+00:00,https://api.mfapi.in/mf/125497
125497,HDFC Top 100 Direct,125497,SBI Small Cap Fund - Direct Plan - Growth,SBI Mutual Fund,Open Ended Schemes,Equity Scheme - Small Cap Fund,2019-02-08,50.5532,2026-06-23T05:29:58.847318+00:00,https://api.mfapi.in/mf/125497
125497,HDFC Top 100 Direct,125497,SBI Small Cap Fund - Direct Plan - Growth,SBI Mutual Fund,Open Ended Schemes,Equity Scheme - Small Cap Fund,2019-02-07,50.8924,2026-06-23T05:29:58.847318+00:00,https://api.mfapi.in/mf/125497
125497,HDFC Top 100 Direct,125497,SBI Small Cap Fund - Direct Plan - Growth,SBI Mutual Fund,Open Ended Schemes,Equity Scheme - Small Cap Fund,2019-02-06,50.5395,2026-06-23T05:29:58.847318+00:00,https://api.mfapi.in/mf/125497
125497,HDFC Top 100 Direct,125497,SBI Small Cap Fund - Direct Plan - Growth,SBI Mutual Fund,Open Ended Schemes,Equity Scheme - Small Cap Fund,2019-02-05,50.7151,2026-06-23T05:29:58.847318+00:00,https://api.mfapi.in/mf/125497
125497,HDFC Top 100 Direct,125497,SBI Small Cap Fund - Direct Plan - Growth,SBI Mutual Fund,Open Ended Schemes,Equity Scheme - Small Cap Fund,2019-02-04,51.0358,2026-06-23T05:29:58.847318+00:00,https://api.mfapi.in/mf/125497
125497,HDFC Top 100 Direct,125497,SBI Small Cap Fund - Direct Plan - Growth,SBI Mutual Fund,Open Ended Schemes,Equity Scheme - Small Cap Fund,2019-02-01,51.2972,2026-06-23T05:29:58.847318+00:00,https://api.mfapi.in/mf/125497
125497,HDFC Top 100 Direct,125497,SBI Small Cap Fund - Direct Plan - Growth,SBI Mutual Fund,Open Ended Schemes,Equity Scheme - Small Cap Fund,2019-01-31,51.3507,2026-06-23T05:29:58.847318+00:00,https://api.mfapi.in/mf/125497
125497,HDFC Top 100 Direct,125497,SBI Small Cap Fund - Direct Plan - Growth,SBI Mutual Fund,Open Ended Schemes,Equity Scheme - Small Cap Fund,2019-01-30,51.0055,2026-06-23T05:29:58.847318+00:00,https://api.mfapi.in/mf/125497
125497,HDFC Top 100 Direct,125497,SBI Small Cap Fund - Direct Plan - Growth,SBI Mutual Fund,Open Ended Schemes,Equity Scheme - Small Cap Fund,2019-01-29,51.0547,2026-06-23T05:29:58.847318+00:00,https://api.mfapi.in/mf/125497
125497,HDFC Top 100 Direct,125497,SBI Small Cap Fund - Direct Plan - Growth,SBI Mutual Fund,Open Ended Schemes,Equity Scheme - Small Cap Fund,2019-01-28,51.0862,2026-06-23T05:29:58.847318+00:00,https://api.mfapi.in/mf/125497
125497,HDFC Top 100 Direct,125497,SBI Small Cap Fund - Direct Plan - Growth,SBI Mutual Fund,Open Ended Schemes,Equity Scheme - Small Cap Fund,2019-01-25,51.8002,2026-06-23T05:29:58.847318+00:00,https://api.mfapi.in/mf/125497
125497,HDFC Top 100 Direct,125497,SBI Small Cap Fund - Direct Plan - Growth,SBI Mutual Fund,Open Ended Schemes,Equity Scheme - Small Cap Fund,2019-01-24,52.2905,2026-06-23T05:29:58.847318+00:00,https://api.mfapi.in/mf/125497
125497,HDFC Top 100 Direct,125497,SBI Small Cap Fund - Direct Plan - Growth,SBI Mutual Fund,Open Ended Schemes,Equity Scheme - Small Cap Fund,2019-01-23,52.2713,2026-06-23T05:29:58.847318+00:00,https://api.mfapi.in/mf/125497
125497,HDFC Top 100 Direct,125497,SBI Small Cap Fund - Direct Plan - Growth,SBI Mutual Fund,Open Ended Schemes,Equity Scheme - Small Cap Fund,2019-01-22,52.5351,2026-06-23T05:29:58.847318+00:00,https://api.mfapi.in/mf/125497
125497,HDFC Top 100 Direct,125497,SBI Small Cap Fund - Direct Plan - Growth,SBI Mutual Fund,Open Ended Schemes,Equity Scheme - Small Cap Fund,2019-01-21,52.858,2026-06-23T05:29:58.847318+00:00,https://api.mfapi.in/mf/125497
125497,HDFC Top 100 Direct,125497,SBI Small Cap Fund - Direct Plan - Growth,SBI Mutual Fund,Open Ended Schemes,Equity Scheme - Small Cap Fund,2019-01-18,53.071,2026-06-23T05:29:58.847318+00:00,https://api.mfapi.in/mf/125497
125497,HDFC Top 100 Direct,125497,SBI Small Cap Fund - Direct Plan - Growth,SBI Mutual Fund,Open Ended Schemes,Equity Scheme - Small Cap Fund,2019-01-17,53.1674,2026-06-23T05:29:58.847318+00:00,https://api.mfapi.in/mf/125497
125497,HDFC Top 100 Direct,125497,SBI Small Cap Fund - Direct Plan - Growth,SBI Mutual Fund,Open Ended Schemes,Equity Scheme - Small Cap Fund,2019-01-16,53.2055,2026-06-23T05:29:58.847318+00:00,https://api.mfapi.in/mf/125497
125497,HDFC Top 100 Direct,125497,SBI Small Cap Fund - Direct Plan - Growth,SBI Mutual Fund,Open Ended Schemes,Equity Scheme - Small Cap Fund,2019-01-15,53.2756,2026-06-23T05:29:58.847318+00:00,https://api.mfapi.in/mf/125497
125497,HDFC Top 100 Direct,125497,SBI Small Cap Fund - Direct Plan - Growth,SBI Mutual Fund,Open Ended Schemes,Equity Scheme - Small Cap Fund,2019-01-14,53.1547,2026-06-23T05:29:58.847318+00:00,https://api.mfapi.in/mf/125497
125497,HDFC Top 100 Direct,125497,SBI Small Cap Fund - Direct Plan - Growth,SBI Mutual Fund,Open Ended Schemes,Equity Scheme - Small Cap Fund,2019-01-11,53.1862,2026-06-23T05:29:58.847318+00:00,https://api.mfapi.in/mf/125497
125497,HDFC Top 100 Direct,125497,SBI Small Cap Fund - Direct Plan - Growth,SBI Mutual Fund,Open Ended Schemes,Equity Scheme - Small Cap Fund,2019-01-10,53.2423,2026-06-23T05:29:58.847318+00:00,https://api.mfapi.in/mf/125497
125497,HDFC Top 100 Direct,125497,SBI Small Cap Fund - Direct Plan - Growth,SBI Mutual Fund,Open Ended Schemes,Equity Scheme - Small Cap Fund,2019-01-09,53.2998,2026-06-23T05:29:58.847318+00:00,https://api.mfapi.in/mf/125497
125497,HDFC Top 100 Direct,125497,SBI Small Cap Fund - Direct Plan - Growth,SBI Mutual Fund,Open Ended Schemes,Equity Scheme - Small Cap Fund,2019-01-08,53.2516,2026-06-23T05:29:58.847318+00:00,https://api.mfapi.in/mf/125497
125497,HDFC Top 100 Direct,125497,SBI Small Cap Fund - Direct Plan - Growth,SBI Mutual Fund,Open Ended Schemes,Equity Scheme - Small Cap Fund,2019-01-07,53.4187,2026-06-23T05:29:58.847318+00:00,https://api.mfapi.in/mf/125497
125497,HDFC Top 100 Direct,125497,SBI Small Cap Fund - Direct Plan - Growth,SBI Mutual Fund,Open Ended Schemes,Equity Scheme - Small Cap Fund,2019-01-04,53.3289,2026-06-23T05:29:58.847318+00:00,https://api.mfapi.in/mf/125497
125497,HDFC Top 100 Direct,125497,SBI Small Cap Fund - Direct Plan - Growth,SBI Mutual Fund,Open Ended Schemes,Equity Scheme - Small Cap Fund,2019-01-03,53.5067,2026-06-23T05:29:58.847318+00:00,https://api.mfapi.in/mf/125497
125497,HDFC Top 100 Direct,125497,SBI Small Cap Fund - Direct Plan - Growth,SBI Mutual Fund,Open Ended Schemes,Equity Scheme - Small Cap Fund,2019-01-02,53.7148,2026-06-23T05:29:58.847318+00:00,https://api.mfapi.in/mf/125497
125497,HDFC Top 100 Direct,125497,SBI Small Cap Fund - Direct Plan - Growth,SBI Mutual Fund,Open Ended Schemes,Equity Scheme - Small Cap Fund,2019-01-01,53.818,2026-06-23T05:29:58.847318+00:00,https://api.mfapi.in/mf/125497
125497,HDFC Top 100 Direct,125497,SBI Small Cap Fund - Direct Plan - Growth,SBI Mutual Fund,Open Ended Schemes,Equity Scheme - Small Cap Fund,2018-12-31,53.8265,2026-06-23T05:29:58.847318+00:00,https://api.mfapi.in/mf/125497
125497,HDFC Top 100 Direct,125497,SBI Small Cap Fund - Direct Plan - Growth,SBI Mutual Fund,Open Ended Schemes,Equity Scheme - Small Cap Fund,2018-12-28,53.5178,2026-06-23T05:29:58.847318+00:00,https://api.mfapi.in/mf/125497
125497,HDFC Top 100 Direct,125497,SBI Small Cap Fund - Direct Plan - Growth,SBI Mutual Fund,Open Ended Schemes,Equity Scheme - Small Cap Fund,2018-12-27,53.0365,2026-06-23T05:29:58.847318+00:00,https://api.mfapi.in/mf/125497
125497,HDFC Top 100 Direct,125497,SBI Small Cap Fund - Direct Plan - Growth,SBI Mutual Fund,Open Ended Schemes,Equity Scheme - Small Cap Fund,2018-12-26,52.817,2026-06-23T05:29:58.847318+00:00,https://api.mfapi.in/mf/125497
125497,HDFC Top 100 Direct,125497,SBI Small Cap Fund - Direct Plan - Growth,SBI Mutual Fund,Open Ended Schemes,Equity Scheme - Small Cap Fund,2018-12-24,52.8045,2026-06-23T05:29:58.847318+00:00,https://api.mfapi.in/mf/125497
125497,HDFC Top 100 Direct,125497,SBI Small Cap Fund - Direct Plan - Growth,SBI Mutual Fund,Open Ended Schemes,Equity Scheme - Small Cap Fund,2018-12-21,53.5026,2026-06-23T05:29:58.847318+00:00,https://api.mfapi.in/mf/125497
125497,HDFC Top 100 Direct,125497,SBI Small Cap Fund - Direct Plan - Growth,SBI Mutual Fund,Open Ended Schemes,Equity Scheme - Small Cap Fund,2018-12-20,54.1591,2026-06-23T05:29:58.847318+00:00,https://api.mfapi.in/mf/125497
125497,HDFC Top 100 Direct,125497,SBI Small Cap Fund - Direct Plan - Growth,SBI Mutual Fund,Open Ended Schemes,Equity Scheme - Small Cap Fund,2018-12-19,54.0589,2026-06-23T05:29:58.847318+00:00,https://api.mfapi.in/mf/125497
125497,HDFC Top 100 Direct,125497,SBI Small Cap Fund - Direct Plan - Growth,SBI Mutual Fund,Open Ended Schemes,Equity Scheme - Small Cap Fund,2018-12-18,53.4937,2026-06-23T05:29:58.847318+00:00,https://api.mfapi.in/mf/125497
125497,HDFC Top 100 Direct,125497,SBI Small Cap Fund - Direct Plan - Growth,SBI Mutual Fund,Open Ended Schemes,Equity Scheme - Small Cap Fund,2018-12-17,53.2949,2026-06-23T05:29:58.847318+00:00,https://api.mfapi.in/mf/125497
125497,HDFC Top 100 Direct,125497,SBI Small Cap Fund - Direct Plan - Growth,SBI Mutual Fund,Open Ended Schemes,Equity Scheme - Small Cap Fund,2018-12-14,53.0898,2026-06-23T05:29:58.847318+00:00,https://api.mfapi.in/mf/125497
125497,HDFC Top 100 Direct,125497,SBI Small Cap Fund - Direct Plan - Growth,SBI Mutual Fund,Open Ended Schemes,Equity Scheme - Small Cap Fund,2018-12-13,53.0474,2026-06-23T05:29:58.847318+00:00,https://api.mfapi.in/mf/125497
125497,HDFC Top 100 Direct,125497,SBI Small Cap Fund - Direct Plan - Growth,SBI Mutual Fund,Open Ended Schemes,Equity Scheme - Small Cap Fund,2018-12-12,52.6722,2026-06-23T05:29:58.847318+00:00,https://api.mfapi.in/mf/125497
125497,HDFC Top 100 Direct,125497,SBI Small Cap Fund - Direct Plan - Growth,SBI Mutual Fund,Open Ended Schemes,Equity Scheme - Small Cap Fund,2018-12-11,51.6933,2026-06-23T05:29:58.847318+00:00,https://api.mfapi.in/mf/125497
125497,HDFC Top 100 Direct,125497,SBI Small Cap Fund - Direct Plan - Growth,SBI Mutual Fund,Open Ended Schemes,Equity Scheme - Small Cap Fund,2018-12-10,51.301,2026-06-23T05:29:58.847318+00:00,https://api.mfapi.in/mf/125497
125497,HDFC Top 100 Direct,125497,SBI Small Cap Fund - Direct Plan - Growth,SBI Mutual Fund,Open Ended Schemes,Equity Scheme - Small Cap Fund,2018-12-07,52.0078,2026-06-23T05:29:58.847318+00:00,https://api.mfapi.in/mf/125497
125497,HDFC Top 100 Direct,125497,SBI Small Cap Fund - Direct Plan - Growth,SBI Mutual Fund,Open Ended Schemes,Equity Scheme - Small Cap Fund,2018-12-06,51.9051,2026-06-23T05:29:58.847318+00:00,https://api.mfapi.in/mf/125497
125497,HDFC Top 100 Direct,125497,SBI Small Cap Fund - Direct Plan - Growth,SBI Mutual Fund,Open Ended Schemes,Equity Scheme - Small Cap Fund,2018-12-05,52.5267,2026-06-23T05:29:58.847318+00:00,https://api.mfapi.in/mf/125497
125497,HDFC Top 100 Direct,125497,SBI Small Cap Fund - Direct Plan - Growth,SBI Mutual Fund,Open Ended Schemes,Equity Scheme - Small Cap Fund,2018-12-04,52.9458,2026-06-23T05:29:58.847318+00:00,https://api.mfapi.in/mf/125497
125497,HDFC Top 100 Direct,125497,SBI Small Cap Fund - Direct Plan - Growth,SBI Mutual Fund,Open Ended Schemes,Equity Scheme - Small Cap Fund,2018-12-03,52.7747,2026-06-23T05:29:58.847318+00:00,https://api.mfapi.in/mf/125497
125497,HDFC Top 100 Direct,125497,SBI Small Cap Fund - Direct Plan - Growth,SBI Mutual Fund,Open Ended Schemes,Equity Scheme - Small Cap Fund,2018-11-30,52.7422,2026-06-23T05:29:58.847318+00:00,https://api.mfapi.in/mf/125497
125497,HDFC Top 100 Direct,125497,SBI Small Cap Fund - Direct Plan - Growth,SBI Mutual Fund,Open Ended Schemes,Equity Scheme - Small Cap Fund,2018-11-29,52.4969,2026-06-23T05:29:58.847318+00:00,https://api.mfapi.in/mf/125497
125497,HDFC Top 100 Direct,125497,SBI Small Cap Fund - Direct Plan - Growth,SBI Mutual Fund,Open Ended Schemes,Equity Scheme - Small Cap Fund,2018-11-28,52.4448,2026-06-23T05:29:58.847318+00:00,https://api.mfapi.in/mf/125497
125497,HDFC Top 100 Direct,125497,SBI Small Cap Fund - Direct Plan - Growth,SBI Mutual Fund,Open Ended Schemes,Equity Scheme - Small Cap Fund,2018-11-27,52.3787,2026-06-23T05:29:58.847318+00:00,https://api.mfapi.in/mf/125497
125497,HDFC Top 100 Direct,125497,SBI Small Cap Fund - Direct Plan - Growth,SBI Mutual Fund,Open Ended Schemes,Equity Scheme - Small Cap Fund,2018-11-26,52.3692,2026-06-23T05:29:58.847318+00:00,https://api.mfapi.in/mf/125497
125497,HDFC Top 100 Direct,125497,SBI Small Cap Fund - Direct Plan - Growth,SBI Mutual Fund,Open Ended Schemes,Equity Scheme - Small Cap Fund,2018-11-22,52.5867,2026-06-23T05:29:58.847318+00:00,https://api.mfapi.in/mf/125497
125497,HDFC Top 100 Direct,125497,SBI Small Cap Fund - Direct Plan - Growth,SBI Mutual Fund,Open Ended Schemes,Equity Scheme - Small Cap Fund,2018-11-21,52.6805,2026-06-23T05:29:58.847318+00:00,https://api.mfapi.in/mf/125497
125497,HDFC Top 100 Direct,125497,SBI Small Cap Fund - Direct Plan - Growth,SBI Mutual Fund,Open Ended Schemes,Equity Scheme - Small Cap Fund,2018-11-20,52.7118,2026-06-23T05:29:58.847318+00:00,https://api.mfapi.in/mf/125497
125497,HDFC Top 100 Direct,125497,SBI Small Cap Fund - Direct Plan - Growth,SBI Mutual Fund,Open Ended Schemes,Equity Scheme - Small Cap Fund,2018-11-19,53.029,2026-06-23T05:29:58.847318+00:00,https://api.mfapi.in/mf/125497
125497,HDFC Top 100 Direct,125497,SBI Small Cap Fund - Direct Plan - Growth,SBI Mutual Fund,Open Ended Schemes,Equity Scheme - Small Cap Fund,2018-11-16,52.5647,2026-06-23T05:29:58.847318+00:00,https://api.mfapi.in/mf/125497
125497,HDFC Top 100 Direct,125497,SBI Small Cap Fund - Direct Plan - Growth,SBI Mutual Fund,Open Ended Schemes,Equity Scheme - Small Cap Fund,2018-11-15,52.6406,2026-06-23T05:29:58.847318+00:00,https://api.mfapi.in/mf/125497
125497,HDFC Top 100 Direct,125497,SBI Small Cap Fund - Direct Plan - Growth,SBI Mutual Fund,Open Ended Schemes,Equity Scheme - Small Cap Fund,2018-11-14,52.847,2026-06-23T05:29:58.847318+00:00,https://api.mfapi.in/mf/125497
125497,HDFC Top 100 Direct,125497,SBI Small Cap Fund - Direct Plan - Growth,SBI Mutual Fund,Open Ended Schemes,Equity Scheme - Small Cap Fund,2018-11-13,52.6014,2026-06-23T05:29:58.847318+00:00,https://api.mfapi.in/mf/125497
125497,HDFC Top 100 Direct,125497,SBI Small Cap Fund - Direct Plan - Growth,SBI Mutual Fund,Open Ended Schemes,Equity Scheme - Small Cap Fund,2018-11-12,52.6627,2026-06-23T05:29:58.847318+00:00,https://api.mfapi.in/mf/125497
125497,HDFC Top 100 Direct,125497,SBI Small Cap Fund - Direct Plan - Growth,SBI Mutual Fund,Open Ended Schemes,Equity Scheme - Small Cap Fund,2018-11-09,53.0344,2026-06-23T05:29:58.847318+00:00,https://api.mfapi.in/mf/125497
125497,HDFC Top 100 Direct,125497,SBI Small Cap Fund - Direct Plan - Growth,SBI Mutual Fund,Open Ended Schemes,Equity Scheme - Small Cap Fund,2018-11-06,52.3747,2026-06-23T05:29:58.847318+00:00,https://api.mfapi.in/mf/125497
125497,HDFC Top 100 Direct,125497,SBI Small Cap Fund - Direct Plan - Growth,SBI Mutual Fund,Open Ended Schemes,Equity Scheme - Small Cap Fund,2018-11-05,52.4327,2026-06-23T05:29:58.847318+00:00,https://api.mfapi.in/mf/125497
125497,HDFC Top 100 Direct,125497,SBI Small Cap Fund - Direct Plan - Growth,SBI Mutual Fund,Open Ended Schemes,Equity Scheme - Small Cap Fund,2018-11-02,52.5668,2026-06-23T05:29:58.847318+00:00,https://api.mfapi.in/mf/125497
125497,HDFC Top 100 Direct,125497,SBI Small Cap Fund - Direct Plan - Growth,SBI Mutual Fund,Open Ended Schemes,Equity Scheme - Small Cap Fund,2018-11-01,52.0587,2026-06-23T05:29:58.847318+00:00,https://api.mfapi.in/mf/125497
125497,HDFC Top 100 Direct,125497,SBI Small Cap Fund - Direct Plan - Growth,SBI Mutual Fund,Open Ended Schemes,Equity Scheme - Small Cap Fund,2018-10-31,51.8851,2026-06-23T05:29:58.847318+00:00,https://api.mfapi.in/mf/125497
125497,HDFC Top 100 Direct,125497,SBI Small Cap Fund - Direct Plan - Growth,SBI Mutual Fund,Open Ended Schemes,Equity Scheme - Small Cap Fund,2018-10-30,51.4475,2026-06-23T05:29:58.847318+00:00,https://api.mfapi.in/mf/125497
125497,HDFC Top 100 Direct,125497,SBI Small Cap Fund - Direct Plan - Growth,SBI Mutual Fund,Open Ended Schemes,Equity Scheme - Small Cap Fund,2018-10-29,50.9297,2026-06-23T05:29:58.847318+00:00,https://api.mfapi.in/mf/125497
125497,HDFC Top 100 Direct,125497,SBI Small Cap Fund - Direct Plan - Growth,SBI Mutual Fund,Open Ended Schemes,Equity Scheme - Small Cap Fund,2018-10-26,50.3325,2026-06-23T05:29:58.847318+00:00,https://api.mfapi.in/mf/125497
125497,HDFC Top 100 Direct,125497,SBI Small Cap Fund - Direct Plan - Growth,SBI Mutual Fund,Open Ended Schemes,Equity Scheme - Small Cap Fund,2018-10-25,50.251,2026-06-23T05:29:58.847318+00:00,https://api.mfapi.in/mf/125497
125497,HDFC Top 100 Direct,125497,SBI Small Cap Fund - Direct Plan - Growth,SBI Mutual Fund,Open Ended Schemes,Equity Scheme - Small Cap Fund,2018-10-24,50.3952,2026-06-23T05:29:58.847318+00:00,https://api.mfapi.in/mf/125497
125497,HDFC Top 100 Direct,125497,SBI Small Cap Fund - Direct Plan - Growth,SBI Mutual Fund,Open Ended Schemes,Equity Scheme - Small Cap Fund,2018-10-23,50.1667,2026-06-23T05:29:58.847318+00:00,https://api.mfapi.in/mf/125497
125497,HDFC Top 100 Direct,125497,SBI Small Cap Fund - Direct Plan - Growth,SBI Mutual Fund,Open Ended Schemes,Equity Scheme - Small Cap Fund,2018-10-22,50.7772,2026-06-23T05:29:58.847318+00:00,https://api.mfapi.in/mf/125497
125497,HDFC Top 100 Direct,125497,SBI Small Cap Fund - Direct Plan - Growth,SBI Mutual Fund,Open Ended Schemes,Equity Scheme - Small Cap Fund,2018-10-19,51.425,2026-06-23T05:29:58.847318+00:00,https://api.mfapi.in/mf/125497
125497,HDFC Top 100 Direct,125497,SBI Small Cap Fund - Direct Plan - Growth,SBI Mutual Fund,Open Ended Schemes,Equity Scheme - Small Cap Fund,2018-10-17,51.9801,2026-06-23T05:29:58.847318+00:00,https://api.mfapi.in/mf/125497
125497,HDFC Top 100 Direct,125497,SBI Small Cap Fund - Direct Plan - Growth,SBI Mutual Fund,Open Ended Schemes,Equity Scheme - Small Cap Fund,2018-10-16,52.7174,2026-06-23T05:29:58.847318+00:00,https://api.mfapi.in/mf/125497
125497,HDFC Top 100 Direct,125497,SBI Small Cap Fund - Direct Plan - Growth,SBI Mutual Fund,Open Ended Schemes,Equity Scheme - Small Cap Fund,2018-10-15,52.1697,2026-06-23T05:29:58.847318+00:00,https://api.mfapi.in/mf/125497
125497,HDFC Top 100 Direct,125497,SBI Small Cap Fund - Direct Plan - Growth,SBI Mutual Fund,Open Ended Schemes,Equity Scheme - Small Cap Fund,2018-10-12,51.7944,2026-06-23T05:29:58.847318+00:00,https://api.mfapi.in/mf/125497
125497,HDFC Top 100 Direct,125497,SBI Small Cap Fund - Direct Plan - Growth,SBI Mutual Fund,Open Ended Schemes,Equity Scheme - Small Cap Fund,2018-10-11,51.0028,2026-06-23T05:29:58.847318+00:00,https://api.mfapi.in/mf/125497
125497,HDFC Top 100 Direct,125497,SBI Small Cap Fund - Direct Plan - Growth,SBI Mutual Fund,Open Ended Schemes,Equity Scheme - Small Cap Fund,2018-10-10,51.6901,2026-06-23T05:29:58.847318+00:00,https://api.mfapi.in/mf/125497
125497,HDFC Top 100 Direct,125497,SBI Small Cap Fund - Direct Plan - Growth,SBI Mutual Fund,Open Ended Schemes,Equity Scheme - Small Cap Fund,2018-10-09,49.9984,2026-06-23T05:29:58.847318+00:00,https://api.mfapi.in/mf/125497
125497,HDFC Top 100 Direct,125497,SBI Small Cap Fund - Direct Plan - Growth,SBI Mutual Fund,Open Ended Schemes,Equity Scheme - Small Cap Fund,2018-10-08,50.3191,2026-06-23T05:29:58.847318+00:00,https://api.mfapi.in/mf/125497
125497,HDFC Top 100 Direct,125497,SBI Small Cap Fund - Direct Plan - Growth,SBI Mutual Fund,Open Ended Schemes,Equity Scheme - Small Cap Fund,2018-10-05,51.0967,2026-06-23T05:29:58.847318+00:00,https://api.mfapi.in/mf/125497
125497,HDFC Top 100 Direct,125497,SBI Small Cap Fund - Direct Plan - Growth,SBI Mutual Fund,Open Ended Schemes,Equity Scheme - Small Cap Fund,2018-10-04,51.9575,2026-06-23T05:29:58.847318+00:00,https://api.mfapi.in/mf/125497
125497,HDFC Top 100 Direct,125497,SBI Small Cap Fund - Direct Plan - Growth,SBI Mutual Fund,Open Ended Schemes,Equity Scheme - Small Cap Fund,2018-10-03,52.9192,2026-06-23T05:29:58.847318+00:00,https://api.mfapi.in/mf/125497
125497,HDFC Top 100 Direct,125497,SBI Small Cap Fund - Direct Plan - Growth,SBI Mutual Fund,Open Ended Schemes,Equity Scheme - Small Cap Fund,2018-10-01,52.883,2026-06-23T05:29:58.847318+00:00,https://api.mfapi.in/mf/125497
125497,HDFC Top 100 Direct,125497,SBI Small Cap Fund - Direct Plan - Growth,SBI Mutual Fund,Open Ended Schemes,Equity Scheme - Small Cap Fund,2018-09-28,53.3171,2026-06-23T05:29:58.847318+00:00,https://api.mfapi.in/mf/125497
125497,HDFC Top 100 Direct,125497,SBI Small Cap Fund - Direct Plan - Growth,SBI Mutual Fund,Open Ended Schemes,Equity Scheme - Small Cap Fund,2018-09-27,54.4466,2026-06-23T05:29:58.847318+00:00,https://api.mfapi.in/mf/125497
125497,HDFC Top 100 Direct,125497,SBI Small Cap Fund - Direct Plan - Growth,SBI Mutual Fund,Open Ended Schemes,Equity Scheme - Small Cap Fund,2018-09-26,55.1202,2026-06-23T05:29:58.847318+00:00,https://api.mfapi.in/mf/125497
125497,HDFC Top 100 Direct,125497,SBI Small Cap Fund - Direct Plan - Growth,SBI Mutual Fund,Open Ended Schemes,Equity Scheme - Small Cap Fund,2018-09-25,54.8274,2026-06-23T05:29:58.847318+00:00,https://api.mfapi.in/mf/125497
125497,HDFC Top 100 Direct,125497,SBI Small Cap Fund - Direct Plan - Growth,SBI Mutual Fund,Open Ended Schemes,Equity Scheme - Small Cap Fund,2018-09-24,55.2821,2026-06-23T05:29:58.847318+00:00,https://api.mfapi.in/mf/125497
125497,HDFC Top 100 Direct,125497,SBI Small Cap Fund - Direct Plan - Growth,SBI Mutual Fund,Open Ended Schemes,Equity Scheme - Small Cap Fund,2018-09-21,56.4467,2026-06-23T05:29:58.847318+00:00,https://api.mfapi.in/mf/125497
125497,HDFC Top 100 Direct,125497,SBI Small Cap Fund - Direct Plan - Growth,SBI Mutual Fund,Open Ended Schemes,Equity Scheme - Small Cap Fund,2018-09-19,57.5821,2026-06-23T05:29:58.847318+00:00,https://api.mfapi.in/mf/125497
125497,HDFC Top 100 Direct,125497,SBI Small Cap Fund - Direct Plan - Growth,SBI Mutual Fund,Open Ended Schemes,Equity Scheme - Small Cap Fund,2018-09-18,58.0036,2026-06-23T05:29:58.847318+00:00,https://api.mfapi.in/mf/125497
125497,HDFC Top 100 Direct,125497,SBI Small Cap Fund - Direct Plan - Growth,SBI Mutual Fund,Open Ended Schemes,Equity Scheme - Small Cap Fund,2018-09-17,58.5504,2026-06-23T05:29:58.847318+00:00,https://api.mfapi.in/mf/125497
125497,HDFC Top 100 Direct,125497,SBI Small Cap Fund - Direct Plan - Growth,SBI Mutual Fund,Open Ended Schemes,Equity Scheme - Small Cap Fund,2018-09-14,58.7983,2026-06-23T05:29:58.847318+00:00,https://api.mfapi.in/mf/125497
125497,HDFC Top 100 Direct,125497,SBI Small Cap Fund - Direct Plan - Growth,SBI Mutual Fund,Open Ended Schemes,Equity Scheme - Small Cap Fund,2018-09-12,58.2059,2026-06-23T05:29:58.847318+00:00,https://api.mfapi.in/mf/125497
125497,HDFC Top 100 Direct,125497,SBI Small Cap Fund - Direct Plan - Growth,SBI Mutual Fund,Open Ended Schemes,Equity Scheme - Small Cap Fund,2018-09-11,58.317,2026-06-23T05:29:58.847318+00:00,https://api.mfapi.in/mf/125497
125497,HDFC Top 100 Direct,125497,SBI Small Cap Fund - Direct Plan - Growth,SBI Mutual Fund,Open Ended Schemes,Equity Scheme - Small Cap Fund,2018-09-10,58.943,2026-06-23T05:29:58.847318+00:00,https://api.mfapi.in/mf/125497
125497,HDFC Top 100 Direct,125497,SBI Small Cap Fund - Direct Plan - Growth,SBI Mutual Fund,Open Ended Schemes,Equity Scheme - Small Cap Fund,2018-09-07,59.3814,2026-06-23T05:29:58.847318+00:00,https://api.mfapi.in/mf/125497
125497,HDFC Top 100 Direct,125497,SBI Small Cap Fund - Direct Plan - Growth,SBI Mutual Fund,Open Ended Schemes,Equity Scheme - Small Cap Fund,2018-09-06,59.2383,2026-06-23T05:29:58.847318+00:00,https://api.mfapi.in/mf/125497
125497,HDFC Top 100 Direct,125497,SBI Small Cap Fund - Direct Plan - Growth,SBI Mutual Fund,Open Ended Schemes,Equity Scheme - Small Cap Fund,2018-09-05,58.6949,2026-06-23T05:29:58.847318+00:00,https://api.mfapi.in/mf/125497
125497,HDFC Top 100 Direct,125497,SBI Small Cap Fund - Direct Plan - Growth,SBI Mutual Fund,Open Ended Schemes,Equity Scheme - Small Cap Fund,2018-09-04,58.889,2026-06-23T05:29:58.847318+00:00,https://api.mfapi.in/mf/125497
125497,HDFC Top 100 Direct,125497,SBI Small Cap Fund - Direct Plan - Growth,SBI Mutual Fund,Open Ended Schemes,Equity Scheme - Small Cap Fund,2018-09-03,59.8974,2026-06-23T05:29:58.847318+00:00,https://api.mfapi.in/mf/125497
125497,HDFC Top 100 Direct,125497,SBI Small Cap Fund - Direct Plan - Growth,SBI Mutual Fund,Open Ended Schemes,Equity Scheme - Small Cap Fund,2018-08-31,60.1287,2026-06-23T05:29:58.847318+00:00,https://api.mfapi.in/mf/125497
125497,HDFC Top 100 Direct,125497,SBI Small Cap Fund - Direct Plan - Growth,SBI Mutual Fund,Open Ended Schemes,Equity Scheme - Small Cap Fund,2018-08-30,59.5719,2026-06-23T05:29:58.847318+00:00,https://api.mfapi.in/mf/125497
125497,HDFC Top 100 Direct,125497,SBI Small Cap Fund - Direct Plan - Growth,SBI Mutual Fund,Open Ended Schemes,Equity Scheme - Small Cap Fund,2018-08-29,59.4907,2026-06-23T05:29:58.847318+00:00,https://api.mfapi.in/mf/125497
125497,HDFC Top 100 Direct,125497,SBI Small Cap Fund - Direct Plan - Growth,SBI Mutual Fund,Open Ended Schemes,Equity Scheme - Small Cap Fund,2018-08-28,59.5545,2026-06-23T05:29:58.847318+00:00,https://api.mfapi.in/mf/125497
125497,HDFC Top 100 Direct,125497,SBI Small Cap Fund - Direct Plan - Growth,SBI Mutual Fund,Open Ended Schemes,Equity Scheme - Small Cap Fund,2018-08-27,59.3442,2026-06-23T05:29:58.847318+00:00,https://api.mfapi.in/mf/125497
125497,HDFC Top 100 Direct,125497,SBI Small Cap Fund - Direct Plan - Growth,SBI Mutual Fund,Open Ended Schemes,Equity Scheme - Small Cap Fund,2018-08-24,58.8617,2026-06-23T05:29:58.847318+00:00,https://api.mfapi.in/mf/125497
125497,HDFC Top 100 Direct,125497,SBI Small Cap Fund - Direct Plan - Growth,SBI Mutual Fund,Open Ended Schemes,Equity Scheme - Small Cap Fund,2018-08-23,59.031,2026-06-23T05:29:58.847318+00:00,https://api.mfapi.in/mf/125497
125497,HDFC Top 100 Direct,125497,SBI Small Cap Fund - Direct Plan - Growth,SBI Mutual Fund,Open Ended Schemes,Equity Scheme - Small Cap Fund,2018-08-21,58.8857,2026-06-23T05:29:58.847318+00:00,https://api.mfapi.in/mf/125497
125497,HDFC Top 100 Direct,125497,SBI Small Cap Fund - Direct Plan - Growth,SBI Mutual Fund,Open Ended Schemes,Equity Scheme - Small Cap Fund,2018-08-20,58.7597,2026-06-23T05:29:58.847318+00:00,https://api.mfapi.in/mf/125497
125497,HDFC Top 100 Direct,125497,SBI Small Cap Fund - Direct Plan - Growth,SBI Mutual Fund,Open Ended Schemes,Equity Scheme - Small Cap Fund,2018-08-17,58.7555,2026-06-23T05:29:58.847318+00:00,https://api.mfapi.in/mf/125497
125497,HDFC Top 100 Direct,125497,SBI Small Cap Fund - Direct Plan - Growth,SBI Mutual Fund,Open Ended Schemes,Equity Scheme - Small Cap Fund,2018-08-16,58.388,2026-06-23T05:29:58.847318+00:00,https://api.mfapi.in/mf/125497
125497,HDFC Top 100 Direct,125497,SBI Small Cap Fund - Direct Plan - Growth,SBI Mutual Fund,Open Ended Schemes,Equity Scheme - Small Cap Fund,2018-08-14,58.0781,2026-06-23T05:29:58.847318+00:00,https://api.mfapi.in/mf/125497
125497,HDFC Top 100 Direct,125497,SBI Small Cap Fund - Direct Plan - Growth,SBI Mutual Fund,Open Ended Schemes,Equity Scheme - Small Cap Fund,2018-08-13,58.2451,2026-06-23T05:29:58.847318+00:00,https://api.mfapi.in/mf/125497
125497,HDFC Top 100 Direct,125497,SBI Small Cap Fund - Direct Plan - Growth,SBI Mutual Fund,Open Ended Schemes,Equity Scheme - Small Cap Fund,2018-08-10,58.6551,2026-06-23T05:29:58.847318+00:00,https://api.mfapi.in/mf/125497
125497,HDFC Top 100 Direct,125497,SBI Small Cap Fund - Direct Plan - Growth,SBI Mutual Fund,Open Ended Schemes,Equity Scheme - Small Cap Fund,2018-08-09,58.7543,2026-06-23T05:29:58.847318+00:00,https://api.mfapi.in/mf/125497
125497,HDFC Top 100 Direct,125497,SBI Small Cap Fund - Direct Plan - Growth,SBI Mutual Fund,Open Ended Schemes,Equity Scheme - Small Cap Fund,2018-08-08,59.0029,2026-06-23T05:29:58.847318+00:00,https://api.mfapi.in/mf/125497
125497,HDFC Top 100 Direct,125497,SBI Small Cap Fund - Direct Plan - Growth,SBI Mutual Fund,Open Ended Schemes,Equity Scheme - Small Cap Fund,2018-08-07,58.9834,2026-06-23T05:29:58.847318+00:00,https://api.mfapi.in/mf/125497
125497,HDFC Top 100 Direct,125497,SBI Small Cap Fund - Direct Plan - Growth,SBI Mutual Fund,Open Ended Schemes,Equity Scheme - Small Cap Fund,2018-08-06,58.7914,2026-06-23T05:29:58.847318+00:00,https://api.mfapi.in/mf/125497
125497,HDFC Top 100 Direct,125497,SBI Small Cap Fund - Direct Plan - Growth,SBI Mutual Fund,Open Ended Schemes,Equity Scheme - Small Cap Fund,2018-08-03,57.7594,2026-06-23T05:29:58.847318+00:00,https://api.mfapi.in/mf/125497
125497,HDFC Top 100 Direct,125497,SBI Small Cap Fund - Direct Plan - Growth,SBI Mutual Fund,Open Ended Schemes,Equity Scheme - Small Cap Fund,2018-08-02,57.2162,2026-06-23T05:29:58.847318+00:00,https://api.mfapi.in/mf/125497
125497,HDFC Top 100 Direct,125497,SBI Small Cap Fund - Direct Plan - Growth,SBI Mutual Fund,Open Ended Schemes,Equity Scheme - Small Cap Fund,2018-08-01,57.0216,2026-06-23T05:29:58.847318+00:00,https://api.mfapi.in/mf/125497
125497,HDFC Top 100 Direct,125497,SBI Small Cap Fund - Direct Plan - Growth,SBI Mutual Fund,Open Ended Schemes,Equity Scheme - Small Cap Fund,2018-07-31,56.6181,2026-06-23T05:29:58.847318+00:00,https://api.mfapi.in/mf/125497
125497,HDFC Top 100 Direct,125497,SBI Small Cap Fund - Direct Plan - Growth,SBI Mutual Fund,Open Ended Schemes,Equity Scheme - Small Cap Fund,2018-07-30,56.2737,2026-06-23T05:29:58.847318+00:00,https://api.mfapi.in/mf/125497
125497,HDFC Top 100 Direct,125497,SBI Small Cap Fund - Direct Plan - Growth,SBI Mutual Fund,Open Ended Schemes,Equity Scheme - Small Cap Fund,2018-07-27,55.8532,2026-06-23T05:29:58.847318+00:00,https://api.mfapi.in/mf/125497
125497,HDFC Top 100 Direct,125497,SBI Small Cap Fund - Direct Plan - Growth,SBI Mutual Fund,Open Ended Schemes,Equity Scheme - Small Cap Fund,2018-07-26,54.6171,2026-06-23T05:29:58.847318+00:00,https://api.mfapi.in/mf/125497
125497,HDFC Top 100 Direct,125497,SBI Small Cap Fund - Direct Plan - Growth,SBI Mutual Fund,Open Ended Schemes,Equity Scheme - Small Cap Fund,2018-07-25,54.3981,2026-06-23T05:29:58.847318+00:00,https://api.mfapi.in/mf/125497
125497,HDFC Top 100 Direct,125497,SBI Small Cap Fund - Direct Plan - Growth,SBI Mutual Fund,Open Ended Schemes,Equity Scheme - Small Cap Fund,2018-07-24,54.2935,2026-06-23T05:29:58.847318+00:00,https://api.mfapi.in/mf/125497
125497,HDFC Top 100 Direct,125497,SBI Small Cap Fund - Direct Plan - Growth,SBI Mutual Fund,Open Ended Schemes,Equity Scheme - Small Cap Fund,2018-07-23,53.4957,2026-06-23T05:29:58.847318+00:00,https://api.mfapi.in/mf/125497
125497,HDFC Top 100 Direct,125497,SBI Small Cap Fund - Direct Plan - Growth,SBI Mutual Fund,Open Ended Schemes,Equity Scheme - Small Cap Fund,2018-07-20,53.1279,2026-06-23T05:29:58.847318+00:00,https://api.mfapi.in/mf/125497
125497,HDFC Top 100 Direct,125497,SBI Small Cap Fund - Direct Plan - Growth,SBI Mutual Fund,Open Ended Schemes,Equity Scheme - Small Cap Fund,2018-07-19,53.0648,2026-06-23T05:29:58.847318+00:00,https://api.mfapi.in/mf/125497
125497,HDFC Top 100 Direct,125497,SBI Small Cap Fund - Direct Plan - Growth,SBI Mutual Fund,Open Ended Schemes,Equity Scheme - Small Cap Fund,2018-07-18,53.3584,2026-06-23T05:29:58.847318+00:00,https://api.mfapi.in/mf/125497
125497,HDFC Top 100 Direct,125497,SBI Small Cap Fund - Direct Plan - Growth,SBI Mutual Fund,Open Ended Schemes,Equity Scheme - Small Cap Fund,2018-07-17,53.9208,2026-06-23T05:29:58.847318+00:00,https://api.mfapi.in/mf/125497
125497,HDFC Top 100 Direct,125497,SBI Small Cap Fund - Direct Plan - Growth,SBI Mutual Fund,Open Ended Schemes,Equity Scheme - Small Cap Fund,2018-07-16,53.8182,2026-06-23T05:29:58.847318+00:00,https://api.mfapi.in/mf/125497
125497,HDFC Top 100 Direct,125497,SBI Small Cap Fund - Direct Plan - Growth,SBI Mutual Fund,Open Ended Schemes,Equity Scheme - Small Cap Fund,2018-07-13,54.7351,2026-06-23T05:29:58.847318+00:00,https://api.mfapi.in/mf/125497
125497,HDFC Top 100 Direct,125497,SBI Small Cap Fund - Direct Plan - Growth,SBI Mutual Fund,Open Ended Schemes,Equity Scheme - Small Cap Fund,2018-07-12,54.9257,2026-06-23T05:29:58.847318+00:00,https://api.mfapi.in/mf/125497
125497,HDFC Top 100 Direct,125497,SBI Small Cap Fund - Direct Plan - Growth,SBI Mutual Fund,Open Ended Schemes,Equity Scheme - Small Cap Fund,2018-07-11,55.0134,2026-06-23T05:29:58.847318+00:00,https://api.mfapi.in/mf/125497
125497,HDFC Top 100 Direct,125497,SBI Small Cap Fund - Direct Plan - Growth,SBI Mutual Fund,Open Ended Schemes,Equity Scheme - Small Cap Fund,2018-07-10,54.9768,2026-06-23T05:29:58.847318+00:00,https://api.mfapi.in/mf/125497
125497,HDFC Top 100 Direct,125497,SBI Small Cap Fund - Direct Plan - Growth,SBI Mutual Fund,Open Ended Schemes,Equity Scheme - Small Cap Fund,2018-07-09,54.8668,2026-06-23T05:29:58.847318+00:00,https://api.mfapi.in/mf/125497
125497,HDFC Top 100 Direct,125497,SBI Small Cap Fund - Direct Plan - Growth,SBI Mutual Fund,Open Ended Schemes,Equity Scheme - Small Cap Fund,2018-07-06,54.1996,2026-06-23T05:29:58.847318+00:00,https://api.mfapi.in/mf/125497
125497,HDFC Top 100 Direct,125497,SBI Small Cap Fund - Direct Plan - Growth,SBI Mutual Fund,Open Ended Schemes,Equity Scheme - Small Cap Fund,2018-07-05,53.9747,2026-06-23T05:29:58.847318+00:00,https://api.mfapi.in/mf/125497
125497,HDFC Top 100 Direct,125497,SBI Small Cap Fund - Direct Plan - Growth,SBI Mutual Fund,Open Ended Schemes,Equity Scheme - Small Cap Fund,2018-07-04,54.162,2026-06-23T05:29:58.847318+00:00,https://api.mfapi.in/mf/125497
125497,HDFC Top 100 Direct,125497,SBI Small Cap Fund - Direct Plan - Growth,SBI Mutual Fund,Open Ended Schemes,Equity Scheme - Small Cap Fund,2018-07-03,53.973,2026-06-23T05:29:58.847318+00:00,https://api.mfapi.in/mf/125497
125497,HDFC Top 100 Direct,125497,SBI Small Cap Fund - Direct Plan - Growth,SBI Mutual Fund,Open Ended Schemes,Equity Scheme - Small Cap Fund,2018-07-02,53.9029,2026-06-23T05:29:58.847318+00:00,https://api.mfapi.in/mf/125497
125497,HDFC Top 100 Direct,125497,SBI Small Cap Fund - Direct Plan - Growth,SBI Mutual Fund,Open Ended Schemes,Equity Scheme - Small Cap Fund,2018-06-29,54.0638,2026-06-23T05:29:58.847318+00:00,https://api.mfapi.in/mf/125497
125497,HDFC Top 100 Direct,125497,SBI Small Cap Fund - Direct Plan - Growth,SBI Mutual Fund,Open Ended Schemes,Equity Scheme - Small Cap Fund,2018-06-28,53.2372,2026-06-23T05:29:58.847318+00:00,https://api.mfapi.in/mf/125497
125497,HDFC Top 100 Direct,125497,SBI Small Cap Fund - Direct Plan - Growth,SBI Mutual Fund,Open Ended Schemes,Equity Scheme - Small Cap Fund,2018-06-27,53.7015,2026-06-23T05:29:58.847318+00:00,https://api.mfapi.in/mf/125497
125497,HDFC Top 100 Direct,125497,SBI Small Cap Fund - Direct Plan - Growth,SBI Mutual Fund,Open Ended Schemes,Equity Scheme - Small Cap Fund,2018-06-26,54.6316,2026-06-23T05:29:58.847318+00:00,https://api.mfapi.in/mf/125497
125497,HDFC Top 100 Direct,125497,SBI Small Cap Fund - Direct Plan - Growth,SBI Mutual Fund,Open Ended Schemes,Equity Scheme - Small Cap Fund,2018-06-25,55.0055,2026-06-23T05:29:58.847318+00:00,https://api.mfapi.in/mf/125497
125497,HDFC Top 100 Direct,125497,SBI Small Cap Fund - Direct Plan - Growth,SBI Mutual Fund,Open Ended Schemes,Equity Scheme - Small Cap Fund,2018-06-22,55.5548,2026-06-23T05:29:58.847318+00:00,https://api.mfapi.in/mf/125497
125497,HDFC Top 100 Direct,125497,SBI Small Cap Fund - Direct Plan - Growth,SBI Mutual Fund,Open Ended Schemes,Equity Scheme - Small Cap Fund,2018-06-21,55.5814,2026-06-23T05:29:58.847318+00:00,https://api.mfapi.in/mf/125497
125497,HDFC Top 100 Direct,125497,SBI Small Cap Fund - Direct Plan - Growth,SBI Mutual Fund,Open Ended Schemes,Equity Scheme - Small Cap Fund,2018-06-20,55.9644,2026-06-23T05:29:58.847318+00:00,https://api.mfapi.in/mf/125497
125497,HDFC Top 100 Direct,125497,SBI Small Cap Fund - Direct Plan - Growth,SBI Mutual Fund,Open Ended Schemes,Equity Scheme - Small Cap Fund,2018-06-19,56.0586,2026-06-23T05:29:58.847318+00:00,https://api.mfapi.in/mf/125497
125497,HDFC Top 100 Direct,125497,SBI Small Cap Fund - Direct Plan - Growth,SBI Mutual Fund,Open Ended Schemes,Equity Scheme - Small Cap Fund,2018-06-18,56.868,2026-06-23T05:29:58.847318+00:00,https://api.mfapi.in/mf/125497
125497,HDFC Top 100 Direct,125497,SBI Small Cap Fund - Direct Plan - Growth,SBI Mutual Fund,Open Ended Schemes,Equity Scheme - Small Cap Fund,2018-06-15,57.0672,2026-06-23T05:29:58.847318+00:00,https://api.mfapi.in/mf/125497
125497,HDFC Top 100 Direct,125497,SBI Small Cap Fund - Direct Plan - Growth,SBI Mutual Fund,Open Ended Schemes,Equity Scheme - Small Cap Fund,2018-06-14,57.4387,2026-06-23T05:29:58.847318+00:00,https://api.mfapi.in/mf/125497
125497,HDFC Top 100 Direct,125497,SBI Small Cap Fund - Direct Plan - Growth,SBI Mutual Fund,Open Ended Schemes,Equity Scheme - Small Cap Fund,2018-06-13,57.2522,2026-06-23T05:29:58.847318+00:00,https://api.mfapi.in/mf/125497
125497,HDFC Top 100 Direct,125497,SBI Small Cap Fund - Direct Plan - Growth,SBI Mutual Fund,Open Ended Schemes,Equity Scheme - Small Cap Fund,2018-06-12,57.4404,2026-06-23T05:29:58.847318+00:00,https://api.mfapi.in/mf/125497
125497,HDFC Top 100 Direct,125497,SBI Small Cap Fund - Direct Plan - Growth,SBI Mutual Fund,Open Ended Schemes,Equity Scheme - Small Cap Fund,2018-06-11,57.3946,2026-06-23T05:29:58.847318+00:00,https://api.mfapi.in/mf/125497
125497,HDFC Top 100 Direct,125497,SBI Small Cap Fund - Direct Plan - Growth,SBI Mutual Fund,Open Ended Schemes,Equity Scheme - Small Cap Fund,2018-06-08,57.0448,2026-06-23T05:29:58.847318+00:00,https://api.mfapi.in/mf/125497
125497,HDFC Top 100 Direct,125497,SBI Small Cap Fund - Direct Plan - Growth,SBI Mutual Fund,Open Ended Schemes,Equity Scheme - Small Cap Fund,2018-06-07,57.0031,2026-06-23T05:29:58.847318+00:00,https://api.mfapi.in/mf/125497
125497,HDFC Top 100 Direct,125497,SBI Small Cap Fund - Direct Plan - Growth,SBI Mutual Fund,Open Ended Schemes,Equity Scheme - Small Cap Fund,2018-06-06,55.91,2026-06-23T05:29:58.847318+00:00,https://api.mfapi.in/mf/125497
125497,HDFC Top 100 Direct,125497,SBI Small Cap Fund - Direct Plan - Growth,SBI Mutual Fund,Open Ended Schemes,Equity Scheme - Small Cap Fund,2018-06-05,55.1442,2026-06-23T05:29:58.847318+00:00,https://api.mfapi.in/mf/125497
125497,HDFC Top 100 Direct,125497,SBI Small Cap Fund - Direct Plan - Growth,SBI Mutual Fund,Open Ended Schemes,Equity Scheme - Small Cap Fund,2018-06-04,56.5065,2026-06-23T05:29:58.847318+00:00,https://api.mfapi.in/mf/125497
125497,HDFC Top 100 Direct,125497,SBI Small Cap Fund - Direct Plan - Growth,SBI Mutual Fund,Open Ended Schemes,Equity Scheme - Small Cap Fund,2018-06-01,57.8765,2026-06-23T05:29:58.847318+00:00,https://api.mfapi.in/mf/125497
125497,HDFC Top 100 Direct,125497,SBI Small Cap Fund - Direct Plan - Growth,SBI Mutual Fund,Open Ended Schemes,Equity Scheme - Small Cap Fund,2018-05-31,58.995,2026-06-23T05:29:58.847318+00:00,https://api.mfapi.in/mf/125497
125497,HDFC Top 100 Direct,125497,SBI Small Cap Fund - Direct Plan - Growth,SBI Mutual Fund,Open Ended Schemes,Equity Scheme - Small Cap Fund,2018-05-30,59.6359,2026-06-23T05:29:58.847318+00:00,https://api.mfapi.in/mf/125497
125497,HDFC Top 100 Direct,125497,SBI Small Cap Fund - Direct Plan - Growth,SBI Mutual Fund,Open Ended Schemes,Equity Scheme - Small Cap Fund,2018-05-29,59.4956,2026-06-23T05:29:58.847318+00:00,https://api.mfapi.in/mf/125497
125497,HDFC Top 100 Direct,125497,SBI Small Cap Fund - Direct Plan - Growth,SBI Mutual Fund,Open Ended Schemes,Equity Scheme - Small Cap Fund,2018-05-28,59.7938,2026-06-23T05:29:58.847318+00:00,https://api.mfapi.in/mf/125497
125497,HDFC Top 100 Direct,125497,SBI Small Cap Fund - Direct Plan - Growth,SBI Mutual Fund,Open Ended Schemes,Equity Scheme - Small Cap Fund,2018-05-25,59.255,2026-06-23T05:29:58.847318+00:00,https://api.mfapi.in/mf/125497
125497,HDFC Top 100 Direct,125497,SBI Small Cap Fund - Direct Plan - Growth,SBI Mutual Fund,Open Ended Schemes,Equity Scheme - Small Cap Fund,2018-05-24,59.2931,2026-06-23T05:29:58.847318+00:00,https://api.mfapi.in/mf/125497
125497,HDFC Top 100 Direct,125497,SBI Small Cap Fund - Direct Plan - Growth,SBI Mutual Fund,Open Ended Schemes,Equity Scheme - Small Cap Fund,2018-05-23,59.3398,2026-06-23T05:29:58.847318+00:00,https://api.mfapi.in/mf/125497
125497,HDFC Top 100 Direct,125497,SBI Small Cap Fund - Direct Plan - Growth,SBI Mutual Fund,Open Ended Schemes,Equity Scheme - Small Cap Fund,2018-05-22,59.7925,2026-06-23T05:29:58.847318+00:00,https://api.mfapi.in/mf/125497
125497,HDFC Top 100 Direct,125497,SBI Small Cap Fund - Direct Plan - Growth,SBI Mutual Fund,Open Ended Schemes,Equity Scheme - Small Cap Fund,2018-05-21,59.7326,2026-06-23T05:29:58.847318+00:00,https://api.mfapi.in/mf/125497
125497,HDFC Top 100 Direct,125497,SBI Small Cap Fund - Direct Plan - Growth,SBI Mutual Fund,Open Ended Schemes,Equity Scheme - Small Cap Fund,2018-05-18,60.8312,2026-06-23T05:29:58.847318+00:00,https://api.mfapi.in/mf/125497
125497,HDFC Top 100 Direct,125497,SBI Small Cap Fund - Direct Plan - Growth,SBI Mutual Fund,Open Ended Schemes,Equity Scheme - Small Cap Fund,2018-05-17,61.0749,2026-06-23T05:29:58.847318+00:00,https://api.mfapi.in/mf/125497
125497,HDFC Top 100 Direct,125497,SBI Small Cap Fund - Direct Plan - Growth,SBI Mutual Fund,Open Ended Schemes,Equity Scheme - Small Cap Fund,2018-05-16,60.6782,2026-06-23T05:29:58.847318+00:00,https://api.mfapi.in/mf/125497
125497,HDFC Top 100 Direct,125497,SBI Small Cap Fund - Direct Plan - Growth,SBI Mutual Fund,Open Ended Schemes,Equity Scheme - Small Cap Fund,2018-05-15,61.1301,2026-06-23T05:29:58.847318+00:00,https://api.mfapi.in/mf/125497
125497,HDFC Top 100 Direct,125497,SBI Small Cap Fund - Direct Plan - Growth,SBI Mutual Fund,Open Ended Schemes,Equity Scheme - Small Cap Fund,2018-05-14,61.1396,2026-06-23T05:29:58.847318+00:00,https://api.mfapi.in/mf/125497
125497,HDFC Top 100 Direct,125497,SBI Small Cap Fund - Direct Plan - Growth,SBI Mutual Fund,Open Ended Schemes,Equity Scheme - Small Cap Fund,2018-05-11,62.0221,2026-06-23T05:29:58.847318+00:00,https://api.mfapi.in/mf/125497
125497,HDFC Top 100 Direct,125497,SBI Small Cap Fund - Direct Plan - Growth,SBI Mutual Fund,Open Ended Schemes,Equity Scheme - Small Cap Fund,2018-05-10,62.18,2026-06-23T05:29:58.847318+00:00,https://api.mfapi.in/mf/125497
125497,HDFC Top 100 Direct,125497,SBI Small Cap Fund - Direct Plan - Growth,SBI Mutual Fund,Open Ended Schemes,Equity Scheme - Small Cap Fund,2018-05-09,62.7255,2026-06-23T05:29:58.847318+00:00,https://api.mfapi.in/mf/125497
125497,HDFC Top 100 Direct,125497,SBI Small Cap Fund - Direct Plan - Growth,SBI Mutual Fund,Open Ended Schemes,Equity Scheme - Small Cap Fund,2018-05-08,62.3405,2026-06-23T05:29:58.847318+00:00,https://api.mfapi.in/mf/125497
125497,HDFC Top 100 Direct,125497,SBI Small Cap Fund - Direct Plan - Growth,SBI Mutual Fund,Open Ended Schemes,Equity Scheme - Small Cap Fund,2018-05-07,62.362,2026-06-23T05:29:58.847318+00:00,https://api.mfapi.in/mf/125497
125497,HDFC Top 100 Direct,125497,SBI Small Cap Fund - Direct Plan - Growth,SBI Mutual Fund,Open Ended Schemes,Equity Scheme - Small Cap Fund,2018-05-04,61.5548,2026-06-23T05:29:58.847318+00:00,https://api.mfapi.in/mf/125497
125497,HDFC Top 100 Direct,125497,SBI Small Cap Fund - Direct Plan - Growth,SBI Mutual Fund,Open Ended Schemes,Equity Scheme - Small Cap Fund,2018-05-03,61.9566,2026-06-23T05:29:58.847318+00:00,https://api.mfapi.in/mf/125497
125497,HDFC Top 100 Direct,125497,SBI Small Cap Fund - Direct Plan - Growth,SBI Mutual Fund,Open Ended Schemes,Equity Scheme - Small Cap Fund,2018-05-02,62.4199,2026-06-23T05:29:58.847318+00:00,https://api.mfapi.in/mf/125497
125497,HDFC Top 100 Direct,125497,SBI Small Cap Fund - Direct Plan - Growth,SBI Mutual Fund,Open Ended Schemes,Equity Scheme - Small Cap Fund,2018-04-30,62.9323,2026-06-23T05:29:58.847318+00:00,https://api.mfapi.in/mf/125497
125497,HDFC Top 100 Direct,125497,SBI Small Cap Fund - Direct Plan - Growth,SBI Mutual Fund,Open Ended Schemes,Equity Scheme - Small Cap Fund,2018-04-27,63.0954,2026-06-23T05:29:58.847318+00:00,https://api.mfapi.in/mf/125497
125497,HDFC Top 100 Direct,125497,SBI Small Cap Fund - Direct Plan - Growth,SBI Mutual Fund,Open Ended Schemes,Equity Scheme - Small Cap Fund,2018-04-26,63.2641,2026-06-23T05:29:58.847318+00:00,https://api.mfapi.in/mf/125497
125497,HDFC Top 100 Direct,125497,SBI Small Cap Fund - Direct Plan - Growth,SBI Mutual Fund,Open Ended Schemes,Equity Scheme - Small Cap Fund,2018-04-25,62.5142,2026-06-23T05:29:58.847318+00:00,https://api.mfapi.in/mf/125497
125497,HDFC Top 100 Direct,125497,SBI Small Cap Fund - Direct Plan - Growth,SBI Mutual Fund,Open Ended Schemes,Equity Scheme - Small Cap Fund,2018-04-24,62.5241,2026-06-23T05:29:58.847318+00:00,https://api.mfapi.in/mf/125497
125497,HDFC Top 100 Direct,125497,SBI Small Cap Fund - Direct Plan - Growth,SBI Mutual Fund,Open Ended Schemes,Equity Scheme - Small Cap Fund,2018-04-23,62.337,2026-06-23T05:29:58.847318+00:00,https://api.mfapi.in/mf/125497
125497,HDFC Top 100 Direct,125497,SBI Small Cap Fund - Direct Plan - Growth,SBI Mutual Fund,Open Ended Schemes,Equity Scheme - Small Cap Fund,2018-04-20,62.0067,2026-06-23T05:29:58.847318+00:00,https://api.mfapi.in/mf/125497
125497,HDFC Top 100 Direct,125497,SBI Small Cap Fund - Direct Plan - Growth,SBI Mutual Fund,Open Ended Schemes,Equity Scheme - Small Cap Fund,2018-04-19,62.0316,2026-06-23T05:29:58.847318+00:00,https://api.mfapi.in/mf/125497
125497,HDFC Top 100 Direct,125497,SBI Small Cap Fund - Direct Plan - Growth,SBI Mutual Fund,Open Ended Schemes,Equity Scheme - Small Cap Fund,2018-04-18,61.6812,2026-06-23T05:29:58.847318+00:00,https://api.mfapi.in/mf/125497
125497,HDFC Top 100 Direct,125497,SBI Small Cap Fund - Direct Plan - Growth,SBI Mutual Fund,Open Ended Schemes,Equity Scheme - Small Cap Fund,2018-04-17,61.8273,2026-06-23T05:29:58.847318+00:00,https://api.mfapi.in/mf/125497
125497,HDFC Top 100 Direct,125497,SBI Small Cap Fund - Direct Plan - Growth,SBI Mutual Fund,Open Ended Schemes,Equity Scheme - Small Cap Fund,2018-04-16,61.9447,2026-06-23T05:29:58.847318+00:00,https://api.mfapi.in/mf/125497
125497,HDFC Top 100 Direct,125497,SBI Small Cap Fund - Direct Plan - Growth,SBI Mutual Fund,Open Ended Schemes,Equity Scheme - Small Cap Fund,2018-04-13,61.5831,2026-06-23T05:29:58.847318+00:00,https://api.mfapi.in/mf/125497
125497,HDFC Top 100 Direct,125497,SBI Small Cap Fund - Direct Plan - Growth,SBI Mutual Fund,Open Ended Schemes,Equity Scheme - Small Cap Fund,2018-04-12,61.7648,2026-06-23T05:29:58.847318+00:00,https://api.mfapi.in/mf/125497
125497,HDFC Top 100 Direct,125497,SBI Small Cap Fund - Direct Plan - Growth,SBI Mutual Fund,Open Ended Schemes,Equity Scheme - Small Cap Fund,2018-04-11,61.6102,2026-06-23T05:29:58.847318+00:00,https://api.mfapi.in/mf/125497
125497,HDFC Top 100 Direct,125497,SBI Small Cap Fund - Direct Plan - Growth,SBI Mutual Fund,Open Ended Schemes,Equity Scheme - Small Cap Fund,2018-04-10,61.7781,2026-06-23T05:29:58.847318+00:00,https://api.mfapi.in/mf/125497
125497,HDFC Top 100 Direct,125497,SBI Small Cap Fund - Direct Plan - Growth,SBI Mutual Fund,Open Ended Schemes,Equity Scheme - Small Cap Fund,2018-04-09,61.559,2026-06-23T05:29:58.847318+00:00,https://api.mfapi.in/mf/125497
125497,HDFC Top 100 Direct,125497,SBI Small Cap Fund - Direct Plan - Growth,SBI Mutual Fund,Open Ended Schemes,Equity Scheme - Small Cap Fund,2018-04-06,61.0985,2026-06-23T05:29:58.847318+00:00,https://api.mfapi.in/mf/125497
125497,HDFC Top 100 Direct,125497,SBI Small Cap Fund - Direct Plan - Growth,SBI Mutual Fund,Open Ended Schemes,Equity Scheme - Small Cap Fund,2018-04-05,60.5934,2026-06-23T05:29:58.847318+00:00,https://api.mfapi.in/mf/125497
125497,HDFC Top 100 Direct,125497,SBI Small Cap Fund - Direct Plan - Growth,SBI Mutual Fund,Open Ended Schemes,Equity Scheme - Small Cap Fund,2018-04-04,59.8079,2026-06-23T05:29:58.847318+00:00,https://api.mfapi.in/mf/125497
125497,HDFC Top 100 Direct,125497,SBI Small Cap Fund - Direct Plan - Growth,SBI Mutual Fund,Open Ended Schemes,Equity Scheme - Small Cap Fund,2018-04-03,60.3663,2026-06-23T05:29:58.847318+00:00,https://api.mfapi.in/mf/125497
125497,HDFC Top 100 Direct,125497,SBI Small Cap Fund - Direct Plan - Growth,SBI Mutual Fund,Open Ended Schemes,Equity Scheme - Small Cap Fund,2018-04-02,59.6897,2026-06-23T05:29:58.847318+00:00,https://api.mfapi.in/mf/125497
125497,HDFC Top 100 Direct,125497,SBI Small Cap Fund - Direct Plan - Growth,SBI Mutual Fund,Open Ended Schemes,Equity Scheme - Small Cap Fund,2018-03-28,58.0969,2026-06-23T05:29:58.847318+00:00,https://api.mfapi.in/mf/125497
125497,HDFC Top 100 Direct,125497,SBI Small Cap Fund - Direct Plan - Growth,SBI Mutual Fund,Open Ended Schemes,Equity Scheme - Small Cap Fund,2018-03-27,58.7848,2026-06-23T05:29:58.847318+00:00,https://api.mfapi.in/mf/125497
125497,HDFC Top 100 Direct,125497,SBI Small Cap Fund - Direct Plan - Growth,SBI Mutual Fund,Open Ended Schemes,Equity Scheme - Small Cap Fund,2018-03-26,58.3483,2026-06-23T05:29:58.847318+00:00,https://api.mfapi.in/mf/125497
125497,HDFC Top 100 Direct,125497,SBI Small Cap Fund - Direct Plan - Growth,SBI Mutual Fund,Open Ended Schemes,Equity Scheme - Small Cap Fund,2018-03-23,57.8792,2026-06-23T05:29:58.847318+00:00,https://api.mfapi.in/mf/125497
125497,HDFC Top 100 Direct,125497,SBI Small Cap Fund - Direct Plan - Growth,SBI Mutual Fund,Open Ended Schemes,Equity Scheme - Small Cap Fund,2018-03-22,58.3845,2026-06-23T05:29:58.847318+00:00,https://api.mfapi.in/mf/125497
125497,HDFC Top 100 Direct,125497,SBI Small Cap Fund - Direct Plan - Growth,SBI Mutual Fund,Open Ended Schemes,Equity Scheme - Small Cap Fund,2018-03-21,59.2581,2026-06-23T05:29:58.847318+00:00,https://api.mfapi.in/mf/125497
125497,HDFC Top 100 Direct,125497,SBI Small Cap Fund - Direct Plan - Growth,SBI Mutual Fund,Open Ended Schemes,Equity Scheme - Small Cap Fund,2018-03-20,59.0942,2026-06-23T05:29:58.847318+00:00,https://api.mfapi.in/mf/125497
125497,HDFC Top 100 Direct,125497,SBI Small Cap Fund - Direct Plan - Growth,SBI Mutual Fund,Open Ended Schemes,Equity Scheme - Small Cap Fund,2018-03-19,59.1931,2026-06-23T05:29:58.847318+00:00,https://api.mfapi.in/mf/125497
125497,HDFC Top 100 Direct,125497,SBI Small Cap Fund - Direct Plan - Growth,SBI Mutual Fund,Open Ended Schemes,Equity Scheme - Small Cap Fund,2018-03-16,60.1759,2026-06-23T05:29:58.847318+00:00,https://api.mfapi.in/mf/125497
125497,HDFC Top 100 Direct,125497,SBI Small Cap Fund - Direct Plan - Growth,SBI Mutual Fund,Open Ended Schemes,Equity Scheme - Small Cap Fund,2018-03-15,60.6964,2026-06-23T05:29:58.847318+00:00,https://api.mfapi.in/mf/125497
125497,HDFC Top 100 Direct,125497,SBI Small Cap Fund - Direct Plan - Growth,SBI Mutual Fund,Open Ended Schemes,Equity Scheme - Small Cap Fund,2018-03-14,60.3817,2026-06-23T05:29:58.847318+00:00,https://api.mfapi.in/mf/125497
125497,HDFC Top 100 Direct,125497,SBI Small Cap Fund - Direct Plan - Growth,SBI Mutual Fund,Open Ended Schemes,Equity Scheme - Small Cap Fund,2018-03-13,60.5853,2026-06-23T05:29:58.847318+00:00,https://api.mfapi.in/mf/125497
125497,HDFC Top 100 Direct,125497,SBI Small Cap Fund - Direct Plan - Growth,SBI Mutual Fund,Open Ended Schemes,Equity Scheme - Small Cap Fund,2018-03-12,59.9923,2026-06-23T05:29:58.847318+00:00,https://api.mfapi.in/mf/125497
125497,HDFC Top 100 Direct,125497,SBI Small Cap Fund - Direct Plan - Growth,SBI Mutual Fund,Open Ended Schemes,Equity Scheme - Small Cap Fund,2018-03-09,59.6427,2026-06-23T05:29:58.847318+00:00,https://api.mfapi.in/mf/125497
125497,HDFC Top 100 Direct,125497,SBI Small Cap Fund - Direct Plan - Growth,SBI Mutual Fund,Open Ended Schemes,Equity Scheme - Small Cap Fund,2018-03-08,59.6107,2026-06-23T05:29:58.847318+00:00,https://api.mfapi.in/mf/125497
125497,HDFC Top 100 Direct,125497,SBI Small Cap Fund - Direct Plan - Growth,SBI Mutual Fund,Open Ended Schemes,Equity Scheme - Small Cap Fund,2018-03-07,59.7924,2026-06-23T05:29:58.847318+00:00,https://api.mfapi.in/mf/125497
125497,HDFC Top 100 Direct,125497,SBI Small Cap Fund - Direct Plan - Growth,SBI Mutual Fund,Open Ended Schemes,Equity Scheme - Small Cap Fund,2018-03-06,60.7648,2026-06-23T05:29:58.847318+00:00,https://api.mfapi.in/mf/125497
125497,HDFC Top 100 Direct,125497,SBI Small Cap Fund - Direct Plan - Growth,SBI Mutual Fund,Open Ended Schemes,Equity Scheme - Small Cap Fund,2018-03-05,61.4179,2026-06-23T05:29:58.847318+00:00,https://api.mfapi.in/mf/125497
125497,HDFC Top 100 Direct,125497,SBI Small Cap Fund - Direct Plan - Growth,SBI Mutual Fund,Open Ended Schemes,Equity Scheme - Small Cap Fund,2018-03-01,62.2116,2026-06-23T05:29:58.847318+00:00,https://api.mfapi.in/mf/125497
125497,HDFC Top 100 Direct,125497,SBI Small Cap Fund - Direct Plan - Growth,SBI Mutual Fund,Open Ended Schemes,Equity Scheme - Small Cap Fund,2018-02-28,62.2774,2026-06-23T05:29:58.847318+00:00,https://api.mfapi.in/mf/125497
125497,HDFC Top 100 Direct,125497,SBI Small Cap Fund - Direct Plan - Growth,SBI Mutual Fund,Open Ended Schemes,Equity Scheme - Small Cap Fund,2018-02-27,62.4806,2026-06-23T05:29:58.847318+00:00,https://api.mfapi.in/mf/125497
125497,HDFC Top 100 Direct,125497,SBI Small Cap Fund - Direct Plan - Growth,SBI Mutual Fund,Open Ended Schemes,Equity Scheme - Small Cap Fund,2018-02-26,62.7988,2026-06-23T05:29:58.847318+00:00,https://api.mfapi.in/mf/125497
125497,HDFC Top 100 Direct,125497,SBI Small Cap Fund - Direct Plan - Growth,SBI Mutual Fund,Open Ended Schemes,Equity Scheme - Small Cap Fund,2018-02-23,62.211,2026-06-23T05:29:58.847318+00:00,https://api.mfapi.in/mf/125497
125497,HDFC Top 100 Direct,125497,SBI Small Cap Fund - Direct Plan - Growth,SBI Mutual Fund,Open Ended Schemes,Equity Scheme - Small Cap Fund,2018-02-22,61.7289,2026-06-23T05:29:58.847318+00:00,https://api.mfapi.in/mf/125497
125497,HDFC Top 100 Direct,125497,SBI Small Cap Fund - Direct Plan - Growth,SBI Mutual Fund,Open Ended Schemes,Equity Scheme - Small Cap Fund,2018-02-21,61.8416,2026-06-23T05:29:58.847318+00:00,https://api.mfapi.in/mf/125497
125497,HDFC Top 100 Direct,125497,SBI Small Cap Fund - Direct Plan - Growth,SBI Mutual Fund,Open Ended Schemes,Equity Scheme - Small Cap Fund,2018-02-20,61.855,2026-06-23T05:29:58.847318+00:00,https://api.mfapi.in/mf/125497
125497,HDFC Top 100 Direct,125497,SBI Small Cap Fund - Direct Plan - Growth,SBI Mutual Fund,Open Ended Schemes,Equity Scheme - Small Cap Fund,2018-02-19,61.7037,2026-06-23T05:29:58.847318+00:00,https://api.mfapi.in/mf/125497
125497,HDFC Top 100 Direct,125497,SBI Small Cap Fund - Direct Plan - Growth,SBI Mutual Fund,Open Ended Schemes,Equity Scheme - Small Cap Fund,2018-02-16,62.6723,2026-06-23T05:29:58.847318+00:00,https://api.mfapi.in/mf/125497
125497,HDFC Top 100 Direct,125497,SBI Small Cap Fund - Direct Plan - Growth,SBI Mutual Fund,Open Ended Schemes,Equity Scheme - Small Cap Fund,2018-02-15,63.6826,2026-06-23T05:29:58.847318+00:00,https://api.mfapi.in/mf/125497
125497,HDFC Top 100 Direct,125497,SBI Small Cap Fund - Direct Plan - Growth,SBI Mutual Fund,Open Ended Schemes,Equity Scheme - Small Cap Fund,2018-02-14,64.5707,2026-06-23T05:29:58.847318+00:00,https://api.mfapi.in/mf/125497
125497,HDFC Top 100 Direct,125497,SBI Small Cap Fund - Direct Plan - Growth,SBI Mutual Fund,Open Ended Schemes,Equity Scheme - Small Cap Fund,2018-02-12,64.4738,2026-06-23T05:29:58.847318+00:00,https://api.mfapi.in/mf/125497
125497,HDFC Top 100 Direct,125497,SBI Small Cap Fund - Direct Plan - Growth,SBI Mutual Fund,Open Ended Schemes,Equity Scheme - Small Cap Fund,2018-02-09,63.9351,2026-06-23T05:29:58.847318+00:00,https://api.mfapi.in/mf/125497
125497,HDFC Top 100 Direct,125497,SBI Small Cap Fund - Direct Plan - Growth,SBI Mutual Fund,Open Ended Schemes,Equity Scheme - Small Cap Fund,2018-02-08,63.7076,2026-06-23T05:29:58.847318+00:00,https://api.mfapi.in/mf/125497
125497,HDFC Top 100 Direct,125497,SBI Small Cap Fund - Direct Plan - Growth,SBI Mutual Fund,Open Ended Schemes,Equity Scheme - Small Cap Fund,2018-02-07,62.36,2026-06-23T05:29:58.847318+00:00,https://api.mfapi.in/mf/125497
125497,HDFC Top 100 Direct,125497,SBI Small Cap Fund - Direct Plan - Growth,SBI Mutual Fund,Open Ended Schemes,Equity Scheme - Small Cap Fund,2018-02-06,61.0687,2026-06-23T05:29:58.847318+00:00,https://api.mfapi.in/mf/125497
125497,HDFC Top 100 Direct,125497,SBI Small Cap Fund - Direct Plan - Growth,SBI Mutual Fund,Open Ended Schemes,Equity Scheme - Small Cap Fund,2018-02-05,62.5391,2026-06-23T05:29:58.847318+00:00,https://api.mfapi.in/mf/125497
125497,HDFC Top 100 Direct,125497,SBI Small Cap Fund - Direct Plan - Growth,SBI Mutual Fund,Open Ended Schemes,Equity Scheme - Small Cap Fund,2018-02-02,62.5129,2026-06-23T05:29:58.847318+00:00,https://api.mfapi.in/mf/125497
125497,HDFC Top 100 Direct,125497,SBI Small Cap Fund - Direct Plan - Growth,SBI Mutual Fund,Open Ended Schemes,Equity Scheme - Small Cap Fund,2018-02-01,64.6604,2026-06-23T05:29:58.847318+00:00,https://api.mfapi.in/mf/125497
125497,HDFC Top 100 Direct,125497,SBI Small Cap Fund - Direct Plan - Growth,SBI Mutual Fund,Open Ended Schemes,Equity Scheme - Small Cap Fund,2018-01-31,64.872,2026-06-23T05:29:58.847318+00:00,https://api.mfapi.in/mf/125497
125497,HDFC Top 100 Direct,125497,SBI Small Cap Fund - Direct Plan - Growth,SBI Mutual Fund,Open Ended Schemes,Equity Scheme - Small Cap Fund,2018-01-30,65.2116,2026-06-23T05:29:58.847318+00:00,https://api.mfapi.in/mf/125497
125497,HDFC Top 100 Direct,125497,SBI Small Cap Fund - Direct Plan - Growth,SBI Mutual Fund,Open Ended Schemes,Equity Scheme - Small Cap Fund,2018-01-29,65.4636,2026-06-23T05:29:58.847318+00:00,https://api.mfapi.in/mf/125497
125497,HDFC Top 100 Direct,125497,SBI Small Cap Fund - Direct Plan - Growth,SBI Mutual Fund,Open Ended Schemes,Equity Scheme - Small Cap Fund,2018-01-25,65.9743,2026-06-23T05:29:58.847318+00:00,https://api.mfapi.in/mf/125497
125497,HDFC Top 100 Direct,125497,SBI Small Cap Fund - Direct Plan - Growth,SBI Mutual Fund,Open Ended Schemes,Equity Scheme - Small Cap Fund,2018-01-24,66.4519,2026-06-23T05:29:58.847318+00:00,https://api.mfapi.in/mf/125497
125497,HDFC Top 100 Direct,125497,SBI Small Cap Fund - Direct Plan - Growth,SBI Mutual Fund,Open Ended Schemes,Equity Scheme - Small Cap Fund,2018-01-23,67.2381,2026-06-23T05:29:58.847318+00:00,https://api.mfapi.in/mf/125497
125497,HDFC Top 100 Direct,125497,SBI Small Cap Fund - Direct Plan - Growth,SBI Mutual Fund,Open Ended Schemes,Equity Scheme - Small Cap Fund,2018-01-22,67.6775,2026-06-23T05:29:58.847318+00:00,https://api.mfapi.in/mf/125497
125497,HDFC Top 100 Direct,125497,SBI Small Cap Fund - Direct Plan - Growth,SBI Mutual Fund,Open Ended Schemes,Equity Scheme - Small Cap Fund,2018-01-19,67.0254,2026-06-23T05:29:58.847318+00:00,https://api.mfapi.in/mf/125497
125497,HDFC Top 100 Direct,125497,SBI Small Cap Fund - Direct Plan - Growth,SBI Mutual Fund,Open Ended Schemes,Equity Scheme - Small Cap Fund,2018-01-18,66.4689,2026-06-23T05:29:58.847318+00:00,https://api.mfapi.in/mf/125497
125497,HDFC Top 100 Direct,125497,SBI Small Cap Fund - Direct Plan - Growth,SBI Mutual Fund,Open Ended Schemes,Equity Scheme - Small Cap Fund,2018-01-17,67.8071,2026-06-23T05:29:58.847318+00:00,https://api.mfapi.in/mf/125497
125497,HDFC Top 100 Direct,125497,SBI Small Cap Fund - Direct Plan - Growth,SBI Mutual Fund,Open Ended Schemes,Equity Scheme - Small Cap Fund,2018-01-16,67.6438,2026-06-23T05:29:58.847318+00:00,https://api.mfapi.in/mf/125497
125497,HDFC Top 100 Direct,125497,SBI Small Cap Fund - Direct Plan - Growth,SBI Mutual Fund,Open Ended Schemes,Equity Scheme - Small Cap Fund,2018-01-15,69.0392,2026-06-23T05:29:58.847318+00:00,https://api.mfapi.in/mf/125497
125497,HDFC Top 100 Direct,125497,SBI Small Cap Fund - Direct Plan - Growth,SBI Mutual Fund,Open Ended Schemes,Equity Scheme - Small Cap Fund,2018-01-12,68.8466,2026-06-23T05:29:58.847318+00:00,https://api.mfapi.in/mf/125497
125497,HDFC Top 100 Direct,125497,SBI Small Cap Fund - Direct Plan - Growth,SBI Mutual Fund,Open Ended Schemes,Equity Scheme - Small Cap Fund,2018-01-11,68.7927,2026-06-23T05:29:58.847318+00:00,https://api.mfapi.in/mf/125497
125497,HDFC Top 100 Direct,125497,SBI Small Cap Fund - Direct Plan - Growth,SBI Mutual Fund,Open Ended Schemes,Equity Scheme - Small Cap Fund,2018-01-10,68.6873,2026-06-23T05:29:58.847318+00:00,https://api.mfapi.in/mf/125497
125497,HDFC Top 100 Direct,125497,SBI Small Cap Fund - Direct Plan - Growth,SBI Mutual Fund,Open Ended Schemes,Equity Scheme - Small Cap Fund,2018-01-09,68.6975,2026-06-23T05:29:58.847318+00:00,https://api.mfapi.in/mf/125497
125497,HDFC Top 100 Direct,125497,SBI Small Cap Fund - Direct Plan - Growth,SBI Mutual Fund,Open Ended Schemes,Equity Scheme - Small Cap Fund,2018-01-08,69.0661,2026-06-23T05:29:58.847318+00:00,https://api.mfapi.in/mf/125497
125497,HDFC Top 100 Direct,125497,SBI Small Cap Fund - Direct Plan - Growth,SBI Mutual Fund,Open Ended Schemes,Equity Scheme - Small Cap Fund,2018-01-05,68.8684,2026-06-23T05:29:58.847318+00:00,https://api.mfapi.in/mf/125497
125497,HDFC Top 100 Direct,125497,SBI Small Cap Fund - Direct Plan - Growth,SBI Mutual Fund,Open Ended Schemes,Equity Scheme - Small Cap Fund,2018-01-04,67.8023,2026-06-23T05:29:58.847318+00:00,https://api.mfapi.in/mf/125497
125497,HDFC Top 100 Direct,125497,SBI Small Cap Fund - Direct Plan - Growth,SBI Mutual Fund,Open Ended Schemes,Equity Scheme - Small Cap Fund,2018-01-03,67.0627,2026-06-23T05:29:58.847318+00:00,https://api.mfapi.in/mf/125497
125497,HDFC Top 100 Direct,125497,SBI Small Cap Fund - Direct Plan - Growth,SBI Mutual Fund,Open Ended Schemes,Equity Scheme - Small Cap Fund,2018-01-02,65.5915,2026-06-23T05:29:58.847318+00:00,https://api.mfapi.in/mf/125497
125497,HDFC Top 100 Direct,125497,SBI Small Cap Fund - Direct Plan - Growth,SBI Mutual Fund,Open Ended Schemes,Equity Scheme - Small Cap Fund,2018-01-01,66.1953,2026-06-23T05:29:58.847318+00:00,https://api.mfapi.in/mf/125497
125497,HDFC Top 100 Direct,125497,SBI Small Cap Fund - Direct Plan - Growth,SBI Mutual Fund,Open Ended Schemes,Equity Scheme - Small Cap Fund,2017-12-29,66.1565,2026-06-23T05:29:58.847318+00:00,https://api.mfapi.in/mf/125497
125497,HDFC Top 100 Direct,125497,SBI Small Cap Fund - Direct Plan - Growth,SBI Mutual Fund,Open Ended Schemes,Equity Scheme - Small Cap Fund,2017-12-28,66.3183,2026-06-23T05:29:58.847318+00:00,https://api.mfapi.in/mf/125497
125497,HDFC Top 100 Direct,125497,SBI Small Cap Fund - Direct Plan - Growth,SBI Mutual Fund,Open Ended Schemes,Equity Scheme - Small Cap Fund,2017-12-27,66.0456,2026-06-23T05:29:58.847318+00:00,https://api.mfapi.in/mf/125497
125497,HDFC Top 100 Direct,125497,SBI Small Cap Fund - Direct Plan - Growth,SBI Mutual Fund,Open Ended Schemes,Equity Scheme - Small Cap Fund,2017-12-26,66.0961,2026-06-23T05:29:58.847318+00:00,https://api.mfapi.in/mf/125497
125497,HDFC Top 100 Direct,125497,SBI Small Cap Fund - Direct Plan - Growth,SBI Mutual Fund,Open Ended Schemes,Equity Scheme - Small Cap Fund,2017-12-22,66.208,2026-06-23T05:29:58.847318+00:00,https://api.mfapi.in/mf/125497
125497,HDFC Top 100 Direct,125497,SBI Small Cap Fund - Direct Plan - Growth,SBI Mutual Fund,Open Ended Schemes,Equity Scheme - Small Cap Fund,2017-12-21,66.4699,2026-06-23T05:29:58.847318+00:00,https://api.mfapi.in/mf/125497
125497,HDFC Top 100 Direct,125497,SBI Small Cap Fund - Direct Plan - Growth,SBI Mutual Fund,Open Ended Schemes,Equity Scheme - Small Cap Fund,2017-12-20,65.8782,2026-06-23T05:29:58.847318+00:00,https://api.mfapi.in/mf/125497
125497,HDFC Top 100 Direct,125497,SBI Small Cap Fund - Direct Plan - Growth,SBI Mutual Fund,Open Ended Schemes,Equity Scheme - Small Cap Fund,2017-12-19,65.2296,2026-06-23T05:29:58.847318+00:00,https://api.mfapi.in/mf/125497
125497,HDFC Top 100 Direct,125497,SBI Small Cap Fund - Direct Plan - Growth,SBI Mutual Fund,Open Ended Schemes,Equity Scheme - Small Cap Fund,2017-12-18,63.8694,2026-06-23T05:29:58.847318+00:00,https://api.mfapi.in/mf/125497
125497,HDFC Top 100 Direct,125497,SBI Small Cap Fund - Direct Plan - Growth,SBI Mutual Fund,Open Ended Schemes,Equity Scheme - Small Cap Fund,2017-12-15,63.3238,2026-06-23T05:29:58.847318+00:00,https://api.mfapi.in/mf/125497
125497,HDFC Top 100 Direct,125497,SBI Small Cap Fund - Direct Plan - Growth,SBI Mutual Fund,Open Ended Schemes,Equity Scheme - Small Cap Fund,2017-12-14,62.7841,2026-06-23T05:29:58.847318+00:00,https://api.mfapi.in/mf/125497
125497,HDFC Top 100 Direct,125497,SBI Small Cap Fund - Direct Plan - Growth,SBI Mutual Fund,Open Ended Schemes,Equity Scheme - Small Cap Fund,2017-12-13,62.8065,2026-06-23T05:29:58.847318+00:00,https://api.mfapi.in/mf/125497
125497,HDFC Top 100 Direct,125497,SBI Small Cap Fund - Direct Plan - Growth,SBI Mutual Fund,Open Ended Schemes,Equity Scheme - Small Cap Fund,2017-12-12,63.3879,2026-06-23T05:29:58.847318+00:00,https://api.mfapi.in/mf/125497
125497,HDFC Top 100 Direct,125497,SBI Small Cap Fund - Direct Plan - Growth,SBI Mutual Fund,Open Ended Schemes,Equity Scheme - Small Cap Fund,2017-12-11,63.6318,2026-06-23T05:29:58.847318+00:00,https://api.mfapi.in/mf/125497
125497,HDFC Top 100 Direct,125497,SBI Small Cap Fund - Direct Plan - Growth,SBI Mutual Fund,Open Ended Schemes,Equity Scheme - Small Cap Fund,2017-12-08,62.8436,2026-06-23T05:29:58.847318+00:00,https://api.mfapi.in/mf/125497
125497,HDFC Top 100 Direct,125497,SBI Small Cap Fund - Direct Plan - Growth,SBI Mutual Fund,Open Ended Schemes,Equity Scheme - Small Cap Fund,2017-12-07,61.9916,2026-06-23T05:29:58.847318+00:00,https://api.mfapi.in/mf/125497
125497,HDFC Top 100 Direct,125497,SBI Small Cap Fund - Direct Plan - Growth,SBI Mutual Fund,Open Ended Schemes,Equity Scheme - Small Cap Fund,2017-12-06,61.4633,2026-06-23T05:29:58.847318+00:00,https://api.mfapi.in/mf/125497
125497,HDFC Top 100 Direct,125497,SBI Small Cap Fund - Direct Plan - Growth,SBI Mutual Fund,Open Ended Schemes,Equity Scheme - Small Cap Fund,2017-12-05,61.5105,2026-06-23T05:29:58.847318+00:00,https://api.mfapi.in/mf/125497
125497,HDFC Top 100 Direct,125497,SBI Small Cap Fund - Direct Plan - Growth,SBI Mutual Fund,Open Ended Schemes,Equity Scheme - Small Cap Fund,2017-12-04,61.3177,2026-06-23T05:29:58.847318+00:00,https://api.mfapi.in/mf/125497
125497,HDFC Top 100 Direct,125497,SBI Small Cap Fund - Direct Plan - Growth,SBI Mutual Fund,Open Ended Schemes,Equity Scheme - Small Cap Fund,2017-12-01,61.4989,2026-06-23T05:29:58.847318+00:00,https://api.mfapi.in/mf/125497
125497,HDFC Top 100 Direct,125497,SBI Small Cap Fund - Direct Plan - Growth,SBI Mutual Fund,Open Ended Schemes,Equity Scheme - Small Cap Fund,2017-11-30,61.9529,2026-06-23T05:29:58.847318+00:00,https://api.mfapi.in/mf/125497
125497,HDFC Top 100 Direct,125497,SBI Small Cap Fund - Direct Plan - Growth,SBI Mutual Fund,Open Ended Schemes,Equity Scheme - Small Cap Fund,2017-11-29,61.933,2026-06-23T05:29:58.847318+00:00,https://api.mfapi.in/mf/125497
125497,HDFC Top 100 Direct,125497,SBI Small Cap Fund - Direct Plan - Growth,SBI Mutual Fund,Open Ended Schemes,Equity Scheme - Small Cap Fund,2017-11-28,61.8321,2026-06-23T05:29:58.847318+00:00,https://api.mfapi.in/mf/125497
125497,HDFC Top 100 Direct,125497,SBI Small Cap Fund - Direct Plan - Growth,SBI Mutual Fund,Open Ended Schemes,Equity Scheme - Small Cap Fund,2017-11-27,61.2762,2026-06-23T05:29:58.847318+00:00,https://api.mfapi.in/mf/125497
125497,HDFC Top 100 Direct,125497,SBI Small Cap Fund - Direct Plan - Growth,SBI Mutual Fund,Open Ended Schemes,Equity Scheme - Small Cap Fund,2017-11-24,61.0875,2026-06-23T05:29:58.847318+00:00,https://api.mfapi.in/mf/125497
125497,HDFC Top 100 Direct,125497,SBI Small Cap Fund - Direct Plan - Growth,SBI Mutual Fund,Open Ended Schemes,Equity Scheme - Small Cap Fund,2017-11-23,60.5408,2026-06-23T05:29:58.847318+00:00,https://api.mfapi.in/mf/125497
125497,HDFC Top 100 Direct,125497,SBI Small Cap Fund - Direct Plan - Growth,SBI Mutual Fund,Open Ended Schemes,Equity Scheme - Small Cap Fund,2017-11-22,60.0691,2026-06-23T05:29:58.847318+00:00,https://api.mfapi.in/mf/125497
125497,HDFC Top 100 Direct,125497,SBI Small Cap Fund - Direct Plan - Growth,SBI Mutual Fund,Open Ended Schemes,Equity Scheme - Small Cap Fund,2017-11-21,59.6667,2026-06-23T05:29:58.847318+00:00,https://api.mfapi.in/mf/125497
125497,HDFC Top 100 Direct,125497,SBI Small Cap Fund - Direct Plan - Growth,SBI Mutual Fund,Open Ended Schemes,Equity Scheme - Small Cap Fund,2017-11-20,59.2067,2026-06-23T05:29:58.847318+00:00,https://api.mfapi.in/mf/125497
125497,HDFC Top 100 Direct,125497,SBI Small Cap Fund - Direct Plan - Growth,SBI Mutual Fund,Open Ended Schemes,Equity Scheme - Small Cap Fund,2017-11-17,58.6486,2026-06-23T05:29:58.847318+00:00,https://api.mfapi.in/mf/125497
125497,HDFC Top 100 Direct,125497,SBI Small Cap Fund - Direct Plan - Growth,SBI Mutual Fund,Open Ended Schemes,Equity Scheme - Small Cap Fund,2017-11-16,58.0829,2026-06-23T05:29:58.847318+00:00,https://api.mfapi.in/mf/125497
125497,HDFC Top 100 Direct,125497,SBI Small Cap Fund - Direct Plan - Growth,SBI Mutual Fund,Open Ended Schemes,Equity Scheme - Small Cap Fund,2017-11-15,57.2689,2026-06-23T05:29:58.847318+00:00,https://api.mfapi.in/mf/125497
125497,HDFC Top 100 Direct,125497,SBI Small Cap Fund - Direct Plan - Growth,SBI Mutual Fund,Open Ended Schemes,Equity Scheme - Small Cap Fund,2017-11-14,57.9063,2026-06-23T05:29:58.847318+00:00,https://api.mfapi.in/mf/125497
125497,HDFC Top 100 Direct,125497,SBI Small Cap Fund - Direct Plan - Growth,SBI Mutual Fund,Open Ended Schemes,Equity Scheme - Small Cap Fund,2017-11-13,57.8186,2026-06-23T05:29:58.847318+00:00,https://api.mfapi.in/mf/125497
125497,HDFC Top 100 Direct,125497,SBI Small Cap Fund - Direct Plan - Growth,SBI Mutual Fund,Open Ended Schemes,Equity Scheme - Small Cap Fund,2017-11-10,57.7898,2026-06-23T05:29:58.847318+00:00,https://api.mfapi.in/mf/125497
125497,HDFC Top 100 Direct,125497,SBI Small Cap Fund - Direct Plan - Growth,SBI Mutual Fund,Open Ended Schemes,Equity Scheme - Small Cap Fund,2017-11-09,58.0804,2026-06-23T05:29:58.847318+00:00,https://api.mfapi.in/mf/125497
125497,HDFC Top 100 Direct,125497,SBI Small Cap Fund - Direct Plan - Growth,SBI Mutual Fund,Open Ended Schemes,Equity Scheme - Small Cap Fund,2017-11-08,57.2373,2026-06-23T05:29:58.847318+00:00,https://api.mfapi.in/mf/125497
125497,HDFC Top 100 Direct,125497,SBI Small Cap Fund - Direct Plan - Growth,SBI Mutual Fund,Open Ended Schemes,Equity Scheme - Small Cap Fund,2017-11-07,57.5758,2026-06-23T05:29:58.847318+00:00,https://api.mfapi.in/mf/125497
125497,HDFC Top 100 Direct,125497,SBI Small Cap Fund - Direct Plan - Growth,SBI Mutual Fund,Open Ended Schemes,Equity Scheme - Small Cap Fund,2017-11-06,57.8698,2026-06-23T05:29:58.847318+00:00,https://api.mfapi.in/mf/125497
125497,HDFC Top 100 Direct,125497,SBI Small Cap Fund - Direct Plan - Growth,SBI Mutual Fund,Open Ended Schemes,Equity Scheme - Small Cap Fund,2017-11-03,57.5792,2026-06-23T05:29:58.847318+00:00,https://api.mfapi.in/mf/125497
125497,HDFC Top 100 Direct,125497,SBI Small Cap Fund - Direct Plan - Growth,SBI Mutual Fund,Open Ended Schemes,Equity Scheme - Small Cap Fund,2017-11-02,56.6875,2026-06-23T05:29:58.847318+00:00,https://api.mfapi.in/mf/125497
125497,HDFC Top 100 Direct,125497,SBI Small Cap Fund - Direct Plan - Growth,SBI Mutual Fund,Open Ended Schemes,Equity Scheme - Small Cap Fund,2017-11-01,55.8753,2026-06-23T05:29:58.847318+00:00,https://api.mfapi.in/mf/125497
125497,HDFC Top 100 Direct,125497,SBI Small Cap Fund - Direct Plan - Growth,SBI Mutual Fund,Open Ended Schemes,Equity Scheme - Small Cap Fund,2017-10-31,55.4171,2026-06-23T05:29:58.847318+00:00,https://api.mfapi.in/mf/125497
125497,HDFC Top 100 Direct,125497,SBI Small Cap Fund - Direct Plan - Growth,SBI Mutual Fund,Open Ended Schemes,Equity Scheme - Small Cap Fund,2017-10-30,55.0944,2026-06-23T05:29:58.847318+00:00,https://api.mfapi.in/mf/125497
125497,HDFC Top 100 Direct,125497,SBI Small Cap Fund - Direct Plan - Growth,SBI Mutual Fund,Open Ended Schemes,Equity Scheme - Small Cap Fund,2017-10-27,54.5232,2026-06-23T05:29:58.847318+00:00,https://api.mfapi.in/mf/125497
125497,HDFC Top 100 Direct,125497,SBI Small Cap Fund - Direct Plan - Growth,SBI Mutual Fund,Open Ended Schemes,Equity Scheme - Small Cap Fund,2017-10-26,54.1288,2026-06-23T05:29:58.847318+00:00,https://api.mfapi.in/mf/125497
125497,HDFC Top 100 Direct,125497,SBI Small Cap Fund - Direct Plan - Growth,SBI Mutual Fund,Open Ended Schemes,Equity Scheme - Small Cap Fund,2017-10-25,53.9848,2026-06-23T05:29:58.847318+00:00,https://api.mfapi.in/mf/125497
125497,HDFC Top 100 Direct,125497,SBI Small Cap Fund - Direct Plan - Growth,SBI Mutual Fund,Open Ended Schemes,Equity Scheme - Small Cap Fund,2017-10-24,54.5146,2026-06-23T05:29:58.847318+00:00,https://api.mfapi.in/mf/125497
125497,HDFC Top 100 Direct,125497,SBI Small Cap Fund - Direct Plan - Growth,SBI Mutual Fund,Open Ended Schemes,Equity Scheme - Small Cap Fund,2017-10-23,54.3424,2026-06-23T05:29:58.847318+00:00,https://api.mfapi.in/mf/125497
125497,HDFC Top 100 Direct,125497,SBI Small Cap Fund - Direct Plan - Growth,SBI Mutual Fund,Open Ended Schemes,Equity Scheme - Small Cap Fund,2017-10-18,54.4244,2026-06-23T05:29:58.847318+00:00,https://api.mfapi.in/mf/125497
125497,HDFC Top 100 Direct,125497,SBI Small Cap Fund - Direct Plan - Growth,SBI Mutual Fund,Open Ended Schemes,Equity Scheme - Small Cap Fund,2017-10-17,54.5388,2026-06-23T05:29:58.847318+00:00,https://api.mfapi.in/mf/125497
125497,HDFC Top 100 Direct,125497,SBI Small Cap Fund - Direct Plan - Growth,SBI Mutual Fund,Open Ended Schemes,Equity Scheme - Small Cap Fund,2017-10-16,54.2114,2026-06-23T05:29:58.847318+00:00,https://api.mfapi.in/mf/125497
125497,HDFC Top 100 Direct,125497,SBI Small Cap Fund - Direct Plan - Growth,SBI Mutual Fund,Open Ended Schemes,Equity Scheme - Small Cap Fund,2017-10-13,54.1717,2026-06-23T05:29:58.847318+00:00,https://api.mfapi.in/mf/125497
125497,HDFC Top 100 Direct,125497,SBI Small Cap Fund - Direct Plan - Growth,SBI Mutual Fund,Open Ended Schemes,Equity Scheme - Small Cap Fund,2017-10-12,53.9971,2026-06-23T05:29:58.847318+00:00,https://api.mfapi.in/mf/125497
125497,HDFC Top 100 Direct,125497,SBI Small Cap Fund - Direct Plan - Growth,SBI Mutual Fund,Open Ended Schemes,Equity Scheme - Small Cap Fund,2017-10-11,53.678,2026-06-23T05:29:58.847318+00:00,https://api.mfapi.in/mf/125497
125497,HDFC Top 100 Direct,125497,SBI Small Cap Fund - Direct Plan - Growth,SBI Mutual Fund,Open Ended Schemes,Equity Scheme - Small Cap Fund,2017-10-10,54.358,2026-06-23T05:29:58.847318+00:00,https://api.mfapi.in/mf/125497
125497,HDFC Top 100 Direct,125497,SBI Small Cap Fund - Direct Plan - Growth,SBI Mutual Fund,Open Ended Schemes,Equity Scheme - Small Cap Fund,2017-10-09,53.9716,2026-06-23T05:29:58.847318+00:00,https://api.mfapi.in/mf/125497
125497,HDFC Top 100 Direct,125497,SBI Small Cap Fund - Direct Plan - Growth,SBI Mutual Fund,Open Ended Schemes,Equity Scheme - Small Cap Fund,2017-10-06,53.8125,2026-06-23T05:29:58.847318+00:00,https://api.mfapi.in/mf/125497
125497,HDFC Top 100 Direct,125497,SBI Small Cap Fund - Direct Plan - Growth,SBI Mutual Fund,Open Ended Schemes,Equity Scheme - Small Cap Fund,2017-10-05,53.4476,2026-06-23T05:29:58.847318+00:00,https://api.mfapi.in/mf/125497
125497,HDFC Top 100 Direct,125497,SBI Small Cap Fund - Direct Plan - Growth,SBI Mutual Fund,Open Ended Schemes,Equity Scheme - Small Cap Fund,2017-10-04,53.2395,2026-06-23T05:29:58.847318+00:00,https://api.mfapi.in/mf/125497
125497,HDFC Top 100 Direct,125497,SBI Small Cap Fund - Direct Plan - Growth,SBI Mutual Fund,Open Ended Schemes,Equity Scheme - Small Cap Fund,2017-10-03,52.3213,2026-06-23T05:29:58.847318+00:00,https://api.mfapi.in/mf/125497
125497,HDFC Top 100 Direct,125497,SBI Small Cap Fund - Direct Plan - Growth,SBI Mutual Fund,Open Ended Schemes,Equity Scheme - Small Cap Fund,2017-09-29,51.961,2026-06-23T05:29:58.847318+00:00,https://api.mfapi.in/mf/125497
125497,HDFC Top 100 Direct,125497,SBI Small Cap Fund - Direct Plan - Growth,SBI Mutual Fund,Open Ended Schemes,Equity Scheme - Small Cap Fund,2017-09-28,51.2362,2026-06-23T05:29:58.847318+00:00,https://api.mfapi.in/mf/125497
125497,HDFC Top 100 Direct,125497,SBI Small Cap Fund - Direct Plan - Growth,SBI Mutual Fund,Open Ended Schemes,Equity Scheme - Small Cap Fund,2017-09-27,50.832,2026-06-23T05:29:58.847318+00:00,https://api.mfapi.in/mf/125497
125497,HDFC Top 100 Direct,125497,SBI Small Cap Fund - Direct Plan - Growth,SBI Mutual Fund,Open Ended Schemes,Equity Scheme - Small Cap Fund,2017-09-26,51.6784,2026-06-23T05:29:58.847318+00:00,https://api.mfapi.in/mf/125497
125497,HDFC Top 100 Direct,125497,SBI Small Cap Fund - Direct Plan - Growth,SBI Mutual Fund,Open Ended Schemes,Equity Scheme - Small Cap Fund,2017-09-25,51.0501,2026-06-23T05:29:58.847318+00:00,https://api.mfapi.in/mf/125497
125497,HDFC Top 100 Direct,125497,SBI Small Cap Fund - Direct Plan - Growth,SBI Mutual Fund,Open Ended Schemes,Equity Scheme - Small Cap Fund,2017-09-22,51.5995,2026-06-23T05:29:58.847318+00:00,https://api.mfapi.in/mf/125497
125497,HDFC Top 100 Direct,125497,SBI Small Cap Fund - Direct Plan - Growth,SBI Mutual Fund,Open Ended Schemes,Equity Scheme - Small Cap Fund,2017-09-21,53.3041,2026-06-23T05:29:58.847318+00:00,https://api.mfapi.in/mf/125497
125497,HDFC Top 100 Direct,125497,SBI Small Cap Fund - Direct Plan - Growth,SBI Mutual Fund,Open Ended Schemes,Equity Scheme - Small Cap Fund,2017-09-20,53.3602,2026-06-23T05:29:58.847318+00:00,https://api.mfapi.in/mf/125497
125497,HDFC Top 100 Direct,125497,SBI Small Cap Fund - Direct Plan - Growth,SBI Mutual Fund,Open Ended Schemes,Equity Scheme - Small Cap Fund,2017-09-19,52.9686,2026-06-23T05:29:58.847318+00:00,https://api.mfapi.in/mf/125497
125497,HDFC Top 100 Direct,125497,SBI Small Cap Fund - Direct Plan - Growth,SBI Mutual Fund,Open Ended Schemes,Equity Scheme - Small Cap Fund,2017-09-18,52.3804,2026-06-23T05:29:58.847318+00:00,https://api.mfapi.in/mf/125497
125497,HDFC Top 100 Direct,125497,SBI Small Cap Fund - Direct Plan - Growth,SBI Mutual Fund,Open Ended Schemes,Equity Scheme - Small Cap Fund,2017-09-15,51.7518,2026-06-23T05:29:58.847318+00:00,https://api.mfapi.in/mf/125497
125497,HDFC Top 100 Direct,125497,SBI Small Cap Fund - Direct Plan - Growth,SBI Mutual Fund,Open Ended Schemes,Equity Scheme - Small Cap Fund,2017-09-14,51.3182,2026-06-23T05:29:58.847318+00:00,https://api.mfapi.in/mf/125497
125497,HDFC Top 100 Direct,125497,SBI Small Cap Fund - Direct Plan - Growth,SBI Mutual Fund,Open Ended Schemes,Equity Scheme - Small Cap Fund,2017-09-13,50.6965,2026-06-23T05:29:58.847318+00:00,https://api.mfapi.in/mf/125497
125497,HDFC Top 100 Direct,125497,SBI Small Cap Fund - Direct Plan - Growth,SBI Mutual Fund,Open Ended Schemes,Equity Scheme - Small Cap Fund,2017-09-12,51.0852,2026-06-23T05:29:58.847318+00:00,https://api.mfapi.in/mf/125497
125497,HDFC Top 100 Direct,125497,SBI Small Cap Fund - Direct Plan - Growth,SBI Mutual Fund,Open Ended Schemes,Equity Scheme - Small Cap Fund,2017-09-11,50.7696,2026-06-23T05:29:58.847318+00:00,https://api.mfapi.in/mf/125497
125497,HDFC Top 100 Direct,125497,SBI Small Cap Fund - Direct Plan - Growth,SBI Mutual Fund,Open Ended Schemes,Equity Scheme - Small Cap Fund,2017-09-08,50.5481,2026-06-23T05:29:58.847318+00:00,https://api.mfapi.in/mf/125497
125497,HDFC Top 100 Direct,125497,SBI Small Cap Fund - Direct Plan - Growth,SBI Mutual Fund,Open Ended Schemes,Equity Scheme - Small Cap Fund,2017-09-07,50.479,2026-06-23T05:29:58.847318+00:00,https://api.mfapi.in/mf/125497
125497,HDFC Top 100 Direct,125497,SBI Small Cap Fund - Direct Plan - Growth,SBI Mutual Fund,Open Ended Schemes,Equity Scheme - Small Cap Fund,2017-09-06,50.2949,2026-06-23T05:29:58.847318+00:00,https://api.mfapi.in/mf/125497
125497,HDFC Top 100 Direct,125497,SBI Small Cap Fund - Direct Plan - Growth,SBI Mutual Fund,Open Ended Schemes,Equity Scheme - Small Cap Fund,2017-09-05,50.0883,2026-06-23T05:29:58.847318+00:00,https://api.mfapi.in/mf/125497
125497,HDFC Top 100 Direct,125497,SBI Small Cap Fund - Direct Plan - Growth,SBI Mutual Fund,Open Ended Schemes,Equity Scheme - Small Cap Fund,2017-09-04,49.5888,2026-06-23T05:29:58.847318+00:00,https://api.mfapi.in/mf/125497
125497,HDFC Top 100 Direct,125497,SBI Small Cap Fund - Direct Plan - Growth,SBI Mutual Fund,Open Ended Schemes,Equity Scheme - Small Cap Fund,2017-09-01,49.6448,2026-06-23T05:29:58.847318+00:00,https://api.mfapi.in/mf/125497
125497,HDFC Top 100 Direct,125497,SBI Small Cap Fund - Direct Plan - Growth,SBI Mutual Fund,Open Ended Schemes,Equity Scheme - Small Cap Fund,2017-08-31,49.1482,2026-06-23T05:29:58.847318+00:00,https://api.mfapi.in/mf/125497
125497,HDFC Top 100 Direct,125497,SBI Small Cap Fund - Direct Plan - Growth,SBI Mutual Fund,Open Ended Schemes,Equity Scheme - Small Cap Fund,2017-08-30,48.4861,2026-06-23T05:29:58.847318+00:00,https://api.mfapi.in/mf/125497
125497,HDFC Top 100 Direct,125497,SBI Small Cap Fund - Direct Plan - Growth,SBI Mutual Fund,Open Ended Schemes,Equity Scheme - Small Cap Fund,2017-08-29,48.1384,2026-06-23T05:29:58.847318+00:00,https://api.mfapi.in/mf/125497
125497,HDFC Top 100 Direct,125497,SBI Small Cap Fund - Direct Plan - Growth,SBI Mutual Fund,Open Ended Schemes,Equity Scheme - Small Cap Fund,2017-08-28,48.5392,2026-06-23T05:29:58.847318+00:00,https://api.mfapi.in/mf/125497
125497,HDFC Top 100 Direct,125497,SBI Small Cap Fund - Direct Plan - Growth,SBI Mutual Fund,Open Ended Schemes,Equity Scheme - Small Cap Fund,2017-08-24,48.248,2026-06-23T05:29:58.847318+00:00,https://api.mfapi.in/mf/125497
125497,HDFC Top 100 Direct,125497,SBI Small Cap Fund - Direct Plan - Growth,SBI Mutual Fund,Open Ended Schemes,Equity Scheme - Small Cap Fund,2017-08-23,48.1917,2026-06-23T05:29:58.847318+00:00,https://api.mfapi.in/mf/125497
125497,HDFC Top 100 Direct,125497,SBI Small Cap Fund - Direct Plan - Growth,SBI Mutual Fund,Open Ended Schemes,Equity Scheme - Small Cap Fund,2017-08-22,47.9154,2026-06-23T05:29:58.847318+00:00,https://api.mfapi.in/mf/125497
125497,HDFC Top 100 Direct,125497,SBI Small Cap Fund - Direct Plan - Growth,SBI Mutual Fund,Open Ended Schemes,Equity Scheme - Small Cap Fund,2017-08-21,47.7179,2026-06-23T05:29:58.847318+00:00,https://api.mfapi.in/mf/125497
125497,HDFC Top 100 Direct,125497,SBI Small Cap Fund - Direct Plan - Growth,SBI Mutual Fund,Open Ended Schemes,Equity Scheme - Small Cap Fund,2017-08-18,48.3833,2026-06-23T05:29:58.847318+00:00,https://api.mfapi.in/mf/125497
125497,HDFC Top 100 Direct,125497,SBI Small Cap Fund - Direct Plan - Growth,SBI Mutual Fund,Open Ended Schemes,Equity Scheme - Small Cap Fund,2017-08-17,48.7034,2026-06-23T05:29:58.847318+00:00,https://api.mfapi.in/mf/125497
125497,HDFC Top 100 Direct,125497,SBI Small Cap Fund - Direct Plan - Growth,SBI Mutual Fund,Open Ended Schemes,Equity Scheme - Small Cap Fund,2017-08-16,48.3225,2026-06-23T05:29:58.847318+00:00,https://api.mfapi.in/mf/125497
125497,HDFC Top 100 Direct,125497,SBI Small Cap Fund - Direct Plan - Growth,SBI Mutual Fund,Open Ended Schemes,Equity Scheme - Small Cap Fund,2017-08-14,47.737,2026-06-23T05:29:58.847318+00:00,https://api.mfapi.in/mf/125497
125497,HDFC Top 100 Direct,125497,SBI Small Cap Fund - Direct Plan - Growth,SBI Mutual Fund,Open Ended Schemes,Equity Scheme - Small Cap Fund,2017-08-11,46.9331,2026-06-23T05:29:58.847318+00:00,https://api.mfapi.in/mf/125497
125497,HDFC Top 100 Direct,125497,SBI Small Cap Fund - Direct Plan - Growth,SBI Mutual Fund,Open Ended Schemes,Equity Scheme - Small Cap Fund,2017-08-10,46.6004,2026-06-23T05:29:58.847318+00:00,https://api.mfapi.in/mf/125497
125497,HDFC Top 100 Direct,125497,SBI Small Cap Fund - Direct Plan - Growth,SBI Mutual Fund,Open Ended Schemes,Equity Scheme - Small Cap Fund,2017-08-09,47.6533,2026-06-23T05:29:58.847318+00:00,https://api.mfapi.in/mf/125497
125497,HDFC Top 100 Direct,125497,SBI Small Cap Fund - Direct Plan - Growth,SBI Mutual Fund,Open Ended Schemes,Equity Scheme - Small Cap Fund,2017-08-08,48.14,2026-06-23T05:29:58.847318+00:00,https://api.mfapi.in/mf/125497
125497,HDFC Top 100 Direct,125497,SBI Small Cap Fund - Direct Plan - Growth,SBI Mutual Fund,Open Ended Schemes,Equity Scheme - Small Cap Fund,2017-08-07,48.5716,2026-06-23T05:29:58.847318+00:00,https://api.mfapi.in/mf/125497
125497,HDFC Top 100 Direct,125497,SBI Small Cap Fund - Direct Plan - Growth,SBI Mutual Fund,Open Ended Schemes,Equity Scheme - Small Cap Fund,2017-08-04,48.1507,2026-06-23T05:29:58.847318+00:00,https://api.mfapi.in/mf/125497
125497,HDFC Top 100 Direct,125497,SBI Small Cap Fund - Direct Plan - Growth,SBI Mutual Fund,Open Ended Schemes,Equity Scheme - Small Cap Fund,2017-08-03,48.0355,2026-06-23T05:29:58.847318+00:00,https://api.mfapi.in/mf/125497
125497,HDFC Top 100 Direct,125497,SBI Small Cap Fund - Direct Plan - Growth,SBI Mutual Fund,Open Ended Schemes,Equity Scheme - Small Cap Fund,2017-08-02,48.434,2026-06-23T05:29:58.847318+00:00,https://api.mfapi.in/mf/125497
125497,HDFC Top 100 Direct,125497,SBI Small Cap Fund - Direct Plan - Growth,SBI Mutual Fund,Open Ended Schemes,Equity Scheme - Small Cap Fund,2017-08-01,48.8185,2026-06-23T05:29:58.847318+00:00,https://api.mfapi.in/mf/125497
125497,HDFC Top 100 Direct,125497,SBI Small Cap Fund - Direct Plan - Growth,SBI Mutual Fund,Open Ended Schemes,Equity Scheme - Small Cap Fund,2017-07-31,48.6537,2026-06-23T05:29:58.847318+00:00,https://api.mfapi.in/mf/125497
125497,HDFC Top 100 Direct,125497,SBI Small Cap Fund - Direct Plan - Growth,SBI Mutual Fund,Open Ended Schemes,Equity Scheme - Small Cap Fund,2017-07-28,48.5811,2026-06-23T05:29:58.847318+00:00,https://api.mfapi.in/mf/125497
125497,HDFC Top 100 Direct,125497,SBI Small Cap Fund - Direct Plan - Growth,SBI Mutual Fund,Open Ended Schemes,Equity Scheme - Small Cap Fund,2017-07-27,48.1589,2026-06-23T05:29:58.847318+00:00,https://api.mfapi.in/mf/125497
125497,HDFC Top 100 Direct,125497,SBI Small Cap Fund - Direct Plan - Growth,SBI Mutual Fund,Open Ended Schemes,Equity Scheme - Small Cap Fund,2017-07-26,48.4663,2026-06-23T05:29:58.847318+00:00,https://api.mfapi.in/mf/125497
125497,HDFC Top 100 Direct,125497,SBI Small Cap Fund - Direct Plan - Growth,SBI Mutual Fund,Open Ended Schemes,Equity Scheme - Small Cap Fund,2017-07-25,48.2663,2026-06-23T05:29:58.847318+00:00,https://api.mfapi.in/mf/125497
125497,HDFC Top 100 Direct,125497,SBI Small Cap Fund - Direct Plan - Growth,SBI Mutual Fund,Open Ended Schemes,Equity Scheme - Small Cap Fund,2017-07-24,48.2489,2026-06-23T05:29:58.847318+00:00,https://api.mfapi.in/mf/125497
125497,HDFC Top 100 Direct,125497,SBI Small Cap Fund - Direct Plan - Growth,SBI Mutual Fund,Open Ended Schemes,Equity Scheme - Small Cap Fund,2017-07-21,48.2629,2026-06-23T05:29:58.847318+00:00,https://api.mfapi.in/mf/125497
125497,HDFC Top 100 Direct,125497,SBI Small Cap Fund - Direct Plan - Growth,SBI Mutual Fund,Open Ended Schemes,Equity Scheme - Small Cap Fund,2017-07-20,48.4308,2026-06-23T05:29:58.847318+00:00,https://api.mfapi.in/mf/125497
125497,HDFC Top 100 Direct,125497,SBI Small Cap Fund - Direct Plan - Growth,SBI Mutual Fund,Open Ended Schemes,Equity Scheme - Small Cap Fund,2017-07-19,48.2322,2026-06-23T05:29:58.847318+00:00,https://api.mfapi.in/mf/125497
125497,HDFC Top 100 Direct,125497,SBI Small Cap Fund - Direct Plan - Growth,SBI Mutual Fund,Open Ended Schemes,Equity Scheme - Small Cap Fund,2017-07-18,47.9429,2026-06-23T05:29:58.847318+00:00,https://api.mfapi.in/mf/125497
125497,HDFC Top 100 Direct,125497,SBI Small Cap Fund - Direct Plan - Growth,SBI Mutual Fund,Open Ended Schemes,Equity Scheme - Small Cap Fund,2017-07-17,47.97,2026-06-23T05:29:58.847318+00:00,https://api.mfapi.in/mf/125497
125497,HDFC Top 100 Direct,125497,SBI Small Cap Fund - Direct Plan - Growth,SBI Mutual Fund,Open Ended Schemes,Equity Scheme - Small Cap Fund,2017-07-14,47.7904,2026-06-23T05:29:58.847318+00:00,https://api.mfapi.in/mf/125497
125497,HDFC Top 100 Direct,125497,SBI Small Cap Fund - Direct Plan - Growth,SBI Mutual Fund,Open Ended Schemes,Equity Scheme - Small Cap Fund,2017-07-13,48.2403,2026-06-23T05:29:58.847318+00:00,https://api.mfapi.in/mf/125497
125497,HDFC Top 100 Direct,125497,SBI Small Cap Fund - Direct Plan - Growth,SBI Mutual Fund,Open Ended Schemes,Equity Scheme - Small Cap Fund,2017-07-12,47.981,2026-06-23T05:29:58.847318+00:00,https://api.mfapi.in/mf/125497
125497,HDFC Top 100 Direct,125497,SBI Small Cap Fund - Direct Plan - Growth,SBI Mutual Fund,Open Ended Schemes,Equity Scheme - Small Cap Fund,2017-07-11,47.8999,2026-06-23T05:29:58.847318+00:00,https://api.mfapi.in/mf/125497
125497,HDFC Top 100 Direct,125497,SBI Small Cap Fund - Direct Plan - Growth,SBI Mutual Fund,Open Ended Schemes,Equity Scheme - Small Cap Fund,2017-07-10,47.7571,2026-06-23T05:29:58.847318+00:00,https://api.mfapi.in/mf/125497
125497,HDFC Top 100 Direct,125497,SBI Small Cap Fund - Direct Plan - Growth,SBI Mutual Fund,Open Ended Schemes,Equity Scheme - Small Cap Fund,2017-07-07,47.6689,2026-06-23T05:29:58.847318+00:00,https://api.mfapi.in/mf/125497
125497,HDFC Top 100 Direct,125497,SBI Small Cap Fund - Direct Plan - Growth,SBI Mutual Fund,Open Ended Schemes,Equity Scheme - Small Cap Fund,2017-07-06,47.6048,2026-06-23T05:29:58.847318+00:00,https://api.mfapi.in/mf/125497
125497,HDFC Top 100 Direct,125497,SBI Small Cap Fund - Direct Plan - Growth,SBI Mutual Fund,Open Ended Schemes,Equity Scheme - Small Cap Fund,2017-07-05,47.6057,2026-06-23T05:29:58.847318+00:00,https://api.mfapi.in/mf/125497
125497,HDFC Top 100 Direct,125497,SBI Small Cap Fund - Direct Plan - Growth,SBI Mutual Fund,Open Ended Schemes,Equity Scheme - Small Cap Fund,2017-07-04,47.3041,2026-06-23T05:29:58.847318+00:00,https://api.mfapi.in/mf/125497
125497,HDFC Top 100 Direct,125497,SBI Small Cap Fund - Direct Plan - Growth,SBI Mutual Fund,Open Ended Schemes,Equity Scheme - Small Cap Fund,2017-07-03,47.0864,2026-06-23T05:29:58.847318+00:00,https://api.mfapi.in/mf/125497
125497,HDFC Top 100 Direct,125497,SBI Small Cap Fund - Direct Plan - Growth,SBI Mutual Fund,Open Ended Schemes,Equity Scheme - Small Cap Fund,2017-06-30,46.3484,2026-06-23T05:29:58.847318+00:00,https://api.mfapi.in/mf/125497
125497,HDFC Top 100 Direct,125497,SBI Small Cap Fund - Direct Plan - Growth,SBI Mutual Fund,Open Ended Schemes,Equity Scheme - Small Cap Fund,2017-06-29,46.1769,2026-06-23T05:29:58.847318+00:00,https://api.mfapi.in/mf/125497
125497,HDFC Top 100 Direct,125497,SBI Small Cap Fund - Direct Plan - Growth,SBI Mutual Fund,Open Ended Schemes,Equity Scheme - Small Cap Fund,2017-06-28,45.7199,2026-06-23T05:29:58.847318+00:00,https://api.mfapi.in/mf/125497
125497,HDFC Top 100 Direct,125497,SBI Small Cap Fund - Direct Plan - Growth,SBI Mutual Fund,Open Ended Schemes,Equity Scheme - Small Cap Fund,2017-06-27,46.0949,2026-06-23T05:29:58.847318+00:00,https://api.mfapi.in/mf/125497
125497,HDFC Top 100 Direct,125497,SBI Small Cap Fund - Direct Plan - Growth,SBI Mutual Fund,Open Ended Schemes,Equity Scheme - Small Cap Fund,2017-06-23,46.4126,2026-06-23T05:29:58.847318+00:00,https://api.mfapi.in/mf/125497
125497,HDFC Top 100 Direct,125497,SBI Small Cap Fund - Direct Plan - Growth,SBI Mutual Fund,Open Ended Schemes,Equity Scheme - Small Cap Fund,2017-06-22,46.9542,2026-06-23T05:29:58.847318+00:00,https://api.mfapi.in/mf/125497
125497,HDFC Top 100 Direct,125497,SBI Small Cap Fund - Direct Plan - Growth,SBI Mutual Fund,Open Ended Schemes,Equity Scheme - Small Cap Fund,2017-06-21,46.8016,2026-06-23T05:29:58.847318+00:00,https://api.mfapi.in/mf/125497
125497,HDFC Top 100 Direct,125497,SBI Small Cap Fund - Direct Plan - Growth,SBI Mutual Fund,Open Ended Schemes,Equity Scheme - Small Cap Fund,2017-06-20,46.6247,2026-06-23T05:29:58.847318+00:00,https://api.mfapi.in/mf/125497
125497,HDFC Top 100 Direct,125497,SBI Small Cap Fund - Direct Plan - Growth,SBI Mutual Fund,Open Ended Schemes,Equity Scheme - Small Cap Fund,2017-06-19,46.4924,2026-06-23T05:29:58.847318+00:00,https://api.mfapi.in/mf/125497
125497,HDFC Top 100 Direct,125497,SBI Small Cap Fund - Direct Plan - Growth,SBI Mutual Fund,Open Ended Schemes,Equity Scheme - Small Cap Fund,2017-06-16,46.2799,2026-06-23T05:29:58.847318+00:00,https://api.mfapi.in/mf/125497
125497,HDFC Top 100 Direct,125497,SBI Small Cap Fund - Direct Plan - Growth,SBI Mutual Fund,Open Ended Schemes,Equity Scheme - Small Cap Fund,2017-06-15,46.1215,2026-06-23T05:29:58.847318+00:00,https://api.mfapi.in/mf/125497
125497,HDFC Top 100 Direct,125497,SBI Small Cap Fund - Direct Plan - Growth,SBI Mutual Fund,Open Ended Schemes,Equity Scheme - Small Cap Fund,2017-06-14,45.7899,2026-06-23T05:29:58.847318+00:00,https://api.mfapi.in/mf/125497
125497,HDFC Top 100 Direct,125497,SBI Small Cap Fund - Direct Plan - Growth,SBI Mutual Fund,Open Ended Schemes,Equity Scheme - Small Cap Fund,2017-06-13,45.76,2026-06-23T05:29:58.847318+00:00,https://api.mfapi.in/mf/125497
125497,HDFC Top 100 Direct,125497,SBI Small Cap Fund - Direct Plan - Growth,SBI Mutual Fund,Open Ended Schemes,Equity Scheme - Small Cap Fund,2017-06-12,45.6426,2026-06-23T05:29:58.847318+00:00,https://api.mfapi.in/mf/125497
125497,HDFC Top 100 Direct,125497,SBI Small Cap Fund - Direct Plan - Growth,SBI Mutual Fund,Open Ended Schemes,Equity Scheme - Small Cap Fund,2017-06-09,45.3998,2026-06-23T05:29:58.847318+00:00,https://api.mfapi.in/mf/125497
125497,HDFC Top 100 Direct,125497,SBI Small Cap Fund - Direct Plan - Growth,SBI Mutual Fund,Open Ended Schemes,Equity Scheme - Small Cap Fund,2017-06-08,45.3666,2026-06-23T05:29:58.847318+00:00,https://api.mfapi.in/mf/125497
125497,HDFC Top 100 Direct,125497,SBI Small Cap Fund - Direct Plan - Growth,SBI Mutual Fund,Open Ended Schemes,Equity Scheme - Small Cap Fund,2017-06-07,45.2229,2026-06-23T05:29:58.847318+00:00,https://api.mfapi.in/mf/125497
125497,HDFC Top 100 Direct,125497,SBI Small Cap Fund - Direct Plan - Growth,SBI Mutual Fund,Open Ended Schemes,Equity Scheme - Small Cap Fund,2017-06-06,44.8932,2026-06-23T05:29:58.847318+00:00,https://api.mfapi.in/mf/125497
125497,HDFC Top 100 Direct,125497,SBI Small Cap Fund - Direct Plan - Growth,SBI Mutual Fund,Open Ended Schemes,Equity Scheme - Small Cap Fund,2017-06-05,45.12,2026-06-23T05:29:58.847318+00:00,https://api.mfapi.in/mf/125497
125497,HDFC Top 100 Direct,125497,SBI Small Cap Fund - Direct Plan - Growth,SBI Mutual Fund,Open Ended Schemes,Equity Scheme - Small Cap Fund,2017-06-02,44.8693,2026-06-23T05:29:58.847318+00:00,https://api.mfapi.in/mf/125497
125497,HDFC Top 100 Direct,125497,SBI Small Cap Fund - Direct Plan - Growth,SBI Mutual Fund,Open Ended Schemes,Equity Scheme - Small Cap Fund,2017-06-01,44.592,2026-06-23T05:29:58.847318+00:00,https://api.mfapi.in/mf/125497
125497,HDFC Top 100 Direct,125497,SBI Small Cap Fund - Direct Plan - Growth,SBI Mutual Fund,Open Ended Schemes,Equity Scheme - Small Cap Fund,2017-05-31,44.5677,2026-06-23T05:29:58.847318+00:00,https://api.mfapi.in/mf/125497
125497,HDFC Top 100 Direct,125497,SBI Small Cap Fund - Direct Plan - Growth,SBI Mutual Fund,Open Ended Schemes,Equity Scheme - Small Cap Fund,2017-05-30,44.2141,2026-06-23T05:29:58.847318+00:00,https://api.mfapi.in/mf/125497
125497,HDFC Top 100 Direct,125497,SBI Small Cap Fund - Direct Plan - Growth,SBI Mutual Fund,Open Ended Schemes,Equity Scheme - Small Cap Fund,2017-05-29,44.4295,2026-06-23T05:29:58.847318+00:00,https://api.mfapi.in/mf/125497
125497,HDFC Top 100 Direct,125497,SBI Small Cap Fund - Direct Plan - Growth,SBI Mutual Fund,Open Ended Schemes,Equity Scheme - Small Cap Fund,2017-05-26,44.8599,2026-06-23T05:29:58.847318+00:00,https://api.mfapi.in/mf/125497
125497,HDFC Top 100 Direct,125497,SBI Small Cap Fund - Direct Plan - Growth,SBI Mutual Fund,Open Ended Schemes,Equity Scheme - Small Cap Fund,2017-05-25,44.2257,2026-06-23T05:29:58.847318+00:00,https://api.mfapi.in/mf/125497
125497,HDFC Top 100 Direct,125497,SBI Small Cap Fund - Direct Plan - Growth,SBI Mutual Fund,Open Ended Schemes,Equity Scheme - Small Cap Fund,2017-05-24,43.3484,2026-06-23T05:29:58.847318+00:00,https://api.mfapi.in/mf/125497
125497,HDFC Top 100 Direct,125497,SBI Small Cap Fund - Direct Plan - Growth,SBI Mutual Fund,Open Ended Schemes,Equity Scheme - Small Cap Fund,2017-05-23,44.0249,2026-06-23T05:29:58.847318+00:00,https://api.mfapi.in/mf/125497
125497,HDFC Top 100 Direct,125497,SBI Small Cap Fund - Direct Plan - Growth,SBI Mutual Fund,Open Ended Schemes,Equity Scheme - Small Cap Fund,2017-05-22,44.866,2026-06-23T05:29:58.847318+00:00,https://api.mfapi.in/mf/125497
125497,HDFC Top 100 Direct,125497,SBI Small Cap Fund - Direct Plan - Growth,SBI Mutual Fund,Open Ended Schemes,Equity Scheme - Small Cap Fund,2017-05-19,45.2431,2026-06-23T05:29:58.847318+00:00,https://api.mfapi.in/mf/125497
125497,HDFC Top 100 Direct,125497,SBI Small Cap Fund - Direct Plan - Growth,SBI Mutual Fund,Open Ended Schemes,Equity Scheme - Small Cap Fund,2017-05-18,45.5892,2026-06-23T05:29:58.847318+00:00,https://api.mfapi.in/mf/125497
125497,HDFC Top 100 Direct,125497,SBI Small Cap Fund - Direct Plan - Growth,SBI Mutual Fund,Open Ended Schemes,Equity Scheme - Small Cap Fund,2017-05-17,45.8048,2026-06-23T05:29:58.847318+00:00,https://api.mfapi.in/mf/125497
125497,HDFC Top 100 Direct,125497,SBI Small Cap Fund - Direct Plan - Growth,SBI Mutual Fund,Open Ended Schemes,Equity Scheme - Small Cap Fund,2017-05-16,45.686,2026-06-23T05:29:58.847318+00:00,https://api.mfapi.in/mf/125497
125497,HDFC Top 100 Direct,125497,SBI Small Cap Fund - Direct Plan - Growth,SBI Mutual Fund,Open Ended Schemes,Equity Scheme - Small Cap Fund,2017-05-15,45.6024,2026-06-23T05:29:58.847318+00:00,https://api.mfapi.in/mf/125497
125497,HDFC Top 100 Direct,125497,SBI Small Cap Fund - Direct Plan - Growth,SBI Mutual Fund,Open Ended Schemes,Equity Scheme - Small Cap Fund,2017-05-12,45.1186,2026-06-23T05:29:58.847318+00:00,https://api.mfapi.in/mf/125497
125497,HDFC Top 100 Direct,125497,SBI Small Cap Fund - Direct Plan - Growth,SBI Mutual Fund,Open Ended Schemes,Equity Scheme - Small Cap Fund,2017-05-11,45.5728,2026-06-23T05:29:58.847318+00:00,https://api.mfapi.in/mf/125497
125497,HDFC Top 100 Direct,125497,SBI Small Cap Fund - Direct Plan - Growth,SBI Mutual Fund,Open Ended Schemes,Equity Scheme - Small Cap Fund,2017-05-10,45.8331,2026-06-23T05:29:58.847318+00:00,https://api.mfapi.in/mf/125497
125497,HDFC Top 100 Direct,125497,SBI Small Cap Fund - Direct Plan - Growth,SBI Mutual Fund,Open Ended Schemes,Equity Scheme - Small Cap Fund,2017-05-09,45.4696,2026-06-23T05:29:58.847318+00:00,https://api.mfapi.in/mf/125497
125497,HDFC Top 100 Direct,125497,SBI Small Cap Fund - Direct Plan - Growth,SBI Mutual Fund,Open Ended Schemes,Equity Scheme - Small Cap Fund,2017-05-08,45.2513,2026-06-23T05:29:58.847318+00:00,https://api.mfapi.in/mf/125497
125497,HDFC Top 100 Direct,125497,SBI Small Cap Fund - Direct Plan - Growth,SBI Mutual Fund,Open Ended Schemes,Equity Scheme - Small Cap Fund,2017-05-05,44.9503,2026-06-23T05:29:58.847318+00:00,https://api.mfapi.in/mf/125497
125497,HDFC Top 100 Direct,125497,SBI Small Cap Fund - Direct Plan - Growth,SBI Mutual Fund,Open Ended Schemes,Equity Scheme - Small Cap Fund,2017-05-04,45.0697,2026-06-23T05:29:58.847318+00:00,https://api.mfapi.in/mf/125497
125497,HDFC Top 100 Direct,125497,SBI Small Cap Fund - Direct Plan - Growth,SBI Mutual Fund,Open Ended Schemes,Equity Scheme - Small Cap Fund,2017-05-03,44.8741,2026-06-23T05:29:58.847318+00:00,https://api.mfapi.in/mf/125497
125497,HDFC Top 100 Direct,125497,SBI Small Cap Fund - Direct Plan - Growth,SBI Mutual Fund,Open Ended Schemes,Equity Scheme - Small Cap Fund,2017-05-02,44.8776,2026-06-23T05:29:58.847318+00:00,https://api.mfapi.in/mf/125497
125497,HDFC Top 100 Direct,125497,SBI Small Cap Fund - Direct Plan - Growth,SBI Mutual Fund,Open Ended Schemes,Equity Scheme - Small Cap Fund,2017-04-28,44.9968,2026-06-23T05:29:58.847318+00:00,https://api.mfapi.in/mf/125497
125497,HDFC Top 100 Direct,125497,SBI Small Cap Fund - Direct Plan - Growth,SBI Mutual Fund,Open Ended Schemes,Equity Scheme - Small Cap Fund,2017-04-27,44.964,2026-06-23T05:29:58.847318+00:00,https://api.mfapi.in/mf/125497
125497,HDFC Top 100 Direct,125497,SBI Small Cap Fund - Direct Plan - Growth,SBI Mutual Fund,Open Ended Schemes,Equity Scheme - Small Cap Fund,2017-04-26,44.6934,2026-06-23T05:29:58.847318+00:00,https://api.mfapi.in/mf/125497
125497,HDFC Top 100 Direct,125497,SBI Small Cap Fund - Direct Plan - Growth,SBI Mutual Fund,Open Ended Schemes,Equity Scheme - Small Cap Fund,2017-04-25,45.2974,2026-06-23T05:29:58.847318+00:00,https://api.mfapi.in/mf/125497
125497,HDFC Top 100 Direct,125497,SBI Small Cap Fund - Direct Plan - Growth,SBI Mutual Fund,Open Ended Schemes,Equity Scheme - Small Cap Fund,2017-04-24,45.2712,2026-06-23T05:29:58.847318+00:00,https://api.mfapi.in/mf/125497
125497,HDFC Top 100 Direct,125497,SBI Small Cap Fund - Direct Plan - Growth,SBI Mutual Fund,Open Ended Schemes,Equity Scheme - Small Cap Fund,2017-04-21,44.9958,2026-06-23T05:29:58.847318+00:00,https://api.mfapi.in/mf/125497
125497,HDFC Top 100 Direct,125497,SBI Small Cap Fund - Direct Plan - Growth,SBI Mutual Fund,Open Ended Schemes,Equity Scheme - Small Cap Fund,2017-04-20,45.0012,2026-06-23T05:29:58.847318+00:00,https://api.mfapi.in/mf/125497
125497,HDFC Top 100 Direct,125497,SBI Small Cap Fund - Direct Plan - Growth,SBI Mutual Fund,Open Ended Schemes,Equity Scheme - Small Cap Fund,2017-04-19,44.6032,2026-06-23T05:29:58.847318+00:00,https://api.mfapi.in/mf/125497
125497,HDFC Top 100 Direct,125497,SBI Small Cap Fund - Direct Plan - Growth,SBI Mutual Fund,Open Ended Schemes,Equity Scheme - Small Cap Fund,2017-04-18,44.5612,2026-06-23T05:29:58.847318+00:00,https://api.mfapi.in/mf/125497
125497,HDFC Top 100 Direct,125497,SBI Small Cap Fund - Direct Plan - Growth,SBI Mutual Fund,Open Ended Schemes,Equity Scheme - Small Cap Fund,2017-04-17,44.9619,2026-06-23T05:29:58.847318+00:00,https://api.mfapi.in/mf/125497
125497,HDFC Top 100 Direct,125497,SBI Small Cap Fund - Direct Plan - Growth,SBI Mutual Fund,Open Ended Schemes,Equity Scheme - Small Cap Fund,2017-04-13,44.78,2026-06-23T05:29:58.847318+00:00,https://api.mfapi.in/mf/125497
125497,HDFC Top 100 Direct,125497,SBI Small Cap Fund - Direct Plan - Growth,SBI Mutual Fund,Open Ended Schemes,Equity Scheme - Small Cap Fund,2017-04-12,44.8462,2026-06-23T05:29:58.847318+00:00,https://api.mfapi.in/mf/125497
125497,HDFC Top 100 Direct,125497,SBI Small Cap Fund - Direct Plan - Growth,SBI Mutual Fund,Open Ended Schemes,Equity Scheme - Small Cap Fund,2017-04-11,45.0113,2026-06-23T05:29:58.847318+00:00,https://api.mfapi.in/mf/125497
125497,HDFC Top 100 Direct,125497,SBI Small Cap Fund - Direct Plan - Growth,SBI Mutual Fund,Open Ended Schemes,Equity Scheme - Small Cap Fund,2017-04-10,44.7075,2026-06-23T05:29:58.847318+00:00,https://api.mfapi.in/mf/125497
125497,HDFC Top 100 Direct,125497,SBI Small Cap Fund - Direct Plan - Growth,SBI Mutual Fund,Open Ended Schemes,Equity Scheme - Small Cap Fund,2017-04-07,44.3425,2026-06-23T05:29:58.847318+00:00,https://api.mfapi.in/mf/125497
125497,HDFC Top 100 Direct,125497,SBI Small Cap Fund - Direct Plan - Growth,SBI Mutual Fund,Open Ended Schemes,Equity Scheme - Small Cap Fund,2017-04-06,44.6978,2026-06-23T05:29:58.847318+00:00,https://api.mfapi.in/mf/125497
125497,HDFC Top 100 Direct,125497,SBI Small Cap Fund - Direct Plan - Growth,SBI Mutual Fund,Open Ended Schemes,Equity Scheme - Small Cap Fund,2017-04-05,44.5942,2026-06-23T05:29:58.847318+00:00,https://api.mfapi.in/mf/125497
125497,HDFC Top 100 Direct,125497,SBI Small Cap Fund - Direct Plan - Growth,SBI Mutual Fund,Open Ended Schemes,Equity Scheme - Small Cap Fund,2017-04-03,43.2863,2026-06-23T05:29:58.847318+00:00,https://api.mfapi.in/mf/125497
125497,HDFC Top 100 Direct,125497,SBI Small Cap Fund - Direct Plan - Growth,SBI Mutual Fund,Open Ended Schemes,Equity Scheme - Small Cap Fund,2017-03-31,42.7884,2026-06-23T05:29:58.847318+00:00,https://api.mfapi.in/mf/125497
125497,HDFC Top 100 Direct,125497,SBI Small Cap Fund - Direct Plan - Growth,SBI Mutual Fund,Open Ended Schemes,Equity Scheme - Small Cap Fund,2017-03-30,42.691,2026-06-23T05:29:58.847318+00:00,https://api.mfapi.in/mf/125497
125497,HDFC Top 100 Direct,125497,SBI Small Cap Fund - Direct Plan - Growth,SBI Mutual Fund,Open Ended Schemes,Equity Scheme - Small Cap Fund,2017-03-29,42.3573,2026-06-23T05:29:58.847318+00:00,https://api.mfapi.in/mf/125497
125497,HDFC Top 100 Direct,125497,SBI Small Cap Fund - Direct Plan - Growth,SBI Mutual Fund,Open Ended Schemes,Equity Scheme - Small Cap Fund,2017-03-28,42.3497,2026-06-23T05:29:58.847318+00:00,https://api.mfapi.in/mf/125497
125497,HDFC Top 100 Direct,125497,SBI Small Cap Fund - Direct Plan - Growth,SBI Mutual Fund,Open Ended Schemes,Equity Scheme - Small Cap Fund,2017-03-27,42.2659,2026-06-23T05:29:58.847318+00:00,https://api.mfapi.in/mf/125497
125497,HDFC Top 100 Direct,125497,SBI Small Cap Fund - Direct Plan - Growth,SBI Mutual Fund,Open Ended Schemes,Equity Scheme - Small Cap Fund,2017-03-24,42.2284,2026-06-23T05:29:58.847318+00:00,https://api.mfapi.in/mf/125497
125497,HDFC Top 100 Direct,125497,SBI Small Cap Fund - Direct Plan - Growth,SBI Mutual Fund,Open Ended Schemes,Equity Scheme - Small Cap Fund,2017-03-23,42.1719,2026-06-23T05:29:58.847318+00:00,https://api.mfapi.in/mf/125497
125497,HDFC Top 100 Direct,125497,SBI Small Cap Fund - Direct Plan - Growth,SBI Mutual Fund,Open Ended Schemes,Equity Scheme - Small Cap Fund,2017-03-22,42.0026,2026-06-23T05:29:58.847318+00:00,https://api.mfapi.in/mf/125497
125497,HDFC Top 100 Direct,125497,SBI Small Cap Fund - Direct Plan - Growth,SBI Mutual Fund,Open Ended Schemes,Equity Scheme - Small Cap Fund,2017-03-21,42.1456,2026-06-23T05:29:58.847318+00:00,https://api.mfapi.in/mf/125497
125497,HDFC Top 100 Direct,125497,SBI Small Cap Fund - Direct Plan - Growth,SBI Mutual Fund,Open Ended Schemes,Equity Scheme - Small Cap Fund,2017-03-20,42.24,2026-06-23T05:29:58.847318+00:00,https://api.mfapi.in/mf/125497
125497,HDFC Top 100 Direct,125497,SBI Small Cap Fund - Direct Plan - Growth,SBI Mutual Fund,Open Ended Schemes,Equity Scheme - Small Cap Fund,2017-03-17,41.9777,2026-06-23T05:29:58.847318+00:00,https://api.mfapi.in/mf/125497
125497,HDFC Top 100 Direct,125497,SBI Small Cap Fund - Direct Plan - Growth,SBI Mutual Fund,Open Ended Schemes,Equity Scheme - Small Cap Fund,2017-03-16,41.8189,2026-06-23T05:29:58.847318+00:00,https://api.mfapi.in/mf/125497
125497,HDFC Top 100 Direct,125497,SBI Small Cap Fund - Direct Plan - Growth,SBI Mutual Fund,Open Ended Schemes,Equity Scheme - Small Cap Fund,2017-03-15,41.3027,2026-06-23T05:29:58.847318+00:00,https://api.mfapi.in/mf/125497
125497,HDFC Top 100 Direct,125497,SBI Small Cap Fund - Direct Plan - Growth,SBI Mutual Fund,Open Ended Schemes,Equity Scheme - Small Cap Fund,2017-03-14,41.304,2026-06-23T05:29:58.847318+00:00,https://api.mfapi.in/mf/125497
125497,HDFC Top 100 Direct,125497,SBI Small Cap Fund - Direct Plan - Growth,SBI Mutual Fund,Open Ended Schemes,Equity Scheme - Small Cap Fund,2017-03-10,40.9816,2026-06-23T05:29:58.847318+00:00,https://api.mfapi.in/mf/125497
125497,HDFC Top 100 Direct,125497,SBI Small Cap Fund - Direct Plan - Growth,SBI Mutual Fund,Open Ended Schemes,Equity Scheme - Small Cap Fund,2017-03-09,41.0732,2026-06-23T05:29:58.847318+00:00,https://api.mfapi.in/mf/125497
125497,HDFC Top 100 Direct,125497,SBI Small Cap Fund - Direct Plan - Growth,SBI Mutual Fund,Open Ended Schemes,Equity Scheme - Small Cap Fund,2017-03-08,41.0006,2026-06-23T05:29:58.847318+00:00,https://api.mfapi.in/mf/125497
125497,HDFC Top 100 Direct,125497,SBI Small Cap Fund - Direct Plan - Growth,SBI Mutual Fund,Open Ended Schemes,Equity Scheme - Small Cap Fund,2017-03-07,41.0703,2026-06-23T05:29:58.847318+00:00,https://api.mfapi.in/mf/125497
125497,HDFC Top 100 Direct,125497,SBI Small Cap Fund - Direct Plan - Growth,SBI Mutual Fund,Open Ended Schemes,Equity Scheme - Small Cap Fund,2017-03-06,40.9656,2026-06-23T05:29:58.847318+00:00,https://api.mfapi.in/mf/125497
125497,HDFC Top 100 Direct,125497,SBI Small Cap Fund - Direct Plan - Growth,SBI Mutual Fund,Open Ended Schemes,Equity Scheme - Small Cap Fund,2017-03-03,40.9417,2026-06-23T05:29:58.847318+00:00,https://api.mfapi.in/mf/125497
125497,HDFC Top 100 Direct,125497,SBI Small Cap Fund - Direct Plan - Growth,SBI Mutual Fund,Open Ended Schemes,Equity Scheme - Small Cap Fund,2017-03-02,40.7713,2026-06-23T05:29:58.847318+00:00,https://api.mfapi.in/mf/125497
125497,HDFC Top 100 Direct,125497,SBI Small Cap Fund - Direct Plan - Growth,SBI Mutual Fund,Open Ended Schemes,Equity Scheme - Small Cap Fund,2017-03-01,41.2422,2026-06-23T05:29:58.847318+00:00,https://api.mfapi.in/mf/125497
125497,HDFC Top 100 Direct,125497,SBI Small Cap Fund - Direct Plan - Growth,SBI Mutual Fund,Open Ended Schemes,Equity Scheme - Small Cap Fund,2017-02-28,40.9008,2026-06-23T05:29:58.847318+00:00,https://api.mfapi.in/mf/125497
125497,HDFC Top 100 Direct,125497,SBI Small Cap Fund - Direct Plan - Growth,SBI Mutual Fund,Open Ended Schemes,Equity Scheme - Small Cap Fund,2017-02-27,40.7685,2026-06-23T05:29:58.847318+00:00,https://api.mfapi.in/mf/125497
125497,HDFC Top 100 Direct,125497,SBI Small Cap Fund - Direct Plan - Growth,SBI Mutual Fund,Open Ended Schemes,Equity Scheme - Small Cap Fund,2017-02-23,41.03,2026-06-23T05:29:58.847318+00:00,https://api.mfapi.in/mf/125497
125497,HDFC Top 100 Direct,125497,SBI Small Cap Fund - Direct Plan - Growth,SBI Mutual Fund,Open Ended Schemes,Equity Scheme - Small Cap Fund,2017-02-22,40.9946,2026-06-23T05:29:58.847318+00:00,https://api.mfapi.in/mf/125497
125497,HDFC Top 100 Direct,125497,SBI Small Cap Fund - Direct Plan - Growth,SBI Mutual Fund,Open Ended Schemes,Equity Scheme - Small Cap Fund,2017-02-21,41.2254,2026-06-23T05:29:58.847318+00:00,https://api.mfapi.in/mf/125497
125497,HDFC Top 100 Direct,125497,SBI Small Cap Fund - Direct Plan - Growth,SBI Mutual Fund,Open Ended Schemes,Equity Scheme - Small Cap Fund,2017-02-20,41.1251,2026-06-23T05:29:58.847318+00:00,https://api.mfapi.in/mf/125497
125497,HDFC Top 100 Direct,125497,SBI Small Cap Fund - Direct Plan - Growth,SBI Mutual Fund,Open Ended Schemes,Equity Scheme - Small Cap Fund,2017-02-17,40.8373,2026-06-23T05:29:58.847318+00:00,https://api.mfapi.in/mf/125497
125497,HDFC Top 100 Direct,125497,SBI Small Cap Fund - Direct Plan - Growth,SBI Mutual Fund,Open Ended Schemes,Equity Scheme - Small Cap Fund,2017-02-16,40.8238,2026-06-23T05:29:58.847318+00:00,https://api.mfapi.in/mf/125497
125497,HDFC Top 100 Direct,125497,SBI Small Cap Fund - Direct Plan - Growth,SBI Mutual Fund,Open Ended Schemes,Equity Scheme - Small Cap Fund,2017-02-15,40.3628,2026-06-23T05:29:58.847318+00:00,https://api.mfapi.in/mf/125497
125497,HDFC Top 100 Direct,125497,SBI Small Cap Fund - Direct Plan - Growth,SBI Mutual Fund,Open Ended Schemes,Equity Scheme - Small Cap Fund,2017-02-14,41.0917,2026-06-23T05:29:58.847318+00:00,https://api.mfapi.in/mf/125497
125497,HDFC Top 100 Direct,125497,SBI Small Cap Fund - Direct Plan - Growth,SBI Mutual Fund,Open Ended Schemes,Equity Scheme - Small Cap Fund,2017-02-13,41.2657,2026-06-23T05:29:58.847318+00:00,https://api.mfapi.in/mf/125497
125497,HDFC Top 100 Direct,125497,SBI Small Cap Fund - Direct Plan - Growth,SBI Mutual Fund,Open Ended Schemes,Equity Scheme - Small Cap Fund,2017-02-10,41.2994,2026-06-23T05:29:58.847318+00:00,https://api.mfapi.in/mf/125497
125497,HDFC Top 100 Direct,125497,SBI Small Cap Fund - Direct Plan - Growth,SBI Mutual Fund,Open Ended Schemes,Equity Scheme - Small Cap Fund,2017-02-09,40.9909,2026-06-23T05:29:58.847318+00:00,https://api.mfapi.in/mf/125497
125497,HDFC Top 100 Direct,125497,SBI Small Cap Fund - Direct Plan - Growth,SBI Mutual Fund,Open Ended Schemes,Equity Scheme - Small Cap Fund,2017-02-08,40.9586,2026-06-23T05:29:58.847318+00:00,https://api.mfapi.in/mf/125497
125497,HDFC Top 100 Direct,125497,SBI Small Cap Fund - Direct Plan - Growth,SBI Mutual Fund,Open Ended Schemes,Equity Scheme - Small Cap Fund,2017-02-07,40.9243,2026-06-23T05:29:58.847318+00:00,https://api.mfapi.in/mf/125497
125497,HDFC Top 100 Direct,125497,SBI Small Cap Fund - Direct Plan - Growth,SBI Mutual Fund,Open Ended Schemes,Equity Scheme - Small Cap Fund,2017-02-06,40.7207,2026-06-23T05:29:58.847318+00:00,https://api.mfapi.in/mf/125497
125497,HDFC Top 100 Direct,125497,SBI Small Cap Fund - Direct Plan - Growth,SBI Mutual Fund,Open Ended Schemes,Equity Scheme - Small Cap Fund,2017-02-03,40.3205,2026-06-23T05:29:58.847318+00:00,https://api.mfapi.in/mf/125497
125497,HDFC Top 100 Direct,125497,SBI Small Cap Fund - Direct Plan - Growth,SBI Mutual Fund,Open Ended Schemes,Equity Scheme - Small Cap Fund,2017-02-02,39.6138,2026-06-23T05:29:58.847318+00:00,https://api.mfapi.in/mf/125497
125497,HDFC Top 100 Direct,125497,SBI Small Cap Fund - Direct Plan - Growth,SBI Mutual Fund,Open Ended Schemes,Equity Scheme - Small Cap Fund,2017-02-01,39.5325,2026-06-23T05:29:58.847318+00:00,https://api.mfapi.in/mf/125497
125497,HDFC Top 100 Direct,125497,SBI Small Cap Fund - Direct Plan - Growth,SBI Mutual Fund,Open Ended Schemes,Equity Scheme - Small Cap Fund,2017-01-31,39.1862,2026-06-23T05:29:58.847318+00:00,https://api.mfapi.in/mf/125497
125497,HDFC Top 100 Direct,125497,SBI Small Cap Fund - Direct Plan - Growth,SBI Mutual Fund,Open Ended Schemes,Equity Scheme - Small Cap Fund,2017-01-30,39.3144,2026-06-23T05:29:58.847318+00:00,https://api.mfapi.in/mf/125497
125497,HDFC Top 100 Direct,125497,SBI Small Cap Fund - Direct Plan - Growth,SBI Mutual Fund,Open Ended Schemes,Equity Scheme - Small Cap Fund,2017-01-27,39.5765,2026-06-23T05:29:58.847318+00:00,https://api.mfapi.in/mf/125497
125497,HDFC Top 100 Direct,125497,SBI Small Cap Fund - Direct Plan - Growth,SBI Mutual Fund,Open Ended Schemes,Equity Scheme - Small Cap Fund,2017-01-25,39.3139,2026-06-23T05:29:58.847318+00:00,https://api.mfapi.in/mf/125497
125497,HDFC Top 100 Direct,125497,SBI Small Cap Fund - Direct Plan - Growth,SBI Mutual Fund,Open Ended Schemes,Equity Scheme - Small Cap Fund,2017-01-24,39.1981,2026-06-23T05:29:58.847318+00:00,https://api.mfapi.in/mf/125497
125497,HDFC Top 100 Direct,125497,SBI Small Cap Fund - Direct Plan - Growth,SBI Mutual Fund,Open Ended Schemes,Equity Scheme - Small Cap Fund,2017-01-23,38.7686,2026-06-23T05:29:58.847318+00:00,https://api.mfapi.in/mf/125497
125497,HDFC Top 100 Direct,125497,SBI Small Cap Fund - Direct Plan - Growth,SBI Mutual Fund,Open Ended Schemes,Equity Scheme - Small Cap Fund,2017-01-20,38.6106,2026-06-23T05:29:58.847318+00:00,https://api.mfapi.in/mf/125497
125497,HDFC Top 100 Direct,125497,SBI Small Cap Fund - Direct Plan - Growth,SBI Mutual Fund,Open Ended Schemes,Equity Scheme - Small Cap Fund,2017-01-19,38.9791,2026-06-23T05:29:58.847318+00:00,https://api.mfapi.in/mf/125497
125497,HDFC Top 100 Direct,125497,SBI Small Cap Fund - Direct Plan - Growth,SBI Mutual Fund,Open Ended Schemes,Equity Scheme - Small Cap Fund,2017-01-18,38.8508,2026-06-23T05:29:58.847318+00:00,https://api.mfapi.in/mf/125497
125497,HDFC Top 100 Direct,125497,SBI Small Cap Fund - Direct Plan - Growth,SBI Mutual Fund,Open Ended Schemes,Equity Scheme - Small Cap Fund,2017-01-17,38.5511,2026-06-23T05:29:58.847318+00:00,https://api.mfapi.in/mf/125497
125497,HDFC Top 100 Direct,125497,SBI Small Cap Fund - Direct Plan - Growth,SBI Mutual Fund,Open Ended Schemes,Equity Scheme - Small Cap Fund,2017-01-16,38.3745,2026-06-23T05:29:58.847318+00:00,https://api.mfapi.in/mf/125497
125497,HDFC Top 100 Direct,125497,SBI Small Cap Fund - Direct Plan - Growth,SBI Mutual Fund,Open Ended Schemes,Equity Scheme - Small Cap Fund,2017-01-13,38.1845,2026-06-23T05:29:58.847318+00:00,https://api.mfapi.in/mf/125497
125497,HDFC Top 100 Direct,125497,SBI Small Cap Fund - Direct Plan - Growth,SBI Mutual Fund,Open Ended Schemes,Equity Scheme - Small Cap Fund,2017-01-12,38.1337,2026-06-23T05:29:58.847318+00:00,https://api.mfapi.in/mf/125497
125497,HDFC Top 100 Direct,125497,SBI Small Cap Fund - Direct Plan - Growth,SBI Mutual Fund,Open Ended Schemes,Equity Scheme - Small Cap Fund,2017-01-11,38.2558,2026-06-23T05:29:58.847318+00:00,https://api.mfapi.in/mf/125497
125497,HDFC Top 100 Direct,125497,SBI Small Cap Fund - Direct Plan - Growth,SBI Mutual Fund,Open Ended Schemes,Equity Scheme - Small Cap Fund,2017-01-10,38.0179,2026-06-23T05:29:58.847318+00:00,https://api.mfapi.in/mf/125497
125497,HDFC Top 100 Direct,125497,SBI Small Cap Fund - Direct Plan - Growth,SBI Mutual Fund,Open Ended Schemes,Equity Scheme - Small Cap Fund,2017-01-09,37.8471,2026-06-23T05:29:58.847318+00:00,https://api.mfapi.in/mf/125497
125497,HDFC Top 100 Direct,125497,SBI Small Cap Fund - Direct Plan - Growth,SBI Mutual Fund,Open Ended Schemes,Equity Scheme - Small Cap Fund,2017-01-06,37.6588,2026-06-23T05:29:58.847318+00:00,https://api.mfapi.in/mf/125497
125497,HDFC Top 100 Direct,125497,SBI Small Cap Fund - Direct Plan - Growth,SBI Mutual Fund,Open Ended Schemes,Equity Scheme - Small Cap Fund,2017-01-05,37.6091,2026-06-23T05:29:58.847318+00:00,https://api.mfapi.in/mf/125497
125497,HDFC Top 100 Direct,125497,SBI Small Cap Fund - Direct Plan - Growth,SBI Mutual Fund,Open Ended Schemes,Equity Scheme - Small Cap Fund,2017-01-04,37.3559,2026-06-23T05:29:58.847318+00:00,https://api.mfapi.in/mf/125497
125497,HDFC Top 100 Direct,125497,SBI Small Cap Fund - Direct Plan - Growth,SBI Mutual Fund,Open Ended Schemes,Equity Scheme - Small Cap Fund,2017-01-03,37.2804,2026-06-23T05:29:58.847318+00:00,https://api.mfapi.in/mf/125497
125497,HDFC Top 100 Direct,125497,SBI Small Cap Fund - Direct Plan - Growth,SBI Mutual Fund,Open Ended Schemes,Equity Scheme - Small Cap Fund,2017-01-02,36.945,2026-06-23T05:29:58.847318+00:00,https://api.mfapi.in/mf/125497
125497,HDFC Top 100 Direct,125497,SBI Small Cap Fund - Direct Plan - Growth,SBI Mutual Fund,Open Ended Schemes,Equity Scheme - Small Cap Fund,2016-12-30,36.6631,2026-06-23T05:29:58.847318+00:00,https://api.mfapi.in/mf/125497
125497,HDFC Top 100 Direct,125497,SBI Small Cap Fund - Direct Plan - Growth,SBI Mutual Fund,Open Ended Schemes,Equity Scheme - Small Cap Fund,2016-12-29,36.3282,2026-06-23T05:29:58.847318+00:00,https://api.mfapi.in/mf/125497
125497,HDFC Top 100 Direct,125497,SBI Small Cap Fund - Direct Plan - Growth,SBI Mutual Fund,Open Ended Schemes,Equity Scheme - Small Cap Fund,2016-12-28,36.0955,2026-06-23T05:29:58.847318+00:00,https://api.mfapi.in/mf/125497
125497,HDFC Top 100 Direct,125497,SBI Small Cap Fund - Direct Plan - Growth,SBI Mutual Fund,Open Ended Schemes,Equity Scheme - Small Cap Fund,2016-12-27,35.8987,2026-06-23T05:29:58.847318+00:00,https://api.mfapi.in/mf/125497
125497,HDFC Top 100 Direct,125497,SBI Small Cap Fund - Direct Plan - Growth,SBI Mutual Fund,Open Ended Schemes,Equity Scheme - Small Cap Fund,2016-12-26,35.6034,2026-06-23T05:29:58.847318+00:00,https://api.mfapi.in/mf/125497
125497,HDFC Top 100 Direct,125497,SBI Small Cap Fund - Direct Plan - Growth,SBI Mutual Fund,Open Ended Schemes,Equity Scheme - Small Cap Fund,2016-12-23,36.2255,2026-06-23T05:29:58.847318+00:00,https://api.mfapi.in/mf/125497
125497,HDFC Top 100 Direct,125497,SBI Small Cap Fund - Direct Plan - Growth,SBI Mutual Fund,Open Ended Schemes,Equity Scheme - Small Cap Fund,2016-12-22,36.1526,2026-06-23T05:29:58.847318+00:00,https://api.mfapi.in/mf/125497
125497,HDFC Top 100 Direct,125497,SBI Small Cap Fund - Direct Plan - Growth,SBI Mutual Fund,Open Ended Schemes,Equity Scheme - Small Cap Fund,2016-12-21,36.5384,2026-06-23T05:29:58.847318+00:00,https://api.mfapi.in/mf/125497
125497,HDFC Top 100 Direct,125497,SBI Small Cap Fund - Direct Plan - Growth,SBI Mutual Fund,Open Ended Schemes,Equity Scheme - Small Cap Fund,2016-12-20,36.545,2026-06-23T05:29:58.847318+00:00,https://api.mfapi.in/mf/125497
125497,HDFC Top 100 Direct,125497,SBI Small Cap Fund - Direct Plan - Growth,SBI Mutual Fund,Open Ended Schemes,Equity Scheme - Small Cap Fund,2016-12-19,36.945,2026-06-23T05:29:58.847318+00:00,https://api.mfapi.in/mf/125497
125497,HDFC Top 100 Direct,125497,SBI Small Cap Fund - Direct Plan - Growth,SBI Mutual Fund,Open Ended Schemes,Equity Scheme - Small Cap Fund,2016-12-16,37.1271,2026-06-23T05:29:58.847318+00:00,https://api.mfapi.in/mf/125497
125497,HDFC Top 100 Direct,125497,SBI Small Cap Fund - Direct Plan - Growth,SBI Mutual Fund,Open Ended Schemes,Equity Scheme - Small Cap Fund,2016-12-15,37.1506,2026-06-23T05:29:58.847318+00:00,https://api.mfapi.in/mf/125497
125497,HDFC Top 100 Direct,125497,SBI Small Cap Fund - Direct Plan - Growth,SBI Mutual Fund,Open Ended Schemes,Equity Scheme - Small Cap Fund,2016-12-14,37.2921,2026-06-23T05:29:58.847318+00:00,https://api.mfapi.in/mf/125497
125497,HDFC Top 100 Direct,125497,SBI Small Cap Fund - Direct Plan - Growth,SBI Mutual Fund,Open Ended Schemes,Equity Scheme - Small Cap Fund,2016-12-13,37.6478,2026-06-23T05:29:58.847318+00:00,https://api.mfapi.in/mf/125497
125497,HDFC Top 100 Direct,125497,SBI Small Cap Fund - Direct Plan - Growth,SBI Mutual Fund,Open Ended Schemes,Equity Scheme - Small Cap Fund,2016-12-12,37.4765,2026-06-23T05:29:58.847318+00:00,https://api.mfapi.in/mf/125497
125497,HDFC Top 100 Direct,125497,SBI Small Cap Fund - Direct Plan - Growth,SBI Mutual Fund,Open Ended Schemes,Equity Scheme - Small Cap Fund,2016-12-09,37.7144,2026-06-23T05:29:58.847318+00:00,https://api.mfapi.in/mf/125497
125497,HDFC Top 100 Direct,125497,SBI Small Cap Fund - Direct Plan - Growth,SBI Mutual Fund,Open Ended Schemes,Equity Scheme - Small Cap Fund,2016-12-08,37.6893,2026-06-23T05:29:58.847318+00:00,https://api.mfapi.in/mf/125497
125497,HDFC Top 100 Direct,125497,SBI Small Cap Fund - Direct Plan - Growth,SBI Mutual Fund,Open Ended Schemes,Equity Scheme - Small Cap Fund,2016-12-07,37.3837,2026-06-23T05:29:58.847318+00:00,https://api.mfapi.in/mf/125497
125497,HDFC Top 100 Direct,125497,SBI Small Cap Fund - Direct Plan - Growth,SBI Mutual Fund,Open Ended Schemes,Equity Scheme - Small Cap Fund,2016-12-06,37.4778,2026-06-23T05:29:58.847318+00:00,https://api.mfapi.in/mf/125497
125497,HDFC Top 100 Direct,125497,SBI Small Cap Fund - Direct Plan - Growth,SBI Mutual Fund,Open Ended Schemes,Equity Scheme - Small Cap Fund,2016-12-05,37.5993,2026-06-23T05:29:58.847318+00:00,https://api.mfapi.in/mf/125497
125497,HDFC Top 100 Direct,125497,SBI Small Cap Fund - Direct Plan - Growth,SBI Mutual Fund,Open Ended Schemes,Equity Scheme - Small Cap Fund,2016-12-02,37.6241,2026-06-23T05:29:58.847318+00:00,https://api.mfapi.in/mf/125497
125497,HDFC Top 100 Direct,125497,SBI Small Cap Fund - Direct Plan - Growth,SBI Mutual Fund,Open Ended Schemes,Equity Scheme - Small Cap Fund,2016-12-01,38.1715,2026-06-23T05:29:58.847318+00:00,https://api.mfapi.in/mf/125497
125497,HDFC Top 100 Direct,125497,SBI Small Cap Fund - Direct Plan - Growth,SBI Mutual Fund,Open Ended Schemes,Equity Scheme - Small Cap Fund,2016-11-30,38.2132,2026-06-23T05:29:58.847318+00:00,https://api.mfapi.in/mf/125497
125497,HDFC Top 100 Direct,125497,SBI Small Cap Fund - Direct Plan - Growth,SBI Mutual Fund,Open Ended Schemes,Equity Scheme - Small Cap Fund,2016-11-29,37.9466,2026-06-23T05:29:58.847318+00:00,https://api.mfapi.in/mf/125497
125497,HDFC Top 100 Direct,125497,SBI Small Cap Fund - Direct Plan - Growth,SBI Mutual Fund,Open Ended Schemes,Equity Scheme - Small Cap Fund,2016-11-28,37.784,2026-06-23T05:29:58.847318+00:00,https://api.mfapi.in/mf/125497
125497,HDFC Top 100 Direct,125497,SBI Small Cap Fund - Direct Plan - Growth,SBI Mutual Fund,Open Ended Schemes,Equity Scheme - Small Cap Fund,2016-11-25,37.3075,2026-06-23T05:29:58.847318+00:00,https://api.mfapi.in/mf/125497
125497,HDFC Top 100 Direct,125497,SBI Small Cap Fund - Direct Plan - Growth,SBI Mutual Fund,Open Ended Schemes,Equity Scheme - Small Cap Fund,2016-11-24,36.8274,2026-06-23T05:29:58.847318+00:00,https://api.mfapi.in/mf/125497
125497,HDFC Top 100 Direct,125497,SBI Small Cap Fund - Direct Plan - Growth,SBI Mutual Fund,Open Ended Schemes,Equity Scheme - Small Cap Fund,2016-11-23,36.6964,2026-06-23T05:29:58.847318+00:00,https://api.mfapi.in/mf/125497
125497,HDFC Top 100 Direct,125497,SBI Small Cap Fund - Direct Plan - Growth,SBI Mutual Fund,Open Ended Schemes,Equity Scheme - Small Cap Fund,2016-11-22,36.3454,2026-06-23T05:29:58.847318+00:00,https://api.mfapi.in/mf/125497
125497,HDFC Top 100 Direct,125497,SBI Small Cap Fund - Direct Plan - Growth,SBI Mutual Fund,Open Ended Schemes,Equity Scheme - Small Cap Fund,2016-11-21,36.0161,2026-06-23T05:29:58.847318+00:00,https://api.mfapi.in/mf/125497
125497,HDFC Top 100 Direct,125497,SBI Small Cap Fund - Direct Plan - Growth,SBI Mutual Fund,Open Ended Schemes,Equity Scheme - Small Cap Fund,2016-11-18,37.4444,2026-06-23T05:29:58.847318+00:00,https://api.mfapi.in/mf/125497
125497,HDFC Top 100 Direct,125497,SBI Small Cap Fund - Direct Plan - Growth,SBI Mutual Fund,Open Ended Schemes,Equity Scheme - Small Cap Fund,2016-11-17,37.079,2026-06-23T05:29:58.847318+00:00,https://api.mfapi.in/mf/125497
125497,HDFC Top 100 Direct,125497,SBI Small Cap Fund - Direct Plan - Growth,SBI Mutual Fund,Open Ended Schemes,Equity Scheme - Small Cap Fund,2016-11-16,37.2673,2026-06-23T05:29:58.847318+00:00,https://api.mfapi.in/mf/125497
125497,HDFC Top 100 Direct,125497,SBI Small Cap Fund - Direct Plan - Growth,SBI Mutual Fund,Open Ended Schemes,Equity Scheme - Small Cap Fund,2016-11-15,37.2816,2026-06-23T05:29:58.847318+00:00,https://api.mfapi.in/mf/125497
125497,HDFC Top 100 Direct,125497,SBI Small Cap Fund - Direct Plan - Growth,SBI Mutual Fund,Open Ended Schemes,Equity Scheme - Small Cap Fund,2016-11-11,39.2286,2026-06-23T05:29:58.847318+00:00,https://api.mfapi.in/mf/125497
125497,HDFC Top 100 Direct,125497,SBI Small Cap Fund - Direct Plan - Growth,SBI Mutual Fund,Open Ended Schemes,Equity Scheme - Small Cap Fund,2016-11-10,40.372,2026-06-23T05:29:58.847318+00:00,https://api.mfapi.in/mf/125497
125497,HDFC Top 100 Direct,125497,SBI Small Cap Fund - Direct Plan - Growth,SBI Mutual Fund,Open Ended Schemes,Equity Scheme - Small Cap Fund,2016-11-09,39.7184,2026-06-23T05:29:58.847318+00:00,https://api.mfapi.in/mf/125497
125497,HDFC Top 100 Direct,125497,SBI Small Cap Fund - Direct Plan - Growth,SBI Mutual Fund,Open Ended Schemes,Equity Scheme - Small Cap Fund,2016-11-08,40.2973,2026-06-23T05:29:58.847318+00:00,https://api.mfapi.in/mf/125497
125497,HDFC Top 100 Direct,125497,SBI Small Cap Fund - Direct Plan - Growth,SBI Mutual Fund,Open Ended Schemes,Equity Scheme - Small Cap Fund,2016-11-07,40.3143,2026-06-23T05:29:58.847318+00:00,https://api.mfapi.in/mf/125497
125497,HDFC Top 100 Direct,125497,SBI Small Cap Fund - Direct Plan - Growth,SBI Mutual Fund,Open Ended Schemes,Equity Scheme - Small Cap Fund,2016-11-04,39.8044,2026-06-23T05:29:58.847318+00:00,https://api.mfapi.in/mf/125497
125497,HDFC Top 100 Direct,125497,SBI Small Cap Fund - Direct Plan - Growth,SBI Mutual Fund,Open Ended Schemes,Equity Scheme - Small Cap Fund,2016-11-03,40.5851,2026-06-23T05:29:58.847318+00:00,https://api.mfapi.in/mf/125497
125497,HDFC Top 100 Direct,125497,SBI Small Cap Fund - Direct Plan - Growth,SBI Mutual Fund,Open Ended Schemes,Equity Scheme - Small Cap Fund,2016-11-02,41.034,2026-06-23T05:29:58.847318+00:00,https://api.mfapi.in/mf/125497
125497,HDFC Top 100 Direct,125497,SBI Small Cap Fund - Direct Plan - Growth,SBI Mutual Fund,Open Ended Schemes,Equity Scheme - Small Cap Fund,2016-11-01,41.6575,2026-06-23T05:29:58.847318+00:00,https://api.mfapi.in/mf/125497
125497,HDFC Top 100 Direct,125497,SBI Small Cap Fund - Direct Plan - Growth,SBI Mutual Fund,Open Ended Schemes,Equity Scheme - Small Cap Fund,2016-10-28,41.0564,2026-06-23T05:29:58.847318+00:00,https://api.mfapi.in/mf/125497
125497,HDFC Top 100 Direct,125497,SBI Small Cap Fund - Direct Plan - Growth,SBI Mutual Fund,Open Ended Schemes,Equity Scheme - Small Cap Fund,2016-10-27,40.588,2026-06-23T05:29:58.847318+00:00,https://api.mfapi.in/mf/125497
125497,HDFC Top 100 Direct,125497,SBI Small Cap Fund - Direct Plan - Growth,SBI Mutual Fund,Open Ended Schemes,Equity Scheme - Small Cap Fund,2016-10-26,40.5044,2026-06-23T05:29:58.847318+00:00,https://api.mfapi.in/mf/125497
125497,HDFC Top 100 Direct,125497,SBI Small Cap Fund - Direct Plan - Growth,SBI Mutual Fund,Open Ended Schemes,Equity Scheme - Small Cap Fund,2016-10-25,40.6786,2026-06-23T05:29:58.847318+00:00,https://api.mfapi.in/mf/125497
125497,HDFC Top 100 Direct,125497,SBI Small Cap Fund - Direct Plan - Growth,SBI Mutual Fund,Open Ended Schemes,Equity Scheme - Small Cap Fund,2016-10-24,40.4993,2026-06-23T05:29:58.847318+00:00,https://api.mfapi.in/mf/125497
125497,HDFC Top 100 Direct,125497,SBI Small Cap Fund - Direct Plan - Growth,SBI Mutual Fund,Open Ended Schemes,Equity Scheme - Small Cap Fund,2016-10-21,40.0949,2026-06-23T05:29:58.847318+00:00,https://api.mfapi.in/mf/125497
125497,HDFC Top 100 Direct,125497,SBI Small Cap Fund - Direct Plan - Growth,SBI Mutual Fund,Open Ended Schemes,Equity Scheme - Small Cap Fund,2016-10-20,40.2785,2026-06-23T05:29:58.847318+00:00,https://api.mfapi.in/mf/125497
125497,HDFC Top 100 Direct,125497,SBI Small Cap Fund - Direct Plan - Growth,SBI Mutual Fund,Open Ended Schemes,Equity Scheme - Small Cap Fund,2016-10-19,40.2299,2026-06-23T05:29:58.847318+00:00,https://api.mfapi.in/mf/125497
125497,HDFC Top 100 Direct,125497,SBI Small Cap Fund - Direct Plan - Growth,SBI Mutual Fund,Open Ended Schemes,Equity Scheme - Small Cap Fund,2016-10-18,40.0062,2026-06-23T05:29:58.847318+00:00,https://api.mfapi.in/mf/125497
125497,HDFC Top 100 Direct,125497,SBI Small Cap Fund - Direct Plan - Growth,SBI Mutual Fund,Open Ended Schemes,Equity Scheme - Small Cap Fund,2016-10-17,39.6723,2026-06-23T05:29:58.847318+00:00,https://api.mfapi.in/mf/125497
125497,HDFC Top 100 Direct,125497,SBI Small Cap Fund - Direct Plan - Growth,SBI Mutual Fund,Open Ended Schemes,Equity Scheme - Small Cap Fund,2016-10-14,39.9726,2026-06-23T05:29:58.847318+00:00,https://api.mfapi.in/mf/125497
125497,HDFC Top 100 Direct,125497,SBI Small Cap Fund - Direct Plan - Growth,SBI Mutual Fund,Open Ended Schemes,Equity Scheme - Small Cap Fund,2016-10-13,39.7037,2026-06-23T05:29:58.847318+00:00,https://api.mfapi.in/mf/125497
125497,HDFC Top 100 Direct,125497,SBI Small Cap Fund - Direct Plan - Growth,SBI Mutual Fund,Open Ended Schemes,Equity Scheme - Small Cap Fund,2016-10-10,40.4711,2026-06-23T05:29:58.847318+00:00,https://api.mfapi.in/mf/125497
125497,HDFC Top 100 Direct,125497,SBI Small Cap Fund - Direct Plan - Growth,SBI Mutual Fund,Open Ended Schemes,Equity Scheme - Small Cap Fund,2016-10-07,40.2223,2026-06-23T05:29:58.847318+00:00,https://api.mfapi.in/mf/125497
125497,HDFC Top 100 Direct,125497,SBI Small Cap Fund - Direct Plan - Growth,SBI Mutual Fund,Open Ended Schemes,Equity Scheme - Small Cap Fund,2016-10-06,39.8451,2026-06-23T05:29:58.847318+00:00,https://api.mfapi.in/mf/125497
125497,HDFC Top 100 Direct,125497,SBI Small Cap Fund - Direct Plan - Growth,SBI Mutual Fund,Open Ended Schemes,Equity Scheme - Small Cap Fund,2016-10-05,39.9987,2026-06-23T05:29:58.847318+00:00,https://api.mfapi.in/mf/125497
125497,HDFC Top 100 Direct,125497,SBI Small Cap Fund - Direct Plan - Growth,SBI Mutual Fund,Open Ended Schemes,Equity Scheme - Small Cap Fund,2016-10-04,39.6324,2026-06-23T05:29:58.847318+00:00,https://api.mfapi.in/mf/125497
125497,HDFC Top 100 Direct,125497,SBI Small Cap Fund - Direct Plan - Growth,SBI Mutual Fund,Open Ended Schemes,Equity Scheme - Small Cap Fund,2016-10-03,39.4262,2026-06-23T05:29:58.847318+00:00,https://api.mfapi.in/mf/125497
125497,HDFC Top 100 Direct,125497,SBI Small Cap Fund - Direct Plan - Growth,SBI Mutual Fund,Open Ended Schemes,Equity Scheme - Small Cap Fund,2016-09-30,38.6634,2026-06-23T05:29:58.847318+00:00,https://api.mfapi.in/mf/125497
125497,HDFC Top 100 Direct,125497,SBI Small Cap Fund - Direct Plan - Growth,SBI Mutual Fund,Open Ended Schemes,Equity Scheme - Small Cap Fund,2016-09-29,37.6457,2026-06-23T05:29:58.847318+00:00,https://api.mfapi.in/mf/125497
125497,HDFC Top 100 Direct,125497,SBI Small Cap Fund - Direct Plan - Growth,SBI Mutual Fund,Open Ended Schemes,Equity Scheme - Small Cap Fund,2016-09-28,38.8645,2026-06-23T05:29:58.847318+00:00,https://api.mfapi.in/mf/125497
125497,HDFC Top 100 Direct,125497,SBI Small Cap Fund - Direct Plan - Growth,SBI Mutual Fund,Open Ended Schemes,Equity Scheme - Small Cap Fund,2016-09-27,38.6536,2026-06-23T05:29:58.847318+00:00,https://api.mfapi.in/mf/125497
125497,HDFC Top 100 Direct,125497,SBI Small Cap Fund - Direct Plan - Growth,SBI Mutual Fund,Open Ended Schemes,Equity Scheme - Small Cap Fund,2016-09-26,38.5512,2026-06-23T05:29:58.847318+00:00,https://api.mfapi.in/mf/125497
125497,HDFC Top 100 Direct,125497,SBI Small Cap Fund - Direct Plan - Growth,SBI Mutual Fund,Open Ended Schemes,Equity Scheme - Small Cap Fund,2016-09-23,38.6335,2026-06-23T05:29:58.847318+00:00,https://api.mfapi.in/mf/125497
125497,HDFC Top 100 Direct,125497,SBI Small Cap Fund - Direct Plan - Growth,SBI Mutual Fund,Open Ended Schemes,Equity Scheme - Small Cap Fund,2016-09-22,38.4994,2026-06-23T05:29:58.847318+00:00,https://api.mfapi.in/mf/125497
125497,HDFC Top 100 Direct,125497,SBI Small Cap Fund - Direct Plan - Growth,SBI Mutual Fund,Open Ended Schemes,Equity Scheme - Small Cap Fund,2016-09-21,37.8895,2026-06-23T05:29:58.847318+00:00,https://api.mfapi.in/mf/125497
125497,HDFC Top 100 Direct,125497,SBI Small Cap Fund - Direct Plan - Growth,SBI Mutual Fund,Open Ended Schemes,Equity Scheme - Small Cap Fund,2016-09-20,37.8995,2026-06-23T05:29:58.847318+00:00,https://api.mfapi.in/mf/125497
125497,HDFC Top 100 Direct,125497,SBI Small Cap Fund - Direct Plan - Growth,SBI Mutual Fund,Open Ended Schemes,Equity Scheme - Small Cap Fund,2016-09-19,37.7317,2026-06-23T05:29:58.847318+00:00,https://api.mfapi.in/mf/125497
125497,HDFC Top 100 Direct,125497,SBI Small Cap Fund - Direct Plan - Growth,SBI Mutual Fund,Open Ended Schemes,Equity Scheme - Small Cap Fund,2016-09-16,37.5474,2026-06-23T05:29:58.847318+00:00,https://api.mfapi.in/mf/125497
125497,HDFC Top 100 Direct,125497,SBI Small Cap Fund - Direct Plan - Growth,SBI Mutual Fund,Open Ended Schemes,Equity Scheme - Small Cap Fund,2016-09-15,37.5655,2026-06-23T05:29:58.847318+00:00,https://api.mfapi.in/mf/125497
125497,HDFC Top 100 Direct,125497,SBI Small Cap Fund - Direct Plan - Growth,SBI Mutual Fund,Open Ended Schemes,Equity Scheme - Small Cap Fund,2016-09-14,37.4695,2026-06-23T05:29:58.847318+00:00,https://api.mfapi.in/mf/125497
125497,HDFC Top 100 Direct,125497,SBI Small Cap Fund - Direct Plan - Growth,SBI Mutual Fund,Open Ended Schemes,Equity Scheme - Small Cap Fund,2016-09-12,37.1323,2026-06-23T05:29:58.847318+00:00,https://api.mfapi.in/mf/125497
125497,HDFC Top 100 Direct,125497,SBI Small Cap Fund - Direct Plan - Growth,SBI Mutual Fund,Open Ended Schemes,Equity Scheme - Small Cap Fund,2016-09-09,37.8889,2026-06-23T05:29:58.847318+00:00,https://api.mfapi.in/mf/125497
125497,HDFC Top 100 Direct,125497,SBI Small Cap Fund - Direct Plan - Growth,SBI Mutual Fund,Open Ended Schemes,Equity Scheme - Small Cap Fund,2016-09-08,38.0072,2026-06-23T05:29:58.847318+00:00,https://api.mfapi.in/mf/125497
125497,HDFC Top 100 Direct,125497,SBI Small Cap Fund - Direct Plan - Growth,SBI Mutual Fund,Open Ended Schemes,Equity Scheme - Small Cap Fund,2016-09-07,37.7765,2026-06-23T05:29:58.847318+00:00,https://api.mfapi.in/mf/125497
125497,HDFC Top 100 Direct,125497,SBI Small Cap Fund - Direct Plan - Growth,SBI Mutual Fund,Open Ended Schemes,Equity Scheme - Small Cap Fund,2016-09-06,37.9713,2026-06-23T05:29:58.847318+00:00,https://api.mfapi.in/mf/125497
125497,HDFC Top 100 Direct,125497,SBI Small Cap Fund - Direct Plan - Growth,SBI Mutual Fund,Open Ended Schemes,Equity Scheme - Small Cap Fund,2016-09-02,37.7261,2026-06-23T05:29:58.847318+00:00,https://api.mfapi.in/mf/125497
125497,HDFC Top 100 Direct,125497,SBI Small Cap Fund - Direct Plan - Growth,SBI Mutual Fund,Open Ended Schemes,Equity Scheme - Small Cap Fund,2016-09-01,37.547,2026-06-23T05:29:58.847318+00:00,https://api.mfapi.in/mf/125497
125497,HDFC Top 100 Direct,125497,SBI Small Cap Fund - Direct Plan - Growth,SBI Mutual Fund,Open Ended Schemes,Equity Scheme - Small Cap Fund,2016-08-31,37.9673,2026-06-23T05:29:58.847318+00:00,https://api.mfapi.in/mf/125497
125497,HDFC Top 100 Direct,125497,SBI Small Cap Fund - Direct Plan - Growth,SBI Mutual Fund,Open Ended Schemes,Equity Scheme - Small Cap Fund,2016-08-30,37.8232,2026-06-23T05:29:58.847318+00:00,https://api.mfapi.in/mf/125497
125497,HDFC Top 100 Direct,125497,SBI Small Cap Fund - Direct Plan - Growth,SBI Mutual Fund,Open Ended Schemes,Equity Scheme - Small Cap Fund,2016-08-29,37.3338,2026-06-23T05:29:58.847318+00:00,https://api.mfapi.in/mf/125497
125497,HDFC Top 100 Direct,125497,SBI Small Cap Fund - Direct Plan - Growth,SBI Mutual Fund,Open Ended Schemes,Equity Scheme - Small Cap Fund,2016-08-26,37.145,2026-06-23T05:29:58.847318+00:00,https://api.mfapi.in/mf/125497
125497,HDFC Top 100 Direct,125497,SBI Small Cap Fund - Direct Plan - Growth,SBI Mutual Fund,Open Ended Schemes,Equity Scheme - Small Cap Fund,2016-08-25,37.1465,2026-06-23T05:29:58.847318+00:00,https://api.mfapi.in/mf/125497
125497,HDFC Top 100 Direct,125497,SBI Small Cap Fund - Direct Plan - Growth,SBI Mutual Fund,Open Ended Schemes,Equity Scheme - Small Cap Fund,2016-08-24,37.0685,2026-06-23T05:29:58.847318+00:00,https://api.mfapi.in/mf/125497
125497,HDFC Top 100 Direct,125497,SBI Small Cap Fund - Direct Plan - Growth,SBI Mutual Fund,Open Ended Schemes,Equity Scheme - Small Cap Fund,2016-08-23,36.8134,2026-06-23T05:29:58.847318+00:00,https://api.mfapi.in/mf/125497
125497,HDFC Top 100 Direct,125497,SBI Small Cap Fund - Direct Plan - Growth,SBI Mutual Fund,Open Ended Schemes,Equity Scheme - Small Cap Fund,2016-08-22,36.7581,2026-06-23T05:29:58.847318+00:00,https://api.mfapi.in/mf/125497
125497,HDFC Top 100 Direct,125497,SBI Small Cap Fund - Direct Plan - Growth,SBI Mutual Fund,Open Ended Schemes,Equity Scheme - Small Cap Fund,2016-08-19,36.761,2026-06-23T05:29:58.847318+00:00,https://api.mfapi.in/mf/125497
125497,HDFC Top 100 Direct,125497,SBI Small Cap Fund - Direct Plan - Growth,SBI Mutual Fund,Open Ended Schemes,Equity Scheme - Small Cap Fund,2016-08-18,36.6979,2026-06-23T05:29:58.847318+00:00,https://api.mfapi.in/mf/125497
125497,HDFC Top 100 Direct,125497,SBI Small Cap Fund - Direct Plan - Growth,SBI Mutual Fund,Open Ended Schemes,Equity Scheme - Small Cap Fund,2016-08-17,36.3047,2026-06-23T05:29:58.847318+00:00,https://api.mfapi.in/mf/125497
125497,HDFC Top 100 Direct,125497,SBI Small Cap Fund - Direct Plan - Growth,SBI Mutual Fund,Open Ended Schemes,Equity Scheme - Small Cap Fund,2016-08-16,35.9908,2026-06-23T05:29:58.847318+00:00,https://api.mfapi.in/mf/125497
125497,HDFC Top 100 Direct,125497,SBI Small Cap Fund - Direct Plan - Growth,SBI Mutual Fund,Open Ended Schemes,Equity Scheme - Small Cap Fund,2016-08-12,36.0147,2026-06-23T05:29:58.847318+00:00,https://api.mfapi.in/mf/125497
125497,HDFC Top 100 Direct,125497,SBI Small Cap Fund - Direct Plan - Growth,SBI Mutual Fund,Open Ended Schemes,Equity Scheme - Small Cap Fund,2016-08-11,35.9288,2026-06-23T05:29:58.847318+00:00,https://api.mfapi.in/mf/125497
125497,HDFC Top 100 Direct,125497,SBI Small Cap Fund - Direct Plan - Growth,SBI Mutual Fund,Open Ended Schemes,Equity Scheme - Small Cap Fund,2016-08-10,35.939,2026-06-23T05:29:58.847318+00:00,https://api.mfapi.in/mf/125497
125497,HDFC Top 100 Direct,125497,SBI Small Cap Fund - Direct Plan - Growth,SBI Mutual Fund,Open Ended Schemes,Equity Scheme - Small Cap Fund,2016-08-09,36.3094,2026-06-23T05:29:58.847318+00:00,https://api.mfapi.in/mf/125497
125497,HDFC Top 100 Direct,125497,SBI Small Cap Fund - Direct Plan - Growth,SBI Mutual Fund,Open Ended Schemes,Equity Scheme - Small Cap Fund,2016-08-08,36.5398,2026-06-23T05:29:58.847318+00:00,https://api.mfapi.in/mf/125497
125497,HDFC Top 100 Direct,125497,SBI Small Cap Fund - Direct Plan - Growth,SBI Mutual Fund,Open Ended Schemes,Equity Scheme - Small Cap Fund,2016-08-05,36.4669,2026-06-23T05:29:58.847318+00:00,https://api.mfapi.in/mf/125497
125497,HDFC Top 100 Direct,125497,SBI Small Cap Fund - Direct Plan - Growth,SBI Mutual Fund,Open Ended Schemes,Equity Scheme - Small Cap Fund,2016-08-04,36.1689,2026-06-23T05:29:58.847318+00:00,https://api.mfapi.in/mf/125497
125497,HDFC Top 100 Direct,125497,SBI Small Cap Fund - Direct Plan - Growth,SBI Mutual Fund,Open Ended Schemes,Equity Scheme - Small Cap Fund,2016-08-03,35.9656,2026-06-23T05:29:58.847318+00:00,https://api.mfapi.in/mf/125497
125497,HDFC Top 100 Direct,125497,SBI Small Cap Fund - Direct Plan - Growth,SBI Mutual Fund,Open Ended Schemes,Equity Scheme - Small Cap Fund,2016-08-02,36.3876,2026-06-23T05:29:58.847318+00:00,https://api.mfapi.in/mf/125497
125497,HDFC Top 100 Direct,125497,SBI Small Cap Fund - Direct Plan - Growth,SBI Mutual Fund,Open Ended Schemes,Equity Scheme - Small Cap Fund,2016-08-01,36.5024,2026-06-23T05:29:58.847318+00:00,https://api.mfapi.in/mf/125497
125497,HDFC Top 100 Direct,125497,SBI Small Cap Fund - Direct Plan - Growth,SBI Mutual Fund,Open Ended Schemes,Equity Scheme - Small Cap Fund,2016-07-29,36.8836,2026-06-23T05:29:58.847318+00:00,https://api.mfapi.in/mf/125497
125497,HDFC Top 100 Direct,125497,SBI Small Cap Fund - Direct Plan - Growth,SBI Mutual Fund,Open Ended Schemes,Equity Scheme - Small Cap Fund,2016-07-28,36.7219,2026-06-23T05:29:58.847318+00:00,https://api.mfapi.in/mf/125497
125497,HDFC Top 100 Direct,125497,SBI Small Cap Fund - Direct Plan - Growth,SBI Mutual Fund,Open Ended Schemes,Equity Scheme - Small Cap Fund,2016-07-27,36.4712,2026-06-23T05:29:58.847318+00:00,https://api.mfapi.in/mf/125497
125497,HDFC Top 100 Direct,125497,SBI Small Cap Fund - Direct Plan - Growth,SBI Mutual Fund,Open Ended Schemes,Equity Scheme - Small Cap Fund,2016-07-26,36.7347,2026-06-23T05:29:58.847318+00:00,https://api.mfapi.in/mf/125497
125497,HDFC Top 100 Direct,125497,SBI Small Cap Fund - Direct Plan - Growth,SBI Mutual Fund,Open Ended Schemes,Equity Scheme - Small Cap Fund,2016-07-25,36.9769,2026-06-23T05:29:58.847318+00:00,https://api.mfapi.in/mf/125497
125497,HDFC Top 100 Direct,125497,SBI Small Cap Fund - Direct Plan - Growth,SBI Mutual Fund,Open Ended Schemes,Equity Scheme - Small Cap Fund,2016-07-22,36.6433,2026-06-23T05:29:58.847318+00:00,https://api.mfapi.in/mf/125497
125497,HDFC Top 100 Direct,125497,SBI Small Cap Fund - Direct Plan - Growth,SBI Mutual Fund,Open Ended Schemes,Equity Scheme - Small Cap Fund,2016-07-21,36.5193,2026-06-23T05:29:58.847318+00:00,https://api.mfapi.in/mf/125497
125497,HDFC Top 100 Direct,125497,SBI Small Cap Fund - Direct Plan - Growth,SBI Mutual Fund,Open Ended Schemes,Equity Scheme - Small Cap Fund,2016-07-20,36.5005,2026-06-23T05:29:58.847318+00:00,https://api.mfapi.in/mf/125497
125497,HDFC Top 100 Direct,125497,SBI Small Cap Fund - Direct Plan - Growth,SBI Mutual Fund,Open Ended Schemes,Equity Scheme - Small Cap Fund,2016-07-19,36.1272,2026-06-23T05:29:58.847318+00:00,https://api.mfapi.in/mf/125497
125497,HDFC Top 100 Direct,125497,SBI Small Cap Fund - Direct Plan - Growth,SBI Mutual Fund,Open Ended Schemes,Equity Scheme - Small Cap Fund,2016-07-18,36.3078,2026-06-23T05:29:58.847318+00:00,https://api.mfapi.in/mf/125497
125497,HDFC Top 100 Direct,125497,SBI Small Cap Fund - Direct Plan - Growth,SBI Mutual Fund,Open Ended Schemes,Equity Scheme - Small Cap Fund,2016-07-15,36.3821,2026-06-23T05:29:58.847318+00:00,https://api.mfapi.in/mf/125497
125497,HDFC Top 100 Direct,125497,SBI Small Cap Fund - Direct Plan - Growth,SBI Mutual Fund,Open Ended Schemes,Equity Scheme - Small Cap Fund,2016-07-14,36.3687,2026-06-23T05:29:58.847318+00:00,https://api.mfapi.in/mf/125497
125497,HDFC Top 100 Direct,125497,SBI Small Cap Fund - Direct Plan - Growth,SBI Mutual Fund,Open Ended Schemes,Equity Scheme - Small Cap Fund,2016-07-13,35.8112,2026-06-23T05:29:58.847318+00:00,https://api.mfapi.in/mf/125497
125497,HDFC Top 100 Direct,125497,SBI Small Cap Fund - Direct Plan - Growth,SBI Mutual Fund,Open Ended Schemes,Equity Scheme - Small Cap Fund,2016-07-12,35.7695,2026-06-23T05:29:58.847318+00:00,https://api.mfapi.in/mf/125497
125497,HDFC Top 100 Direct,125497,SBI Small Cap Fund - Direct Plan - Growth,SBI Mutual Fund,Open Ended Schemes,Equity Scheme - Small Cap Fund,2016-07-11,35.8859,2026-06-23T05:29:58.847318+00:00,https://api.mfapi.in/mf/125497
125497,HDFC Top 100 Direct,125497,SBI Small Cap Fund - Direct Plan - Growth,SBI Mutual Fund,Open Ended Schemes,Equity Scheme - Small Cap Fund,2016-07-08,35.747,2026-06-23T05:29:58.847318+00:00,https://api.mfapi.in/mf/125497
125497,HDFC Top 100 Direct,125497,SBI Small Cap Fund - Direct Plan - Growth,SBI Mutual Fund,Open Ended Schemes,Equity Scheme - Small Cap Fund,2016-07-07,35.6973,2026-06-23T05:29:58.847318+00:00,https://api.mfapi.in/mf/125497
125497,HDFC Top 100 Direct,125497,SBI Small Cap Fund - Direct Plan - Growth,SBI Mutual Fund,Open Ended Schemes,Equity Scheme - Small Cap Fund,2016-07-05,35.5532,2026-06-23T05:29:58.847318+00:00,https://api.mfapi.in/mf/125497
125497,HDFC Top 100 Direct,125497,SBI Small Cap Fund - Direct Plan - Growth,SBI Mutual Fund,Open Ended Schemes,Equity Scheme - Small Cap Fund,2016-07-04,35.5248,2026-06-23T05:29:58.847318+00:00,https://api.mfapi.in/mf/125497
125497,HDFC Top 100 Direct,125497,SBI Small Cap Fund - Direct Plan - Growth,SBI Mutual Fund,Open Ended Schemes,Equity Scheme - Small Cap Fund,2016-07-01,35.3909,2026-06-23T05:29:58.847318+00:00,https://api.mfapi.in/mf/125497
125497,HDFC Top 100 Direct,125497,SBI Small Cap Fund - Direct Plan - Growth,SBI Mutual Fund,Open Ended Schemes,Equity Scheme - Small Cap Fund,2016-06-30,35.2551,2026-06-23T05:29:58.847318+00:00,https://api.mfapi.in/mf/125497
125497,HDFC Top 100 Direct,125497,SBI Small Cap Fund - Direct Plan - Growth,SBI Mutual Fund,Open Ended Schemes,Equity Scheme - Small Cap Fund,2016-06-29,35.1004,2026-06-23T05:29:58.847318+00:00,https://api.mfapi.in/mf/125497
125497,HDFC Top 100 Direct,125497,SBI Small Cap Fund - Direct Plan - Growth,SBI Mutual Fund,Open Ended Schemes,Equity Scheme - Small Cap Fund,2016-06-28,34.5703,2026-06-23T05:29:58.847318+00:00,https://api.mfapi.in/mf/125497
125497,HDFC Top 100 Direct,125497,SBI Small Cap Fund - Direct Plan - Growth,SBI Mutual Fund,Open Ended Schemes,Equity Scheme - Small Cap Fund,2016-06-27,34.2331,2026-06-23T05:29:58.847318+00:00,https://api.mfapi.in/mf/125497
125497,HDFC Top 100 Direct,125497,SBI Small Cap Fund - Direct Plan - Growth,SBI Mutual Fund,Open Ended Schemes,Equity Scheme - Small Cap Fund,2016-06-24,33.9007,2026-06-23T05:29:58.847318+00:00,https://api.mfapi.in/mf/125497
125497,HDFC Top 100 Direct,125497,SBI Small Cap Fund - Direct Plan - Growth,SBI Mutual Fund,Open Ended Schemes,Equity Scheme - Small Cap Fund,2016-06-23,34.2001,2026-06-23T05:29:58.847318+00:00,https://api.mfapi.in/mf/125497
125497,HDFC Top 100 Direct,125497,SBI Small Cap Fund - Direct Plan - Growth,SBI Mutual Fund,Open Ended Schemes,Equity Scheme - Small Cap Fund,2016-06-22,34.2584,2026-06-23T05:29:58.847318+00:00,https://api.mfapi.in/mf/125497
125497,HDFC Top 100 Direct,125497,SBI Small Cap Fund - Direct Plan - Growth,SBI Mutual Fund,Open Ended Schemes,Equity Scheme - Small Cap Fund,2016-06-21,34.2368,2026-06-23T05:29:58.847318+00:00,https://api.mfapi.in/mf/125497
125497,HDFC Top 100 Direct,125497,SBI Small Cap Fund - Direct Plan - Growth,SBI Mutual Fund,Open Ended Schemes,Equity Scheme - Small Cap Fund,2016-06-20,34.2823,2026-06-23T05:29:58.847318+00:00,https://api.mfapi.in/mf/125497
125497,HDFC Top 100 Direct,125497,SBI Small Cap Fund - Direct Plan - Growth,SBI Mutual Fund,Open Ended Schemes,Equity Scheme - Small Cap Fund,2016-06-17,34.405,2026-06-23T05:29:58.847318+00:00,https://api.mfapi.in/mf/125497
125497,HDFC Top 100 Direct,125497,SBI Small Cap Fund - Direct Plan - Growth,SBI Mutual Fund,Open Ended Schemes,Equity Scheme - Small Cap Fund,2016-06-16,34.26,2026-06-23T05:29:58.847318+00:00,https://api.mfapi.in/mf/125497
125497,HDFC Top 100 Direct,125497,SBI Small Cap Fund - Direct Plan - Growth,SBI Mutual Fund,Open Ended Schemes,Equity Scheme - Small Cap Fund,2016-06-15,34.3849,2026-06-23T05:29:58.847318+00:00,https://api.mfapi.in/mf/125497
125497,HDFC Top 100 Direct,125497,SBI Small Cap Fund - Direct Plan - Growth,SBI Mutual Fund,Open Ended Schemes,Equity Scheme - Small Cap Fund,2016-06-14,34.0845,2026-06-23T05:29:58.847318+00:00,https://api.mfapi.in/mf/125497
125497,HDFC Top 100 Direct,125497,SBI Small Cap Fund - Direct Plan - Growth,SBI Mutual Fund,Open Ended Schemes,Equity Scheme - Small Cap Fund,2016-06-13,34.1257,2026-06-23T05:29:58.847318+00:00,https://api.mfapi.in/mf/125497
125497,HDFC Top 100 Direct,125497,SBI Small Cap Fund - Direct Plan - Growth,SBI Mutual Fund,Open Ended Schemes,Equity Scheme - Small Cap Fund,2016-06-10,34.345,2026-06-23T05:29:58.847318+00:00,https://api.mfapi.in/mf/125497
125497,HDFC Top 100 Direct,125497,SBI Small Cap Fund - Direct Plan - Growth,SBI Mutual Fund,Open Ended Schemes,Equity Scheme - Small Cap Fund,2016-06-09,34.2408,2026-06-23T05:29:58.847318+00:00,https://api.mfapi.in/mf/125497
125497,HDFC Top 100 Direct,125497,SBI Small Cap Fund - Direct Plan - Growth,SBI Mutual Fund,Open Ended Schemes,Equity Scheme - Small Cap Fund,2016-06-08,34.5334,2026-06-23T05:29:58.847318+00:00,https://api.mfapi.in/mf/125497
125497,HDFC Top 100 Direct,125497,SBI Small Cap Fund - Direct Plan - Growth,SBI Mutual Fund,Open Ended Schemes,Equity Scheme - Small Cap Fund,2016-06-07,34.4547,2026-06-23T05:29:58.847318+00:00,https://api.mfapi.in/mf/125497
125497,HDFC Top 100 Direct,125497,SBI Small Cap Fund - Direct Plan - Growth,SBI Mutual Fund,Open Ended Schemes,Equity Scheme - Small Cap Fund,2016-06-06,34.0559,2026-06-23T05:29:58.847318+00:00,https://api.mfapi.in/mf/125497
125497,HDFC Top 100 Direct,125497,SBI Small Cap Fund - Direct Plan - Growth,SBI Mutual Fund,Open Ended Schemes,Equity Scheme - Small Cap Fund,2016-06-03,33.8652,2026-06-23T05:29:58.847318+00:00,https://api.mfapi.in/mf/125497
125497,HDFC Top 100 Direct,125497,SBI Small Cap Fund - Direct Plan - Growth,SBI Mutual Fund,Open Ended Schemes,Equity Scheme - Small Cap Fund,2016-06-02,33.9535,2026-06-23T05:29:58.847318+00:00,https://api.mfapi.in/mf/125497
125497,HDFC Top 100 Direct,125497,SBI Small Cap Fund - Direct Plan - Growth,SBI Mutual Fund,Open Ended Schemes,Equity Scheme - Small Cap Fund,2016-06-01,33.793,2026-06-23T05:29:58.847318+00:00,https://api.mfapi.in/mf/125497
125497,HDFC Top 100 Direct,125497,SBI Small Cap Fund - Direct Plan - Growth,SBI Mutual Fund,Open Ended Schemes,Equity Scheme - Small Cap Fund,2016-05-31,33.7683,2026-06-23T05:29:58.847318+00:00,https://api.mfapi.in/mf/125497
125497,HDFC Top 100 Direct,125497,SBI Small Cap Fund - Direct Plan - Growth,SBI Mutual Fund,Open Ended Schemes,Equity Scheme - Small Cap Fund,2016-05-30,33.8423,2026-06-23T05:29:58.847318+00:00,https://api.mfapi.in/mf/125497
125497,HDFC Top 100 Direct,125497,SBI Small Cap Fund - Direct Plan - Growth,SBI Mutual Fund,Open Ended Schemes,Equity Scheme - Small Cap Fund,2016-05-27,33.7237,2026-06-23T05:29:58.847318+00:00,https://api.mfapi.in/mf/125497
125497,HDFC Top 100 Direct,125497,SBI Small Cap Fund - Direct Plan - Growth,SBI Mutual Fund,Open Ended Schemes,Equity Scheme - Small Cap Fund,2016-05-26,33.5544,2026-06-23T05:29:58.847318+00:00,https://api.mfapi.in/mf/125497
125497,HDFC Top 100 Direct,125497,SBI Small Cap Fund - Direct Plan - Growth,SBI Mutual Fund,Open Ended Schemes,Equity Scheme - Small Cap Fund,2016-05-25,33.6057,2026-06-23T05:29:58.847318+00:00,https://api.mfapi.in/mf/125497
125497,HDFC Top 100 Direct,125497,SBI Small Cap Fund - Direct Plan - Growth,SBI Mutual Fund,Open Ended Schemes,Equity Scheme - Small Cap Fund,2016-05-24,33.416,2026-06-23T05:29:58.847318+00:00,https://api.mfapi.in/mf/125497
125497,HDFC Top 100 Direct,125497,SBI Small Cap Fund - Direct Plan - Growth,SBI Mutual Fund,Open Ended Schemes,Equity Scheme - Small Cap Fund,2016-05-23,33.6583,2026-06-23T05:29:58.847318+00:00,https://api.mfapi.in/mf/125497
125497,HDFC Top 100 Direct,125497,SBI Small Cap Fund - Direct Plan - Growth,SBI Mutual Fund,Open Ended Schemes,Equity Scheme - Small Cap Fund,2016-05-20,33.6161,2026-06-23T05:29:58.847318+00:00,https://api.mfapi.in/mf/125497
125497,HDFC Top 100 Direct,125497,SBI Small Cap Fund - Direct Plan - Growth,SBI Mutual Fund,Open Ended Schemes,Equity Scheme - Small Cap Fund,2016-05-19,33.8355,2026-06-23T05:29:58.847318+00:00,https://api.mfapi.in/mf/125497
125497,HDFC Top 100 Direct,125497,SBI Small Cap Fund - Direct Plan - Growth,SBI Mutual Fund,Open Ended Schemes,Equity Scheme - Small Cap Fund,2016-05-18,34.3194,2026-06-23T05:29:58.847318+00:00,https://api.mfapi.in/mf/125497
125497,HDFC Top 100 Direct,125497,SBI Small Cap Fund - Direct Plan - Growth,SBI Mutual Fund,Open Ended Schemes,Equity Scheme - Small Cap Fund,2016-05-17,34.2682,2026-06-23T05:29:58.847318+00:00,https://api.mfapi.in/mf/125497
125497,HDFC Top 100 Direct,125497,SBI Small Cap Fund - Direct Plan - Growth,SBI Mutual Fund,Open Ended Schemes,Equity Scheme - Small Cap Fund,2016-05-16,34.214,2026-06-23T05:29:58.847318+00:00,https://api.mfapi.in/mf/125497
125497,HDFC Top 100 Direct,125497,SBI Small Cap Fund - Direct Plan - Growth,SBI Mutual Fund,Open Ended Schemes,Equity Scheme - Small Cap Fund,2016-05-13,34.2819,2026-06-23T05:29:58.847318+00:00,https://api.mfapi.in/mf/125497
125497,HDFC Top 100 Direct,125497,SBI Small Cap Fund - Direct Plan - Growth,SBI Mutual Fund,Open Ended Schemes,Equity Scheme - Small Cap Fund,2016-05-12,34.334,2026-06-23T05:29:58.847318+00:00,https://api.mfapi.in/mf/125497
125497,HDFC Top 100 Direct,125497,SBI Small Cap Fund - Direct Plan - Growth,SBI Mutual Fund,Open Ended Schemes,Equity Scheme - Small Cap Fund,2016-05-11,33.9502,2026-06-23T05:29:58.847318+00:00,https://api.mfapi.in/mf/125497
125497,HDFC Top 100 Direct,125497,SBI Small Cap Fund - Direct Plan - Growth,SBI Mutual Fund,Open Ended Schemes,Equity Scheme - Small Cap Fund,2016-05-10,33.8602,2026-06-23T05:29:58.847318+00:00,https://api.mfapi.in/mf/125497
125497,HDFC Top 100 Direct,125497,SBI Small Cap Fund - Direct Plan - Growth,SBI Mutual Fund,Open Ended Schemes,Equity Scheme - Small Cap Fund,2016-05-09,34.0572,2026-06-23T05:29:58.847318+00:00,https://api.mfapi.in/mf/125497
125497,HDFC Top 100 Direct,125497,SBI Small Cap Fund - Direct Plan - Growth,SBI Mutual Fund,Open Ended Schemes,Equity Scheme - Small Cap Fund,2016-05-06,33.8769,2026-06-23T05:29:58.847318+00:00,https://api.mfapi.in/mf/125497
125497,HDFC Top 100 Direct,125497,SBI Small Cap Fund - Direct Plan - Growth,SBI Mutual Fund,Open Ended Schemes,Equity Scheme - Small Cap Fund,2016-05-05,33.9939,2026-06-23T05:29:58.847318+00:00,https://api.mfapi.in/mf/125497
125497,HDFC Top 100 Direct,125497,SBI Small Cap Fund - Direct Plan - Growth,SBI Mutual Fund,Open Ended Schemes,Equity Scheme - Small Cap Fund,2016-05-04,33.7226,2026-06-23T05:29:58.847318+00:00,https://api.mfapi.in/mf/125497
125497,HDFC Top 100 Direct,125497,SBI Small Cap Fund - Direct Plan - Growth,SBI Mutual Fund,Open Ended Schemes,Equity Scheme - Small Cap Fund,2016-05-03,34.0306,2026-06-23T05:29:58.847318+00:00,https://api.mfapi.in/mf/125497
125497,HDFC Top 100 Direct,125497,SBI Small Cap Fund - Direct Plan - Growth,SBI Mutual Fund,Open Ended Schemes,Equity Scheme - Small Cap Fund,2016-05-02,34.0495,2026-06-23T05:29:58.847318+00:00,https://api.mfapi.in/mf/125497
125497,HDFC Top 100 Direct,125497,SBI Small Cap Fund - Direct Plan - Growth,SBI Mutual Fund,Open Ended Schemes,Equity Scheme - Small Cap Fund,2016-04-29,34.1348,2026-06-23T05:29:58.847318+00:00,https://api.mfapi.in/mf/125497
125497,HDFC Top 100 Direct,125497,SBI Small Cap Fund - Direct Plan - Growth,SBI Mutual Fund,Open Ended Schemes,Equity Scheme - Small Cap Fund,2016-04-28,34.1016,2026-06-23T05:29:58.847318+00:00,https://api.mfapi.in/mf/125497
125497,HDFC Top 100 Direct,125497,SBI Small Cap Fund - Direct Plan - Growth,SBI Mutual Fund,Open Ended Schemes,Equity Scheme - Small Cap Fund,2016-04-27,34.3437,2026-06-23T05:29:58.847318+00:00,https://api.mfapi.in/mf/125497
125497,HDFC Top 100 Direct,125497,SBI Small Cap Fund - Direct Plan - Growth,SBI Mutual Fund,Open Ended Schemes,Equity Scheme - Small Cap Fund,2016-04-26,34.1453,2026-06-23T05:29:58.847318+00:00,https://api.mfapi.in/mf/125497
125497,HDFC Top 100 Direct,125497,SBI Small Cap Fund - Direct Plan - Growth,SBI Mutual Fund,Open Ended Schemes,Equity Scheme - Small Cap Fund,2016-04-25,33.9629,2026-06-23T05:29:58.847318+00:00,https://api.mfapi.in/mf/125497
125497,HDFC Top 100 Direct,125497,SBI Small Cap Fund - Direct Plan - Growth,SBI Mutual Fund,Open Ended Schemes,Equity Scheme - Small Cap Fund,2016-04-22,34.001,2026-06-23T05:29:58.847318+00:00,https://api.mfapi.in/mf/125497
125497,HDFC Top 100 Direct,125497,SBI Small Cap Fund - Direct Plan - Growth,SBI Mutual Fund,Open Ended Schemes,Equity Scheme - Small Cap Fund,2016-04-21,34.1677,2026-06-23T05:29:58.847318+00:00,https://api.mfapi.in/mf/125497
125497,HDFC Top 100 Direct,125497,SBI Small Cap Fund - Direct Plan - Growth,SBI Mutual Fund,Open Ended Schemes,Equity Scheme - Small Cap Fund,2016-04-20,34.2725,2026-06-23T05:29:58.847318+00:00,https://api.mfapi.in/mf/125497
125497,HDFC Top 100 Direct,125497,SBI Small Cap Fund - Direct Plan - Growth,SBI Mutual Fund,Open Ended Schemes,Equity Scheme - Small Cap Fund,2016-04-18,34.1922,2026-06-23T05:29:58.847318+00:00,https://api.mfapi.in/mf/125497
125497,HDFC Top 100 Direct,125497,SBI Small Cap Fund - Direct Plan - Growth,SBI Mutual Fund,Open Ended Schemes,Equity Scheme - Small Cap Fund,2016-04-13,33.7693,2026-06-23T05:29:58.847318+00:00,https://api.mfapi.in/mf/125497
125497,HDFC Top 100 Direct,125497,SBI Small Cap Fund - Direct Plan - Growth,SBI Mutual Fund,Open Ended Schemes,Equity Scheme - Small Cap Fund,2016-04-12,33.512,2026-06-23T05:29:58.847318+00:00,https://api.mfapi.in/mf/125497
125497,HDFC Top 100 Direct,125497,SBI Small Cap Fund - Direct Plan - Growth,SBI Mutual Fund,Open Ended Schemes,Equity Scheme - Small Cap Fund,2016-04-11,33.3875,2026-06-23T05:29:58.847318+00:00,https://api.mfapi.in/mf/125497
125497,HDFC Top 100 Direct,125497,SBI Small Cap Fund - Direct Plan - Growth,SBI Mutual Fund,Open Ended Schemes,Equity Scheme - Small Cap Fund,2016-04-08,33.065,2026-06-23T05:29:58.847318+00:00,https://api.mfapi.in/mf/125497
125497,HDFC Top 100 Direct,125497,SBI Small Cap Fund - Direct Plan - Growth,SBI Mutual Fund,Open Ended Schemes,Equity Scheme - Small Cap Fund,2016-04-07,33.0194,2026-06-23T05:29:58.847318+00:00,https://api.mfapi.in/mf/125497
125497,HDFC Top 100 Direct,125497,SBI Small Cap Fund - Direct Plan - Growth,SBI Mutual Fund,Open Ended Schemes,Equity Scheme - Small Cap Fund,2016-04-06,33.2317,2026-06-23T05:29:58.847318+00:00,https://api.mfapi.in/mf/125497
125497,HDFC Top 100 Direct,125497,SBI Small Cap Fund - Direct Plan - Growth,SBI Mutual Fund,Open Ended Schemes,Equity Scheme - Small Cap Fund,2016-04-05,32.9295,2026-06-23T05:29:58.847318+00:00,https://api.mfapi.in/mf/125497
125497,HDFC Top 100 Direct,125497,SBI Small Cap Fund - Direct Plan - Growth,SBI Mutual Fund,Open Ended Schemes,Equity Scheme - Small Cap Fund,2016-04-04,33.112,2026-06-23T05:29:58.847318+00:00,https://api.mfapi.in/mf/125497
125497,HDFC Top 100 Direct,125497,SBI Small Cap Fund - Direct Plan - Growth,SBI Mutual Fund,Open Ended Schemes,Equity Scheme - Small Cap Fund,2016-04-01,32.6099,2026-06-23T05:29:58.847318+00:00,https://api.mfapi.in/mf/125497
125497,HDFC Top 100 Direct,125497,SBI Small Cap Fund - Direct Plan - Growth,SBI Mutual Fund,Open Ended Schemes,Equity Scheme - Small Cap Fund,2016-03-31,32.3614,2026-06-23T05:29:58.847318+00:00,https://api.mfapi.in/mf/125497
125497,HDFC Top 100 Direct,125497,SBI Small Cap Fund - Direct Plan - Growth,SBI Mutual Fund,Open Ended Schemes,Equity Scheme - Small Cap Fund,2016-03-30,32.3132,2026-06-23T05:29:58.847318+00:00,https://api.mfapi.in/mf/125497
125497,HDFC Top 100 Direct,125497,SBI Small Cap Fund - Direct Plan - Growth,SBI Mutual Fund,Open Ended Schemes,Equity Scheme - Small Cap Fund,2016-03-29,31.9445,2026-06-23T05:29:58.847318+00:00,https://api.mfapi.in/mf/125497
125497,HDFC Top 100 Direct,125497,SBI Small Cap Fund - Direct Plan - Growth,SBI Mutual Fund,Open Ended Schemes,Equity Scheme - Small Cap Fund,2016-03-28,31.8759,2026-06-23T05:29:58.847318+00:00,https://api.mfapi.in/mf/125497
125497,HDFC Top 100 Direct,125497,SBI Small Cap Fund - Direct Plan - Growth,SBI Mutual Fund,Open Ended Schemes,Equity Scheme - Small Cap Fund,2016-03-23,32.2192,2026-06-23T05:29:58.847318+00:00,https://api.mfapi.in/mf/125497
125497,HDFC Top 100 Direct,125497,SBI Small Cap Fund - Direct Plan - Growth,SBI Mutual Fund,Open Ended Schemes,Equity Scheme - Small Cap Fund,2016-03-22,31.8682,2026-06-23T05:29:58.847318+00:00,https://api.mfapi.in/mf/125497
125497,HDFC Top 100 Direct,125497,SBI Small Cap Fund - Direct Plan - Growth,SBI Mutual Fund,Open Ended Schemes,Equity Scheme - Small Cap Fund,2016-03-21,31.9899,2026-06-23T05:29:58.847318+00:00,https://api.mfapi.in/mf/125497
125497,HDFC Top 100 Direct,125497,SBI Small Cap Fund - Direct Plan - Growth,SBI Mutual Fund,Open Ended Schemes,Equity Scheme - Small Cap Fund,2016-03-18,31.5504,2026-06-23T05:29:58.847318+00:00,https://api.mfapi.in/mf/125497
125497,HDFC Top 100 Direct,125497,SBI Small Cap Fund - Direct Plan - Growth,SBI Mutual Fund,Open Ended Schemes,Equity Scheme - Small Cap Fund,2016-03-17,31.3309,2026-06-23T05:29:58.847318+00:00,https://api.mfapi.in/mf/125497
125497,HDFC Top 100 Direct,125497,SBI Small Cap Fund - Direct Plan - Growth,SBI Mutual Fund,Open Ended Schemes,Equity Scheme - Small Cap Fund,2016-03-16,31.2445,2026-06-23T05:29:58.847318+00:00,https://api.mfapi.in/mf/125497
125497,HDFC Top 100 Direct,125497,SBI Small Cap Fund - Direct Plan - Growth,SBI Mutual Fund,Open Ended Schemes,Equity Scheme - Small Cap Fund,2016-03-15,31.1758,2026-06-23T05:29:58.847318+00:00,https://api.mfapi.in/mf/125497
125497,HDFC Top 100 Direct,125497,SBI Small Cap Fund - Direct Plan - Growth,SBI Mutual Fund,Open Ended Schemes,Equity Scheme - Small Cap Fund,2016-03-14,31.3364,2026-06-23T05:29:58.847318+00:00,https://api.mfapi.in/mf/125497
125497,HDFC Top 100 Direct,125497,SBI Small Cap Fund - Direct Plan - Growth,SBI Mutual Fund,Open Ended Schemes,Equity Scheme - Small Cap Fund,2016-03-11,31.0885,2026-06-23T05:29:58.847318+00:00,https://api.mfapi.in/mf/125497
125497,HDFC Top 100 Direct,125497,SBI Small Cap Fund - Direct Plan - Growth,SBI Mutual Fund,Open Ended Schemes,Equity Scheme - Small Cap Fund,2016-03-10,31.0779,2026-06-23T05:29:58.847318+00:00,https://api.mfapi.in/mf/125497
125497,HDFC Top 100 Direct,125497,SBI Small Cap Fund - Direct Plan - Growth,SBI Mutual Fund,Open Ended Schemes,Equity Scheme - Small Cap Fund,2016-03-09,31.0997,2026-06-23T05:29:58.847318+00:00,https://api.mfapi.in/mf/125497
125497,HDFC Top 100 Direct,125497,SBI Small Cap Fund - Direct Plan - Growth,SBI Mutual Fund,Open Ended Schemes,Equity Scheme - Small Cap Fund,2016-03-08,31.0575,2026-06-23T05:29:58.847318+00:00,https://api.mfapi.in/mf/125497
125497,HDFC Top 100 Direct,125497,SBI Small Cap Fund - Direct Plan - Growth,SBI Mutual Fund,Open Ended Schemes,Equity Scheme - Small Cap Fund,2016-03-04,31.114,2026-06-23T05:29:58.847318+00:00,https://api.mfapi.in/mf/125497
125497,HDFC Top 100 Direct,125497,SBI Small Cap Fund - Direct Plan - Growth,SBI Mutual Fund,Open Ended Schemes,Equity Scheme - Small Cap Fund,2016-03-03,31.1097,2026-06-23T05:29:58.847318+00:00,https://api.mfapi.in/mf/125497
125497,HDFC Top 100 Direct,125497,SBI Small Cap Fund - Direct Plan - Growth,SBI Mutual Fund,Open Ended Schemes,Equity Scheme - Small Cap Fund,2016-03-02,30.9607,2026-06-23T05:29:58.847318+00:00,https://api.mfapi.in/mf/125497
125497,HDFC Top 100 Direct,125497,SBI Small Cap Fund - Direct Plan - Growth,SBI Mutual Fund,Open Ended Schemes,Equity Scheme - Small Cap Fund,2016-03-01,30.5287,2026-06-23T05:29:58.847318+00:00,https://api.mfapi.in/mf/125497
125497,HDFC Top 100 Direct,125497,SBI Small Cap Fund - Direct Plan - Growth,SBI Mutual Fund,Open Ended Schemes,Equity Scheme - Small Cap Fund,2016-02-29,29.7635,2026-06-23T05:29:58.847318+00:00,https://api.mfapi.in/mf/125497
125497,HDFC Top 100 Direct,125497,SBI Small Cap Fund - Direct Plan - Growth,SBI Mutual Fund,Open Ended Schemes,Equity Scheme - Small Cap Fund,2016-02-26,29.9406,2026-06-23T05:29:58.847318+00:00,https://api.mfapi.in/mf/125497
125497,HDFC Top 100 Direct,125497,SBI Small Cap Fund - Direct Plan - Growth,SBI Mutual Fund,Open Ended Schemes,Equity Scheme - Small Cap Fund,2016-02-25,30.24,2026-06-23T05:29:58.847318+00:00,https://api.mfapi.in/mf/125497
125497,HDFC Top 100 Direct,125497,SBI Small Cap Fund - Direct Plan - Growth,SBI Mutual Fund,Open Ended Schemes,Equity Scheme - Small Cap Fund,2016-02-24,30.265,2026-06-23T05:29:58.847318+00:00,https://api.mfapi.in/mf/125497
125497,HDFC Top 100 Direct,125497,SBI Small Cap Fund - Direct Plan - Growth,SBI Mutual Fund,Open Ended Schemes,Equity Scheme - Small Cap Fund,2016-02-23,30.6836,2026-06-23T05:29:58.847318+00:00,https://api.mfapi.in/mf/125497
125497,HDFC Top 100 Direct,125497,SBI Small Cap Fund - Direct Plan - Growth,SBI Mutual Fund,Open Ended Schemes,Equity Scheme - Small Cap Fund,2016-02-22,31.016,2026-06-23T05:29:58.847318+00:00,https://api.mfapi.in/mf/125497
125497,HDFC Top 100 Direct,125497,SBI Small Cap Fund - Direct Plan - Growth,SBI Mutual Fund,Open Ended Schemes,Equity Scheme - Small Cap Fund,2016-02-19,31.1002,2026-06-23T05:29:58.847318+00:00,https://api.mfapi.in/mf/125497
125497,HDFC Top 100 Direct,125497,SBI Small Cap Fund - Direct Plan - Growth,SBI Mutual Fund,Open Ended Schemes,Equity Scheme - Small Cap Fund,2016-02-18,31.0755,2026-06-23T05:29:58.847318+00:00,https://api.mfapi.in/mf/125497
125497,HDFC Top 100 Direct,125497,SBI Small Cap Fund - Direct Plan - Growth,SBI Mutual Fund,Open Ended Schemes,Equity Scheme - Small Cap Fund,2016-02-17,30.7027,2026-06-23T05:29:58.847318+00:00,https://api.mfapi.in/mf/125497
125497,HDFC Top 100 Direct,125497,SBI Small Cap Fund - Direct Plan - Growth,SBI Mutual Fund,Open Ended Schemes,Equity Scheme - Small Cap Fund,2016-02-16,30.4216,2026-06-23T05:29:58.847318+00:00,https://api.mfapi.in/mf/125497
125497,HDFC Top 100 Direct,125497,SBI Small Cap Fund - Direct Plan - Growth,SBI Mutual Fund,Open Ended Schemes,Equity Scheme - Small Cap Fund,2016-02-15,31.0517,2026-06-23T05:29:58.847318+00:00,https://api.mfapi.in/mf/125497
125497,HDFC Top 100 Direct,125497,SBI Small Cap Fund - Direct Plan - Growth,SBI Mutual Fund,Open Ended Schemes,Equity Scheme - Small Cap Fund,2016-02-12,30.1716,2026-06-23T05:29:58.847318+00:00,https://api.mfapi.in/mf/125497
125497,HDFC Top 100 Direct,125497,SBI Small Cap Fund - Direct Plan - Growth,SBI Mutual Fund,Open Ended Schemes,Equity Scheme - Small Cap Fund,2016-02-11,30.4832,2026-06-23T05:29:58.847318+00:00,https://api.mfapi.in/mf/125497
125497,HDFC Top 100 Direct,125497,SBI Small Cap Fund - Direct Plan - Growth,SBI Mutual Fund,Open Ended Schemes,Equity Scheme - Small Cap Fund,2016-02-10,31.6489,2026-06-23T05:29:58.847318+00:00,https://api.mfapi.in/mf/125497
125497,HDFC Top 100 Direct,125497,SBI Small Cap Fund - Direct Plan - Growth,SBI Mutual Fund,Open Ended Schemes,Equity Scheme - Small Cap Fund,2016-02-09,32.0579,2026-06-23T05:29:58.847318+00:00,https://api.mfapi.in/mf/125497
125497,HDFC Top 100 Direct,125497,SBI Small Cap Fund - Direct Plan - Growth,SBI Mutual Fund,Open Ended Schemes,Equity Scheme - Small Cap Fund,2016-02-08,32.1441,2026-06-23T05:29:58.847318+00:00,https://api.mfapi.in/mf/125497
125497,HDFC Top 100 Direct,125497,SBI Small Cap Fund - Direct Plan - Growth,SBI Mutual Fund,Open Ended Schemes,Equity Scheme - Small Cap Fund,2016-02-05,32.187,2026-06-23T05:29:58.847318+00:00,https://api.mfapi.in/mf/125497
125497,HDFC Top 100 Direct,125497,SBI Small Cap Fund - Direct Plan - Growth,SBI Mutual Fund,Open Ended Schemes,Equity Scheme - Small Cap Fund,2016-02-04,32.0113,2026-06-23T05:29:58.847318+00:00,https://api.mfapi.in/mf/125497
125497,HDFC Top 100 Direct,125497,SBI Small Cap Fund - Direct Plan - Growth,SBI Mutual Fund,Open Ended Schemes,Equity Scheme - Small Cap Fund,2016-02-03,32.1505,2026-06-23T05:29:58.847318+00:00,https://api.mfapi.in/mf/125497
125497,HDFC Top 100 Direct,125497,SBI Small Cap Fund - Direct Plan - Growth,SBI Mutual Fund,Open Ended Schemes,Equity Scheme - Small Cap Fund,2016-02-02,32.579,2026-06-23T05:29:58.847318+00:00,https://api.mfapi.in/mf/125497
125497,HDFC Top 100 Direct,125497,SBI Small Cap Fund - Direct Plan - Growth,SBI Mutual Fund,Open Ended Schemes,Equity Scheme - Small Cap Fund,2016-02-01,32.6827,2026-06-23T05:29:58.847318+00:00,https://api.mfapi.in/mf/125497
125497,HDFC Top 100 Direct,125497,SBI Small Cap Fund - Direct Plan - Growth,SBI Mutual Fund,Open Ended Schemes,Equity Scheme - Small Cap Fund,2016-01-29,32.5066,2026-06-23T05:29:58.847318+00:00,https://api.mfapi.in/mf/125497
125497,HDFC Top 100 Direct,125497,SBI Small Cap Fund - Direct Plan - Growth,SBI Mutual Fund,Open Ended Schemes,Equity Scheme - Small Cap Fund,2016-01-28,32.3849,2026-06-23T05:29:58.847318+00:00,https://api.mfapi.in/mf/125497
125497,HDFC Top 100 Direct,125497,SBI Small Cap Fund - Direct Plan - Growth,SBI Mutual Fund,Open Ended Schemes,Equity Scheme - Small Cap Fund,2016-01-27,32.3767,2026-06-23T05:29:58.847318+00:00,https://api.mfapi.in/mf/125497
125497,HDFC Top 100 Direct,125497,SBI Small Cap Fund - Direct Plan - Growth,SBI Mutual Fund,Open Ended Schemes,Equity Scheme - Small Cap Fund,2016-01-25,32.3429,2026-06-23T05:29:58.847318+00:00,https://api.mfapi.in/mf/125497
125497,HDFC Top 100 Direct,125497,SBI Small Cap Fund - Direct Plan - Growth,SBI Mutual Fund,Open Ended Schemes,Equity Scheme - Small Cap Fund,2016-01-22,32.1795,2026-06-23T05:29:58.847318+00:00,https://api.mfapi.in/mf/125497
125497,HDFC Top 100 Direct,125497,SBI Small Cap Fund - Direct Plan - Growth,SBI Mutual Fund,Open Ended Schemes,Equity Scheme - Small Cap Fund,2016-01-21,31.4128,2026-06-23T05:29:58.847318+00:00,https://api.mfapi.in/mf/125497
125497,HDFC Top 100 Direct,125497,SBI Small Cap Fund - Direct Plan - Growth,SBI Mutual Fund,Open Ended Schemes,Equity Scheme - Small Cap Fund,2016-01-20,31.3699,2026-06-23T05:29:58.847318+00:00,https://api.mfapi.in/mf/125497
125497,HDFC Top 100 Direct,125497,SBI Small Cap Fund - Direct Plan - Growth,SBI Mutual Fund,Open Ended Schemes,Equity Scheme - Small Cap Fund,2016-01-19,31.9417,2026-06-23T05:29:58.847318+00:00,https://api.mfapi.in/mf/125497
125497,HDFC Top 100 Direct,125497,SBI Small Cap Fund - Direct Plan - Growth,SBI Mutual Fund,Open Ended Schemes,Equity Scheme - Small Cap Fund,2016-01-18,31.6702,2026-06-23T05:29:58.847318+00:00,https://api.mfapi.in/mf/125497
125497,HDFC Top 100 Direct,125497,SBI Small Cap Fund - Direct Plan - Growth,SBI Mutual Fund,Open Ended Schemes,Equity Scheme - Small Cap Fund,2016-01-15,32.8379,2026-06-23T05:29:58.847318+00:00,https://api.mfapi.in/mf/125497
125497,HDFC Top 100 Direct,125497,SBI Small Cap Fund - Direct Plan - Growth,SBI Mutual Fund,Open Ended Schemes,Equity Scheme - Small Cap Fund,2016-01-14,33.6342,2026-06-23T05:29:58.847318+00:00,https://api.mfapi.in/mf/125497
125497,HDFC Top 100 Direct,125497,SBI Small Cap Fund - Direct Plan - Growth,SBI Mutual Fund,Open Ended Schemes,Equity Scheme - Small Cap Fund,2016-01-13,33.9198,2026-06-23T05:29:58.847318+00:00,https://api.mfapi.in/mf/125497
125497,HDFC Top 100 Direct,125497,SBI Small Cap Fund - Direct Plan - Growth,SBI Mutual Fund,Open Ended Schemes,Equity Scheme - Small Cap Fund,2016-01-12,34.5143,2026-06-23T05:29:58.847318+00:00,https://api.mfapi.in/mf/125497
125497,HDFC Top 100 Direct,125497,SBI Small Cap Fund - Direct Plan - Growth,SBI Mutual Fund,Open Ended Schemes,Equity Scheme - Small Cap Fund,2016-01-11,35.1181,2026-06-23T05:29:58.847318+00:00,https://api.mfapi.in/mf/125497
125497,HDFC Top 100 Direct,125497,SBI Small Cap Fund - Direct Plan - Growth,SBI Mutual Fund,Open Ended Schemes,Equity Scheme - Small Cap Fund,2016-01-08,35.1548,2026-06-23T05:29:58.847318+00:00,https://api.mfapi.in/mf/125497
125497,HDFC Top 100 Direct,125497,SBI Small Cap Fund - Direct Plan - Growth,SBI Mutual Fund,Open Ended Schemes,Equity Scheme - Small Cap Fund,2016-01-07,34.6033,2026-06-23T05:29:58.847318+00:00,https://api.mfapi.in/mf/125497
125497,HDFC Top 100 Direct,125497,SBI Small Cap Fund - Direct Plan - Growth,SBI Mutual Fund,Open Ended Schemes,Equity Scheme - Small Cap Fund,2016-01-06,35.5722,2026-06-23T05:29:58.847318+00:00,https://api.mfapi.in/mf/125497
125497,HDFC Top 100 Direct,125497,SBI Small Cap Fund - Direct Plan - Growth,SBI Mutual Fund,Open Ended Schemes,Equity Scheme - Small Cap Fund,2016-01-05,35.9544,2026-06-23T05:29:58.847318+00:00,https://api.mfapi.in/mf/125497
125497,HDFC Top 100 Direct,125497,SBI Small Cap Fund - Direct Plan - Growth,SBI Mutual Fund,Open Ended Schemes,Equity Scheme - Small Cap Fund,2016-01-04,35.7424,2026-06-23T05:29:58.847318+00:00,https://api.mfapi.in/mf/125497
125497,HDFC Top 100 Direct,125497,SBI Small Cap Fund - Direct Plan - Growth,SBI Mutual Fund,Open Ended Schemes,Equity Scheme - Small Cap Fund,2016-01-01,36.0391,2026-06-23T05:29:58.847318+00:00,https://api.mfapi.in/mf/125497
125497,HDFC Top 100 Direct,125497,SBI Small Cap Fund - Direct Plan - Growth,SBI Mutual Fund,Open Ended Schemes,Equity Scheme - Small Cap Fund,2015-12-31,35.7192,2026-06-23T05:29:58.847318+00:00,https://api.mfapi.in/mf/125497
125497,HDFC Top 100 Direct,125497,SBI Small Cap Fund - Direct Plan - Growth,SBI Mutual Fund,Open Ended Schemes,Equity Scheme - Small Cap Fund,2015-12-30,35.4189,2026-06-23T05:29:58.847318+00:00,https://api.mfapi.in/mf/125497
125497,HDFC Top 100 Direct,125497,SBI Small Cap Fund - Direct Plan - Growth,SBI Mutual Fund,Open Ended Schemes,Equity Scheme - Small Cap Fund,2015-12-29,35.1231,2026-06-23T05:29:58.847318+00:00,https://api.mfapi.in/mf/125497
125497,HDFC Top 100 Direct,125497,SBI Small Cap Fund - Direct Plan - Growth,SBI Mutual Fund,Open Ended Schemes,Equity Scheme - Small Cap Fund,2015-12-28,34.9675,2026-06-23T05:29:58.847318+00:00,https://api.mfapi.in/mf/125497
125497,HDFC Top 100 Direct,125497,SBI Small Cap Fund - Direct Plan - Growth,SBI Mutual Fund,Open Ended Schemes,Equity Scheme - Small Cap Fund,2015-12-24,34.6924,2026-06-23T05:29:58.847318+00:00,https://api.mfapi.in/mf/125497
125497,HDFC Top 100 Direct,125497,SBI Small Cap Fund - Direct Plan - Growth,SBI Mutual Fund,Open Ended Schemes,Equity Scheme - Small Cap Fund,2015-12-23,34.4628,2026-06-23T05:29:58.847318+00:00,https://api.mfapi.in/mf/125497
125497,HDFC Top 100 Direct,125497,SBI Small Cap Fund - Direct Plan - Growth,SBI Mutual Fund,Open Ended Schemes,Equity Scheme - Small Cap Fund,2015-12-22,34.2195,2026-06-23T05:29:58.847318+00:00,https://api.mfapi.in/mf/125497
125497,HDFC Top 100 Direct,125497,SBI Small Cap Fund - Direct Plan - Growth,SBI Mutual Fund,Open Ended Schemes,Equity Scheme - Small Cap Fund,2015-12-21,34.167,2026-06-23T05:29:58.847318+00:00,https://api.mfapi.in/mf/125497
125497,HDFC Top 100 Direct,125497,SBI Small Cap Fund - Direct Plan - Growth,SBI Mutual Fund,Open Ended Schemes,Equity Scheme - Small Cap Fund,2015-12-18,33.9321,2026-06-23T05:29:58.847318+00:00,https://api.mfapi.in/mf/125497
125497,HDFC Top 100 Direct,125497,SBI Small Cap Fund - Direct Plan - Growth,SBI Mutual Fund,Open Ended Schemes,Equity Scheme - Small Cap Fund,2015-12-17,34.0463,2026-06-23T05:29:58.847318+00:00,https://api.mfapi.in/mf/125497
125497,HDFC Top 100 Direct,125497,SBI Small Cap Fund - Direct Plan - Growth,SBI Mutual Fund,Open Ended Schemes,Equity Scheme - Small Cap Fund,2015-12-16,33.3913,2026-06-23T05:29:58.847318+00:00,https://api.mfapi.in/mf/125497
125497,HDFC Top 100 Direct,125497,SBI Small Cap Fund - Direct Plan - Growth,SBI Mutual Fund,Open Ended Schemes,Equity Scheme - Small Cap Fund,2015-12-15,33.3962,2026-06-23T05:29:58.847318+00:00,https://api.mfapi.in/mf/125497
125497,HDFC Top 100 Direct,125497,SBI Small Cap Fund - Direct Plan - Growth,SBI Mutual Fund,Open Ended Schemes,Equity Scheme - Small Cap Fund,2015-12-14,33.0979,2026-06-23T05:29:58.847318+00:00,https://api.mfapi.in/mf/125497
125497,HDFC Top 100 Direct,125497,SBI Small Cap Fund - Direct Plan - Growth,SBI Mutual Fund,Open Ended Schemes,Equity Scheme - Small Cap Fund,2015-12-11,33.0682,2026-06-23T05:29:58.847318+00:00,https://api.mfapi.in/mf/125497
125497,HDFC Top 100 Direct,125497,SBI Small Cap Fund - Direct Plan - Growth,SBI Mutual Fund,Open Ended Schemes,Equity Scheme - Small Cap Fund,2015-12-10,33.2474,2026-06-23T05:29:58.847318+00:00,https://api.mfapi.in/mf/125497
125497,HDFC Top 100 Direct,125497,SBI Small Cap Fund - Direct Plan - Growth,SBI Mutual Fund,Open Ended Schemes,Equity Scheme - Small Cap Fund,2015-12-09,32.871,2026-06-23T05:29:58.847318+00:00,https://api.mfapi.in/mf/125497
125497,HDFC Top 100 Direct,125497,SBI Small Cap Fund - Direct Plan - Growth,SBI Mutual Fund,Open Ended Schemes,Equity Scheme - Small Cap Fund,2015-12-08,33.2944,2026-06-23T05:29:58.847318+00:00,https://api.mfapi.in/mf/125497
125497,HDFC Top 100 Direct,125497,SBI Small Cap Fund - Direct Plan - Growth,SBI Mutual Fund,Open Ended Schemes,Equity Scheme - Small Cap Fund,2015-12-07,33.6603,2026-06-23T05:29:58.847318+00:00,https://api.mfapi.in/mf/125497
125497,HDFC Top 100 Direct,125497,SBI Small Cap Fund - Direct Plan - Growth,SBI Mutual Fund,Open Ended Schemes,Equity Scheme - Small Cap Fund,2015-12-04,33.694,2026-06-23T05:29:58.847318+00:00,https://api.mfapi.in/mf/125497
125497,HDFC Top 100 Direct,125497,SBI Small Cap Fund - Direct Plan - Growth,SBI Mutual Fund,Open Ended Schemes,Equity Scheme - Small Cap Fund,2015-12-03,33.7975,2026-06-23T05:29:58.847318+00:00,https://api.mfapi.in/mf/125497
125497,HDFC Top 100 Direct,125497,SBI Small Cap Fund - Direct Plan - Growth,SBI Mutual Fund,Open Ended Schemes,Equity Scheme - Small Cap Fund,2015-12-02,33.8327,2026-06-23T05:29:58.847318+00:00,https://api.mfapi.in/mf/125497
125497,HDFC Top 100 Direct,125497,SBI Small Cap Fund - Direct Plan - Growth,SBI Mutual Fund,Open Ended Schemes,Equity Scheme - Small Cap Fund,2015-12-01,33.5186,2026-06-23T05:29:58.847318+00:00,https://api.mfapi.in/mf/125497
125497,HDFC Top 100 Direct,125497,SBI Small Cap Fund - Direct Plan - Growth,SBI Mutual Fund,Open Ended Schemes,Equity Scheme - Small Cap Fund,2015-11-30,33.5197,2026-06-23T05:29:58.847318+00:00,https://api.mfapi.in/mf/125497
125497,HDFC Top 100 Direct,125497,SBI Small Cap Fund - Direct Plan - Growth,SBI Mutual Fund,Open Ended Schemes,Equity Scheme - Small Cap Fund,2015-11-27,33.5568,2026-06-23T05:29:58.847318+00:00,https://api.mfapi.in/mf/125497
125497,HDFC Top 100 Direct,125497,SBI Small Cap Fund - Direct Plan - Growth,SBI Mutual Fund,Open Ended Schemes,Equity Scheme - Small Cap Fund,2015-11-26,33.4275,2026-06-23T05:29:58.847318+00:00,https://api.mfapi.in/mf/125497
125497,HDFC Top 100 Direct,125497,SBI Small Cap Fund - Direct Plan - Growth,SBI Mutual Fund,Open Ended Schemes,Equity Scheme - Small Cap Fund,2015-11-24,33.4978,2026-06-23T05:29:58.847318+00:00,https://api.mfapi.in/mf/125497
125497,HDFC Top 100 Direct,125497,SBI Small Cap Fund - Direct Plan - Growth,SBI Mutual Fund,Open Ended Schemes,Equity Scheme - Small Cap Fund,2015-11-23,33.6307,2026-06-23T05:29:58.847318+00:00,https://api.mfapi.in/mf/125497
125497,HDFC Top 100 Direct,125497,SBI Small Cap Fund - Direct Plan - Growth,SBI Mutual Fund,Open Ended Schemes,Equity Scheme - Small Cap Fund,2015-11-20,33.4842,2026-06-23T05:29:58.847318+00:00,https://api.mfapi.in/mf/125497
125497,HDFC Top 100 Direct,125497,SBI Small Cap Fund - Direct Plan - Growth,SBI Mutual Fund,Open Ended Schemes,Equity Scheme - Small Cap Fund,2015-11-19,33.2648,2026-06-23T05:29:58.847318+00:00,https://api.mfapi.in/mf/125497
125497,HDFC Top 100 Direct,125497,SBI Small Cap Fund - Direct Plan - Growth,SBI Mutual Fund,Open Ended Schemes,Equity Scheme - Small Cap Fund,2015-11-18,32.7862,2026-06-23T05:29:58.847318+00:00,https://api.mfapi.in/mf/125497
125497,HDFC Top 100 Direct,125497,SBI Small Cap Fund - Direct Plan - Growth,SBI Mutual Fund,Open Ended Schemes,Equity Scheme - Small Cap Fund,2015-11-17,33.142,2026-06-23T05:29:58.847318+00:00,https://api.mfapi.in/mf/125497
125497,HDFC Top 100 Direct,125497,SBI Small Cap Fund - Direct Plan - Growth,SBI Mutual Fund,Open Ended Schemes,Equity Scheme - Small Cap Fund,2015-11-16,32.8399,2026-06-23T05:29:58.847318+00:00,https://api.mfapi.in/mf/125497
125497,HDFC Top 100 Direct,125497,SBI Small Cap Fund - Direct Plan - Growth,SBI Mutual Fund,Open Ended Schemes,Equity Scheme - Small Cap Fund,2015-11-13,32.8994,2026-06-23T05:29:58.847318+00:00,https://api.mfapi.in/mf/125497
125497,HDFC Top 100 Direct,125497,SBI Small Cap Fund - Direct Plan - Growth,SBI Mutual Fund,Open Ended Schemes,Equity Scheme - Small Cap Fund,2015-11-10,32.8783,2026-06-23T05:29:58.847318+00:00,https://api.mfapi.in/mf/125497
125497,HDFC Top 100 Direct,125497,SBI Small Cap Fund - Direct Plan - Growth,SBI Mutual Fund,Open Ended Schemes,Equity Scheme - Small Cap Fund,2015-11-09,33.0826,2026-06-23T05:29:58.847318+00:00,https://api.mfapi.in/mf/125497
125497,HDFC Top 100 Direct,125497,SBI Small Cap Fund - Direct Plan - Growth,SBI Mutual Fund,Open Ended Schemes,Equity Scheme - Small Cap Fund,2015-11-06,32.6837,2026-06-23T05:29:58.847318+00:00,https://api.mfapi.in/mf/125497
125497,HDFC Top 100 Direct,125497,SBI Small Cap Fund - Direct Plan - Growth,SBI Mutual Fund,Open Ended Schemes,Equity Scheme - Small Cap Fund,2015-11-05,32.938,2026-06-23T05:29:58.847318+00:00,https://api.mfapi.in/mf/125497
125497,HDFC Top 100 Direct,125497,SBI Small Cap Fund - Direct Plan - Growth,SBI Mutual Fund,Open Ended Schemes,Equity Scheme - Small Cap Fund,2015-11-04,33.2605,2026-06-23T05:29:58.847318+00:00,https://api.mfapi.in/mf/125497
125497,HDFC Top 100 Direct,125497,SBI Small Cap Fund - Direct Plan - Growth,SBI Mutual Fund,Open Ended Schemes,Equity Scheme - Small Cap Fund,2015-11-03,33.328,2026-06-23T05:29:58.847318+00:00,https://api.mfapi.in/mf/125497
125497,HDFC Top 100 Direct,125497,SBI Small Cap Fund - Direct Plan - Growth,SBI Mutual Fund,Open Ended Schemes,Equity Scheme - Small Cap Fund,2015-11-02,32.949,2026-06-23T05:29:58.847318+00:00,https://api.mfapi.in/mf/125497
125497,HDFC Top 100 Direct,125497,SBI Small Cap Fund - Direct Plan - Growth,SBI Mutual Fund,Open Ended Schemes,Equity Scheme - Small Cap Fund,2015-10-30,33.1814,2026-06-23T05:29:58.847318+00:00,https://api.mfapi.in/mf/125497
125497,HDFC Top 100 Direct,125497,SBI Small Cap Fund - Direct Plan - Growth,SBI Mutual Fund,Open Ended Schemes,Equity Scheme - Small Cap Fund,2015-10-29,33.2373,2026-06-23T05:29:58.847318+00:00,https://api.mfapi.in/mf/125497
125497,HDFC Top 100 Direct,125497,SBI Small Cap Fund - Direct Plan - Growth,SBI Mutual Fund,Open Ended Schemes,Equity Scheme - Small Cap Fund,2015-10-28,33.3372,2026-06-23T05:29:58.847318+00:00,https://api.mfapi.in/mf/125497
125497,HDFC Top 100 Direct,125497,SBI Small Cap Fund - Direct Plan - Growth,SBI Mutual Fund,Open Ended Schemes,Equity Scheme - Small Cap Fund,2015-10-27,33.4053,2026-06-23T05:29:58.847318+00:00,https://api.mfapi.in/mf/125497
125497,HDFC Top 100 Direct,125497,SBI Small Cap Fund - Direct Plan - Growth,SBI Mutual Fund,Open Ended Schemes,Equity Scheme - Small Cap Fund,2015-10-26,33.2641,2026-06-23T05:29:58.847318+00:00,https://api.mfapi.in/mf/125497
125497,HDFC Top 100 Direct,125497,SBI Small Cap Fund - Direct Plan - Growth,SBI Mutual Fund,Open Ended Schemes,Equity Scheme - Small Cap Fund,2015-10-23,33.5274,2026-06-23T05:29:58.847318+00:00,https://api.mfapi.in/mf/125497
125497,HDFC Top 100 Direct,125497,SBI Small Cap Fund - Direct Plan - Growth,SBI Mutual Fund,Open Ended Schemes,Equity Scheme - Small Cap Fund,2015-10-21,33.6267,2026-06-23T05:29:58.847318+00:00,https://api.mfapi.in/mf/125497
125497,HDFC Top 100 Direct,125497,SBI Small Cap Fund - Direct Plan - Growth,SBI Mutual Fund,Open Ended Schemes,Equity Scheme - Small Cap Fund,2015-10-20,33.5605,2026-06-23T05:29:58.847318+00:00,https://api.mfapi.in/mf/125497
125497,HDFC Top 100 Direct,125497,SBI Small Cap Fund - Direct Plan - Growth,SBI Mutual Fund,Open Ended Schemes,Equity Scheme - Small Cap Fund,2015-10-19,33.3166,2026-06-23T05:29:58.847318+00:00,https://api.mfapi.in/mf/125497
125497,HDFC Top 100 Direct,125497,SBI Small Cap Fund - Direct Plan - Growth,SBI Mutual Fund,Open Ended Schemes,Equity Scheme - Small Cap Fund,2015-10-16,33.1072,2026-06-23T05:29:58.847318+00:00,https://api.mfapi.in/mf/125497
125497,HDFC Top 100 Direct,125497,SBI Small Cap Fund - Direct Plan - Growth,SBI Mutual Fund,Open Ended Schemes,Equity Scheme - Small Cap Fund,2015-10-15,33.0744,2026-06-23T05:29:58.847318+00:00,https://api.mfapi.in/mf/125497
125497,HDFC Top 100 Direct,125497,SBI Small Cap Fund - Direct Plan - Growth,SBI Mutual Fund,Open Ended Schemes,Equity Scheme - Small Cap Fund,2015-10-14,32.851,2026-06-23T05:29:58.847318+00:00,https://api.mfapi.in/mf/125497
125497,HDFC Top 100 Direct,125497,SBI Small Cap Fund - Direct Plan - Growth,SBI Mutual Fund,Open Ended Schemes,Equity Scheme - Small Cap Fund,2015-10-13,32.8369,2026-06-23T05:29:58.847318+00:00,https://api.mfapi.in/mf/125497
125497,HDFC Top 100 Direct,125497,SBI Small Cap Fund - Direct Plan - Growth,SBI Mutual Fund,Open Ended Schemes,Equity Scheme - Small Cap Fund,2015-10-12,32.7741,2026-06-23T05:29:58.847318+00:00,https://api.mfapi.in/mf/125497
125497,HDFC Top 100 Direct,125497,SBI Small Cap Fund - Direct Plan - Growth,SBI Mutual Fund,Open Ended Schemes,Equity Scheme - Small Cap Fund,2015-10-09,32.8509,2026-06-23T05:29:58.847318+00:00,https://api.mfapi.in/mf/125497
125497,HDFC Top 100 Direct,125497,SBI Small Cap Fund - Direct Plan - Growth,SBI Mutual Fund,Open Ended Schemes,Equity Scheme - Small Cap Fund,2015-10-08,32.787,2026-06-23T05:29:58.847318+00:00,https://api.mfapi.in/mf/125497
125497,HDFC Top 100 Direct,125497,SBI Small Cap Fund - Direct Plan - Growth,SBI Mutual Fund,Open Ended Schemes,Equity Scheme - Small Cap Fund,2015-10-07,32.6458,2026-06-23T05:29:58.847318+00:00,https://api.mfapi.in/mf/125497
125497,HDFC Top 100 Direct,125497,SBI Small Cap Fund - Direct Plan - Growth,SBI Mutual Fund,Open Ended Schemes,Equity Scheme - Small Cap Fund,2015-10-06,32.4971,2026-06-23T05:29:58.847318+00:00,https://api.mfapi.in/mf/125497
125497,HDFC Top 100 Direct,125497,SBI Small Cap Fund - Direct Plan - Growth,SBI Mutual Fund,Open Ended Schemes,Equity Scheme - Small Cap Fund,2015-10-05,32.4891,2026-06-23T05:29:58.847318+00:00,https://api.mfapi.in/mf/125497
125497,HDFC Top 100 Direct,125497,SBI Small Cap Fund - Direct Plan - Growth,SBI Mutual Fund,Open Ended Schemes,Equity Scheme - Small Cap Fund,2015-10-01,32.0303,2026-06-23T05:29:58.847318+00:00,https://api.mfapi.in/mf/125497
125497,HDFC Top 100 Direct,125497,SBI Small Cap Fund - Direct Plan - Growth,SBI Mutual Fund,Open Ended Schemes,Equity Scheme - Small Cap Fund,2015-09-30,31.9449,2026-06-23T05:29:58.847318+00:00,https://api.mfapi.in/mf/125497
125497,HDFC Top 100 Direct,125497,SBI Small Cap Fund - Direct Plan - Growth,SBI Mutual Fund,Open Ended Schemes,Equity Scheme - Small Cap Fund,2015-09-29,31.5525,2026-06-23T05:29:58.847318+00:00,https://api.mfapi.in/mf/125497
125497,HDFC Top 100 Direct,125497,SBI Small Cap Fund - Direct Plan - Growth,SBI Mutual Fund,Open Ended Schemes,Equity Scheme - Small Cap Fund,2015-09-28,31.6127,2026-06-23T05:29:58.847318+00:00,https://api.mfapi.in/mf/125497
125497,HDFC Top 100 Direct,125497,SBI Small Cap Fund - Direct Plan - Growth,SBI Mutual Fund,Open Ended Schemes,Equity Scheme - Small Cap Fund,2015-09-24,31.6004,2026-06-23T05:29:58.847318+00:00,https://api.mfapi.in/mf/125497
125497,HDFC Top 100 Direct,125497,SBI Small Cap Fund - Direct Plan - Growth,SBI Mutual Fund,Open Ended Schemes,Equity Scheme - Small Cap Fund,2015-09-23,31.6956,2026-06-23T05:29:58.847318+00:00,https://api.mfapi.in/mf/125497
125497,HDFC Top 100 Direct,125497,SBI Small Cap Fund - Direct Plan - Growth,SBI Mutual Fund,Open Ended Schemes,Equity Scheme - Small Cap Fund,2015-09-22,31.6014,2026-06-23T05:29:58.847318+00:00,https://api.mfapi.in/mf/125497
125497,HDFC Top 100 Direct,125497,SBI Small Cap Fund - Direct Plan - Growth,SBI Mutual Fund,Open Ended Schemes,Equity Scheme - Small Cap Fund,2015-09-21,31.8795,2026-06-23T05:29:58.847318+00:00,https://api.mfapi.in/mf/125497
125497,HDFC Top 100 Direct,125497,SBI Small Cap Fund - Direct Plan - Growth,SBI Mutual Fund,Open Ended Schemes,Equity Scheme - Small Cap Fund,2015-09-18,31.7435,2026-06-23T05:29:58.847318+00:00,https://api.mfapi.in/mf/125497
125497,HDFC Top 100 Direct,125497,SBI Small Cap Fund - Direct Plan - Growth,SBI Mutual Fund,Open Ended Schemes,Equity Scheme - Small Cap Fund,2015-09-16,31.4122,2026-06-23T05:29:58.847318+00:00,https://api.mfapi.in/mf/125497
125497,HDFC Top 100 Direct,125497,SBI Small Cap Fund - Direct Plan - Growth,SBI Mutual Fund,Open Ended Schemes,Equity Scheme - Small Cap Fund,2015-09-15,31.5174,2026-06-23T05:29:58.847318+00:00,https://api.mfapi.in/mf/125497
125497,HDFC Top 100 Direct,125497,SBI Small Cap Fund - Direct Plan - Growth,SBI Mutual Fund,Open Ended Schemes,Equity Scheme - Small Cap Fund,2015-09-14,31.638,2026-06-23T05:29:58.847318+00:00,https://api.mfapi.in/mf/125497
125497,HDFC Top 100 Direct,125497,SBI Small Cap Fund - Direct Plan - Growth,SBI Mutual Fund,Open Ended Schemes,Equity Scheme - Small Cap Fund,2015-09-11,31.3747,2026-06-23T05:29:58.847318+00:00,https://api.mfapi.in/mf/125497
125497,HDFC Top 100 Direct,125497,SBI Small Cap Fund - Direct Plan - Growth,SBI Mutual Fund,Open Ended Schemes,Equity Scheme - Small Cap Fund,2015-09-10,31.2459,2026-06-23T05:29:58.847318+00:00,https://api.mfapi.in/mf/125497
125497,HDFC Top 100 Direct,125497,SBI Small Cap Fund - Direct Plan - Growth,SBI Mutual Fund,Open Ended Schemes,Equity Scheme - Small Cap Fund,2015-09-09,31.1685,2026-06-23T05:29:58.847318+00:00,https://api.mfapi.in/mf/125497
125497,HDFC Top 100 Direct,125497,SBI Small Cap Fund - Direct Plan - Growth,SBI Mutual Fund,Open Ended Schemes,Equity Scheme - Small Cap Fund,2015-09-08,30.8088,2026-06-23T05:29:58.847318+00:00,https://api.mfapi.in/mf/125497
125497,HDFC Top 100 Direct,125497,SBI Small Cap Fund - Direct Plan - Growth,SBI Mutual Fund,Open Ended Schemes,Equity Scheme - Small Cap Fund,2015-09-07,30.8824,2026-06-23T05:29:58.847318+00:00,https://api.mfapi.in/mf/125497
125497,HDFC Top 100 Direct,125497,SBI Small Cap Fund - Direct Plan - Growth,SBI Mutual Fund,Open Ended Schemes,Equity Scheme - Small Cap Fund,2015-09-04,31.2791,2026-06-23T05:29:58.847318+00:00,https://api.mfapi.in/mf/125497
125497,HDFC Top 100 Direct,125497,SBI Small Cap Fund - Direct Plan - Growth,SBI Mutual Fund,Open Ended Schemes,Equity Scheme - Small Cap Fund,2015-09-03,31.5572,2026-06-23T05:29:58.847318+00:00,https://api.mfapi.in/mf/125497
125497,HDFC Top 100 Direct,125497,SBI Small Cap Fund - Direct Plan - Growth,SBI Mutual Fund,Open Ended Schemes,Equity Scheme - Small Cap Fund,2015-09-02,31.3571,2026-06-23T05:29:58.847318+00:00,https://api.mfapi.in/mf/125497
125497,HDFC Top 100 Direct,125497,SBI Small Cap Fund - Direct Plan - Growth,SBI Mutual Fund,Open Ended Schemes,Equity Scheme - Small Cap Fund,2015-09-01,31.4028,2026-06-23T05:29:58.847318+00:00,https://api.mfapi.in/mf/125497
125497,HDFC Top 100 Direct,125497,SBI Small Cap Fund - Direct Plan - Growth,SBI Mutual Fund,Open Ended Schemes,Equity Scheme - Small Cap Fund,2015-08-31,31.9757,2026-06-23T05:29:58.847318+00:00,https://api.mfapi.in/mf/125497
125497,HDFC Top 100 Direct,125497,SBI Small Cap Fund - Direct Plan - Growth,SBI Mutual Fund,Open Ended Schemes,Equity Scheme - Small Cap Fund,2015-08-28,32.0768,2026-06-23T05:29:58.847318+00:00,https://api.mfapi.in/mf/125497
125497,HDFC Top 100 Direct,125497,SBI Small Cap Fund - Direct Plan - Growth,SBI Mutual Fund,Open Ended Schemes,Equity Scheme - Small Cap Fund,2015-08-27,32.1993,2026-06-23T05:29:58.847318+00:00,https://api.mfapi.in/mf/125497
125497,HDFC Top 100 Direct,125497,SBI Small Cap Fund - Direct Plan - Growth,SBI Mutual Fund,Open Ended Schemes,Equity Scheme - Small Cap Fund,2015-08-26,31.2456,2026-06-23T05:29:58.847318+00:00,https://api.mfapi.in/mf/125497
125497,HDFC Top 100 Direct,125497,SBI Small Cap Fund - Direct Plan - Growth,SBI Mutual Fund,Open Ended Schemes,Equity Scheme - Small Cap Fund,2015-08-25,31.1813,2026-06-23T05:29:58.847318+00:00,https://api.mfapi.in/mf/125497
125497,HDFC Top 100 Direct,125497,SBI Small Cap Fund - Direct Plan - Growth,SBI Mutual Fund,Open Ended Schemes,Equity Scheme - Small Cap Fund,2015-08-24,31.2426,2026-06-23T05:29:58.847318+00:00,https://api.mfapi.in/mf/125497
125497,HDFC Top 100 Direct,125497,SBI Small Cap Fund - Direct Plan - Growth,SBI Mutual Fund,Open Ended Schemes,Equity Scheme - Small Cap Fund,2015-08-21,33.1377,2026-06-23T05:29:58.847318+00:00,https://api.mfapi.in/mf/125497
125497,HDFC Top 100 Direct,125497,SBI Small Cap Fund - Direct Plan - Growth,SBI Mutual Fund,Open Ended Schemes,Equity Scheme - Small Cap Fund,2015-08-20,33.2221,2026-06-23T05:29:58.847318+00:00,https://api.mfapi.in/mf/125497
125497,HDFC Top 100 Direct,125497,SBI Small Cap Fund - Direct Plan - Growth,SBI Mutual Fund,Open Ended Schemes,Equity Scheme - Small Cap Fund,2015-08-19,33.8543,2026-06-23T05:29:58.847318+00:00,https://api.mfapi.in/mf/125497
125497,HDFC Top 100 Direct,125497,SBI Small Cap Fund - Direct Plan - Growth,SBI Mutual Fund,Open Ended Schemes,Equity Scheme - Small Cap Fund,2015-08-18,33.6383,2026-06-23T05:29:58.847318+00:00,https://api.mfapi.in/mf/125497
125497,HDFC Top 100 Direct,125497,SBI Small Cap Fund - Direct Plan - Growth,SBI Mutual Fund,Open Ended Schemes,Equity Scheme - Small Cap Fund,2015-08-17,33.3263,2026-06-23T05:29:58.847318+00:00,https://api.mfapi.in/mf/125497
125497,HDFC Top 100 Direct,125497,SBI Small Cap Fund - Direct Plan - Growth,SBI Mutual Fund,Open Ended Schemes,Equity Scheme - Small Cap Fund,2015-08-14,33.1547,2026-06-23T05:29:58.847318+00:00,https://api.mfapi.in/mf/125497
125497,HDFC Top 100 Direct,125497,SBI Small Cap Fund - Direct Plan - Growth,SBI Mutual Fund,Open Ended Schemes,Equity Scheme - Small Cap Fund,2015-08-13,32.6931,2026-06-23T05:29:58.847318+00:00,https://api.mfapi.in/mf/125497
125497,HDFC Top 100 Direct,125497,SBI Small Cap Fund - Direct Plan - Growth,SBI Mutual Fund,Open Ended Schemes,Equity Scheme - Small Cap Fund,2015-08-12,32.7984,2026-06-23T05:29:58.847318+00:00,https://api.mfapi.in/mf/125497
125497,HDFC Top 100 Direct,125497,SBI Small Cap Fund - Direct Plan - Growth,SBI Mutual Fund,Open Ended Schemes,Equity Scheme - Small Cap Fund,2015-08-11,33.3291,2026-06-23T05:29:58.847318+00:00,https://api.mfapi.in/mf/125497
125497,HDFC Top 100 Direct,125497,SBI Small Cap Fund - Direct Plan - Growth,SBI Mutual Fund,Open Ended Schemes,Equity Scheme - Small Cap Fund,2015-08-10,33.7575,2026-06-23T05:29:58.847318+00:00,https://api.mfapi.in/mf/125497
125497,HDFC Top 100 Direct,125497,SBI Small Cap Fund - Direct Plan - Growth,SBI Mutual Fund,Open Ended Schemes,Equity Scheme - Small Cap Fund,2015-08-07,33.7308,2026-06-23T05:29:58.847318+00:00,https://api.mfapi.in/mf/125497
125497,HDFC Top 100 Direct,125497,SBI Small Cap Fund - Direct Plan - Growth,SBI Mutual Fund,Open Ended Schemes,Equity Scheme - Small Cap Fund,2015-08-06,33.7245,2026-06-23T05:29:58.847318+00:00,https://api.mfapi.in/mf/125497
125497,HDFC Top 100 Direct,125497,SBI Small Cap Fund - Direct Plan - Growth,SBI Mutual Fund,Open Ended Schemes,Equity Scheme - Small Cap Fund,2015-08-05,34.118,2026-06-23T05:29:58.847318+00:00,https://api.mfapi.in/mf/125497
125497,HDFC Top 100 Direct,125497,SBI Small Cap Fund - Direct Plan - Growth,SBI Mutual Fund,Open Ended Schemes,Equity Scheme - Small Cap Fund,2015-08-04,34.1317,2026-06-23T05:29:58.847318+00:00,https://api.mfapi.in/mf/125497
125497,HDFC Top 100 Direct,125497,SBI Small Cap Fund - Direct Plan - Growth,SBI Mutual Fund,Open Ended Schemes,Equity Scheme - Small Cap Fund,2015-08-03,33.884,2026-06-23T05:29:58.847318+00:00,https://api.mfapi.in/mf/125497
125497,HDFC Top 100 Direct,125497,SBI Small Cap Fund - Direct Plan - Growth,SBI Mutual Fund,Open Ended Schemes,Equity Scheme - Small Cap Fund,2015-07-31,33.6861,2026-06-23T05:29:58.847318+00:00,https://api.mfapi.in/mf/125497
125497,HDFC Top 100 Direct,125497,SBI Small Cap Fund - Direct Plan - Growth,SBI Mutual Fund,Open Ended Schemes,Equity Scheme - Small Cap Fund,2015-07-30,33.2022,2026-06-23T05:29:58.847318+00:00,https://api.mfapi.in/mf/125497
125497,HDFC Top 100 Direct,125497,SBI Small Cap Fund - Direct Plan - Growth,SBI Mutual Fund,Open Ended Schemes,Equity Scheme - Small Cap Fund,2015-07-29,33.1365,2026-06-23T05:29:58.847318+00:00,https://api.mfapi.in/mf/125497
125497,HDFC Top 100 Direct,125497,SBI Small Cap Fund - Direct Plan - Growth,SBI Mutual Fund,Open Ended Schemes,Equity Scheme - Small Cap Fund,2015-07-28,33.0327,2026-06-23T05:29:58.847318+00:00,https://api.mfapi.in/mf/125497
125497,HDFC Top 100 Direct,125497,SBI Small Cap Fund - Direct Plan - Growth,SBI Mutual Fund,Open Ended Schemes,Equity Scheme - Small Cap Fund,2015-07-27,33.1625,2026-06-23T05:29:58.847318+00:00,https://api.mfapi.in/mf/125497
125497,HDFC Top 100 Direct,125497,SBI Small Cap Fund - Direct Plan - Growth,SBI Mutual Fund,Open Ended Schemes,Equity Scheme - Small Cap Fund,2015-07-24,33.1976,2026-06-23T05:29:58.847318+00:00,https://api.mfapi.in/mf/125497
125497,HDFC Top 100 Direct,125497,SBI Small Cap Fund - Direct Plan - Growth,SBI Mutual Fund,Open Ended Schemes,Equity Scheme - Small Cap Fund,2015-07-23,33.5174,2026-06-23T05:29:58.847318+00:00,https://api.mfapi.in/mf/125497
125497,HDFC Top 100 Direct,125497,SBI Small Cap Fund - Direct Plan - Growth,SBI Mutual Fund,Open Ended Schemes,Equity Scheme - Small Cap Fund,2015-07-22,33.1968,2026-06-23T05:29:58.847318+00:00,https://api.mfapi.in/mf/125497
125497,HDFC Top 100 Direct,125497,SBI Small Cap Fund - Direct Plan - Growth,SBI Mutual Fund,Open Ended Schemes,Equity Scheme - Small Cap Fund,2015-07-21,33.0264,2026-06-23T05:29:58.847318+00:00,https://api.mfapi.in/mf/125497
125497,HDFC Top 100 Direct,125497,SBI Small Cap Fund - Direct Plan - Growth,SBI Mutual Fund,Open Ended Schemes,Equity Scheme - Small Cap Fund,2015-07-20,33.5203,2026-06-23T05:29:58.847318+00:00,https://api.mfapi.in/mf/125497
125497,HDFC Top 100 Direct,125497,SBI Small Cap Fund - Direct Plan - Growth,SBI Mutual Fund,Open Ended Schemes,Equity Scheme - Small Cap Fund,2015-07-17,33.3724,2026-06-23T05:29:58.847318+00:00,https://api.mfapi.in/mf/125497
125497,HDFC Top 100 Direct,125497,SBI Small Cap Fund - Direct Plan - Growth,SBI Mutual Fund,Open Ended Schemes,Equity Scheme - Small Cap Fund,2015-07-16,33.357,2026-06-23T05:29:58.847318+00:00,https://api.mfapi.in/mf/125497
125497,HDFC Top 100 Direct,125497,SBI Small Cap Fund - Direct Plan - Growth,SBI Mutual Fund,Open Ended Schemes,Equity Scheme - Small Cap Fund,2015-07-15,33.0081,2026-06-23T05:29:58.847318+00:00,https://api.mfapi.in/mf/125497
125497,HDFC Top 100 Direct,125497,SBI Small Cap Fund - Direct Plan - Growth,SBI Mutual Fund,Open Ended Schemes,Equity Scheme - Small Cap Fund,2015-07-14,32.7785,2026-06-23T05:29:58.847318+00:00,https://api.mfapi.in/mf/125497
125497,HDFC Top 100 Direct,125497,SBI Small Cap Fund - Direct Plan - Growth,SBI Mutual Fund,Open Ended Schemes,Equity Scheme - Small Cap Fund,2015-07-13,32.901,2026-06-23T05:29:58.847318+00:00,https://api.mfapi.in/mf/125497
125497,HDFC Top 100 Direct,125497,SBI Small Cap Fund - Direct Plan - Growth,SBI Mutual Fund,Open Ended Schemes,Equity Scheme - Small Cap Fund,2015-07-10,32.8467,2026-06-23T05:29:58.847318+00:00,https://api.mfapi.in/mf/125497
125497,HDFC Top 100 Direct,125497,SBI Small Cap Fund - Direct Plan - Growth,SBI Mutual Fund,Open Ended Schemes,Equity Scheme - Small Cap Fund,2015-07-09,32.7345,2026-06-23T05:29:58.847318+00:00,https://api.mfapi.in/mf/125497
125497,HDFC Top 100 Direct,125497,SBI Small Cap Fund - Direct Plan - Growth,SBI Mutual Fund,Open Ended Schemes,Equity Scheme - Small Cap Fund,2015-07-08,32.7031,2026-06-23T05:29:58.847318+00:00,https://api.mfapi.in/mf/125497
125497,HDFC Top 100 Direct,125497,SBI Small Cap Fund - Direct Plan - Growth,SBI Mutual Fund,Open Ended Schemes,Equity Scheme - Small Cap Fund,2015-07-07,32.8775,2026-06-23T05:29:58.847318+00:00,https://api.mfapi.in/mf/125497
125497,HDFC Top 100 Direct,125497,SBI Small Cap Fund - Direct Plan - Growth,SBI Mutual Fund,Open Ended Schemes,Equity Scheme - Small Cap Fund,2015-07-06,32.4565,2026-06-23T05:29:58.847318+00:00,https://api.mfapi.in/mf/125497
125497,HDFC Top 100 Direct,125497,SBI Small Cap Fund - Direct Plan - Growth,SBI Mutual Fund,Open Ended Schemes,Equity Scheme - Small Cap Fund,2015-07-03,31.7734,2026-06-23T05:29:58.847318+00:00,https://api.mfapi.in/mf/125497
125497,HDFC Top 100 Direct,125497,SBI Small Cap Fund - Direct Plan - Growth,SBI Mutual Fund,Open Ended Schemes,Equity Scheme - Small Cap Fund,2015-07-02,31.5581,2026-06-23T05:29:58.847318+00:00,https://api.mfapi.in/mf/125497
125497,HDFC Top 100 Direct,125497,SBI Small Cap Fund - Direct Plan - Growth,SBI Mutual Fund,Open Ended Schemes,Equity Scheme - Small Cap Fund,2015-07-01,31.4503,2026-06-23T05:29:58.847318+00:00,https://api.mfapi.in/mf/125497
125497,HDFC Top 100 Direct,125497,SBI Small Cap Fund - Direct Plan - Growth,SBI Mutual Fund,Open Ended Schemes,Equity Scheme - Small Cap Fund,2015-06-30,31.1456,2026-06-23T05:29:58.847318+00:00,https://api.mfapi.in/mf/125497
125497,HDFC Top 100 Direct,125497,SBI Small Cap Fund - Direct Plan - Growth,SBI Mutual Fund,Open Ended Schemes,Equity Scheme - Small Cap Fund,2015-06-29,30.6479,2026-06-23T05:29:58.847318+00:00,https://api.mfapi.in/mf/125497
125497,HDFC Top 100 Direct,125497,SBI Small Cap Fund - Direct Plan - Growth,SBI Mutual Fund,Open Ended Schemes,Equity Scheme - Small Cap Fund,2015-06-26,31.0294,2026-06-23T05:29:58.847318+00:00,https://api.mfapi.in/mf/125497
125497,HDFC Top 100 Direct,125497,SBI Small Cap Fund - Direct Plan - Growth,SBI Mutual Fund,Open Ended Schemes,Equity Scheme - Small Cap Fund,2015-06-25,31.0607,2026-06-23T05:29:58.847318+00:00,https://api.mfapi.in/mf/125497
125497,HDFC Top 100 Direct,125497,SBI Small Cap Fund - Direct Plan - Growth,SBI Mutual Fund,Open Ended Schemes,Equity Scheme - Small Cap Fund,2015-06-24,30.9998,2026-06-23T05:29:58.847318+00:00,https://api.mfapi.in/mf/125497
125497,HDFC Top 100 Direct,125497,SBI Small Cap Fund - Direct Plan - Growth,SBI Mutual Fund,Open Ended Schemes,Equity Scheme - Small Cap Fund,2015-06-23,30.8937,2026-06-23T05:29:58.847318+00:00,https://api.mfapi.in/mf/125497
125497,HDFC Top 100 Direct,125497,SBI Small Cap Fund - Direct Plan - Growth,SBI Mutual Fund,Open Ended Schemes,Equity Scheme - Small Cap Fund,2015-06-22,30.7491,2026-06-23T05:29:58.847318+00:00,https://api.mfapi.in/mf/125497
125497,HDFC Top 100 Direct,125497,SBI Small Cap Fund - Direct Plan - Growth,SBI Mutual Fund,Open Ended Schemes,Equity Scheme - Small Cap Fund,2015-06-19,30.5701,2026-06-23T05:29:58.847318+00:00,https://api.mfapi.in/mf/125497
125497,HDFC Top 100 Direct,125497,SBI Small Cap Fund - Direct Plan - Growth,SBI Mutual Fund,Open Ended Schemes,Equity Scheme - Small Cap Fund,2015-06-18,30.4689,2026-06-23T05:29:58.847318+00:00,https://api.mfapi.in/mf/125497
125497,HDFC Top 100 Direct,125497,SBI Small Cap Fund - Direct Plan - Growth,SBI Mutual Fund,Open Ended Schemes,Equity Scheme - Small Cap Fund,2015-06-17,30.0202,2026-06-23T05:29:58.847318+00:00,https://api.mfapi.in/mf/125497
125497,HDFC Top 100 Direct,125497,SBI Small Cap Fund - Direct Plan - Growth,SBI Mutual Fund,Open Ended Schemes,Equity Scheme - Small Cap Fund,2015-06-16,29.497,2026-06-23T05:29:58.847318+00:00,https://api.mfapi.in/mf/125497
125497,HDFC Top 100 Direct,125497,SBI Small Cap Fund - Direct Plan - Growth,SBI Mutual Fund,Open Ended Schemes,Equity Scheme - Small Cap Fund,2015-06-15,29.5041,2026-06-23T05:29:58.847318+00:00,https://api.mfapi.in/mf/125497
125497,HDFC Top 100 Direct,125497,SBI Small Cap Fund - Direct Plan - Growth,SBI Mutual Fund,Open Ended Schemes,Equity Scheme - Small Cap Fund,2015-06-12,29.2746,2026-06-23T05:29:58.847318+00:00,https://api.mfapi.in/mf/125497
125497,HDFC Top 100 Direct,125497,SBI Small Cap Fund - Direct Plan - Growth,SBI Mutual Fund,Open Ended Schemes,Equity Scheme - Small Cap Fund,2015-06-11,29.1922,2026-06-23T05:29:58.847318+00:00,https://api.mfapi.in/mf/125497
125497,HDFC Top 100 Direct,125497,SBI Small Cap Fund - Direct Plan - Growth,SBI Mutual Fund,Open Ended Schemes,Equity Scheme - Small Cap Fund,2015-06-10,29.6228,2026-06-23T05:29:58.847318+00:00,https://api.mfapi.in/mf/125497
125497,HDFC Top 100 Direct,125497,SBI Small Cap Fund - Direct Plan - Growth,SBI Mutual Fund,Open Ended Schemes,Equity Scheme - Small Cap Fund,2015-06-09,29.2003,2026-06-23T05:29:58.847318+00:00,https://api.mfapi.in/mf/125497
125497,HDFC Top 100 Direct,125497,SBI Small Cap Fund - Direct Plan - Growth,SBI Mutual Fund,Open Ended Schemes,Equity Scheme - Small Cap Fund,2015-06-08,29.3979,2026-06-23T05:29:58.847318+00:00,https://api.mfapi.in/mf/125497
125497,HDFC Top 100 Direct,125497,SBI Small Cap Fund - Direct Plan - Growth,SBI Mutual Fund,Open Ended Schemes,Equity Scheme - Small Cap Fund,2015-06-05,29.7033,2026-06-23T05:29:58.847318+00:00,https://api.mfapi.in/mf/125497
125497,HDFC Top 100 Direct,125497,SBI Small Cap Fund - Direct Plan - Growth,SBI Mutual Fund,Open Ended Schemes,Equity Scheme - Small Cap Fund,2015-06-04,29.4409,2026-06-23T05:29:58.847318+00:00,https://api.mfapi.in/mf/125497
125497,HDFC Top 100 Direct,125497,SBI Small Cap Fund - Direct Plan - Growth,SBI Mutual Fund,Open Ended Schemes,Equity Scheme - Small Cap Fund,2015-06-03,29.5373,2026-06-23T05:29:58.847318+00:00,https://api.mfapi.in/mf/125497
125497,HDFC Top 100 Direct,125497,SBI Small Cap Fund - Direct Plan - Growth,SBI Mutual Fund,Open Ended Schemes,Equity Scheme - Small Cap Fund,2015-06-02,29.8851,2026-06-23T05:29:58.847318+00:00,https://api.mfapi.in/mf/125497
125497,HDFC Top 100 Direct,125497,SBI Small Cap Fund - Direct Plan - Growth,SBI Mutual Fund,Open Ended Schemes,Equity Scheme - Small Cap Fund,2015-06-01,30.3029,2026-06-23T05:29:58.847318+00:00,https://api.mfapi.in/mf/125497
125497,HDFC Top 100 Direct,125497,SBI Small Cap Fund - Direct Plan - Growth,SBI Mutual Fund,Open Ended Schemes,Equity Scheme - Small Cap Fund,2015-05-29,30.5261,2026-06-23T05:29:58.847318+00:00,https://api.mfapi.in/mf/125497
125497,HDFC Top 100 Direct,125497,SBI Small Cap Fund - Direct Plan - Growth,SBI Mutual Fund,Open Ended Schemes,Equity Scheme - Small Cap Fund,2015-05-28,30.3566,2026-06-23T05:29:58.847318+00:00,https://api.mfapi.in/mf/125497
125497,HDFC Top 100 Direct,125497,SBI Small Cap Fund - Direct Plan - Growth,SBI Mutual Fund,Open Ended Schemes,Equity Scheme - Small Cap Fund,2015-05-27,30.3406,2026-06-23T05:29:58.847318+00:00,https://api.mfapi.in/mf/125497
125497,HDFC Top 100 Direct,125497,SBI Small Cap Fund - Direct Plan - Growth,SBI Mutual Fund,Open Ended Schemes,Equity Scheme - Small Cap Fund,2015-05-26,30.5493,2026-06-23T05:29:58.847318+00:00,https://api.mfapi.in/mf/125497
125497,HDFC Top 100 Direct,125497,SBI Small Cap Fund - Direct Plan - Growth,SBI Mutual Fund,Open Ended Schemes,Equity Scheme - Small Cap Fund,2015-05-25,30.681,2026-06-23T05:29:58.847318+00:00,https://api.mfapi.in/mf/125497
125497,HDFC Top 100 Direct,125497,SBI Small Cap Fund - Direct Plan - Growth,SBI Mutual Fund,Open Ended Schemes,Equity Scheme - Small Cap Fund,2015-05-22,30.8954,2026-06-23T05:29:58.847318+00:00,https://api.mfapi.in/mf/125497
125497,HDFC Top 100 Direct,125497,SBI Small Cap Fund - Direct Plan - Growth,SBI Mutual Fund,Open Ended Schemes,Equity Scheme - Small Cap Fund,2015-05-21,30.8716,2026-06-23T05:29:58.847318+00:00,https://api.mfapi.in/mf/125497
125497,HDFC Top 100 Direct,125497,SBI Small Cap Fund - Direct Plan - Growth,SBI Mutual Fund,Open Ended Schemes,Equity Scheme - Small Cap Fund,2015-05-20,30.9295,2026-06-23T05:29:58.847318+00:00,https://api.mfapi.in/mf/125497
125497,HDFC Top 100 Direct,125497,SBI Small Cap Fund - Direct Plan - Growth,SBI Mutual Fund,Open Ended Schemes,Equity Scheme - Small Cap Fund,2015-05-19,31.0088,2026-06-23T05:29:58.847318+00:00,https://api.mfapi.in/mf/125497
125497,HDFC Top 100 Direct,125497,SBI Small Cap Fund - Direct Plan - Growth,SBI Mutual Fund,Open Ended Schemes,Equity Scheme - Small Cap Fund,2015-05-18,31.1586,2026-06-23T05:29:58.847318+00:00,https://api.mfapi.in/mf/125497
125497,HDFC Top 100 Direct,125497,SBI Small Cap Fund - Direct Plan - Growth,SBI Mutual Fund,Open Ended Schemes,Equity Scheme - Small Cap Fund,2015-05-15,31.0965,2026-06-23T05:29:58.847318+00:00,https://api.mfapi.in/mf/125497
125497,HDFC Top 100 Direct,125497,SBI Small Cap Fund - Direct Plan - Growth,SBI Mutual Fund,Open Ended Schemes,Equity Scheme - Small Cap Fund,2015-05-14,30.5463,2026-06-23T05:29:58.847318+00:00,https://api.mfapi.in/mf/125497
125497,HDFC Top 100 Direct,125497,SBI Small Cap Fund - Direct Plan - Growth,SBI Mutual Fund,Open Ended Schemes,Equity Scheme - Small Cap Fund,2015-05-13,30.4511,2026-06-23T05:29:58.847318+00:00,https://api.mfapi.in/mf/125497
125497,HDFC Top 100 Direct,125497,SBI Small Cap Fund - Direct Plan - Growth,SBI Mutual Fund,Open Ended Schemes,Equity Scheme - Small Cap Fund,2015-05-12,30.1822,2026-06-23T05:29:58.847318+00:00,https://api.mfapi.in/mf/125497
125497,HDFC Top 100 Direct,125497,SBI Small Cap Fund - Direct Plan - Growth,SBI Mutual Fund,Open Ended Schemes,Equity Scheme - Small Cap Fund,2015-05-11,30.6452,2026-06-23T05:29:58.847318+00:00,https://api.mfapi.in/mf/125497
125497,HDFC Top 100 Direct,125497,SBI Small Cap Fund - Direct Plan - Growth,SBI Mutual Fund,Open Ended Schemes,Equity Scheme - Small Cap Fund,2015-05-08,29.884,2026-06-23T05:29:58.847318+00:00,https://api.mfapi.in/mf/125497
125497,HDFC Top 100 Direct,125497,SBI Small Cap Fund - Direct Plan - Growth,SBI Mutual Fund,Open Ended Schemes,Equity Scheme - Small Cap Fund,2015-05-07,29.4468,2026-06-23T05:29:58.847318+00:00,https://api.mfapi.in/mf/125497
125497,HDFC Top 100 Direct,125497,SBI Small Cap Fund - Direct Plan - Growth,SBI Mutual Fund,Open Ended Schemes,Equity Scheme - Small Cap Fund,2015-05-06,30.0312,2026-06-23T05:29:58.847318+00:00,https://api.mfapi.in/mf/125497
125497,HDFC Top 100 Direct,125497,SBI Small Cap Fund - Direct Plan - Growth,SBI Mutual Fund,Open Ended Schemes,Equity Scheme - Small Cap Fund,2015-05-05,30.6932,2026-06-23T05:29:58.847318+00:00,https://api.mfapi.in/mf/125497
125497,HDFC Top 100 Direct,125497,SBI Small Cap Fund - Direct Plan - Growth,SBI Mutual Fund,Open Ended Schemes,Equity Scheme - Small Cap Fund,2015-05-04,30.6068,2026-06-23T05:29:58.847318+00:00,https://api.mfapi.in/mf/125497
125497,HDFC Top 100 Direct,125497,SBI Small Cap Fund - Direct Plan - Growth,SBI Mutual Fund,Open Ended Schemes,Equity Scheme - Small Cap Fund,2015-04-30,30.1525,2026-06-23T05:29:58.847318+00:00,https://api.mfapi.in/mf/125497
125497,HDFC Top 100 Direct,125497,SBI Small Cap Fund - Direct Plan - Growth,SBI Mutual Fund,Open Ended Schemes,Equity Scheme - Small Cap Fund,2015-04-29,30.1521,2026-06-23T05:29:58.847318+00:00,https://api.mfapi.in/mf/125497
125497,HDFC Top 100 Direct,125497,SBI Small Cap Fund - Direct Plan - Growth,SBI Mutual Fund,Open Ended Schemes,Equity Scheme - Small Cap Fund,2015-04-28,29.7529,2026-06-23T05:29:58.847318+00:00,https://api.mfapi.in/mf/125497
125497,HDFC Top 100 Direct,125497,SBI Small Cap Fund - Direct Plan - Growth,SBI Mutual Fund,Open Ended Schemes,Equity Scheme - Small Cap Fund,2015-04-27,29.674,2026-06-23T05:29:58.847318+00:00,https://api.mfapi.in/mf/125497
125497,HDFC Top 100 Direct,125497,SBI Small Cap Fund - Direct Plan - Growth,SBI Mutual Fund,Open Ended Schemes,Equity Scheme - Small Cap Fund,2015-04-24,30.2416,2026-06-23T05:29:58.847318+00:00,https://api.mfapi.in/mf/125497
125497,HDFC Top 100 Direct,125497,SBI Small Cap Fund - Direct Plan - Growth,SBI Mutual Fund,Open Ended Schemes,Equity Scheme - Small Cap Fund,2015-04-23,30.9662,2026-06-23T05:29:58.847318+00:00,https://api.mfapi.in/mf/125497
125497,HDFC Top 100 Direct,125497,SBI Small Cap Fund - Direct Plan - Growth,SBI Mutual Fund,Open Ended Schemes,Equity Scheme - Small Cap Fund,2015-04-22,31.0468,2026-06-23T05:29:58.847318+00:00,https://api.mfapi.in/mf/125497
125497,HDFC Top 100 Direct,125497,SBI Small Cap Fund - Direct Plan - Growth,SBI Mutual Fund,Open Ended Schemes,Equity Scheme - Small Cap Fund,2015-04-21,31.0267,2026-06-23T05:29:58.847318+00:00,https://api.mfapi.in/mf/125497
125497,HDFC Top 100 Direct,125497,SBI Small Cap Fund - Direct Plan - Growth,SBI Mutual Fund,Open Ended Schemes,Equity Scheme - Small Cap Fund,2015-04-20,31.0796,2026-06-23T05:29:58.847318+00:00,https://api.mfapi.in/mf/125497
125497,HDFC Top 100 Direct,125497,SBI Small Cap Fund - Direct Plan - Growth,SBI Mutual Fund,Open Ended Schemes,Equity Scheme - Small Cap Fund,2015-04-17,31.798,2026-06-23T05:29:58.847318+00:00,https://api.mfapi.in/mf/125497
125497,HDFC Top 100 Direct,125497,SBI Small Cap Fund - Direct Plan - Growth,SBI Mutual Fund,Open Ended Schemes,Equity Scheme - Small Cap Fund,2015-04-16,31.9168,2026-06-23T05:29:58.847318+00:00,https://api.mfapi.in/mf/125497
125497,HDFC Top 100 Direct,125497,SBI Small Cap Fund - Direct Plan - Growth,SBI Mutual Fund,Open Ended Schemes,Equity Scheme - Small Cap Fund,2015-04-15,31.8726,2026-06-23T05:29:58.847318+00:00,https://api.mfapi.in/mf/125497
125497,HDFC Top 100 Direct,125497,SBI Small Cap Fund - Direct Plan - Growth,SBI Mutual Fund,Open Ended Schemes,Equity Scheme - Small Cap Fund,2015-04-13,31.7364,2026-06-23T05:29:58.847318+00:00,https://api.mfapi.in/mf/125497
125497,HDFC Top 100 Direct,125497,SBI Small Cap Fund - Direct Plan - Growth,SBI Mutual Fund,Open Ended Schemes,Equity Scheme - Small Cap Fund,2015-04-10,31.3292,2026-06-23T05:29:58.847318+00:00,https://api.mfapi.in/mf/125497
125497,HDFC Top 100 Direct,125497,SBI Small Cap Fund - Direct Plan - Growth,SBI Mutual Fund,Open Ended Schemes,Equity Scheme - Small Cap Fund,2015-04-09,31.2433,2026-06-23T05:29:58.847318+00:00,https://api.mfapi.in/mf/125497
125497,HDFC Top 100 Direct,125497,SBI Small Cap Fund - Direct Plan - Growth,SBI Mutual Fund,Open Ended Schemes,Equity Scheme - Small Cap Fund,2015-04-08,30.8106,2026-06-23T05:29:58.847318+00:00,https://api.mfapi.in/mf/125497
125497,HDFC Top 100 Direct,125497,SBI Small Cap Fund - Direct Plan - Growth,SBI Mutual Fund,Open Ended Schemes,Equity Scheme - Small Cap Fund,2015-04-07,30.2953,2026-06-23T05:29:58.847318+00:00,https://api.mfapi.in/mf/125497
125497,HDFC Top 100 Direct,125497,SBI Small Cap Fund - Direct Plan - Growth,SBI Mutual Fund,Open Ended Schemes,Equity Scheme - Small Cap Fund,2015-04-06,30.1584,2026-06-23T05:29:58.847318+00:00,https://api.mfapi.in/mf/125497
125497,HDFC Top 100 Direct,125497,SBI Small Cap Fund - Direct Plan - Growth,SBI Mutual Fund,Open Ended Schemes,Equity Scheme - Small Cap Fund,2015-04-01,29.7949,2026-06-23T05:29:58.847318+00:00,https://api.mfapi.in/mf/125497
125497,HDFC Top 100 Direct,125497,SBI Small Cap Fund - Direct Plan - Growth,SBI Mutual Fund,Open Ended Schemes,Equity Scheme - Small Cap Fund,2015-03-31,29.3347,2026-06-23T05:29:58.847318+00:00,https://api.mfapi.in/mf/125497
125497,HDFC Top 100 Direct,125497,SBI Small Cap Fund - Direct Plan - Growth,SBI Mutual Fund,Open Ended Schemes,Equity Scheme - Small Cap Fund,2015-03-30,29.2627,2026-06-23T05:29:58.847318+00:00,https://api.mfapi.in/mf/125497
125497,HDFC Top 100 Direct,125497,SBI Small Cap Fund - Direct Plan - Growth,SBI Mutual Fund,Open Ended Schemes,Equity Scheme - Small Cap Fund,2015-03-27,28.5473,2026-06-23T05:29:58.847318+00:00,https://api.mfapi.in/mf/125497
125497,HDFC Top 100 Direct,125497,SBI Small Cap Fund - Direct Plan - Growth,SBI Mutual Fund,Open Ended Schemes,Equity Scheme - Small Cap Fund,2015-03-26,28.4267,2026-06-23T05:29:58.847318+00:00,https://api.mfapi.in/mf/125497
125497,HDFC Top 100 Direct,125497,SBI Small Cap Fund - Direct Plan - Growth,SBI Mutual Fund,Open Ended Schemes,Equity Scheme - Small Cap Fund,2015-03-25,28.8366,2026-06-23T05:29:58.847318+00:00,https://api.mfapi.in/mf/125497
125497,HDFC Top 100 Direct,125497,SBI Small Cap Fund - Direct Plan - Growth,SBI Mutual Fund,Open Ended Schemes,Equity Scheme - Small Cap Fund,2015-03-24,28.8295,2026-06-23T05:29:58.847318+00:00,https://api.mfapi.in/mf/125497
125497,HDFC Top 100 Direct,125497,SBI Small Cap Fund - Direct Plan - Growth,SBI Mutual Fund,Open Ended Schemes,Equity Scheme - Small Cap Fund,2015-03-23,28.911,2026-06-23T05:29:58.847318+00:00,https://api.mfapi.in/mf/125497
125497,HDFC Top 100 Direct,125497,SBI Small Cap Fund - Direct Plan - Growth,SBI Mutual Fund,Open Ended Schemes,Equity Scheme - Small Cap Fund,2015-03-20,29.392,2026-06-23T05:29:58.847318+00:00,https://api.mfapi.in/mf/125497
125497,HDFC Top 100 Direct,125497,SBI Small Cap Fund - Direct Plan - Growth,SBI Mutual Fund,Open Ended Schemes,Equity Scheme - Small Cap Fund,2015-03-19,29.8192,2026-06-23T05:29:58.847318+00:00,https://api.mfapi.in/mf/125497
125497,HDFC Top 100 Direct,125497,SBI Small Cap Fund - Direct Plan - Growth,SBI Mutual Fund,Open Ended Schemes,Equity Scheme - Small Cap Fund,2015-03-18,30.0143,2026-06-23T05:29:58.847318+00:00,https://api.mfapi.in/mf/125497
125497,HDFC Top 100 Direct,125497,SBI Small Cap Fund - Direct Plan - Growth,SBI Mutual Fund,Open Ended Schemes,Equity Scheme - Small Cap Fund,2015-03-17,30.0579,2026-06-23T05:29:58.847318+00:00,https://api.mfapi.in/mf/125497
125497,HDFC Top 100 Direct,125497,SBI Small Cap Fund - Direct Plan - Growth,SBI Mutual Fund,Open Ended Schemes,Equity Scheme - Small Cap Fund,2015-03-16,30.179,2026-06-23T05:29:58.847318+00:00,https://api.mfapi.in/mf/125497
125497,HDFC Top 100 Direct,125497,SBI Small Cap Fund - Direct Plan - Growth,SBI Mutual Fund,Open Ended Schemes,Equity Scheme - Small Cap Fund,2015-03-13,30.2599,2026-06-23T05:29:58.847318+00:00,https://api.mfapi.in/mf/125497
125497,HDFC Top 100 Direct,125497,SBI Small Cap Fund - Direct Plan - Growth,SBI Mutual Fund,Open Ended Schemes,Equity Scheme - Small Cap Fund,2015-03-12,30.686,2026-06-23T05:29:58.847318+00:00,https://api.mfapi.in/mf/125497
125497,HDFC Top 100 Direct,125497,SBI Small Cap Fund - Direct Plan - Growth,SBI Mutual Fund,Open Ended Schemes,Equity Scheme - Small Cap Fund,2015-03-11,30.4375,2026-06-23T05:29:58.847318+00:00,https://api.mfapi.in/mf/125497
125497,HDFC Top 100 Direct,125497,SBI Small Cap Fund - Direct Plan - Growth,SBI Mutual Fund,Open Ended Schemes,Equity Scheme - Small Cap Fund,2015-03-10,30.3725,2026-06-23T05:29:58.847318+00:00,https://api.mfapi.in/mf/125497
125497,HDFC Top 100 Direct,125497,SBI Small Cap Fund - Direct Plan - Growth,SBI Mutual Fund,Open Ended Schemes,Equity Scheme - Small Cap Fund,2015-03-09,30.4317,2026-06-23T05:29:58.847318+00:00,https://api.mfapi.in/mf/125497
125497,HDFC Top 100 Direct,125497,SBI Small Cap Fund - Direct Plan - Growth,SBI Mutual Fund,Open Ended Schemes,Equity Scheme - Small Cap Fund,2015-03-05,30.6428,2026-06-23T05:29:58.847318+00:00,https://api.mfapi.in/mf/125497
125497,HDFC Top 100 Direct,125497,SBI Small Cap Fund - Direct Plan - Growth,SBI Mutual Fund,Open Ended Schemes,Equity Scheme - Small Cap Fund,2015-03-04,30.6349,2026-06-23T05:29:58.847318+00:00,https://api.mfapi.in/mf/125497
125497,HDFC Top 100 Direct,125497,SBI Small Cap Fund - Direct Plan - Growth,SBI Mutual Fund,Open Ended Schemes,Equity Scheme - Small Cap Fund,2015-03-03,30.8045,2026-06-23T05:29:58.847318+00:00,https://api.mfapi.in/mf/125497
125497,HDFC Top 100 Direct,125497,SBI Small Cap Fund - Direct Plan - Growth,SBI Mutual Fund,Open Ended Schemes,Equity Scheme - Small Cap Fund,2015-03-02,30.5216,2026-06-23T05:29:58.847318+00:00,https://api.mfapi.in/mf/125497
125497,HDFC Top 100 Direct,125497,SBI Small Cap Fund - Direct Plan - Growth,SBI Mutual Fund,Open Ended Schemes,Equity Scheme - Small Cap Fund,2015-02-27,30.2262,2026-06-23T05:29:58.847318+00:00,https://api.mfapi.in/mf/125497
125497,HDFC Top 100 Direct,125497,SBI Small Cap Fund - Direct Plan - Growth,SBI Mutual Fund,Open Ended Schemes,Equity Scheme - Small Cap Fund,2015-02-26,29.9507,2026-06-23T05:29:58.847318+00:00,https://api.mfapi.in/mf/125497
125497,HDFC Top 100 Direct,125497,SBI Small Cap Fund - Direct Plan - Growth,SBI Mutual Fund,Open Ended Schemes,Equity Scheme - Small Cap Fund,2015-02-25,30.1089,2026-06-23T05:29:58.847318+00:00,https://api.mfapi.in/mf/125497
125497,HDFC Top 100 Direct,125497,SBI Small Cap Fund - Direct Plan - Growth,SBI Mutual Fund,Open Ended Schemes,Equity Scheme - Small Cap Fund,2015-02-24,30.2175,2026-06-23T05:29:58.847318+00:00,https://api.mfapi.in/mf/125497
125497,HDFC Top 100 Direct,125497,SBI Small Cap Fund - Direct Plan - Growth,SBI Mutual Fund,Open Ended Schemes,Equity Scheme - Small Cap Fund,2015-02-23,30.3222,2026-06-23T05:29:58.847318+00:00,https://api.mfapi.in/mf/125497
125497,HDFC Top 100 Direct,125497,SBI Small Cap Fund - Direct Plan - Growth,SBI Mutual Fund,Open Ended Schemes,Equity Scheme - Small Cap Fund,2015-02-20,30.6869,2026-06-23T05:29:58.847318+00:00,https://api.mfapi.in/mf/125497
125497,HDFC Top 100 Direct,125497,SBI Small Cap Fund - Direct Plan - Growth,SBI Mutual Fund,Open Ended Schemes,Equity Scheme - Small Cap Fund,2015-02-19,30.6178,2026-06-23T05:29:58.847318+00:00,https://api.mfapi.in/mf/125497
125497,HDFC Top 100 Direct,125497,SBI Small Cap Fund - Direct Plan - Growth,SBI Mutual Fund,Open Ended Schemes,Equity Scheme - Small Cap Fund,2015-02-18,30.6868,2026-06-23T05:29:58.847318+00:00,https://api.mfapi.in/mf/125497
125497,HDFC Top 100 Direct,125497,SBI Small Cap Fund - Direct Plan - Growth,SBI Mutual Fund,Open Ended Schemes,Equity Scheme - Small Cap Fund,2015-02-16,30.5344,2026-06-23T05:29:58.847318+00:00,https://api.mfapi.in/mf/125497
125497,HDFC Top 100 Direct,125497,SBI Small Cap Fund - Direct Plan - Growth,SBI Mutual Fund,Open Ended Schemes,Equity Scheme - Small Cap Fund,2015-02-13,30.2844,2026-06-23T05:29:58.847318+00:00,https://api.mfapi.in/mf/125497
125497,HDFC Top 100 Direct,125497,SBI Small Cap Fund - Direct Plan - Growth,SBI Mutual Fund,Open Ended Schemes,Equity Scheme - Small Cap Fund,2015-02-12,30.2611,2026-06-23T05:29:58.847318+00:00,https://api.mfapi.in/mf/125497
125497,HDFC Top 100 Direct,125497,SBI Small Cap Fund - Direct Plan - Growth,SBI Mutual Fund,Open Ended Schemes,Equity Scheme - Small Cap Fund,2015-02-11,29.9083,2026-06-23T05:29:58.847318+00:00,https://api.mfapi.in/mf/125497
125497,HDFC Top 100 Direct,125497,SBI Small Cap Fund - Direct Plan - Growth,SBI Mutual Fund,Open Ended Schemes,Equity Scheme - Small Cap Fund,2015-02-10,29.5782,2026-06-23T05:29:58.847318+00:00,https://api.mfapi.in/mf/125497
125497,HDFC Top 100 Direct,125497,SBI Small Cap Fund - Direct Plan - Growth,SBI Mutual Fund,Open Ended Schemes,Equity Scheme - Small Cap Fund,2015-02-09,29.397,2026-06-23T05:29:58.847318+00:00,https://api.mfapi.in/mf/125497
125497,HDFC Top 100 Direct,125497,SBI Small Cap Fund - Direct Plan - Growth,SBI Mutual Fund,Open Ended Schemes,Equity Scheme - Small Cap Fund,2015-02-06,29.7377,2026-06-23T05:29:58.847318+00:00,https://api.mfapi.in/mf/125497
125497,HDFC Top 100 Direct,125497,SBI Small Cap Fund - Direct Plan - Growth,SBI Mutual Fund,Open Ended Schemes,Equity Scheme - Small Cap Fund,2015-02-05,30.2614,2026-06-23T05:29:58.847318+00:00,https://api.mfapi.in/mf/125497
125497,HDFC Top 100 Direct,125497,SBI Small Cap Fund - Direct Plan - Growth,SBI Mutual Fund,Open Ended Schemes,Equity Scheme - Small Cap Fund,2015-02-04,30.6731,2026-06-23T05:29:58.847318+00:00,https://api.mfapi.in/mf/125497
125497,HDFC Top 100 Direct,125497,SBI Small Cap Fund - Direct Plan - Growth,SBI Mutual Fund,Open Ended Schemes,Equity Scheme - Small Cap Fund,2015-02-03,30.7745,2026-06-23T05:29:58.847318+00:00,https://api.mfapi.in/mf/125497
125497,HDFC Top 100 Direct,125497,SBI Small Cap Fund - Direct Plan - Growth,SBI Mutual Fund,Open Ended Schemes,Equity Scheme - Small Cap Fund,2015-02-02,30.6145,2026-06-23T05:29:58.847318+00:00,https://api.mfapi.in/mf/125497
125497,HDFC Top 100 Direct,125497,SBI Small Cap Fund - Direct Plan - Growth,SBI Mutual Fund,Open Ended Schemes,Equity Scheme - Small Cap Fund,2015-01-30,30.5936,2026-06-23T05:29:58.847318+00:00,https://api.mfapi.in/mf/125497
125497,HDFC Top 100 Direct,125497,SBI Small Cap Fund - Direct Plan - Growth,SBI Mutual Fund,Open Ended Schemes,Equity Scheme - Small Cap Fund,2015-01-29,30.7497,2026-06-23T05:29:58.847318+00:00,https://api.mfapi.in/mf/125497
125497,HDFC Top 100 Direct,125497,SBI Small Cap Fund - Direct Plan - Growth,SBI Mutual Fund,Open Ended Schemes,Equity Scheme - Small Cap Fund,2015-01-28,30.7898,2026-06-23T05:29:58.847318+00:00,https://api.mfapi.in/mf/125497
125497,HDFC Top 100 Direct,125497,SBI Small Cap Fund - Direct Plan - Growth,SBI Mutual Fund,Open Ended Schemes,Equity Scheme - Small Cap Fund,2015-01-27,30.5724,2026-06-23T05:29:58.847318+00:00,https://api.mfapi.in/mf/125497
125497,HDFC Top 100 Direct,125497,SBI Small Cap Fund - Direct Plan - Growth,SBI Mutual Fund,Open Ended Schemes,Equity Scheme - Small Cap Fund,2015-01-23,30.4927,2026-06-23T05:29:58.847318+00:00,https://api.mfapi.in/mf/125497
125497,HDFC Top 100 Direct,125497,SBI Small Cap Fund - Direct Plan - Growth,SBI Mutual Fund,Open Ended Schemes,Equity Scheme - Small Cap Fund,2015-01-22,30.7123,2026-06-23T05:29:58.847318+00:00,https://api.mfapi.in/mf/125497
125497,HDFC Top 100 Direct,125497,SBI Small Cap Fund - Direct Plan - Growth,SBI Mutual Fund,Open Ended Schemes,Equity Scheme - Small Cap Fund,2015-01-21,30.714,2026-06-23T05:29:58.847318+00:00,https://api.mfapi.in/mf/125497
125497,HDFC Top 100 Direct,125497,SBI Small Cap Fund - Direct Plan - Growth,SBI Mutual Fund,Open Ended Schemes,Equity Scheme - Small Cap Fund,2015-01-20,30.8184,2026-06-23T05:29:58.847318+00:00,https://api.mfapi.in/mf/125497
125497,HDFC Top 100 Direct,125497,SBI Small Cap Fund - Direct Plan - Growth,SBI Mutual Fund,Open Ended Schemes,Equity Scheme - Small Cap Fund,2015-01-19,30.5172,2026-06-23T05:29:58.847318+00:00,https://api.mfapi.in/mf/125497
125497,HDFC Top 100 Direct,125497,SBI Small Cap Fund - Direct Plan - Growth,SBI Mutual Fund,Open Ended Schemes,Equity Scheme - Small Cap Fund,2015-01-16,29.7293,2026-06-23T05:29:58.847318+00:00,https://api.mfapi.in/mf/125497
125497,HDFC Top 100 Direct,125497,SBI Small Cap Fund - Direct Plan - Growth,SBI Mutual Fund,Open Ended Schemes,Equity Scheme - Small Cap Fund,2015-01-15,29.6991,2026-06-23T05:29:58.847318+00:00,https://api.mfapi.in/mf/125497
125497,HDFC Top 100 Direct,125497,SBI Small Cap Fund - Direct Plan - Growth,SBI Mutual Fund,Open Ended Schemes,Equity Scheme - Small Cap Fund,2015-01-14,29.5028,2026-06-23T05:29:58.847318+00:00,https://api.mfapi.in/mf/125497
125497,HDFC Top 100 Direct,125497,SBI Small Cap Fund - Direct Plan - Growth,SBI Mutual Fund,Open Ended Schemes,Equity Scheme - Small Cap Fund,2015-01-13,29.4388,2026-06-23T05:29:58.847318+00:00,https://api.mfapi.in/mf/125497
125497,HDFC Top 100 Direct,125497,SBI Small Cap Fund - Direct Plan - Growth,SBI Mutual Fund,Open Ended Schemes,Equity Scheme - Small Cap Fund,2015-01-12,29.4713,2026-06-23T05:29:58.847318+00:00,https://api.mfapi.in/mf/125497
125497,HDFC Top 100 Direct,125497,SBI Small Cap Fund - Direct Plan - Growth,SBI Mutual Fund,Open Ended Schemes,Equity Scheme - Small Cap Fund,2015-01-09,29.2834,2026-06-23T05:29:58.847318+00:00,https://api.mfapi.in/mf/125497
125497,HDFC Top 100 Direct,125497,SBI Small Cap Fund - Direct Plan - Growth,SBI Mutual Fund,Open Ended Schemes,Equity Scheme - Small Cap Fund,2015-01-08,29.2325,2026-06-23T05:29:58.847318+00:00,https://api.mfapi.in/mf/125497
125497,HDFC Top 100 Direct,125497,SBI Small Cap Fund - Direct Plan - Growth,SBI Mutual Fund,Open Ended Schemes,Equity Scheme - Small Cap Fund,2015-01-07,28.7345,2026-06-23T05:29:58.847318+00:00,https://api.mfapi.in/mf/125497
125497,HDFC Top 100 Direct,125497,SBI Small Cap Fund - Direct Plan - Growth,SBI Mutual Fund,Open Ended Schemes,Equity Scheme - Small Cap Fund,2015-01-06,28.566,2026-06-23T05:29:58.847318+00:00,https://api.mfapi.in/mf/125497
125497,HDFC Top 100 Direct,125497,SBI Small Cap Fund - Direct Plan - Growth,SBI Mutual Fund,Open Ended Schemes,Equity Scheme - Small Cap Fund,2015-01-05,29.3031,2026-06-23T05:29:58.847318+00:00,https://api.mfapi.in/mf/125497
125497,HDFC Top 100 Direct,125497,SBI Small Cap Fund - Direct Plan - Growth,SBI Mutual Fund,Open Ended Schemes,Equity Scheme - Small Cap Fund,2015-01-02,29.4253,2026-06-23T05:29:58.847318+00:00,https://api.mfapi.in/mf/125497
125497,HDFC Top 100 Direct,125497,SBI Small Cap Fund - Direct Plan - Growth,SBI Mutual Fund,Open Ended Schemes,Equity Scheme - Small Cap Fund,2015-01-01,29.3671,2026-06-23T05:29:58.847318+00:00,https://api.mfapi.in/mf/125497
125497,HDFC Top 100 Direct,125497,SBI Small Cap Fund - Direct Plan - Growth,SBI Mutual Fund,Open Ended Schemes,Equity Scheme - Small Cap Fund,2014-12-31,29.2084,2026-06-23T05:29:58.847318+00:00,https://api.mfapi.in/mf/125497
125497,HDFC Top 100 Direct,125497,SBI Small Cap Fund - Direct Plan - Growth,SBI Mutual Fund,Open Ended Schemes,Equity Scheme - Small Cap Fund,2014-12-30,28.5876,2026-06-23T05:29:58.847318+00:00,https://api.mfapi.in/mf/125497
125497,HDFC Top 100 Direct,125497,SBI Small Cap Fund - Direct Plan - Growth,SBI Mutual Fund,Open Ended Schemes,Equity Scheme - Small Cap Fund,2014-12-29,28.1163,2026-06-23T05:29:58.847318+00:00,https://api.mfapi.in/mf/125497
125497,HDFC Top 100 Direct,125497,SBI Small Cap Fund - Direct Plan - Growth,SBI Mutual Fund,Open Ended Schemes,Equity Scheme - Small Cap Fund,2014-12-26,27.5386,2026-06-23T05:29:58.847318+00:00,https://api.mfapi.in/mf/125497
125497,HDFC Top 100 Direct,125497,SBI Small Cap Fund - Direct Plan - Growth,SBI Mutual Fund,Open Ended Schemes,Equity Scheme - Small Cap Fund,2014-12-24,27.4695,2026-06-23T05:29:58.847318+00:00,https://api.mfapi.in/mf/125497
125497,HDFC Top 100 Direct,125497,SBI Small Cap Fund - Direct Plan - Growth,SBI Mutual Fund,Open Ended Schemes,Equity Scheme - Small Cap Fund,2014-12-23,27.4262,2026-06-23T05:29:58.847318+00:00,https://api.mfapi.in/mf/125497
125497,HDFC Top 100 Direct,125497,SBI Small Cap Fund - Direct Plan - Growth,SBI Mutual Fund,Open Ended Schemes,Equity Scheme - Small Cap Fund,2014-12-22,27.439,2026-06-23T05:29:58.847318+00:00,https://api.mfapi.in/mf/125497
125497,HDFC Top 100 Direct,125497,SBI Small Cap Fund - Direct Plan - Growth,SBI Mutual Fund,Open Ended Schemes,Equity Scheme - Small Cap Fund,2014-12-19,27.1556,2026-06-23T05:29:58.847318+00:00,https://api.mfapi.in/mf/125497
125497,HDFC Top 100 Direct,125497,SBI Small Cap Fund - Direct Plan - Growth,SBI Mutual Fund,Open Ended Schemes,Equity Scheme - Small Cap Fund,2014-12-18,27.0853,2026-06-23T05:29:58.847318+00:00,https://api.mfapi.in/mf/125497
125497,HDFC Top 100 Direct,125497,SBI Small Cap Fund - Direct Plan - Growth,SBI Mutual Fund,Open Ended Schemes,Equity Scheme - Small Cap Fund,2014-12-17,26.2936,2026-06-23T05:29:58.847318+00:00,https://api.mfapi.in/mf/125497
125497,HDFC Top 100 Direct,125497,SBI Small Cap Fund - Direct Plan - Growth,SBI Mutual Fund,Open Ended Schemes,Equity Scheme - Small Cap Fund,2014-12-16,26.791,2026-06-23T05:29:58.847318+00:00,https://api.mfapi.in/mf/125497
125497,HDFC Top 100 Direct,125497,SBI Small Cap Fund - Direct Plan - Growth,SBI Mutual Fund,Open Ended Schemes,Equity Scheme - Small Cap Fund,2014-12-15,27.3527,2026-06-23T05:29:58.847318+00:00,https://api.mfapi.in/mf/125497
125497,HDFC Top 100 Direct,125497,SBI Small Cap Fund - Direct Plan - Growth,SBI Mutual Fund,Open Ended Schemes,Equity Scheme - Small Cap Fund,2014-12-12,27.4434,2026-06-23T05:29:58.847318+00:00,https://api.mfapi.in/mf/125497
125497,HDFC Top 100 Direct,125497,SBI Small Cap Fund - Direct Plan - Growth,SBI Mutual Fund,Open Ended Schemes,Equity Scheme - Small Cap Fund,2014-12-11,27.739,2026-06-23T05:29:58.847318+00:00,https://api.mfapi.in/mf/125497
125497,HDFC Top 100 Direct,125497,SBI Small Cap Fund - Direct Plan - Growth,SBI Mutual Fund,Open Ended Schemes,Equity Scheme - Small Cap Fund,2014-12-10,27.2901,2026-06-23T05:29:58.847318+00:00,https://api.mfapi.in/mf/125497
125497,HDFC Top 100 Direct,125497,SBI Small Cap Fund - Direct Plan - Growth,SBI Mutual Fund,Open Ended Schemes,Equity Scheme - Small Cap Fund,2014-12-09,27.0266,2026-06-23T05:29:58.847318+00:00,https://api.mfapi.in/mf/125497
125497,HDFC Top 100 Direct,125497,SBI Small Cap Fund - Direct Plan - Growth,SBI Mutual Fund,Open Ended Schemes,Equity Scheme - Small Cap Fund,2014-12-08,27.5153,2026-06-23T05:29:58.847318+00:00,https://api.mfapi.in/mf/125497
125497,HDFC Top 100 Direct,125497,SBI Small Cap Fund - Direct Plan - Growth,SBI Mutual Fund,Open Ended Schemes,Equity Scheme - Small Cap Fund,2014-12-05,27.3359,2026-06-23T05:29:58.847318+00:00,https://api.mfapi.in/mf/125497
125497,HDFC Top 100 Direct,125497,SBI Small Cap Fund - Direct Plan - Growth,SBI Mutual Fund,Open Ended Schemes,Equity Scheme - Small Cap Fund,2014-12-04,27.342,2026-06-23T05:29:58.847318+00:00,https://api.mfapi.in/mf/125497
125497,HDFC Top 100 Direct,125497,SBI Small Cap Fund - Direct Plan - Growth,SBI Mutual Fund,Open Ended Schemes,Equity Scheme - Small Cap Fund,2014-12-03,27.0697,2026-06-23T05:29:58.847318+00:00,https://api.mfapi.in/mf/125497
125497,HDFC Top 100 Direct,125497,SBI Small Cap Fund - Direct Plan - Growth,SBI Mutual Fund,Open Ended Schemes,Equity Scheme - Small Cap Fund,2014-12-02,26.5928,2026-06-23T05:29:58.847318+00:00,https://api.mfapi.in/mf/125497
125497,HDFC Top 100 Direct,125497,SBI Small Cap Fund - Direct Plan - Growth,SBI Mutual Fund,Open Ended Schemes,Equity Scheme - Small Cap Fund,2014-12-01,26.2093,2026-06-23T05:29:58.847318+00:00,https://api.mfapi.in/mf/125497
125497,HDFC Top 100 Direct,125497,SBI Small Cap Fund - Direct Plan - Growth,SBI Mutual Fund,Open Ended Schemes,Equity Scheme - Small Cap Fund,2014-11-28,26.2402,2026-06-23T05:29:58.847318+00:00,https://api.mfapi.in/mf/125497
125497,HDFC Top 100 Direct,125497,SBI Small Cap Fund - Direct Plan - Growth,SBI Mutual Fund,Open Ended Schemes,Equity Scheme - Small Cap Fund,2014-11-27,26.0216,2026-06-23T05:29:58.847318+00:00,https://api.mfapi.in/mf/125497
125497,HDFC Top 100 Direct,125497,SBI Small Cap Fund - Direct Plan - Growth,SBI Mutual Fund,Open Ended Schemes,Equity Scheme - Small Cap Fund,2014-11-26,25.6618,2026-06-23T05:29:58.847318+00:00,https://api.mfapi.in/mf/125497
125497,HDFC Top 100 Direct,125497,SBI Small Cap Fund - Direct Plan - Growth,SBI Mutual Fund,Open Ended Schemes,Equity Scheme - Small Cap Fund,2014-11-25,25.3911,2026-06-23T05:29:58.847318+00:00,https://api.mfapi.in/mf/125497
125497,HDFC Top 100 Direct,125497,SBI Small Cap Fund - Direct Plan - Growth,SBI Mutual Fund,Open Ended Schemes,Equity Scheme - Small Cap Fund,2014-11-24,25.896,2026-06-23T05:29:58.847318+00:00,https://api.mfapi.in/mf/125497
125497,HDFC Top 100 Direct,125497,SBI Small Cap Fund - Direct Plan - Growth,SBI Mutual Fund,Open Ended Schemes,Equity Scheme - Small Cap Fund,2014-11-21,25.9891,2026-06-23T05:29:58.847318+00:00,https://api.mfapi.in/mf/125497
125497,HDFC Top 100 Direct,125497,SBI Small Cap Fund - Direct Plan - Growth,SBI Mutual Fund,Open Ended Schemes,Equity Scheme - Small Cap Fund,2014-11-20,25.8923,2026-06-23T05:29:58.847318+00:00,https://api.mfapi.in/mf/125497
125497,HDFC Top 100 Direct,125497,SBI Small Cap Fund - Direct Plan - Growth,SBI Mutual Fund,Open Ended Schemes,Equity Scheme - Small Cap Fund,2014-11-19,26.0641,2026-06-23T05:29:58.847318+00:00,https://api.mfapi.in/mf/125497
125497,HDFC Top 100 Direct,125497,SBI Small Cap Fund - Direct Plan - Growth,SBI Mutual Fund,Open Ended Schemes,Equity Scheme - Small Cap Fund,2014-11-18,26.0028,2026-06-23T05:29:58.847318+00:00,https://api.mfapi.in/mf/125497
125497,HDFC Top 100 Direct,125497,SBI Small Cap Fund - Direct Plan - Growth,SBI Mutual Fund,Open Ended Schemes,Equity Scheme - Small Cap Fund,2014-11-17,25.74,2026-06-23T05:29:58.847318+00:00,https://api.mfapi.in/mf/125497
125497,HDFC Top 100 Direct,125497,SBI Small Cap Fund - Direct Plan - Growth,SBI Mutual Fund,Open Ended Schemes,Equity Scheme - Small Cap Fund,2014-11-14,25.4694,2026-06-23T05:29:58.847318+00:00,https://api.mfapi.in/mf/125497
125497,HDFC Top 100 Direct,125497,SBI Small Cap Fund - Direct Plan - Growth,SBI Mutual Fund,Open Ended Schemes,Equity Scheme - Small Cap Fund,2014-11-13,25.3732,2026-06-23T05:29:58.847318+00:00,https://api.mfapi.in/mf/125497
125497,HDFC Top 100 Direct,125497,SBI Small Cap Fund - Direct Plan - Growth,SBI Mutual Fund,Open Ended Schemes,Equity Scheme - Small Cap Fund,2014-11-12,25.2255,2026-06-23T05:29:58.847318+00:00,https://api.mfapi.in/mf/125497
125497,HDFC Top 100 Direct,125497,SBI Small Cap Fund - Direct Plan - Growth,SBI Mutual Fund,Open Ended Schemes,Equity Scheme - Small Cap Fund,2014-11-11,24.92,2026-06-23T05:29:58.847318+00:00,https://api.mfapi.in/mf/125497
125497,HDFC Top 100 Direct,125497,SBI Small Cap Fund - Direct Plan - Growth,SBI Mutual Fund,Open Ended Schemes,Equity Scheme - Small Cap Fund,2014-11-10,24.7095,2026-06-23T05:29:58.847318+00:00,https://api.mfapi.in/mf/125497
125497,HDFC Top 100 Direct,125497,SBI Small Cap Fund - Direct Plan - Growth,SBI Mutual Fund,Open Ended Schemes,Equity Scheme - Small Cap Fund,2014-11-07,24.567,2026-06-23T05:29:58.847318+00:00,https://api.mfapi.in/mf/125497
125497,HDFC Top 100 Direct,125497,SBI Small Cap Fund - Direct Plan - Growth,SBI Mutual Fund,Open Ended Schemes,Equity Scheme - Small Cap Fund,2014-11-05,24.6593,2026-06-23T05:29:58.847318+00:00,https://api.mfapi.in/mf/125497
125497,HDFC Top 100 Direct,125497,SBI Small Cap Fund - Direct Plan - Growth,SBI Mutual Fund,Open Ended Schemes,Equity Scheme - Small Cap Fund,2014-11-03,24.5647,2026-06-23T05:29:58.847318+00:00,https://api.mfapi.in/mf/125497
125497,HDFC Top 100 Direct,125497,SBI Small Cap Fund - Direct Plan - Growth,SBI Mutual Fund,Open Ended Schemes,Equity Scheme - Small Cap Fund,2014-10-31,24.3031,2026-06-23T05:29:58.847318+00:00,https://api.mfapi.in/mf/125497
125497,HDFC Top 100 Direct,125497,SBI Small Cap Fund - Direct Plan - Growth,SBI Mutual Fund,Open Ended Schemes,Equity Scheme - Small Cap Fund,2014-10-30,24.2267,2026-06-23T05:29:58.847318+00:00,https://api.mfapi.in/mf/125497
125497,HDFC Top 100 Direct,125497,SBI Small Cap Fund - Direct Plan - Growth,SBI Mutual Fund,Open Ended Schemes,Equity Scheme - Small Cap Fund,2014-10-29,24.2092,2026-06-23T05:29:58.847318+00:00,https://api.mfapi.in/mf/125497
125497,HDFC Top 100 Direct,125497,SBI Small Cap Fund - Direct Plan - Growth,SBI Mutual Fund,Open Ended Schemes,Equity Scheme - Small Cap Fund,2014-10-28,24.0775,2026-06-23T05:29:58.847318+00:00,https://api.mfapi.in/mf/125497
125497,HDFC Top 100 Direct,125497,SBI Small Cap Fund - Direct Plan - Growth,SBI Mutual Fund,Open Ended Schemes,Equity Scheme - Small Cap Fund,2014-10-27,23.9115,2026-06-23T05:29:58.847318+00:00,https://api.mfapi.in/mf/125497
125497,HDFC Top 100 Direct,125497,SBI Small Cap Fund - Direct Plan - Growth,SBI Mutual Fund,Open Ended Schemes,Equity Scheme - Small Cap Fund,2014-10-22,23.8185,2026-06-23T05:29:58.847318+00:00,https://api.mfapi.in/mf/125497
125497,HDFC Top 100 Direct,125497,SBI Small Cap Fund - Direct Plan - Growth,SBI Mutual Fund,Open Ended Schemes,Equity Scheme - Small Cap Fund,2014-10-21,23.54,2026-06-23T05:29:58.847318+00:00,https://api.mfapi.in/mf/125497
125497,HDFC Top 100 Direct,125497,SBI Small Cap Fund - Direct Plan - Growth,SBI Mutual Fund,Open Ended Schemes,Equity Scheme - Small Cap Fund,2014-10-20,23.3913,2026-06-23T05:29:58.847318+00:00,https://api.mfapi.in/mf/125497
125497,HDFC Top 100 Direct,125497,SBI Small Cap Fund - Direct Plan - Growth,SBI Mutual Fund,Open Ended Schemes,Equity Scheme - Small Cap Fund,2014-10-17,23.3519,2026-06-23T05:29:58.847318+00:00,https://api.mfapi.in/mf/125497
125497,HDFC Top 100 Direct,125497,SBI Small Cap Fund - Direct Plan - Growth,SBI Mutual Fund,Open Ended Schemes,Equity Scheme - Small Cap Fund,2014-10-16,23.2763,2026-06-23T05:29:58.847318+00:00,https://api.mfapi.in/mf/125497
125497,HDFC Top 100 Direct,125497,SBI Small Cap Fund - Direct Plan - Growth,SBI Mutual Fund,Open Ended Schemes,Equity Scheme - Small Cap Fund,2014-10-14,23.7147,2026-06-23T05:29:58.847318+00:00,https://api.mfapi.in/mf/125497
125497,HDFC Top 100 Direct,125497,SBI Small Cap Fund - Direct Plan - Growth,SBI Mutual Fund,Open Ended Schemes,Equity Scheme - Small Cap Fund,2014-10-13,23.8232,2026-06-23T05:29:58.847318+00:00,https://api.mfapi.in/mf/125497
125497,HDFC Top 100 Direct,125497,SBI Small Cap Fund - Direct Plan - Growth,SBI Mutual Fund,Open Ended Schemes,Equity Scheme - Small Cap Fund,2014-10-10,23.7407,2026-06-23T05:29:58.847318+00:00,https://api.mfapi.in/mf/125497
125497,HDFC Top 100 Direct,125497,SBI Small Cap Fund - Direct Plan - Growth,SBI Mutual Fund,Open Ended Schemes,Equity Scheme - Small Cap Fund,2014-10-09,24.0814,2026-06-23T05:29:58.847318+00:00,https://api.mfapi.in/mf/125497
125497,HDFC Top 100 Direct,125497,SBI Small Cap Fund - Direct Plan - Growth,SBI Mutual Fund,Open Ended Schemes,Equity Scheme - Small Cap Fund,2014-10-08,24.0609,2026-06-23T05:29:58.847318+00:00,https://api.mfapi.in/mf/125497
125497,HDFC Top 100 Direct,125497,SBI Small Cap Fund - Direct Plan - Growth,SBI Mutual Fund,Open Ended Schemes,Equity Scheme - Small Cap Fund,2014-10-07,23.9234,2026-06-23T05:29:58.847318+00:00,https://api.mfapi.in/mf/125497
125497,HDFC Top 100 Direct,125497,SBI Small Cap Fund - Direct Plan - Growth,SBI Mutual Fund,Open Ended Schemes,Equity Scheme - Small Cap Fund,2014-10-01,24.1597,2026-06-23T05:29:58.847318+00:00,https://api.mfapi.in/mf/125497
125497,HDFC Top 100 Direct,125497,SBI Small Cap Fund - Direct Plan - Growth,SBI Mutual Fund,Open Ended Schemes,Equity Scheme - Small Cap Fund,2014-09-30,24.2982,2026-06-23T05:29:58.847318+00:00,https://api.mfapi.in/mf/125497
125497,HDFC Top 100 Direct,125497,SBI Small Cap Fund - Direct Plan - Growth,SBI Mutual Fund,Open Ended Schemes,Equity Scheme - Small Cap Fund,2014-09-29,23.9932,2026-06-23T05:29:58.847318+00:00,https://api.mfapi.in/mf/125497
125497,HDFC Top 100 Direct,125497,SBI Small Cap Fund - Direct Plan - Growth,SBI Mutual Fund,Open Ended Schemes,Equity Scheme - Small Cap Fund,2014-09-26,23.6912,2026-06-23T05:29:58.847318+00:00,https://api.mfapi.in/mf/125497
125497,HDFC Top 100 Direct,125497,SBI Small Cap Fund - Direct Plan - Growth,SBI Mutual Fund,Open Ended Schemes,Equity Scheme - Small Cap Fund,2014-09-25,23.6113,2026-06-23T05:29:58.847318+00:00,https://api.mfapi.in/mf/125497
125497,HDFC Top 100 Direct,125497,SBI Small Cap Fund - Direct Plan - Growth,SBI Mutual Fund,Open Ended Schemes,Equity Scheme - Small Cap Fund,2014-09-24,24.1531,2026-06-23T05:29:58.847318+00:00,https://api.mfapi.in/mf/125497
125497,HDFC Top 100 Direct,125497,SBI Small Cap Fund - Direct Plan - Growth,SBI Mutual Fund,Open Ended Schemes,Equity Scheme - Small Cap Fund,2014-09-23,24.5235,2026-06-23T05:29:58.847318+00:00,https://api.mfapi.in/mf/125497
125497,HDFC Top 100 Direct,125497,SBI Small Cap Fund - Direct Plan - Growth,SBI Mutual Fund,Open Ended Schemes,Equity Scheme - Small Cap Fund,2014-09-22,24.9688,2026-06-23T05:29:58.847318+00:00,https://api.mfapi.in/mf/125497
125497,HDFC Top 100 Direct,125497,SBI Small Cap Fund - Direct Plan - Growth,SBI Mutual Fund,Open Ended Schemes,Equity Scheme - Small Cap Fund,2014-09-19,24.6537,2026-06-23T05:29:58.847318+00:00,https://api.mfapi.in/mf/125497
125497,HDFC Top 100 Direct,125497,SBI Small Cap Fund - Direct Plan - Growth,SBI Mutual Fund,Open Ended Schemes,Equity Scheme - Small Cap Fund,2014-09-18,24.5974,2026-06-23T05:29:58.847318+00:00,https://api.mfapi.in/mf/125497
125497,HDFC Top 100 Direct,125497,SBI Small Cap Fund - Direct Plan - Growth,SBI Mutual Fund,Open Ended Schemes,Equity Scheme - Small Cap Fund,2014-09-17,24.2051,2026-06-23T05:29:58.847318+00:00,https://api.mfapi.in/mf/125497
125497,HDFC Top 100 Direct,125497,SBI Small Cap Fund - Direct Plan - Growth,SBI Mutual Fund,Open Ended Schemes,Equity Scheme - Small Cap Fund,2014-09-16,24.0716,2026-06-23T05:29:58.847318+00:00,https://api.mfapi.in/mf/125497
125497,HDFC Top 100 Direct,125497,SBI Small Cap Fund - Direct Plan - Growth,SBI Mutual Fund,Open Ended Schemes,Equity Scheme - Small Cap Fund,2014-09-15,24.7489,2026-06-23T05:29:58.847318+00:00,https://api.mfapi.in/mf/125497
125497,HDFC Top 100 Direct,125497,SBI Small Cap Fund - Direct Plan - Growth,SBI Mutual Fund,Open Ended Schemes,Equity Scheme - Small Cap Fund,2014-09-12,24.6248,2026-06-23T05:29:58.847318+00:00,https://api.mfapi.in/mf/125497
125497,HDFC Top 100 Direct,125497,SBI Small Cap Fund - Direct Plan - Growth,SBI Mutual Fund,Open Ended Schemes,Equity Scheme - Small Cap Fund,2014-09-11,24.41,2026-06-23T05:29:58.847318+00:00,https://api.mfapi.in/mf/125497
125497,HDFC Top 100 Direct,125497,SBI Small Cap Fund - Direct Plan - Growth,SBI Mutual Fund,Open Ended Schemes,Equity Scheme - Small Cap Fund,2014-09-10,23.8862,2026-06-23T05:29:58.847318+00:00,https://api.mfapi.in/mf/125497
125497,HDFC Top 100 Direct,125497,SBI Small Cap Fund - Direct Plan - Growth,SBI Mutual Fund,Open Ended Schemes,Equity Scheme - Small Cap Fund,2014-09-09,23.6853,2026-06-23T05:29:58.847318+00:00,https://api.mfapi.in/mf/125497
125497,HDFC Top 100 Direct,125497,SBI Small Cap Fund - Direct Plan - Growth,SBI Mutual Fund,Open Ended Schemes,Equity Scheme - Small Cap Fund,2014-09-08,23.31,2026-06-23T05:29:58.847318+00:00,https://api.mfapi.in/mf/125497
125497,HDFC Top 100 Direct,125497,SBI Small Cap Fund - Direct Plan - Growth,SBI Mutual Fund,Open Ended Schemes,Equity Scheme - Small Cap Fund,2014-09-05,22.9624,2026-06-23T05:29:58.847318+00:00,https://api.mfapi.in/mf/125497
125497,HDFC Top 100 Direct,125497,SBI Small Cap Fund - Direct Plan - Growth,SBI Mutual Fund,Open Ended Schemes,Equity Scheme - Small Cap Fund,2014-09-04,22.8661,2026-06-23T05:29:58.847318+00:00,https://api.mfapi.in/mf/125497
125497,HDFC Top 100 Direct,125497,SBI Small Cap Fund - Direct Plan - Growth,SBI Mutual Fund,Open Ended Schemes,Equity Scheme - Small Cap Fund,2014-09-03,22.842,2026-06-23T05:29:58.847318+00:00,https://api.mfapi.in/mf/125497
125497,HDFC Top 100 Direct,125497,SBI Small Cap Fund - Direct Plan - Growth,SBI Mutual Fund,Open Ended Schemes,Equity Scheme - Small Cap Fund,2014-09-02,22.6476,2026-06-23T05:29:58.847318+00:00,https://api.mfapi.in/mf/125497
125497,HDFC Top 100 Direct,125497,SBI Small Cap Fund - Direct Plan - Growth,SBI Mutual Fund,Open Ended Schemes,Equity Scheme - Small Cap Fund,2014-09-01,22.5292,2026-06-23T05:29:58.847318+00:00,https://api.mfapi.in/mf/125497
125497,HDFC Top 100 Direct,125497,SBI Small Cap Fund - Direct Plan - Growth,SBI Mutual Fund,Open Ended Schemes,Equity Scheme - Small Cap Fund,2014-08-28,22.1709,2026-06-23T05:29:58.847318+00:00,https://api.mfapi.in/mf/125497
125497,HDFC Top 100 Direct,125497,SBI Small Cap Fund - Direct Plan - Growth,SBI Mutual Fund,Open Ended Schemes,Equity Scheme - Small Cap Fund,2014-08-27,22.0752,2026-06-23T05:29:58.847318+00:00,https://api.mfapi.in/mf/125497
125497,HDFC Top 100 Direct,125497,SBI Small Cap Fund - Direct Plan - Growth,SBI Mutual Fund,Open Ended Schemes,Equity Scheme - Small Cap Fund,2014-08-26,21.6681,2026-06-23T05:29:58.847318+00:00,https://api.mfapi.in/mf/125497
125497,HDFC Top 100 Direct,125497,SBI Small Cap Fund - Direct Plan - Growth,SBI Mutual Fund,Open Ended Schemes,Equity Scheme - Small Cap Fund,2014-08-25,21.7299,2026-06-23T05:29:58.847318+00:00,https://api.mfapi.in/mf/125497
125497,HDFC Top 100 Direct,125497,SBI Small Cap Fund - Direct Plan - Growth,SBI Mutual Fund,Open Ended Schemes,Equity Scheme - Small Cap Fund,2014-08-22,21.898,2026-06-23T05:29:58.847318+00:00,https://api.mfapi.in/mf/125497
125497,HDFC Top 100 Direct,125497,SBI Small Cap Fund - Direct Plan - Growth,SBI Mutual Fund,Open Ended Schemes,Equity Scheme - Small Cap Fund,2014-08-21,21.8125,2026-06-23T05:29:58.847318+00:00,https://api.mfapi.in/mf/125497
125497,HDFC Top 100 Direct,125497,SBI Small Cap Fund - Direct Plan - Growth,SBI Mutual Fund,Open Ended Schemes,Equity Scheme - Small Cap Fund,2014-08-20,21.5099,2026-06-23T05:29:58.847318+00:00,https://api.mfapi.in/mf/125497
125497,HDFC Top 100 Direct,125497,SBI Small Cap Fund - Direct Plan - Growth,SBI Mutual Fund,Open Ended Schemes,Equity Scheme - Small Cap Fund,2014-08-19,21.1964,2026-06-23T05:29:58.847318+00:00,https://api.mfapi.in/mf/125497
125497,HDFC Top 100 Direct,125497,SBI Small Cap Fund - Direct Plan - Growth,SBI Mutual Fund,Open Ended Schemes,Equity Scheme - Small Cap Fund,2014-08-18,20.9437,2026-06-23T05:29:58.847318+00:00,https://api.mfapi.in/mf/125497
125497,HDFC Top 100 Direct,125497,SBI Small Cap Fund - Direct Plan - Growth,SBI Mutual Fund,Open Ended Schemes,Equity Scheme - Small Cap Fund,2014-08-14,20.6268,2026-06-23T05:29:58.847318+00:00,https://api.mfapi.in/mf/125497
125497,HDFC Top 100 Direct,125497,SBI Small Cap Fund - Direct Plan - Growth,SBI Mutual Fund,Open Ended Schemes,Equity Scheme - Small Cap Fund,2014-08-13,20.4227,2026-06-23T05:29:58.847318+00:00,https://api.mfapi.in/mf/125497
125497,HDFC Top 100 Direct,125497,SBI Small Cap Fund - Direct Plan - Growth,SBI Mutual Fund,Open Ended Schemes,Equity Scheme - Small Cap Fund,2014-08-12,20.9523,2026-06-23T05:29:58.847318+00:00,https://api.mfapi.in/mf/125497
125497,HDFC Top 100 Direct,125497,SBI Small Cap Fund - Direct Plan - Growth,SBI Mutual Fund,Open Ended Schemes,Equity Scheme - Small Cap Fund,2014-08-11,21.0294,2026-06-23T05:29:58.847318+00:00,https://api.mfapi.in/mf/125497
125497,HDFC Top 100 Direct,125497,SBI Small Cap Fund - Direct Plan - Growth,SBI Mutual Fund,Open Ended Schemes,Equity Scheme - Small Cap Fund,2014-08-08,20.9051,2026-06-23T05:29:58.847318+00:00,https://api.mfapi.in/mf/125497
125497,HDFC Top 100 Direct,125497,SBI Small Cap Fund - Direct Plan - Growth,SBI Mutual Fund,Open Ended Schemes,Equity Scheme - Small Cap Fund,2014-08-07,21.1366,2026-06-23T05:29:58.847318+00:00,https://api.mfapi.in/mf/125497
125497,HDFC Top 100 Direct,125497,SBI Small Cap Fund - Direct Plan - Growth,SBI Mutual Fund,Open Ended Schemes,Equity Scheme - Small Cap Fund,2014-08-06,21.2068,2026-06-23T05:29:58.847318+00:00,https://api.mfapi.in/mf/125497
125497,HDFC Top 100 Direct,125497,SBI Small Cap Fund - Direct Plan - Growth,SBI Mutual Fund,Open Ended Schemes,Equity Scheme - Small Cap Fund,2014-08-05,21.1792,2026-06-23T05:29:58.847318+00:00,https://api.mfapi.in/mf/125497
125497,HDFC Top 100 Direct,125497,SBI Small Cap Fund - Direct Plan - Growth,SBI Mutual Fund,Open Ended Schemes,Equity Scheme - Small Cap Fund,2014-08-04,21.1423,2026-06-23T05:29:58.847318+00:00,https://api.mfapi.in/mf/125497
125497,HDFC Top 100 Direct,125497,SBI Small Cap Fund - Direct Plan - Growth,SBI Mutual Fund,Open Ended Schemes,Equity Scheme - Small Cap Fund,2014-08-01,20.8274,2026-06-23T05:29:58.847318+00:00,https://api.mfapi.in/mf/125497
125497,HDFC Top 100 Direct,125497,SBI Small Cap Fund - Direct Plan - Growth,SBI Mutual Fund,Open Ended Schemes,Equity Scheme - Small Cap Fund,2014-07-31,21.0652,2026-06-23T05:29:58.847318+00:00,https://api.mfapi.in/mf/125497
125497,HDFC Top 100 Direct,125497,SBI Small Cap Fund - Direct Plan - Growth,SBI Mutual Fund,Open Ended Schemes,Equity Scheme - Small Cap Fund,2014-07-30,21.0491,2026-06-23T05:29:58.847318+00:00,https://api.mfapi.in/mf/125497
125497,HDFC Top 100 Direct,125497,SBI Small Cap Fund - Direct Plan - Growth,SBI Mutual Fund,Open Ended Schemes,Equity Scheme - Small Cap Fund,2014-07-28,21.1246,2026-06-23T05:29:58.847318+00:00,https://api.mfapi.in/mf/125497
125497,HDFC Top 100 Direct,125497,SBI Small Cap Fund - Direct Plan - Growth,SBI Mutual Fund,Open Ended Schemes,Equity Scheme - Small Cap Fund,2014-07-25,21.1489,2026-06-23T05:29:58.847318+00:00,https://api.mfapi.in/mf/125497
125497,HDFC Top 100 Direct,125497,SBI Small Cap Fund - Direct Plan - Growth,SBI Mutual Fund,Open Ended Schemes,Equity Scheme - Small Cap Fund,2014-07-24,21.3216,2026-06-23T05:29:58.847318+00:00,https://api.mfapi.in/mf/125497
125497,HDFC Top 100 Direct,125497,SBI Small Cap Fund - Direct Plan - Growth,SBI Mutual Fund,Open Ended Schemes,Equity Scheme - Small Cap Fund,2014-07-23,21.24,2026-06-23T05:29:58.847318+00:00,https://api.mfapi.in/mf/125497
125497,HDFC Top 100 Direct,125497,SBI Small Cap Fund - Direct Plan - Growth,SBI Mutual Fund,Open Ended Schemes,Equity Scheme - Small Cap Fund,2014-07-22,21.363,2026-06-23T05:29:58.847318+00:00,https://api.mfapi.in/mf/125497
125497,HDFC Top 100 Direct,125497,SBI Small Cap Fund - Direct Plan - Growth,SBI Mutual Fund,Open Ended Schemes,Equity Scheme - Small Cap Fund,2014-07-21,21.28,2026-06-23T05:29:58.847318+00:00,https://api.mfapi.in/mf/125497
125497,HDFC Top 100 Direct,125497,SBI Small Cap Fund - Direct Plan - Growth,SBI Mutual Fund,Open Ended Schemes,Equity Scheme - Small Cap Fund,2014-07-18,20.8316,2026-06-23T05:29:58.847318+00:00,https://api.mfapi.in/mf/125497
125497,HDFC Top 100 Direct,125497,SBI Small Cap Fund - Direct Plan - Growth,SBI Mutual Fund,Open Ended Schemes,Equity Scheme - Small Cap Fund,2014-07-17,20.8995,2026-06-23T05:29:58.847318+00:00,https://api.mfapi.in/mf/125497
125497,HDFC Top 100 Direct,125497,SBI Small Cap Fund - Direct Plan - Growth,SBI Mutual Fund,Open Ended Schemes,Equity Scheme - Small Cap Fund,2014-07-16,20.4248,2026-06-23T05:29:58.847318+00:00,https://api.mfapi.in/mf/125497
125497,HDFC Top 100 Direct,125497,SBI Small Cap Fund - Direct Plan - Growth,SBI Mutual Fund,Open Ended Schemes,Equity Scheme - Small Cap Fund,2014-07-15,19.9854,2026-06-23T05:29:58.847318+00:00,https://api.mfapi.in/mf/125497
125497,HDFC Top 100 Direct,125497,SBI Small Cap Fund - Direct Plan - Growth,SBI Mutual Fund,Open Ended Schemes,Equity Scheme - Small Cap Fund,2014-07-14,19.7798,2026-06-23T05:29:58.847318+00:00,https://api.mfapi.in/mf/125497
125497,HDFC Top 100 Direct,125497,SBI Small Cap Fund - Direct Plan - Growth,SBI Mutual Fund,Open Ended Schemes,Equity Scheme - Small Cap Fund,2014-07-11,19.8392,2026-06-23T05:29:58.847318+00:00,https://api.mfapi.in/mf/125497
125497,HDFC Top 100 Direct,125497,SBI Small Cap Fund - Direct Plan - Growth,SBI Mutual Fund,Open Ended Schemes,Equity Scheme - Small Cap Fund,2014-07-10,20.1881,2026-06-23T05:29:58.847318+00:00,https://api.mfapi.in/mf/125497
125497,HDFC Top 100 Direct,125497,SBI Small Cap Fund - Direct Plan - Growth,SBI Mutual Fund,Open Ended Schemes,Equity Scheme - Small Cap Fund,2014-07-09,20.1567,2026-06-23T05:29:58.847318+00:00,https://api.mfapi.in/mf/125497
125497,HDFC Top 100 Direct,125497,SBI Small Cap Fund - Direct Plan - Growth,SBI Mutual Fund,Open Ended Schemes,Equity Scheme - Small Cap Fund,2014-07-08,20.4515,2026-06-23T05:29:58.847318+00:00,https://api.mfapi.in/mf/125497
125497,HDFC Top 100 Direct,125497,SBI Small Cap Fund - Direct Plan - Growth,SBI Mutual Fund,Open Ended Schemes,Equity Scheme - Small Cap Fund,2014-07-07,20.9874,2026-06-23T05:29:58.847318+00:00,https://api.mfapi.in/mf/125497
125497,HDFC Top 100 Direct,125497,SBI Small Cap Fund - Direct Plan - Growth,SBI Mutual Fund,Open Ended Schemes,Equity Scheme - Small Cap Fund,2014-07-04,20.7887,2026-06-23T05:29:58.847318+00:00,https://api.mfapi.in/mf/125497
125497,HDFC Top 100 Direct,125497,SBI Small Cap Fund - Direct Plan - Growth,SBI Mutual Fund,Open Ended Schemes,Equity Scheme - Small Cap Fund,2014-07-03,20.539,2026-06-23T05:29:58.847318+00:00,https://api.mfapi.in/mf/125497
125497,HDFC Top 100 Direct,125497,SBI Small Cap Fund - Direct Plan - Growth,SBI Mutual Fund,Open Ended Schemes,Equity Scheme - Small Cap Fund,2014-07-02,20.3994,2026-06-23T05:29:58.847318+00:00,https://api.mfapi.in/mf/125497
125497,HDFC Top 100 Direct,125497,SBI Small Cap Fund - Direct Plan - Growth,SBI Mutual Fund,Open Ended Schemes,Equity Scheme - Small Cap Fund,2014-07-01,20.2237,2026-06-23T05:29:58.847318+00:00,https://api.mfapi.in/mf/125497
125497,HDFC Top 100 Direct,125497,SBI Small Cap Fund - Direct Plan - Growth,SBI Mutual Fund,Open Ended Schemes,Equity Scheme - Small Cap Fund,2014-06-30,20.0705,2026-06-23T05:29:58.847318+00:00,https://api.mfapi.in/mf/125497
125497,HDFC Top 100 Direct,125497,SBI Small Cap Fund - Direct Plan - Growth,SBI Mutual Fund,Open Ended Schemes,Equity Scheme - Small Cap Fund,2014-06-27,19.669,2026-06-23T05:29:58.847318+00:00,https://api.mfapi.in/mf/125497
125497,HDFC Top 100 Direct,125497,SBI Small Cap Fund - Direct Plan - Growth,SBI Mutual Fund,Open Ended Schemes,Equity Scheme - Small Cap Fund,2014-06-26,19.5189,2026-06-23T05:29:58.847318+00:00,https://api.mfapi.in/mf/125497
125497,HDFC Top 100 Direct,125497,SBI Small Cap Fund - Direct Plan - Growth,SBI Mutual Fund,Open Ended Schemes,Equity Scheme - Small Cap Fund,2014-06-25,19.3056,2026-06-23T05:29:58.847318+00:00,https://api.mfapi.in/mf/125497
125497,HDFC Top 100 Direct,125497,SBI Small Cap Fund - Direct Plan - Growth,SBI Mutual Fund,Open Ended Schemes,Equity Scheme - Small Cap Fund,2014-06-24,19.1991,2026-06-23T05:29:58.847318+00:00,https://api.mfapi.in/mf/125497
125497,HDFC Top 100 Direct,125497,SBI Small Cap Fund - Direct Plan - Growth,SBI Mutual Fund,Open Ended Schemes,Equity Scheme - Small Cap Fund,2014-06-23,19.1147,2026-06-23T05:29:58.847318+00:00,https://api.mfapi.in/mf/125497
125497,HDFC Top 100 Direct,125497,SBI Small Cap Fund - Direct Plan - Growth,SBI Mutual Fund,Open Ended Schemes,Equity Scheme - Small Cap Fund,2014-06-20,19.1702,2026-06-23T05:29:58.847318+00:00,https://api.mfapi.in/mf/125497
125497,HDFC Top 100 Direct,125497,SBI Small Cap Fund - Direct Plan - Growth,SBI Mutual Fund,Open Ended Schemes,Equity Scheme - Small Cap Fund,2014-06-19,19.1541,2026-06-23T05:29:58.847318+00:00,https://api.mfapi.in/mf/125497
125497,HDFC Top 100 Direct,125497,SBI Small Cap Fund - Direct Plan - Growth,SBI Mutual Fund,Open Ended Schemes,Equity Scheme - Small Cap Fund,2014-06-18,19.2167,2026-06-23T05:29:58.847318+00:00,https://api.mfapi.in/mf/125497
125497,HDFC Top 100 Direct,125497,SBI Small Cap Fund - Direct Plan - Growth,SBI Mutual Fund,Open Ended Schemes,Equity Scheme - Small Cap Fund,2014-06-17,19.0015,2026-06-23T05:29:58.847318+00:00,https://api.mfapi.in/mf/125497
125497,HDFC Top 100 Direct,125497,SBI Small Cap Fund - Direct Plan - Growth,SBI Mutual Fund,Open Ended Schemes,Equity Scheme - Small Cap Fund,2014-06-16,18.7174,2026-06-23T05:29:58.847318+00:00,https://api.mfapi.in/mf/125497
125497,HDFC Top 100 Direct,125497,SBI Small Cap Fund - Direct Plan - Growth,SBI Mutual Fund,Open Ended Schemes,Equity Scheme - Small Cap Fund,2014-06-13,18.7545,2026-06-23T05:29:58.847318+00:00,https://api.mfapi.in/mf/125497
125497,HDFC Top 100 Direct,125497,SBI Small Cap Fund - Direct Plan - Growth,SBI Mutual Fund,Open Ended Schemes,Equity Scheme - Small Cap Fund,2014-06-12,18.9265,2026-06-23T05:29:58.847318+00:00,https://api.mfapi.in/mf/125497
125497,HDFC Top 100 Direct,125497,SBI Small Cap Fund - Direct Plan - Growth,SBI Mutual Fund,Open Ended Schemes,Equity Scheme - Small Cap Fund,2014-06-11,18.7536,2026-06-23T05:29:58.847318+00:00,https://api.mfapi.in/mf/125497
125497,HDFC Top 100 Direct,125497,SBI Small Cap Fund - Direct Plan - Growth,SBI Mutual Fund,Open Ended Schemes,Equity Scheme - Small Cap Fund,2014-06-10,18.9611,2026-06-23T05:29:58.847318+00:00,https://api.mfapi.in/mf/125497
125497,HDFC Top 100 Direct,125497,SBI Small Cap Fund - Direct Plan - Growth,SBI Mutual Fund,Open Ended Schemes,Equity Scheme - Small Cap Fund,2014-06-09,18.8095,2026-06-23T05:29:58.847318+00:00,https://api.mfapi.in/mf/125497
125497,HDFC Top 100 Direct,125497,SBI Small Cap Fund - Direct Plan - Growth,SBI Mutual Fund,Open Ended Schemes,Equity Scheme - Small Cap Fund,2014-06-06,18.5395,2026-06-23T05:29:58.847318+00:00,https://api.mfapi.in/mf/125497
125497,HDFC Top 100 Direct,125497,SBI Small Cap Fund - Direct Plan - Growth,SBI Mutual Fund,Open Ended Schemes,Equity Scheme - Small Cap Fund,2014-06-05,18.2638,2026-06-23T05:29:58.847318+00:00,https://api.mfapi.in/mf/125497
125497,HDFC Top 100 Direct,125497,SBI Small Cap Fund - Direct Plan - Growth,SBI Mutual Fund,Open Ended Schemes,Equity Scheme - Small Cap Fund,2014-06-04,18.0406,2026-06-23T05:29:58.847318+00:00,https://api.mfapi.in/mf/125497
125497,HDFC Top 100 Direct,125497,SBI Small Cap Fund - Direct Plan - Growth,SBI Mutual Fund,Open Ended Schemes,Equity Scheme - Small Cap Fund,2014-06-03,17.7281,2026-06-23T05:29:58.847318+00:00,https://api.mfapi.in/mf/125497
125497,HDFC Top 100 Direct,125497,SBI Small Cap Fund - Direct Plan - Growth,SBI Mutual Fund,Open Ended Schemes,Equity Scheme - Small Cap Fund,2014-06-02,17.7284,2026-06-23T05:29:58.847318+00:00,https://api.mfapi.in/mf/125497
125497,HDFC Top 100 Direct,125497,SBI Small Cap Fund - Direct Plan - Growth,SBI Mutual Fund,Open Ended Schemes,Equity Scheme - Small Cap Fund,2014-05-30,17.5999,2026-06-23T05:29:58.847318+00:00,https://api.mfapi.in/mf/125497
125497,HDFC Top 100 Direct,125497,SBI Small Cap Fund - Direct Plan - Growth,SBI Mutual Fund,Open Ended Schemes,Equity Scheme - Small Cap Fund,2014-05-29,17.6411,2026-06-23T05:29:58.847318+00:00,https://api.mfapi.in/mf/125497
125497,HDFC Top 100 Direct,125497,SBI Small Cap Fund - Direct Plan - Growth,SBI Mutual Fund,Open Ended Schemes,Equity Scheme - Small Cap Fund,2014-05-28,17.7014,2026-06-23T05:29:58.847318+00:00,https://api.mfapi.in/mf/125497
125497,HDFC Top 100 Direct,125497,SBI Small Cap Fund - Direct Plan - Growth,SBI Mutual Fund,Open Ended Schemes,Equity Scheme - Small Cap Fund,2014-05-27,17.4244,2026-06-23T05:29:58.847318+00:00,https://api.mfapi.in/mf/125497
125497,HDFC Top 100 Direct,125497,SBI Small Cap Fund - Direct Plan - Growth,SBI Mutual Fund,Open Ended Schemes,Equity Scheme - Small Cap Fund,2014-05-26,17.2722,2026-06-23T05:29:58.847318+00:00,https://api.mfapi.in/mf/125497
125497,HDFC Top 100 Direct,125497,SBI Small Cap Fund - Direct Plan - Growth,SBI Mutual Fund,Open Ended Schemes,Equity Scheme - Small Cap Fund,2014-05-23,17.5799,2026-06-23T05:29:58.847318+00:00,https://api.mfapi.in/mf/125497
125497,HDFC Top 100 Direct,125497,SBI Small Cap Fund - Direct Plan - Growth,SBI Mutual Fund,Open Ended Schemes,Equity Scheme - Small Cap Fund,2014-05-22,17.6336,2026-06-23T05:29:58.847318+00:00,https://api.mfapi.in/mf/125497
125497,HDFC Top 100 Direct,125497,SBI Small Cap Fund - Direct Plan - Growth,SBI Mutual Fund,Open Ended Schemes,Equity Scheme - Small Cap Fund,2014-05-21,17.3618,2026-06-23T05:29:58.847318+00:00,https://api.mfapi.in/mf/125497
125497,HDFC Top 100 Direct,125497,SBI Small Cap Fund - Direct Plan - Growth,SBI Mutual Fund,Open Ended Schemes,Equity Scheme - Small Cap Fund,2014-05-20,17.0756,2026-06-23T05:29:58.847318+00:00,https://api.mfapi.in/mf/125497
125497,HDFC Top 100 Direct,125497,SBI Small Cap Fund - Direct Plan - Growth,SBI Mutual Fund,Open Ended Schemes,Equity Scheme - Small Cap Fund,2014-05-19,16.6375,2026-06-23T05:29:58.847318+00:00,https://api.mfapi.in/mf/125497
125497,HDFC Top 100 Direct,125497,SBI Small Cap Fund - Direct Plan - Growth,SBI Mutual Fund,Open Ended Schemes,Equity Scheme - Small Cap Fund,2014-05-16,16.3354,2026-06-23T05:29:58.847318+00:00,https://api.mfapi.in/mf/125497
125497,HDFC Top 100 Direct,125497,SBI Small Cap Fund - Direct Plan - Growth,SBI Mutual Fund,Open Ended Schemes,Equity Scheme - Small Cap Fund,2014-05-15,16.2742,2026-06-23T05:29:58.847318+00:00,https://api.mfapi.in/mf/125497
125497,HDFC Top 100 Direct,125497,SBI Small Cap Fund - Direct Plan - Growth,SBI Mutual Fund,Open Ended Schemes,Equity Scheme - Small Cap Fund,2014-05-14,16.3868,2026-06-23T05:29:58.847318+00:00,https://api.mfapi.in/mf/125497
125497,HDFC Top 100 Direct,125497,SBI Small Cap Fund - Direct Plan - Growth,SBI Mutual Fund,Open Ended Schemes,Equity Scheme - Small Cap Fund,2014-05-13,16.318,2026-06-23T05:29:58.847318+00:00,https://api.mfapi.in/mf/125497
125497,HDFC Top 100 Direct,125497,SBI Small Cap Fund - Direct Plan - Growth,SBI Mutual Fund,Open Ended Schemes,Equity Scheme - Small Cap Fund,2014-05-12,16.236,2026-06-23T05:29:58.847318+00:00,https://api.mfapi.in/mf/125497
125497,HDFC Top 100 Direct,125497,SBI Small Cap Fund - Direct Plan - Growth,SBI Mutual Fund,Open Ended Schemes,Equity Scheme - Small Cap Fund,2014-05-09,16.2665,2026-06-23T05:29:58.847318+00:00,https://api.mfapi.in/mf/125497
125497,HDFC Top 100 Direct,125497,SBI Small Cap Fund - Direct Plan - Growth,SBI Mutual Fund,Open Ended Schemes,Equity Scheme - Small Cap Fund,2014-05-08,16.2601,2026-06-23T05:29:58.847318+00:00,https://api.mfapi.in/mf/125497
125497,HDFC Top 100 Direct,125497,SBI Small Cap Fund - Direct Plan - Growth,SBI Mutual Fund,Open Ended Schemes,Equity Scheme - Small Cap Fund,2014-05-07,16.2031,2026-06-23T05:29:58.847318+00:00,https://api.mfapi.in/mf/125497
125497,HDFC Top 100 Direct,125497,SBI Small Cap Fund - Direct Plan - Growth,SBI Mutual Fund,Open Ended Schemes,Equity Scheme - Small Cap Fund,2014-05-06,16.2026,2026-06-23T05:29:58.847318+00:00,https://api.mfapi.in/mf/125497
125497,HDFC Top 100 Direct,125497,SBI Small Cap Fund - Direct Plan - Growth,SBI Mutual Fund,Open Ended Schemes,Equity Scheme - Small Cap Fund,2014-05-05,16.1466,2026-06-23T05:29:58.847318+00:00,https://api.mfapi.in/mf/125497
125497,HDFC Top 100 Direct,125497,SBI Small Cap Fund - Direct Plan - Growth,SBI Mutual Fund,Open Ended Schemes,Equity Scheme - Small Cap Fund,2014-05-02,16.1784,2026-06-23T05:29:58.847318+00:00,https://api.mfapi.in/mf/125497
125497,HDFC Top 100 Direct,125497,SBI Small Cap Fund - Direct Plan - Growth,SBI Mutual Fund,Open Ended Schemes,Equity Scheme - Small Cap Fund,2014-04-30,16.194,2026-06-23T05:29:58.847318+00:00,https://api.mfapi.in/mf/125497
125497,HDFC Top 100 Direct,125497,SBI Small Cap Fund - Direct Plan - Growth,SBI Mutual Fund,Open Ended Schemes,Equity Scheme - Small Cap Fund,2014-04-29,16.4239,2026-06-23T05:29:58.847318+00:00,https://api.mfapi.in/mf/125497
125497,HDFC Top 100 Direct,125497,SBI Small Cap Fund - Direct Plan - Growth,SBI Mutual Fund,Open Ended Schemes,Equity Scheme - Small Cap Fund,2014-04-28,16.3857,2026-06-23T05:29:58.847318+00:00,https://api.mfapi.in/mf/125497
125497,HDFC Top 100 Direct,125497,SBI Small Cap Fund - Direct Plan - Growth,SBI Mutual Fund,Open Ended Schemes,Equity Scheme - Small Cap Fund,2014-04-25,16.2714,2026-06-23T05:29:58.847318+00:00,https://api.mfapi.in/mf/125497
125497,HDFC Top 100 Direct,125497,SBI Small Cap Fund - Direct Plan - Growth,SBI Mutual Fund,Open Ended Schemes,Equity Scheme - Small Cap Fund,2014-04-23,16.2362,2026-06-23T05:29:58.847318+00:00,https://api.mfapi.in/mf/125497
125497,HDFC Top 100 Direct,125497,SBI Small Cap Fund - Direct Plan - Growth,SBI Mutual Fund,Open Ended Schemes,Equity Scheme - Small Cap Fund,2014-04-22,16.1917,2026-06-23T05:29:58.847318+00:00,https://api.mfapi.in/mf/125497
125497,HDFC Top 100 Direct,125497,SBI Small Cap Fund - Direct Plan - Growth,SBI Mutual Fund,Open Ended Schemes,Equity Scheme - Small Cap Fund,2014-04-21,16.061,2026-06-23T05:29:58.847318+00:00,https://api.mfapi.in/mf/125497
125497,HDFC Top 100 Direct,125497,SBI Small Cap Fund - Direct Plan - Growth,SBI Mutual Fund,Open Ended Schemes,Equity Scheme - Small Cap Fund,2014-04-17,15.9681,2026-06-23T05:29:58.847318+00:00,https://api.mfapi.in/mf/125497
125497,HDFC Top 100 Direct,125497,SBI Small Cap Fund - Direct Plan - Growth,SBI Mutual Fund,Open Ended Schemes,Equity Scheme - Small Cap Fund,2014-04-16,15.8341,2026-06-23T05:29:58.847318+00:00,https://api.mfapi.in/mf/125497
125497,HDFC Top 100 Direct,125497,SBI Small Cap Fund - Direct Plan - Growth,SBI Mutual Fund,Open Ended Schemes,Equity Scheme - Small Cap Fund,2014-04-15,15.959,2026-06-23T05:29:58.847318+00:00,https://api.mfapi.in/mf/125497
125497,HDFC Top 100 Direct,125497,SBI Small Cap Fund - Direct Plan - Growth,SBI Mutual Fund,Open Ended Schemes,Equity Scheme - Small Cap Fund,2014-04-11,15.8805,2026-06-23T05:29:58.847318+00:00,https://api.mfapi.in/mf/125497
125497,HDFC Top 100 Direct,125497,SBI Small Cap Fund - Direct Plan - Growth,SBI Mutual Fund,Open Ended Schemes,Equity Scheme - Small Cap Fund,2014-04-10,15.7832,2026-06-23T05:29:58.847318+00:00,https://api.mfapi.in/mf/125497
125497,HDFC Top 100 Direct,125497,SBI Small Cap Fund - Direct Plan - Growth,SBI Mutual Fund,Open Ended Schemes,Equity Scheme - Small Cap Fund,2014-04-09,15.7721,2026-06-23T05:29:58.847318+00:00,https://api.mfapi.in/mf/125497
125497,HDFC Top 100 Direct,125497,SBI Small Cap Fund - Direct Plan - Growth,SBI Mutual Fund,Open Ended Schemes,Equity Scheme - Small Cap Fund,2014-04-07,15.7238,2026-06-23T05:29:58.847318+00:00,https://api.mfapi.in/mf/125497
125497,HDFC Top 100 Direct,125497,SBI Small Cap Fund - Direct Plan - Growth,SBI Mutual Fund,Open Ended Schemes,Equity Scheme - Small Cap Fund,2014-04-04,15.6554,2026-06-23T05:29:58.847318+00:00,https://api.mfapi.in/mf/125497
125497,HDFC Top 100 Direct,125497,SBI Small Cap Fund - Direct Plan - Growth,SBI Mutual Fund,Open Ended Schemes,Equity Scheme - Small Cap Fund,2014-04-03,15.5016,2026-06-23T05:29:58.847318+00:00,https://api.mfapi.in/mf/125497
125497,HDFC Top 100 Direct,125497,SBI Small Cap Fund - Direct Plan - Growth,SBI Mutual Fund,Open Ended Schemes,Equity Scheme - Small Cap Fund,2014-04-02,15.5261,2026-06-23T05:29:58.847318+00:00,https://api.mfapi.in/mf/125497
125497,HDFC Top 100 Direct,125497,SBI Small Cap Fund - Direct Plan - Growth,SBI Mutual Fund,Open Ended Schemes,Equity Scheme - Small Cap Fund,2014-04-01,15.3236,2026-06-23T05:29:58.847318+00:00,https://api.mfapi.in/mf/125497
125497,HDFC Top 100 Direct,125497,SBI Small Cap Fund - Direct Plan - Growth,SBI Mutual Fund,Open Ended Schemes,Equity Scheme - Small Cap Fund,2014-03-31,15.2761,2026-06-23T05:29:58.847318+00:00,https://api.mfapi.in/mf/125497
125497,HDFC Top 100 Direct,125497,SBI Small Cap Fund - Direct Plan - Growth,SBI Mutual Fund,Open Ended Schemes,Equity Scheme - Small Cap Fund,2014-03-28,15.1698,2026-06-23T05:29:58.847318+00:00,https://api.mfapi.in/mf/125497
125497,HDFC Top 100 Direct,125497,SBI Small Cap Fund - Direct Plan - Growth,SBI Mutual Fund,Open Ended Schemes,Equity Scheme - Small Cap Fund,2014-03-27,15.016,2026-06-23T05:29:58.847318+00:00,https://api.mfapi.in/mf/125497
125497,HDFC Top 100 Direct,125497,SBI Small Cap Fund - Direct Plan - Growth,SBI Mutual Fund,Open Ended Schemes,Equity Scheme - Small Cap Fund,2014-03-26,15.0172,2026-06-23T05:29:58.847318+00:00,https://api.mfapi.in/mf/125497
125497,HDFC Top 100 Direct,125497,SBI Small Cap Fund - Direct Plan - Growth,SBI Mutual Fund,Open Ended Schemes,Equity Scheme - Small Cap Fund,2014-03-25,15.017,2026-06-23T05:29:58.847318+00:00,https://api.mfapi.in/mf/125497
125497,HDFC Top 100 Direct,125497,SBI Small Cap Fund - Direct Plan - Growth,SBI Mutual Fund,Open Ended Schemes,Equity Scheme - Small Cap Fund,2014-03-24,14.9833,2026-06-23T05:29:58.847318+00:00,https://api.mfapi.in/mf/125497
125497,HDFC Top 100 Direct,125497,SBI Small Cap Fund - Direct Plan - Growth,SBI Mutual Fund,Open Ended Schemes,Equity Scheme - Small Cap Fund,2014-03-21,14.9389,2026-06-23T05:29:58.847318+00:00,https://api.mfapi.in/mf/125497
125497,HDFC Top 100 Direct,125497,SBI Small Cap Fund - Direct Plan - Growth,SBI Mutual Fund,Open Ended Schemes,Equity Scheme - Small Cap Fund,2014-03-20,14.8045,2026-06-23T05:29:58.847318+00:00,https://api.mfapi.in/mf/125497
125497,HDFC Top 100 Direct,125497,SBI Small Cap Fund - Direct Plan - Growth,SBI Mutual Fund,Open Ended Schemes,Equity Scheme - Small Cap Fund,2014-03-19,14.7118,2026-06-23T05:29:58.847318+00:00,https://api.mfapi.in/mf/125497
125497,HDFC Top 100 Direct,125497,SBI Small Cap Fund - Direct Plan - Growth,SBI Mutual Fund,Open Ended Schemes,Equity Scheme - Small Cap Fund,2014-03-18,14.7961,2026-06-23T05:29:58.847318+00:00,https://api.mfapi.in/mf/125497
125497,HDFC Top 100 Direct,125497,SBI Small Cap Fund - Direct Plan - Growth,SBI Mutual Fund,Open Ended Schemes,Equity Scheme - Small Cap Fund,2014-03-14,14.6527,2026-06-23T05:29:58.847318+00:00,https://api.mfapi.in/mf/125497
125497,HDFC Top 100 Direct,125497,SBI Small Cap Fund - Direct Plan - Growth,SBI Mutual Fund,Open Ended Schemes,Equity Scheme - Small Cap Fund,2014-03-13,14.7121,2026-06-23T05:29:58.847318+00:00,https://api.mfapi.in/mf/125497
125497,HDFC Top 100 Direct,125497,SBI Small Cap Fund - Direct Plan - Growth,SBI Mutual Fund,Open Ended Schemes,Equity Scheme - Small Cap Fund,2014-03-12,14.7175,2026-06-23T05:29:58.847318+00:00,https://api.mfapi.in/mf/125497
125497,HDFC Top 100 Direct,125497,SBI Small Cap Fund - Direct Plan - Growth,SBI Mutual Fund,Open Ended Schemes,Equity Scheme - Small Cap Fund,2014-03-11,14.6449,2026-06-23T05:29:58.847318+00:00,https://api.mfapi.in/mf/125497
125497,HDFC Top 100 Direct,125497,SBI Small Cap Fund - Direct Plan - Growth,SBI Mutual Fund,Open Ended Schemes,Equity Scheme - Small Cap Fund,2014-03-10,14.5576,2026-06-23T05:29:58.847318+00:00,https://api.mfapi.in/mf/125497
125497,HDFC Top 100 Direct,125497,SBI Small Cap Fund - Direct Plan - Growth,SBI Mutual Fund,Open Ended Schemes,Equity Scheme - Small Cap Fund,2014-03-07,14.5275,2026-06-23T05:29:58.847318+00:00,https://api.mfapi.in/mf/125497
125497,HDFC Top 100 Direct,125497,SBI Small Cap Fund - Direct Plan - Growth,SBI Mutual Fund,Open Ended Schemes,Equity Scheme - Small Cap Fund,2014-03-06,14.6678,2026-06-23T05:29:58.847318+00:00,https://api.mfapi.in/mf/125497
125497,HDFC Top 100 Direct,125497,SBI Small Cap Fund - Direct Plan - Growth,SBI Mutual Fund,Open Ended Schemes,Equity Scheme - Small Cap Fund,2014-03-05,14.5448,2026-06-23T05:29:58.847318+00:00,https://api.mfapi.in/mf/125497
125497,HDFC Top 100 Direct,125497,SBI Small Cap Fund - Direct Plan - Growth,SBI Mutual Fund,Open Ended Schemes,Equity Scheme - Small Cap Fund,2014-03-04,14.4166,2026-06-23T05:29:58.847318+00:00,https://api.mfapi.in/mf/125497
125497,HDFC Top 100 Direct,125497,SBI Small Cap Fund - Direct Plan - Growth,SBI Mutual Fund,Open Ended Schemes,Equity Scheme - Small Cap Fund,2014-03-03,14.2753,2026-06-23T05:29:58.847318+00:00,https://api.mfapi.in/mf/125497
125497,HDFC Top 100 Direct,125497,SBI Small Cap Fund - Direct Plan - Growth,SBI Mutual Fund,Open Ended Schemes,Equity Scheme - Small Cap Fund,2014-02-28,14.2102,2026-06-23T05:29:58.847318+00:00,https://api.mfapi.in/mf/125497
125497,HDFC Top 100 Direct,125497,SBI Small Cap Fund - Direct Plan - Growth,SBI Mutual Fund,Open Ended Schemes,Equity Scheme - Small Cap Fund,2014-02-26,14.1733,2026-06-23T05:29:58.847318+00:00,https://api.mfapi.in/mf/125497
125497,HDFC Top 100 Direct,125497,SBI Small Cap Fund - Direct Plan - Growth,SBI Mutual Fund,Open Ended Schemes,Equity Scheme - Small Cap Fund,2014-02-25,14.2704,2026-06-23T05:29:58.847318+00:00,https://api.mfapi.in/mf/125497
125497,HDFC Top 100 Direct,125497,SBI Small Cap Fund - Direct Plan - Growth,SBI Mutual Fund,Open Ended Schemes,Equity Scheme - Small Cap Fund,2014-02-24,14.1905,2026-06-23T05:29:58.847318+00:00,https://api.mfapi.in/mf/125497
125497,HDFC Top 100 Direct,125497,SBI Small Cap Fund - Direct Plan - Growth,SBI Mutual Fund,Open Ended Schemes,Equity Scheme - Small Cap Fund,2014-02-21,14.037,2026-06-23T05:29:58.847318+00:00,https://api.mfapi.in/mf/125497
125497,HDFC Top 100 Direct,125497,SBI Small Cap Fund - Direct Plan - Growth,SBI Mutual Fund,Open Ended Schemes,Equity Scheme - Small Cap Fund,2014-02-20,13.8913,2026-06-23T05:29:58.847318+00:00,https://api.mfapi.in/mf/125497
125497,HDFC Top 100 Direct,125497,SBI Small Cap Fund - Direct Plan - Growth,SBI Mutual Fund,Open Ended Schemes,Equity Scheme - Small Cap Fund,2014-02-19,13.801,2026-06-23T05:29:58.847318+00:00,https://api.mfapi.in/mf/125497
125497,HDFC Top 100 Direct,125497,SBI Small Cap Fund - Direct Plan - Growth,SBI Mutual Fund,Open Ended Schemes,Equity Scheme - Small Cap Fund,2014-02-18,13.6801,2026-06-23T05:29:58.847318+00:00,https://api.mfapi.in/mf/125497
125497,HDFC Top 100 Direct,125497,SBI Small Cap Fund - Direct Plan - Growth,SBI Mutual Fund,Open Ended Schemes,Equity Scheme - Small Cap Fund,2014-02-17,13.6423,2026-06-23T05:29:58.847318+00:00,https://api.mfapi.in/mf/125497
125497,HDFC Top 100 Direct,125497,SBI Small Cap Fund - Direct Plan - Growth,SBI Mutual Fund,Open Ended Schemes,Equity Scheme - Small Cap Fund,2014-02-14,13.5948,2026-06-23T05:29:58.847318+00:00,https://api.mfapi.in/mf/125497
125497,HDFC Top 100 Direct,125497,SBI Small Cap Fund - Direct Plan - Growth,SBI Mutual Fund,Open Ended Schemes,Equity Scheme - Small Cap Fund,2014-02-13,13.678,2026-06-23T05:29:58.847318+00:00,https://api.mfapi.in/mf/125497
125497,HDFC Top 100 Direct,125497,SBI Small Cap Fund - Direct Plan - Growth,SBI Mutual Fund,Open Ended Schemes,Equity Scheme - Small Cap Fund,2014-02-12,13.6874,2026-06-23T05:29:58.847318+00:00,https://api.mfapi.in/mf/125497
125497,HDFC Top 100 Direct,125497,SBI Small Cap Fund - Direct Plan - Growth,SBI Mutual Fund,Open Ended Schemes,Equity Scheme - Small Cap Fund,2014-02-11,13.6983,2026-06-23T05:29:58.847318+00:00,https://api.mfapi.in/mf/125497
125497,HDFC Top 100 Direct,125497,SBI Small Cap Fund - Direct Plan - Growth,SBI Mutual Fund,Open Ended Schemes,Equity Scheme - Small Cap Fund,2014-02-10,13.7402,2026-06-23T05:29:58.847318+00:00,https://api.mfapi.in/mf/125497
125497,HDFC Top 100 Direct,125497,SBI Small Cap Fund - Direct Plan - Growth,SBI Mutual Fund,Open Ended Schemes,Equity Scheme - Small Cap Fund,2014-02-07,13.5552,2026-06-23T05:29:58.847318+00:00,https://api.mfapi.in/mf/125497
125497,HDFC Top 100 Direct,125497,SBI Small Cap Fund - Direct Plan - Growth,SBI Mutual Fund,Open Ended Schemes,Equity Scheme - Small Cap Fund,2014-02-06,13.5883,2026-06-23T05:29:58.847318+00:00,https://api.mfapi.in/mf/125497
125497,HDFC Top 100 Direct,125497,SBI Small Cap Fund - Direct Plan - Growth,SBI Mutual Fund,Open Ended Schemes,Equity Scheme - Small Cap Fund,2014-02-05,13.5431,2026-06-23T05:29:58.847318+00:00,https://api.mfapi.in/mf/125497
125497,HDFC Top 100 Direct,125497,SBI Small Cap Fund - Direct Plan - Growth,SBI Mutual Fund,Open Ended Schemes,Equity Scheme - Small Cap Fund,2014-02-04,13.4717,2026-06-23T05:29:58.847318+00:00,https://api.mfapi.in/mf/125497
125497,HDFC Top 100 Direct,125497,SBI Small Cap Fund - Direct Plan - Growth,SBI Mutual Fund,Open Ended Schemes,Equity Scheme - Small Cap Fund,2014-02-03,13.4995,2026-06-23T05:29:58.847318+00:00,https://api.mfapi.in/mf/125497
125497,HDFC Top 100 Direct,125497,SBI Small Cap Fund - Direct Plan - Growth,SBI Mutual Fund,Open Ended Schemes,Equity Scheme - Small Cap Fund,2014-01-31,13.6059,2026-06-23T05:29:58.847318+00:00,https://api.mfapi.in/mf/125497
125497,HDFC Top 100 Direct,125497,SBI Small Cap Fund - Direct Plan - Growth,SBI Mutual Fund,Open Ended Schemes,Equity Scheme - Small Cap Fund,2014-01-30,13.4661,2026-06-23T05:29:58.847318+00:00,https://api.mfapi.in/mf/125497
125497,HDFC Top 100 Direct,125497,SBI Small Cap Fund - Direct Plan - Growth,SBI Mutual Fund,Open Ended Schemes,Equity Scheme - Small Cap Fund,2014-01-29,13.4977,2026-06-23T05:29:58.847318+00:00,https://api.mfapi.in/mf/125497
125497,HDFC Top 100 Direct,125497,SBI Small Cap Fund - Direct Plan - Growth,SBI Mutual Fund,Open Ended Schemes,Equity Scheme - Small Cap Fund,2014-01-28,13.5678,2026-06-23T05:29:58.847318+00:00,https://api.mfapi.in/mf/125497
125497,HDFC Top 100 Direct,125497,SBI Small Cap Fund - Direct Plan - Growth,SBI Mutual Fund,Open Ended Schemes,Equity Scheme - Small Cap Fund,2014-01-27,13.6829,2026-06-23T05:29:58.847318+00:00,https://api.mfapi.in/mf/125497
125497,HDFC Top 100 Direct,125497,SBI Small Cap Fund - Direct Plan - Growth,SBI Mutual Fund,Open Ended Schemes,Equity Scheme - Small Cap Fund,2014-01-24,13.8688,2026-06-23T05:29:58.847318+00:00,https://api.mfapi.in/mf/125497
125497,HDFC Top 100 Direct,125497,SBI Small Cap Fund - Direct Plan - Growth,SBI Mutual Fund,Open Ended Schemes,Equity Scheme - Small Cap Fund,2014-01-23,13.9537,2026-06-23T05:29:58.847318+00:00,https://api.mfapi.in/mf/125497
125497,HDFC Top 100 Direct,125497,SBI Small Cap Fund - Direct Plan - Growth,SBI Mutual Fund,Open Ended Schemes,Equity Scheme - Small Cap Fund,2014-01-22,13.9302,2026-06-23T05:29:58.847318+00:00,https://api.mfapi.in/mf/125497
125497,HDFC Top 100 Direct,125497,SBI Small Cap Fund - Direct Plan - Growth,SBI Mutual Fund,Open Ended Schemes,Equity Scheme - Small Cap Fund,2014-01-21,13.8659,2026-06-23T05:29:58.847318+00:00,https://api.mfapi.in/mf/125497
125497,HDFC Top 100 Direct,125497,SBI Small Cap Fund - Direct Plan - Growth,SBI Mutual Fund,Open Ended Schemes,Equity Scheme - Small Cap Fund,2014-01-20,13.8144,2026-06-23T05:29:58.847318+00:00,https://api.mfapi.in/mf/125497
125497,HDFC Top 100 Direct,125497,SBI Small Cap Fund - Direct Plan - Growth,SBI Mutual Fund,Open Ended Schemes,Equity Scheme - Small Cap Fund,2014-01-17,13.7841,2026-06-23T05:29:58.847318+00:00,https://api.mfapi.in/mf/125497
125497,HDFC Top 100 Direct,125497,SBI Small Cap Fund - Direct Plan - Growth,SBI Mutual Fund,Open Ended Schemes,Equity Scheme - Small Cap Fund,2014-01-16,14.0042,2026-06-23T05:29:58.847318+00:00,https://api.mfapi.in/mf/125497
125497,HDFC Top 100 Direct,125497,SBI Small Cap Fund - Direct Plan - Growth,SBI Mutual Fund,Open Ended Schemes,Equity Scheme - Small Cap Fund,2014-01-15,14.0209,2026-06-23T05:29:58.847318+00:00,https://api.mfapi.in/mf/125497
125497,HDFC Top 100 Direct,125497,SBI Small Cap Fund - Direct Plan - Growth,SBI Mutual Fund,Open Ended Schemes,Equity Scheme - Small Cap Fund,2014-01-14,13.8249,2026-06-23T05:29:58.847318+00:00,https://api.mfapi.in/mf/125497
125497,HDFC Top 100 Direct,125497,SBI Small Cap Fund - Direct Plan - Growth,SBI Mutual Fund,Open Ended Schemes,Equity Scheme - Small Cap Fund,2014-01-13,13.7909,2026-06-23T05:29:58.847318+00:00,https://api.mfapi.in/mf/125497
125497,HDFC Top 100 Direct,125497,SBI Small Cap Fund - Direct Plan - Growth,SBI Mutual Fund,Open Ended Schemes,Equity Scheme - Small Cap Fund,2014-01-10,13.8143,2026-06-23T05:29:58.847318+00:00,https://api.mfapi.in/mf/125497
125497,HDFC Top 100 Direct,125497,SBI Small Cap Fund - Direct Plan - Growth,SBI Mutual Fund,Open Ended Schemes,Equity Scheme - Small Cap Fund,2014-01-09,13.8644,2026-06-23T05:29:58.847318+00:00,https://api.mfapi.in/mf/125497
125497,HDFC Top 100 Direct,125497,SBI Small Cap Fund - Direct Plan - Growth,SBI Mutual Fund,Open Ended Schemes,Equity Scheme - Small Cap Fund,2014-01-08,14.0081,2026-06-23T05:29:58.847318+00:00,https://api.mfapi.in/mf/125497
125497,HDFC Top 100 Direct,125497,SBI Small Cap Fund - Direct Plan - Growth,SBI Mutual Fund,Open Ended Schemes,Equity Scheme - Small Cap Fund,2014-01-07,13.9214,2026-06-23T05:29:58.847318+00:00,https://api.mfapi.in/mf/125497
125497,HDFC Top 100 Direct,125497,SBI Small Cap Fund - Direct Plan - Growth,SBI Mutual Fund,Open Ended Schemes,Equity Scheme - Small Cap Fund,2014-01-06,13.8568,2026-06-23T05:29:58.847318+00:00,https://api.mfapi.in/mf/125497
125497,HDFC Top 100 Direct,125497,SBI Small Cap Fund - Direct Plan - Growth,SBI Mutual Fund,Open Ended Schemes,Equity Scheme - Small Cap Fund,2014-01-03,13.8494,2026-06-23T05:29:58.847318+00:00,https://api.mfapi.in/mf/125497
125497,HDFC Top 100 Direct,125497,SBI Small Cap Fund - Direct Plan - Growth,SBI Mutual Fund,Open Ended Schemes,Equity Scheme - Small Cap Fund,2014-01-02,13.7553,2026-06-23T05:29:58.847318+00:00,https://api.mfapi.in/mf/125497
125497,HDFC Top 100 Direct,125497,SBI Small Cap Fund - Direct Plan - Growth,SBI Mutual Fund,Open Ended Schemes,Equity Scheme - Small Cap Fund,2014-01-01,13.7418,2026-06-23T05:29:58.847318+00:00,https://api.mfapi.in/mf/125497
125497,HDFC Top 100 Direct,125497,SBI Small Cap Fund - Direct Plan - Growth,SBI Mutual Fund,Open Ended Schemes,Equity Scheme - Small Cap Fund,2013-12-31,13.7277,2026-06-23T05:29:58.847318+00:00,https://api.mfapi.in/mf/125497
125497,HDFC Top 100 Direct,125497,SBI Small Cap Fund - Direct Plan - Growth,SBI Mutual Fund,Open Ended Schemes,Equity Scheme - Small Cap Fund,2013-12-30,13.5862,2026-06-23T05:29:58.847318+00:00,https://api.mfapi.in/mf/125497
125497,HDFC Top 100 Direct,125497,SBI Small Cap Fund - Direct Plan - Growth,SBI Mutual Fund,Open Ended Schemes,Equity Scheme - Small Cap Fund,2013-12-27,13.5024,2026-06-23T05:29:58.847318+00:00,https://api.mfapi.in/mf/125497
125497,HDFC Top 100 Direct,125497,SBI Small Cap Fund - Direct Plan - Growth,SBI Mutual Fund,Open Ended Schemes,Equity Scheme - Small Cap Fund,2013-12-26,13.4811,2026-06-23T05:29:58.847318+00:00,https://api.mfapi.in/mf/125497
125497,HDFC Top 100 Direct,125497,SBI Small Cap Fund - Direct Plan - Growth,SBI Mutual Fund,Open Ended Schemes,Equity Scheme - Small Cap Fund,2013-12-24,13.2683,2026-06-23T05:29:58.847318+00:00,https://api.mfapi.in/mf/125497
125497,HDFC Top 100 Direct,125497,SBI Small Cap Fund - Direct Plan - Growth,SBI Mutual Fund,Open Ended Schemes,Equity Scheme - Small Cap Fund,2013-12-23,13.1886,2026-06-23T05:29:58.847318+00:00,https://api.mfapi.in/mf/125497
125497,HDFC Top 100 Direct,125497,SBI Small Cap Fund - Direct Plan - Growth,SBI Mutual Fund,Open Ended Schemes,Equity Scheme - Small Cap Fund,2013-12-20,13.1776,2026-06-23T05:29:58.847318+00:00,https://api.mfapi.in/mf/125497
125497,HDFC Top 100 Direct,125497,SBI Small Cap Fund - Direct Plan - Growth,SBI Mutual Fund,Open Ended Schemes,Equity Scheme - Small Cap Fund,2013-12-19,13.1392,2026-06-23T05:29:58.847318+00:00,https://api.mfapi.in/mf/125497
125497,HDFC Top 100 Direct,125497,SBI Small Cap Fund - Direct Plan - Growth,SBI Mutual Fund,Open Ended Schemes,Equity Scheme - Small Cap Fund,2013-12-18,13.0672,2026-06-23T05:29:58.847318+00:00,https://api.mfapi.in/mf/125497
125497,HDFC Top 100 Direct,125497,SBI Small Cap Fund - Direct Plan - Growth,SBI Mutual Fund,Open Ended Schemes,Equity Scheme - Small Cap Fund,2013-12-17,12.9569,2026-06-23T05:29:58.847318+00:00,https://api.mfapi.in/mf/125497
125497,HDFC Top 100 Direct,125497,SBI Small Cap Fund - Direct Plan - Growth,SBI Mutual Fund,Open Ended Schemes,Equity Scheme - Small Cap Fund,2013-12-16,13.0345,2026-06-23T05:29:58.847318+00:00,https://api.mfapi.in/mf/125497
125497,HDFC Top 100 Direct,125497,SBI Small Cap Fund - Direct Plan - Growth,SBI Mutual Fund,Open Ended Schemes,Equity Scheme - Small Cap Fund,2013-12-13,12.9891,2026-06-23T05:29:58.847318+00:00,https://api.mfapi.in/mf/125497
125497,HDFC Top 100 Direct,125497,SBI Small Cap Fund - Direct Plan - Growth,SBI Mutual Fund,Open Ended Schemes,Equity Scheme - Small Cap Fund,2013-12-12,13.0021,2026-06-23T05:29:58.847318+00:00,https://api.mfapi.in/mf/125497
125497,HDFC Top 100 Direct,125497,SBI Small Cap Fund - Direct Plan - Growth,SBI Mutual Fund,Open Ended Schemes,Equity Scheme - Small Cap Fund,2013-12-11,13.0129,2026-06-23T05:29:58.847318+00:00,https://api.mfapi.in/mf/125497
125497,HDFC Top 100 Direct,125497,SBI Small Cap Fund - Direct Plan - Growth,SBI Mutual Fund,Open Ended Schemes,Equity Scheme - Small Cap Fund,2013-12-10,13.0325,2026-06-23T05:29:58.847318+00:00,https://api.mfapi.in/mf/125497
125497,HDFC Top 100 Direct,125497,SBI Small Cap Fund - Direct Plan - Growth,SBI Mutual Fund,Open Ended Schemes,Equity Scheme - Small Cap Fund,2013-12-09,13.0282,2026-06-23T05:29:58.847318+00:00,https://api.mfapi.in/mf/125497
125497,HDFC Top 100 Direct,125497,SBI Small Cap Fund - Direct Plan - Growth,SBI Mutual Fund,Open Ended Schemes,Equity Scheme - Small Cap Fund,2013-12-06,13.0439,2026-06-23T05:29:58.847318+00:00,https://api.mfapi.in/mf/125497
125497,HDFC Top 100 Direct,125497,SBI Small Cap Fund - Direct Plan - Growth,SBI Mutual Fund,Open Ended Schemes,Equity Scheme - Small Cap Fund,2013-12-05,13.0319,2026-06-23T05:29:58.847318+00:00,https://api.mfapi.in/mf/125497
125497,HDFC Top 100 Direct,125497,SBI Small Cap Fund - Direct Plan - Growth,SBI Mutual Fund,Open Ended Schemes,Equity Scheme - Small Cap Fund,2013-12-04,12.9799,2026-06-23T05:29:58.847318+00:00,https://api.mfapi.in/mf/125497
125497,HDFC Top 100 Direct,125497,SBI Small Cap Fund - Direct Plan - Growth,SBI Mutual Fund,Open Ended Schemes,Equity Scheme - Small Cap Fund,2013-12-03,13.0048,2026-06-23T05:29:58.847318+00:00,https://api.mfapi.in/mf/125497
125497,HDFC Top 100 Direct,125497,SBI Small Cap Fund - Direct Plan - Growth,SBI Mutual Fund,Open Ended Schemes,Equity Scheme - Small Cap Fund,2013-12-02,13.0012,2026-06-23T05:29:58.847318+00:00,https://api.mfapi.in/mf/125497
125497,HDFC Top 100 Direct,125497,SBI Small Cap Fund - Direct Plan - Growth,SBI Mutual Fund,Open Ended Schemes,Equity Scheme - Small Cap Fund,2013-11-29,12.9509,2026-06-23T05:29:58.847318+00:00,https://api.mfapi.in/mf/125497
125497,HDFC Top 100 Direct,125497,SBI Small Cap Fund - Direct Plan - Growth,SBI Mutual Fund,Open Ended Schemes,Equity Scheme - Small Cap Fund,2013-11-28,12.8773,2026-06-23T05:29:58.847318+00:00,https://api.mfapi.in/mf/125497
125497,HDFC Top 100 Direct,125497,SBI Small Cap Fund - Direct Plan - Growth,SBI Mutual Fund,Open Ended Schemes,Equity Scheme - Small Cap Fund,2013-11-27,12.8389,2026-06-23T05:29:58.847318+00:00,https://api.mfapi.in/mf/125497
125497,HDFC Top 100 Direct,125497,SBI Small Cap Fund - Direct Plan - Growth,SBI Mutual Fund,Open Ended Schemes,Equity Scheme - Small Cap Fund,2013-11-26,12.8591,2026-06-23T05:29:58.847318+00:00,https://api.mfapi.in/mf/125497
125497,HDFC Top 100 Direct,125497,SBI Small Cap Fund - Direct Plan - Growth,SBI Mutual Fund,Open Ended Schemes,Equity Scheme - Small Cap Fund,2013-11-25,12.8548,2026-06-23T05:29:58.847318+00:00,https://api.mfapi.in/mf/125497
125497,HDFC Top 100 Direct,125497,SBI Small Cap Fund - Direct Plan - Growth,SBI Mutual Fund,Open Ended Schemes,Equity Scheme - Small Cap Fund,2013-11-22,12.7775,2026-06-23T05:29:58.847318+00:00,https://api.mfapi.in/mf/125497
125497,HDFC Top 100 Direct,125497,SBI Small Cap Fund - Direct Plan - Growth,SBI Mutual Fund,Open Ended Schemes,Equity Scheme - Small Cap Fund,2013-11-21,12.7957,2026-06-23T05:29:58.847318+00:00,https://api.mfapi.in/mf/125497
125497,HDFC Top 100 Direct,125497,SBI Small Cap Fund - Direct Plan - Growth,SBI Mutual Fund,Open Ended Schemes,Equity Scheme - Small Cap Fund,2013-11-20,12.9549,2026-06-23T05:29:58.847318+00:00,https://api.mfapi.in/mf/125497
125497,HDFC Top 100 Direct,125497,SBI Small Cap Fund - Direct Plan - Growth,SBI Mutual Fund,Open Ended Schemes,Equity Scheme - Small Cap Fund,2013-11-19,13.1068,2026-06-23T05:29:58.847318+00:00,https://api.mfapi.in/mf/125497
125497,HDFC Top 100 Direct,125497,SBI Small Cap Fund - Direct Plan - Growth,SBI Mutual Fund,Open Ended Schemes,Equity Scheme - Small Cap Fund,2013-11-18,13.0894,2026-06-23T05:29:58.847318+00:00,https://api.mfapi.in/mf/125497
